Copyright 1986-2022 Xilinx, Inc. All Rights Reserved.
-------------------------------------------------------------------------------------------------------------------------------------------------------------------
| Tool Version      : Vivado v.2022.1.2 (win64) Build 3605665 Fri Aug  5 22:53:37 MDT 2022
| Date              : Thu Aug  6 21:32:36 2026
| Host              : <host> running 64-bit major release  (build 9200)
| Command           : report_timing_summary -delay_type max -max_paths 5 -file <worktree>/bld/synth_ooc_t/timing_summary.rpt
| Design            : ct_encoder
| Device            : xck26-sfvc784
| Speed File        : -2LV  PRODUCTION 1.30 05-15-2022
| Temperature Grade : C
-------------------------------------------------------------------------------------------------------------------------------------------------------------------

Timing Summary Report

------------------------------------------------------------------------------------------------
| Timer Settings
| --------------
------------------------------------------------------------------------------------------------

  Enable Multi Corner Analysis               :  Yes
  Enable Pessimism Removal                   :  Yes
  Pessimism Removal Resolution               :  Nearest Common Node
  Enable Input Delay Default Clock           :  No
  Enable Preset / Clear Arcs                 :  No
  Disable Flight Delays                      :  No
  Ignore I/O Paths                           :  No
  Timing Early Launch at Borrowing Latches   :  No
  Borrow Time for Max Delay Exceptions       :  Yes
  Merge Timing Exceptions                    :  Yes

  Corner  Analyze    Analyze    
  Name    Max Paths  Min Paths  
  ------  ---------  ---------  
  Slow    Yes        Yes        
  Fast    Yes        Yes        


------------------------------------------------------------------------------------------------
| Report Methodology
| ------------------
------------------------------------------------------------------------------------------------

No report available as report_methodology has not been run prior. Run report_methodology on the current design for the summary of methodology violations.



check_timing report

Table of Contents
-----------------
1. checking no_clock (1)
2. checking constant_clock (0)
3. checking pulse_width_clock (0)
4. checking unconstrained_internal_endpoints (1)
5. checking no_input_delay (320)
6. checking no_output_delay (117)
7. checking multiple_clock (0)
8. checking generated_clocks (0)
9. checking loops (0)
10. checking partial_input_delay (0)
11. checking partial_output_delay (0)
12. checking latch_loops (0)

1. checking no_clock (1)
------------------------
 There is 1 register/latch pin with no clock driven by root clock pin: tip_rst (HIGH)


2. checking constant_clock (0)
------------------------------
 There are 0 register/latch pins with constant_clock.


3. checking pulse_width_clock (0)
---------------------------------
 There are 0 register/latch pins which need pulse_width check


4. checking unconstrained_internal_endpoints (1)
------------------------------------------------
 There is 1 pin that is not constrained for maximum delay. (HIGH)

 There are 0 pins that are not constrained for maximum delay due to constant clock.


5. checking no_input_delay (320)
--------------------------------
 There are 320 input ports with no input delay specified. (HIGH)

 There are 0 input ports with no input delay but user has a false path constraint.


6. checking no_output_delay (117)
---------------------------------
 There are 117 ports with no output delay specified. (HIGH)

 There are 0 ports with no output delay but user has a false path constraint

 There are 0 ports with no output delay but with a timing clock defined on it or propagating through it


7. checking multiple_clock (0)
------------------------------
 There are 0 register/latch pins with multiple clocks.


8. checking generated_clocks (0)
--------------------------------
 There are 0 generated clocks that are not connected to a clock source.


9. checking loops (0)
---------------------
 There are 0 combinational loops in the design.


10. checking partial_input_delay (0)
------------------------------------
 There are 0 input ports with partial input delay specified.


11. checking partial_output_delay (0)
-------------------------------------
 There are 0 ports with partial output delay specified.


12. checking latch_loops (0)
----------------------------
 There are 0 combinational latch loops in the design through latch input



------------------------------------------------------------------------------------------------
| Design Timing Summary
| ---------------------
------------------------------------------------------------------------------------------------

    WNS(ns)      TNS(ns)  TNS Failing Endpoints  TNS Total Endpoints     WPWS(ns)     TPWS(ns)  TPWS Failing Endpoints  TPWS Total Endpoints  
    -------      -------  ---------------------  -------------------     --------     --------  ----------------------  --------------------  
      4.175        0.000                      0                44824        5.905        0.000                       0                 21752  


All user specified timing constraints are met.


------------------------------------------------------------------------------------------------
| Clock Summary
| -------------
------------------------------------------------------------------------------------------------

Clock      Waveform(ns)       Period(ns)      Frequency(MHz)
-----      ------------       ----------      --------------
atb_atclk  {0.000 6.667}      13.333          75.002          
proc_clk   {0.000 6.667}      13.333          75.002          
tip_clk    {0.000 6.667}      13.333          75.002          
wall_clk   {0.000 6.667}      13.333          75.002          
wb_clk     {0.000 6.667}      13.333          75.002          


------------------------------------------------------------------------------------------------
| Intra Clock Table
| -----------------
------------------------------------------------------------------------------------------------

Clock             WNS(ns)      TNS(ns)  TNS Failing Endpoints  TNS Total Endpoints     WPWS(ns)     TPWS(ns)  TPWS Failing Endpoints  TPWS Total Endpoints  
-----             -------      -------  ---------------------  -------------------     --------     --------  ----------------------  --------------------  
atb_atclk          11.944        0.000                      0                  106        6.391        0.000                       0                    62  
proc_clk            4.175        0.000                      0                14392        5.905        0.000                       0                  5550  
tip_clk             7.336        0.000                      0                13891        5.905        0.000                       0                  7674  
wall_clk           11.749        0.000                      0                   57        6.391        0.000                       0                    32  
wb_clk             10.999        0.000                      0                16378        5.905        0.000                       0                  8434  


------------------------------------------------------------------------------------------------
| Inter Clock Table
| -----------------
------------------------------------------------------------------------------------------------

From Clock    To Clock          WNS(ns)      TNS(ns)  TNS Failing Endpoints  TNS Total Endpoints  
----------    --------          -------      -------  ---------------------  -------------------  


------------------------------------------------------------------------------------------------
| Other Path Groups Table
| -----------------------
------------------------------------------------------------------------------------------------

Path Group    From Clock    To Clock          WNS(ns)      TNS(ns)  TNS Failing Endpoints  TNS Total Endpoints  
----------    ----------    --------          -------      -------  ---------------------  -------------------  


------------------------------------------------------------------------------------------------
| Timing Details
| --------------
------------------------------------------------------------------------------------------------


---------------------------------------------------------------------------------------------------
From Clock:  atb_atclk
  To Clock:  atb_atclk

Setup :            0  Failing Endpoints,  Worst Slack       11.944ns,  Total Violation        0.000ns
Hold  :           NA  Failing Endpoints,  Worst Slack           NA  ,  Total Violation           NA
PW    :            0  Failing Endpoints,  Worst Slack        6.391ns,  Total Violation        0.000ns
---------------------------------------------------------------------------------------------------


Max Delay Paths
--------------------------------------------------------------------------------------
Slack (MET) :             11.944ns  (required time - arrival time)
  Source:                 genNtrace.genNexusFormat.ct_L2_mseo_mdo_formatter_inst/genAtbFifo2clk.atb_cdc_fifo/genMemory.ReadReg_reg[0][18]/C
                            (rising edge-triggered cell FDRE clocked by atb_atclk  {rise@0.000ns fall@6.667ns period=13.333ns})
  Destination:            genNtrace.genNexusFormat.ct_L2_mseo_mdo_formatter_inst/u_atb_flush_detect/FSM_onehot_FlushState_reg[0]/CE
                            (rising edge-triggered cell FDSE clocked by atb_atclk  {rise@0.000ns fall@6.667ns period=13.333ns})
  Path Group:             atb_atclk
  Path Type:              Setup (Max at Slow Process Corner)
  Requirement:            13.333ns  (atb_atclk rise@13.333ns - atb_atclk rise@0.000ns)
  Data Path Delay:        1.263ns  (logic 0.549ns (43.468%)  route 0.714ns (56.532%))
  Logic Levels:           3  (LUT5=1 LUT6=2)
  Clock Path Skew:        -0.012ns (DCD - SCD + CPR)
    Destination Clock Delay (DCD):    0.029ns = ( 13.362 - 13.333 ) 
    Source Clock Delay      (SCD):    0.041ns
    Clock Pessimism Removal (CPR):    0.000ns
  Clock Uncertainty:      0.035ns  ((TSJ^2 + TIJ^2)^1/2 + DJ) / 2 + PE
    Total System Jitter     (TSJ):    0.071ns
    Total Input Jitter      (TIJ):    0.000ns
    Discrete Jitter          (DJ):    0.000ns
    Phase Error              (PE):    0.000ns

    Location             Delay type                Incr(ns)  Path(ns)    Netlist Resource(s)
  -------------------------------------------------------------------    -------------------
                         (clock atb_atclk rise edge)
                                                      0.000     0.000 r  
                                                      0.000     0.000 r  atb_atclk (IN)
                         net (fo=61, unset)           0.041     0.041    genNtrace.genNexusFormat.ct_L2_mseo_mdo_formatter_inst/genAtbFifo2clk.atb_cdc_fifo/atb_atclk
                         FDRE                                         r  genNtrace.genNexusFormat.ct_L2_mseo_mdo_formatter_inst/genAtbFifo2clk.atb_cdc_fifo/genMemory.ReadReg_reg[0][18]/C
  -------------------------------------------------------------------    -------------------
                         FDRE (Prop_FDRE_C_Q)         0.114     0.155 r  genNtrace.genNexusFormat.ct_L2_mseo_mdo_formatter_inst/genAtbFifo2clk.atb_cdc_fifo/genMemory.ReadReg_reg[0][18]/Q
                         net (fo=2, unplaced)         0.174     0.329    genNtrace.genNexusFormat.ct_L2_mseo_mdo_formatter_inst/genAtbFifo2clk.atb_cdc_fifo/genAtbFifo2clk.atb_q\\.q[18]
                         LUT6 (Prop_LUT6_I0_O)        0.225     0.554 r  genNtrace.genNexusFormat.ct_L2_mseo_mdo_formatter_inst/genAtbFifo2clk.atb_cdc_fifo/FSM_onehot_FlushState[2]_i_8/O
                         net (fo=1, unplaced)         0.211     0.765    genNtrace.genNexusFormat.ct_L2_mseo_mdo_formatter_inst/genAtbFifo2clk.atb_cdc_fifo/FSM_onehot_FlushState[2]_i_8_n_0
                         LUT5 (Prop_LUT5_I0_O)        0.058     0.823 r  genNtrace.genNexusFormat.ct_L2_mseo_mdo_formatter_inst/genAtbFifo2clk.atb_cdc_fifo/FSM_onehot_FlushState[2]_i_3/O
                         net (fo=1, unplaced)         0.154     0.977    genNtrace.genNexusFormat.ct_L2_mseo_mdo_formatter_inst/genAtbFifo2clk.atb_cdc_fifo/u_atb_flush_detect/flush_marker_seen13_out
                         LUT6 (Prop_LUT6_I1_O)        0.152     1.129 r  genNtrace.genNexusFormat.ct_L2_mseo_mdo_formatter_inst/genAtbFifo2clk.atb_cdc_fifo/FSM_onehot_FlushState[2]_i_1/O
                         net (fo=3, unplaced)         0.175     1.304    genNtrace.genNexusFormat.ct_L2_mseo_mdo_formatter_inst/u_atb_flush_detect/E[0]
                         FDSE                                         r  genNtrace.genNexusFormat.ct_L2_mseo_mdo_formatter_inst/u_atb_flush_detect/FSM_onehot_FlushState_reg[0]/CE
  -------------------------------------------------------------------    -------------------

                         (clock atb_atclk rise edge)
                                                     13.333    13.333 r  
                                                      0.000    13.333 r  atb_atclk (IN)
                         net (fo=61, unset)           0.029    13.362    genNtrace.genNexusFormat.ct_L2_mseo_mdo_formatter_inst/u_atb_flush_detect/atb_atclk
                         FDSE                                         r  genNtrace.genNexusFormat.ct_L2_mseo_mdo_formatter_inst/u_atb_flush_detect/FSM_onehot_FlushState_reg[0]/C
                         clock pessimism              0.000    13.362    
                         clock uncertainty           -0.035    13.327    
                         FDSE (Setup_FDSE_C_CE)      -0.079    13.248    genNtrace.genNexusFormat.ct_L2_mseo_mdo_formatter_inst/u_atb_flush_detect/FSM_onehot_FlushState_reg[0]
  -------------------------------------------------------------------
                         required time                         13.248    
                         arrival time                          -1.304    
  -------------------------------------------------------------------
                         slack                                 11.944    

Slack (MET) :             11.944ns  (required time - arrival time)
  Source:                 genNtrace.genNexusFormat.ct_L2_mseo_mdo_formatter_inst/genAtbFifo2clk.atb_cdc_fifo/genMemory.ReadReg_reg[0][18]/C
                            (rising edge-triggered cell FDRE clocked by atb_atclk  {rise@0.000ns fall@6.667ns period=13.333ns})
  Destination:            genNtrace.genNexusFormat.ct_L2_mseo_mdo_formatter_inst/u_atb_flush_detect/FSM_onehot_FlushState_reg[1]/CE
                            (rising edge-triggered cell FDRE clocked by atb_atclk  {rise@0.000ns fall@6.667ns period=13.333ns})
  Path Group:             atb_atclk
  Path Type:              Setup (Max at Slow Process Corner)
  Requirement:            13.333ns  (atb_atclk rise@13.333ns - atb_atclk rise@0.000ns)
  Data Path Delay:        1.263ns  (logic 0.549ns (43.468%)  route 0.714ns (56.532%))
  Logic Levels:           3  (LUT5=1 LUT6=2)
  Clock Path Skew:        -0.012ns (DCD - SCD + CPR)
    Destination Clock Delay (DCD):    0.029ns = ( 13.362 - 13.333 ) 
    Source Clock Delay      (SCD):    0.041ns
    Clock Pessimism Removal (CPR):    0.000ns
  Clock Uncertainty:      0.035ns  ((TSJ^2 + TIJ^2)^1/2 + DJ) / 2 + PE
    Total System Jitter     (TSJ):    0.071ns
    Total Input Jitter      (TIJ):    0.000ns
    Discrete Jitter          (DJ):    0.000ns
    Phase Error              (PE):    0.000ns

    Location             Delay type                Incr(ns)  Path(ns)    Netlist Resource(s)
  -------------------------------------------------------------------    -------------------
                         (clock atb_atclk rise edge)
                                                      0.000     0.000 r  
                                                      0.000     0.000 r  atb_atclk (IN)
                         net (fo=61, unset)           0.041     0.041    genNtrace.genNexusFormat.ct_L2_mseo_mdo_formatter_inst/genAtbFifo2clk.atb_cdc_fifo/atb_atclk
                         FDRE                                         r  genNtrace.genNexusFormat.ct_L2_mseo_mdo_formatter_inst/genAtbFifo2clk.atb_cdc_fifo/genMemory.ReadReg_reg[0][18]/C
  -------------------------------------------------------------------    -------------------
                         FDRE (Prop_FDRE_C_Q)         0.114     0.155 r  genNtrace.genNexusFormat.ct_L2_mseo_mdo_formatter_inst/genAtbFifo2clk.atb_cdc_fifo/genMemory.ReadReg_reg[0][18]/Q
                         net (fo=2, unplaced)         0.174     0.329    genNtrace.genNexusFormat.ct_L2_mseo_mdo_formatter_inst/genAtbFifo2clk.atb_cdc_fifo/genAtbFifo2clk.atb_q\\.q[18]
                         LUT6 (Prop_LUT6_I0_O)        0.225     0.554 r  genNtrace.genNexusFormat.ct_L2_mseo_mdo_formatter_inst/genAtbFifo2clk.atb_cdc_fifo/FSM_onehot_FlushState[2]_i_8/O
                         net (fo=1, unplaced)         0.211     0.765    genNtrace.genNexusFormat.ct_L2_mseo_mdo_formatter_inst/genAtbFifo2clk.atb_cdc_fifo/FSM_onehot_FlushState[2]_i_8_n_0
                         LUT5 (Prop_LUT5_I0_O)        0.058     0.823 r  genNtrace.genNexusFormat.ct_L2_mseo_mdo_formatter_inst/genAtbFifo2clk.atb_cdc_fifo/FSM_onehot_FlushState[2]_i_3/O
                         net (fo=1, unplaced)         0.154     0.977    genNtrace.genNexusFormat.ct_L2_mseo_mdo_formatter_inst/genAtbFifo2clk.atb_cdc_fifo/u_atb_flush_detect/flush_marker_seen13_out
                         LUT6 (Prop_LUT6_I1_O)        0.152     1.129 r  genNtrace.genNexusFormat.ct_L2_mseo_mdo_formatter_inst/genAtbFifo2clk.atb_cdc_fifo/FSM_onehot_FlushState[2]_i_1/O
                         net (fo=3, unplaced)         0.175     1.304    genNtrace.genNexusFormat.ct_L2_mseo_mdo_formatter_inst/u_atb_flush_detect/E[0]
                         FDRE                                         r  genNtrace.genNexusFormat.ct_L2_mseo_mdo_formatter_inst/u_atb_flush_detect/FSM_onehot_FlushState_reg[1]/CE
  -------------------------------------------------------------------    -------------------

                         (clock atb_atclk rise edge)
                                                     13.333    13.333 r  
                                                      0.000    13.333 r  atb_atclk (IN)
                         net (fo=61, unset)           0.029    13.362    genNtrace.genNexusFormat.ct_L2_mseo_mdo_formatter_inst/u_atb_flush_detect/atb_atclk
                         FDRE                                         r  genNtrace.genNexusFormat.ct_L2_mseo_mdo_formatter_inst/u_atb_flush_detect/FSM_onehot_FlushState_reg[1]/C
                         clock pessimism              0.000    13.362    
                         clock uncertainty           -0.035    13.327    
                         FDRE (Setup_FDRE_C_CE)      -0.079    13.248    genNtrace.genNexusFormat.ct_L2_mseo_mdo_formatter_inst/u_atb_flush_detect/FSM_onehot_FlushState_reg[1]
  -------------------------------------------------------------------
                         required time                         13.248    
                         arrival time                          -1.304    
  -------------------------------------------------------------------
                         slack                                 11.944    

Slack (MET) :             11.944ns  (required time - arrival time)
  Source:                 genNtrace.genNexusFormat.ct_L2_mseo_mdo_formatter_inst/genAtbFifo2clk.atb_cdc_fifo/genMemory.ReadReg_reg[0][18]/C
                            (rising edge-triggered cell FDRE clocked by atb_atclk  {rise@0.000ns fall@6.667ns period=13.333ns})
  Destination:            genNtrace.genNexusFormat.ct_L2_mseo_mdo_formatter_inst/u_atb_flush_detect/FSM_onehot_FlushState_reg[2]/CE
                            (rising edge-triggered cell FDRE clocked by atb_atclk  {rise@0.000ns fall@6.667ns period=13.333ns})
  Path Group:             atb_atclk
  Path Type:              Setup (Max at Slow Process Corner)
  Requirement:            13.333ns  (atb_atclk rise@13.333ns - atb_atclk rise@0.000ns)
  Data Path Delay:        1.263ns  (logic 0.549ns (43.468%)  route 0.714ns (56.532%))
  Logic Levels:           3  (LUT5=1 LUT6=2)
  Clock Path Skew:        -0.012ns (DCD - SCD + CPR)
    Destination Clock Delay (DCD):    0.029ns = ( 13.362 - 13.333 ) 
    Source Clock Delay      (SCD):    0.041ns
    Clock Pessimism Removal (CPR):    0.000ns
  Clock Uncertainty:      0.035ns  ((TSJ^2 + TIJ^2)^1/2 + DJ) / 2 + PE
    Total System Jitter     (TSJ):    0.071ns
    Total Input Jitter      (TIJ):    0.000ns
    Discrete Jitter          (DJ):    0.000ns
    Phase Error              (PE):    0.000ns

    Location             Delay type                Incr(ns)  Path(ns)    Netlist Resource(s)
  -------------------------------------------------------------------    -------------------
                         (clock atb_atclk rise edge)
                                                      0.000     0.000 r  
                                                      0.000     0.000 r  atb_atclk (IN)
                         net (fo=61, unset)           0.041     0.041    genNtrace.genNexusFormat.ct_L2_mseo_mdo_formatter_inst/genAtbFifo2clk.atb_cdc_fifo/atb_atclk
                         FDRE                                         r  genNtrace.genNexusFormat.ct_L2_mseo_mdo_formatter_inst/genAtbFifo2clk.atb_cdc_fifo/genMemory.ReadReg_reg[0][18]/C
  -------------------------------------------------------------------    -------------------
                         FDRE (Prop_FDRE_C_Q)         0.114     0.155 r  genNtrace.genNexusFormat.ct_L2_mseo_mdo_formatter_inst/genAtbFifo2clk.atb_cdc_fifo/genMemory.ReadReg_reg[0][18]/Q
                         net (fo=2, unplaced)         0.174     0.329    genNtrace.genNexusFormat.ct_L2_mseo_mdo_formatter_inst/genAtbFifo2clk.atb_cdc_fifo/genAtbFifo2clk.atb_q\\.q[18]
                         LUT6 (Prop_LUT6_I0_O)        0.225     0.554 r  genNtrace.genNexusFormat.ct_L2_mseo_mdo_formatter_inst/genAtbFifo2clk.atb_cdc_fifo/FSM_onehot_FlushState[2]_i_8/O
                         net (fo=1, unplaced)         0.211     0.765    genNtrace.genNexusFormat.ct_L2_mseo_mdo_formatter_inst/genAtbFifo2clk.atb_cdc_fifo/FSM_onehot_FlushState[2]_i_8_n_0
                         LUT5 (Prop_LUT5_I0_O)        0.058     0.823 r  genNtrace.genNexusFormat.ct_L2_mseo_mdo_formatter_inst/genAtbFifo2clk.atb_cdc_fifo/FSM_onehot_FlushState[2]_i_3/O
                         net (fo=1, unplaced)         0.154     0.977    genNtrace.genNexusFormat.ct_L2_mseo_mdo_formatter_inst/genAtbFifo2clk.atb_cdc_fifo/u_atb_flush_detect/flush_marker_seen13_out
                         LUT6 (Prop_LUT6_I1_O)        0.152     1.129 r  genNtrace.genNexusFormat.ct_L2_mseo_mdo_formatter_inst/genAtbFifo2clk.atb_cdc_fifo/FSM_onehot_FlushState[2]_i_1/O
                         net (fo=3, unplaced)         0.175     1.304    genNtrace.genNexusFormat.ct_L2_mseo_mdo_formatter_inst/u_atb_flush_detect/E[0]
                         FDRE                                         r  genNtrace.genNexusFormat.ct_L2_mseo_mdo_formatter_inst/u_atb_flush_detect/FSM_onehot_FlushState_reg[2]/CE
  -------------------------------------------------------------------    -------------------

                         (clock atb_atclk rise edge)
                                                     13.333    13.333 r  
                                                      0.000    13.333 r  atb_atclk (IN)
                         net (fo=61, unset)           0.029    13.362    genNtrace.genNexusFormat.ct_L2_mseo_mdo_formatter_inst/u_atb_flush_detect/atb_atclk
                         FDRE                                         r  genNtrace.genNexusFormat.ct_L2_mseo_mdo_formatter_inst/u_atb_flush_detect/FSM_onehot_FlushState_reg[2]/C
                         clock pessimism              0.000    13.362    
                         clock uncertainty           -0.035    13.327    
                         FDRE (Setup_FDRE_C_CE)      -0.079    13.248    genNtrace.genNexusFormat.ct_L2_mseo_mdo_formatter_inst/u_atb_flush_detect/FSM_onehot_FlushState_reg[2]
  -------------------------------------------------------------------
                         required time                         13.248    
                         arrival time                          -1.304    
  -------------------------------------------------------------------
                         slack                                 11.944    

Slack (MET) :             12.173ns  (required time - arrival time)
  Source:                 genNtrace.genNexusFormat.ct_L2_mseo_mdo_formatter_inst/genAtbFifo2clk.atb_cdc_fifo/blkRead.Cnt_reg[2]/C
                            (rising edge-triggered cell FDRE clocked by atb_atclk  {rise@0.000ns fall@6.667ns period=13.333ns})
  Destination:            genNtrace.genNexusFormat.ct_L2_mseo_mdo_formatter_inst/genAtbFifo2clk.atb_cdc_fifo/blkRead.Empty_reg/D
                            (rising edge-triggered cell FDSE clocked by atb_atclk  {rise@0.000ns fall@6.667ns period=13.333ns})
  Path Group:             atb_atclk
  Path Type:              Setup (Max at Slow Process Corner)
  Requirement:            13.333ns  (atb_atclk rise@13.333ns - atb_atclk rise@0.000ns)
  Data Path Delay:        1.157ns  (logic 0.534ns (46.154%)  route 0.623ns (53.846%))
  Logic Levels:           3  (LUT6=3)
  Clock Path Skew:        -0.012ns (DCD - SCD + CPR)
    Destination Clock Delay (DCD):    0.029ns = ( 13.362 - 13.333 ) 
    Source Clock Delay      (SCD):    0.041ns
    Clock Pessimism Removal (CPR):    0.000ns
  Clock Uncertainty:      0.035ns  ((TSJ^2 + TIJ^2)^1/2 + DJ) / 2 + PE
    Total System Jitter     (TSJ):    0.071ns
    Total Input Jitter      (TIJ):    0.000ns
    Discrete Jitter          (DJ):    0.000ns
    Phase Error              (PE):    0.000ns

    Location             Delay type                Incr(ns)  Path(ns)    Netlist Resource(s)
  -------------------------------------------------------------------    -------------------
                         (clock atb_atclk rise edge)
                                                      0.000     0.000 r  
                                                      0.000     0.000 r  atb_atclk (IN)
                         net (fo=61, unset)           0.041     0.041    genNtrace.genNexusFormat.ct_L2_mseo_mdo_formatter_inst/genAtbFifo2clk.atb_cdc_fifo/atb_atclk
                         FDRE                                         r  genNtrace.genNexusFormat.ct_L2_mseo_mdo_formatter_inst/genAtbFifo2clk.atb_cdc_fifo/blkRead.Cnt_reg[2]/C
  -------------------------------------------------------------------    -------------------
                         FDRE (Prop_FDRE_C_Q)         0.114     0.155 r  genNtrace.genNexusFormat.ct_L2_mseo_mdo_formatter_inst/genAtbFifo2clk.atb_cdc_fifo/blkRead.Cnt_reg[2]/Q
                         net (fo=5, unplaced)         0.192     0.347    genNtrace.genNexusFormat.ct_L2_mseo_mdo_formatter_inst/genAtbFifo2clk.atb_cdc_fifo/blkRead.Cnt_reg[2]
                         LUT6 (Prop_LUT6_I0_O)        0.225     0.572 r  genNtrace.genNexusFormat.ct_L2_mseo_mdo_formatter_inst/genAtbFifo2clk.atb_cdc_fifo/blkRead.RPtr[1]_i_1/O
                         net (fo=2, unplaced)         0.153     0.725    genNtrace.genNexusFormat.ct_L2_mseo_mdo_formatter_inst/genAtbFifo2clk.atb_cdc_fifo/RPtr[1]
                         LUT6 (Prop_LUT6_I0_O)        0.137     0.862 r  genNtrace.genNexusFormat.ct_L2_mseo_mdo_formatter_inst/genAtbFifo2clk.atb_cdc_fifo/blkRead.Empty_i_2/O
                         net (fo=1, unplaced)         0.211     1.073    genNtrace.genNexusFormat.ct_L2_mseo_mdo_formatter_inst/genAtbFifo2clk.atb_cdc_fifo/blkRead.Empty_i_2_n_0
                         LUT6 (Prop_LUT6_I0_O)        0.058     1.131 r  genNtrace.genNexusFormat.ct_L2_mseo_mdo_formatter_inst/genAtbFifo2clk.atb_cdc_fifo/blkRead.Empty_i_1/O
                         net (fo=1, unplaced)         0.067     1.198    genNtrace.genNexusFormat.ct_L2_mseo_mdo_formatter_inst/genAtbFifo2clk.atb_cdc_fifo/blkRead.Empty0
                         FDSE                                         r  genNtrace.genNexusFormat.ct_L2_mseo_mdo_formatter_inst/genAtbFifo2clk.atb_cdc_fifo/blkRead.Empty_reg/D
  -------------------------------------------------------------------    -------------------

                         (clock atb_atclk rise edge)
                                                     13.333    13.333 r  
                                                      0.000    13.333 r  atb_atclk (IN)
                         net (fo=61, unset)           0.029    13.362    genNtrace.genNexusFormat.ct_L2_mseo_mdo_formatter_inst/genAtbFifo2clk.atb_cdc_fifo/atb_atclk
                         FDSE                                         r  genNtrace.genNexusFormat.ct_L2_mseo_mdo_formatter_inst/genAtbFifo2clk.atb_cdc_fifo/blkRead.Empty_reg/C
                         clock pessimism              0.000    13.362    
                         clock uncertainty           -0.035    13.327    
                         FDSE (Setup_FDSE_C_D)        0.044    13.371    genNtrace.genNexusFormat.ct_L2_mseo_mdo_formatter_inst/genAtbFifo2clk.atb_cdc_fifo/blkRead.Empty_reg
  -------------------------------------------------------------------
                         required time                         13.371    
                         arrival time                          -1.198    
  -------------------------------------------------------------------
                         slack                                 12.173    

Slack (MET) :             12.390ns  (required time - arrival time)
  Source:                 genNtrace.genNexusFormat.ct_L2_mseo_mdo_formatter_inst/genAtbFifo2clk.atb_cdc_fifo/blkRead.RPtr_reg[3]/C
                            (rising edge-triggered cell FDRE clocked by atb_atclk  {rise@0.000ns fall@6.667ns period=13.333ns})
  Destination:            genNtrace.genNexusFormat.ct_L2_mseo_mdo_formatter_inst/genAtbFifo2clk.atb_cdc_fifo/genMemory.ReadReg_reg[0][10]/D
                            (rising edge-triggered cell FDRE clocked by atb_atclk  {rise@0.000ns fall@6.667ns period=13.333ns})
  Path Group:             atb_atclk
  Path Type:              Setup (Max at Slow Process Corner)
  Requirement:            13.333ns  (atb_atclk rise@13.333ns - atb_atclk rise@0.000ns)
  Data Path Delay:        0.940ns  (logic 0.333ns (35.426%)  route 0.607ns (64.574%))
  Logic Levels:           2  (LUT2=1 RAMD32=1)
  Clock Path Skew:        -0.012ns (DCD - SCD + CPR)
    Destination Clock Delay (DCD):    0.029ns = ( 13.362 - 13.333 ) 
    Source Clock Delay      (SCD):    0.041ns
    Clock Pessimism Removal (CPR):    0.000ns
  Clock Uncertainty:      0.035ns  ((TSJ^2 + TIJ^2)^1/2 + DJ) / 2 + PE
    Total System Jitter     (TSJ):    0.071ns
    Total Input Jitter      (TIJ):    0.000ns
    Discrete Jitter          (DJ):    0.000ns
    Phase Error              (PE):    0.000ns

    Location             Delay type                Incr(ns)  Path(ns)    Netlist Resource(s)
  -------------------------------------------------------------------    -------------------
                         (clock atb_atclk rise edge)
                                                      0.000     0.000 r  
                                                      0.000     0.000 r  atb_atclk (IN)
                         net (fo=61, unset)           0.041     0.041    genNtrace.genNexusFormat.ct_L2_mseo_mdo_formatter_inst/genAtbFifo2clk.atb_cdc_fifo/atb_atclk
                         FDRE                                         r  genNtrace.genNexusFormat.ct_L2_mseo_mdo_formatter_inst/genAtbFifo2clk.atb_cdc_fifo/blkRead.RPtr_reg[3]/C
  -------------------------------------------------------------------    -------------------
                         FDRE (Prop_FDRE_C_Q)         0.114     0.155 r  genNtrace.genNexusFormat.ct_L2_mseo_mdo_formatter_inst/genAtbFifo2clk.atb_cdc_fifo/blkRead.RPtr_reg[3]/Q
                         net (fo=3, unplaced)         0.160     0.315    genNtrace.genNexusFormat.ct_L2_mseo_mdo_formatter_inst/genAtbFifo2clk.atb_cdc_fifo/gray2bin0_return09_out
                         LUT2 (Prop_LUT2_I1_O)        0.058     0.373 r  genNtrace.genNexusFormat.ct_L2_mseo_mdo_formatter_inst/genAtbFifo2clk.atb_cdc_fifo/genMemory.Mem_reg_0_7_0_13_i_16/O
                         net (fo=34, unplaced)        0.218     0.591    genNtrace.genNexusFormat.ct_L2_mseo_mdo_formatter_inst/genAtbFifo2clk.atb_cdc_fifo/genMemory.Mem_reg_0_7_0_13/ADDRF2
                         RAMD32 (Prop_RAMD32_RADR2_O)
                                                      0.161     0.752 r  genNtrace.genNexusFormat.ct_L2_mseo_mdo_formatter_inst/genAtbFifo2clk.atb_cdc_fifo/genMemory.Mem_reg_0_7_0_13/RAMF/O
                         net (fo=1, unplaced)         0.229     0.981    genNtrace.genNexusFormat.ct_L2_mseo_mdo_formatter_inst/genAtbFifo2clk.atb_cdc_fifo/genMemory.Mem_reg_0_7_0_13_n_11
                         FDRE                                         r  genNtrace.genNexusFormat.ct_L2_mseo_mdo_formatter_inst/genAtbFifo2clk.atb_cdc_fifo/genMemory.ReadReg_reg[0][10]/D
  -------------------------------------------------------------------    -------------------

                         (clock atb_atclk rise edge)
                                                     13.333    13.333 r  
                                                      0.000    13.333 r  atb_atclk (IN)
                         net (fo=61, unset)           0.029    13.362    genNtrace.genNexusFormat.ct_L2_mseo_mdo_formatter_inst/genAtbFifo2clk.atb_cdc_fifo/atb_atclk
                         FDRE                                         r  genNtrace.genNexusFormat.ct_L2_mseo_mdo_formatter_inst/genAtbFifo2clk.atb_cdc_fifo/genMemory.ReadReg_reg[0][10]/C
                         clock pessimism              0.000    13.362    
                         clock uncertainty           -0.035    13.327    
                         FDRE (Setup_FDRE_C_D)        0.044    13.371    genNtrace.genNexusFormat.ct_L2_mseo_mdo_formatter_inst/genAtbFifo2clk.atb_cdc_fifo/genMemory.ReadReg_reg[0][10]
  -------------------------------------------------------------------
                         required time                         13.371    
                         arrival time                          -0.981    
  -------------------------------------------------------------------
                         slack                                 12.390    





Pulse Width Checks
--------------------------------------------------------------------------------------
Clock Name:         atb_atclk
Waveform(ns):       { 0.000 6.667 }
Period(ns):         13.333
Sources:            { atb_atclk }

Check Type        Corner  Lib Pin  Reference Pin  Required(ns)  Actual(ns)  Slack(ns)  Location  Pin
Min Period        n/a     FDRE/C   n/a            0.550         13.333      12.783               genNtrace.genNexusFormat.ct_L2_mseo_mdo_formatter_inst/ChainEmptyQ_reg/C
Min Period        n/a     FDRE/C   n/a            0.550         13.333      12.783               genNtrace.genNexusFormat.ct_L2_mseo_mdo_formatter_inst/EmptyQuietCnt_reg[0]/C
Min Period        n/a     FDRE/C   n/a            0.550         13.333      12.783               genNtrace.genNexusFormat.ct_L2_mseo_mdo_formatter_inst/EmptyQuietCnt_reg[1]/C
Min Period        n/a     FDRE/C   n/a            0.550         13.333      12.783               genNtrace.genNexusFormat.ct_L2_mseo_mdo_formatter_inst/EmptyQuietCnt_reg[2]/C
Min Period        n/a     FDRE/C   n/a            0.550         13.333      12.783               genNtrace.genNexusFormat.ct_L2_mseo_mdo_formatter_inst/EmptyQuietCnt_reg[3]/C
Low Pulse Width   Slow    FDRE/C   n/a            0.275         6.667       6.392                genNtrace.genNexusFormat.ct_L2_mseo_mdo_formatter_inst/ChainEmptyQ_reg/C
Low Pulse Width   Fast    FDRE/C   n/a            0.275         6.667       6.392                genNtrace.genNexusFormat.ct_L2_mseo_mdo_formatter_inst/ChainEmptyQ_reg/C
Low Pulse Width   Slow    FDRE/C   n/a            0.275         6.667       6.392                genNtrace.genNexusFormat.ct_L2_mseo_mdo_formatter_inst/EmptyQuietCnt_reg[0]/C
Low Pulse Width   Fast    FDRE/C   n/a            0.275         6.667       6.392                genNtrace.genNexusFormat.ct_L2_mseo_mdo_formatter_inst/EmptyQuietCnt_reg[0]/C
Low Pulse Width   Slow    FDRE/C   n/a            0.275         6.667       6.392                genNtrace.genNexusFormat.ct_L2_mseo_mdo_formatter_inst/EmptyQuietCnt_reg[1]/C
High Pulse Width  Slow    FDRE/C   n/a            0.275         6.667       6.392                genNtrace.genNexusFormat.ct_L2_mseo_mdo_formatter_inst/ChainEmptyQ_reg/C
High Pulse Width  Fast    FDRE/C   n/a            0.275         6.667       6.392                genNtrace.genNexusFormat.ct_L2_mseo_mdo_formatter_inst/ChainEmptyQ_reg/C
High Pulse Width  Slow    FDRE/C   n/a            0.275         6.667       6.392                genNtrace.genNexusFormat.ct_L2_mseo_mdo_formatter_inst/EmptyQuietCnt_reg[0]/C
High Pulse Width  Fast    FDRE/C   n/a            0.275         6.667       6.392                genNtrace.genNexusFormat.ct_L2_mseo_mdo_formatter_inst/EmptyQuietCnt_reg[0]/C
High Pulse Width  Slow    FDRE/C   n/a            0.275         6.667       6.392                genNtrace.genNexusFormat.ct_L2_mseo_mdo_formatter_inst/EmptyQuietCnt_reg[1]/C



---------------------------------------------------------------------------------------------------
From Clock:  proc_clk
  To Clock:  proc_clk

Setup :            0  Failing Endpoints,  Worst Slack        4.175ns,  Total Violation        0.000ns
Hold  :           NA  Failing Endpoints,  Worst Slack           NA  ,  Total Violation           NA
PW    :            0  Failing Endpoints,  Worst Slack        5.905ns,  Total Violation        0.000ns
---------------------------------------------------------------------------------------------------


Max Delay Paths
--------------------------------------------------------------------------------------
Slack (MET) :             4.175ns  (required time - arrival time)
  Source:                 genNtrace.genNexusFormat.ct_L2_mseo_mdo_formatter_inst/u_slicer/genMdo6.u_slicer/u_impl/Msg_reg[fields][4][field_type][1]/C
                            (rising edge-triggered cell FDRE clocked by proc_clk  {rise@0.000ns fall@6.667ns period=13.333ns})
  Destination:            genNtrace.genNexusFormat.ct_L2_mseo_mdo_formatter_inst/u_slicer/genMdo6.u_slicer/u_impl/AccBits_reg[4]/D
                            (rising edge-triggered cell FDRE clocked by proc_clk  {rise@0.000ns fall@6.667ns period=13.333ns})
  Path Group:             proc_clk
  Path Type:              Setup (Max at Slow Process Corner)
  Requirement:            13.333ns  (proc_clk rise@13.333ns - proc_clk rise@0.000ns)
  Data Path Delay:        9.155ns  (logic 3.179ns (34.724%)  route 5.976ns (65.276%))
  Logic Levels:           31  (CARRY8=8 LUT1=1 LUT2=3 LUT4=5 LUT5=5 LUT6=9)
  Clock Path Skew:        -0.012ns (DCD - SCD + CPR)
    Destination Clock Delay (DCD):    0.029ns = ( 13.362 - 13.333 ) 
    Source Clock Delay      (SCD):    0.041ns
    Clock Pessimism Removal (CPR):    0.000ns
  Clock Uncertainty:      0.035ns  ((TSJ^2 + TIJ^2)^1/2 + DJ) / 2 + PE
    Total System Jitter     (TSJ):    0.071ns
    Total Input Jitter      (TIJ):    0.000ns
    Discrete Jitter          (DJ):    0.000ns
    Phase Error              (PE):    0.000ns

    Location             Delay type                Incr(ns)  Path(ns)    Netlist Resource(s)
  -------------------------------------------------------------------    -------------------
                         (clock proc_clk rise edge)
                                                      0.000     0.000 r  
                                                      0.000     0.000 r  proc_clk (IN)
                         net (fo=5549, unset)         0.041     0.041    genNtrace.genNexusFormat.ct_L2_mseo_mdo_formatter_inst/u_slicer/genMdo6.u_slicer/u_impl/proc_clk
                         FDRE                                         r  genNtrace.genNexusFormat.ct_L2_mseo_mdo_formatter_inst/u_slicer/genMdo6.u_slicer/u_impl/Msg_reg[fields][4][field_type][1]/C
  -------------------------------------------------------------------    -------------------
                         FDRE (Prop_FDRE_C_Q)         0.114     0.155 f  genNtrace.genNexusFormat.ct_L2_mseo_mdo_formatter_inst/u_slicer/genMdo6.u_slicer/u_impl/Msg_reg[fields][4][field_type][1]/Q
                         net (fo=3, unplaced)         0.180     0.335    genNtrace.genNexusFormat.ct_L2_mseo_mdo_formatter_inst/u_slicer/genMdo6.u_slicer/u_impl/Msg_reg[fields][4][field_type][1]
                         LUT6 (Prop_LUT6_I0_O)        0.225     0.560 f  genNtrace.genNexusFormat.ct_L2_mseo_mdo_formatter_inst/u_slicer/genMdo6.u_slicer/u_impl/CurType[1]_i_9/O
                         net (fo=1, unplaced)         0.211     0.771    genNtrace.genNexusFormat.ct_L2_mseo_mdo_formatter_inst/u_slicer/genMdo6.u_slicer/u_impl/CurType[1]_i_9_n_0
                         LUT5 (Prop_LUT5_I4_O)        0.058     0.829 f  genNtrace.genNexusFormat.ct_L2_mseo_mdo_formatter_inst/u_slicer/genMdo6.u_slicer/u_impl/CurType[1]_i_5/O
                         net (fo=4, unplaced)         0.165     0.994    genNtrace.genNexusFormat.ct_L2_mseo_mdo_formatter_inst/u_slicer/genMdo6.u_slicer/u_impl/CurType[1]_i_5_n_0
                         LUT4 (Prop_LUT4_I1_O)        0.137     1.131 r  genNtrace.genNexusFormat.ct_L2_mseo_mdo_formatter_inst/u_slicer/genMdo6.u_slicer/u_impl/FieldIdx[3]_i_19/O
                         net (fo=21, unplaced)        0.261     1.392    genNtrace.genNexusFormat.ct_L2_mseo_mdo_formatter_inst/u_slicer/genMdo6.u_slicer/u_impl/FieldIdx[3]_i_19_n_0
                         LUT5 (Prop_LUT5_I4_O)        0.058     1.450 f  genNtrace.genNexusFormat.ct_L2_mseo_mdo_formatter_inst/u_slicer/genMdo6.u_slicer/u_impl/AccPos[0]_i_53/O
                         net (fo=11, unplaced)        0.246     1.696    genNtrace.genNexusFormat.ct_L2_mseo_mdo_formatter_inst/u_slicer/genMdo6.u_slicer/u_impl/AccPos[0]_i_53_n_0
                         LUT6 (Prop_LUT6_I5_O)        0.058     1.754 r  genNtrace.genNexusFormat.ct_L2_mseo_mdo_formatter_inst/u_slicer/genMdo6.u_slicer/u_impl/AccPos[0]_i_13/O
                         net (fo=16, unplaced)        0.255     2.009    genNtrace.genNexusFormat.ct_L2_mseo_mdo_formatter_inst/u_slicer/genMdo6.u_slicer/u_impl/AccPos[0]_i_13_n_0
                         LUT4 (Prop_LUT4_I3_O)        0.092     2.101 r  genNtrace.genNexusFormat.ct_L2_mseo_mdo_formatter_inst/u_slicer/genMdo6.u_slicer/u_impl/AccPos[0]_i_77/O
                         net (fo=1, unplaced)         0.227     2.328    genNtrace.genNexusFormat.ct_L2_mseo_mdo_formatter_inst/u_slicer/genMdo6.u_slicer/u_impl/AccPos[0]_i_77_n_0
                         CARRY8 (Prop_CARRY8_DI[0]_CO[7])
                                                      0.200     2.528 r  genNtrace.genNexusFormat.ct_L2_mseo_mdo_formatter_inst/u_slicer/genMdo6.u_slicer/u_impl/AccPos_reg[0]_i_33/CO[7]
                         net (fo=1, unplaced)         0.006     2.534    genNtrace.genNexusFormat.ct_L2_mseo_mdo_formatter_inst/u_slicer/genMdo6.u_slicer/u_impl/AccPos_reg[0]_i_33_n_0
                         CARRY8 (Prop_CARRY8_CI_CO[7])
                                                      0.073     2.607 r  genNtrace.genNexusFormat.ct_L2_mseo_mdo_formatter_inst/u_slicer/genMdo6.u_slicer/u_impl/AccPos_reg[0]_i_12/CO[7]
                         net (fo=60, unplaced)        0.161     2.768    genNtrace.genNexusFormat.ct_L2_mseo_mdo_formatter_inst/u_slicer/genMdo6.u_slicer/u_impl/stop_steps129_in
                         LUT4 (Prop_LUT4_I1_O)        0.058     2.826 r  genNtrace.genNexusFormat.ct_L2_mseo_mdo_formatter_inst/u_slicer/genMdo6.u_slicer/u_impl/AccPos[2]_i_13/O
                         net (fo=270, unplaced)       0.319     3.145    genNtrace.genNexusFormat.ct_L2_mseo_mdo_formatter_inst/u_slicer/genMdo6.u_slicer/u_impl/AccPos[2]_i_13_n_0
                         LUT2 (Prop_LUT2_I1_O)        0.058     3.203 r  genNtrace.genNexusFormat.ct_L2_mseo_mdo_formatter_inst/u_slicer/genMdo6.u_slicer/u_impl/CurRem[7]_i_42/O
                         net (fo=1, unplaced)         0.021     3.224    genNtrace.genNexusFormat.ct_L2_mseo_mdo_formatter_inst/u_slicer/genMdo6.u_slicer/u_impl/CurRem[7]_i_42_n_0
                         CARRY8 (Prop_CARRY8_S[1]_CO[7])
                                                      0.269     3.493 r  genNtrace.genNexusFormat.ct_L2_mseo_mdo_formatter_inst/u_slicer/genMdo6.u_slicer/u_impl/CurRem_reg[7]_i_19/CO[7]
                         net (fo=1, unplaced)         0.006     3.499    genNtrace.genNexusFormat.ct_L2_mseo_mdo_formatter_inst/u_slicer/genMdo6.u_slicer/u_impl/CurRem_reg[7]_i_19_n_0
                         CARRY8 (Prop_CARRY8_CI_O[0])
                                                      0.078     3.577 r  genNtrace.genNexusFormat.ct_L2_mseo_mdo_formatter_inst/u_slicer/genMdo6.u_slicer/u_impl/CurRem_reg[8]_i_16/O[0]
                         net (fo=2, unplaced)         0.211     3.788    genNtrace.genNexusFormat.ct_L2_mseo_mdo_formatter_inst/u_slicer/genMdo6.u_slicer/u_impl/CurRem_reg[8]_i_16_n_15
                         LUT5 (Prop_LUT5_I3_O)        0.058     3.846 r  genNtrace.genNexusFormat.ct_L2_mseo_mdo_formatter_inst/u_slicer/genMdo6.u_slicer/u_impl/CurRem[8]_i_8/O
                         net (fo=11, unplaced)        0.246     4.092    genNtrace.genNexusFormat.ct_L2_mseo_mdo_formatter_inst/u_slicer/genMdo6.u_slicer/u_impl/CurRem[8]_i_8_n_0
                         LUT6 (Prop_LUT6_I5_O)        0.058     4.150 r  genNtrace.genNexusFormat.ct_L2_mseo_mdo_formatter_inst/u_slicer/genMdo6.u_slicer/u_impl/FieldIdx[3]_i_13/O
                         net (fo=8, unplaced)         0.239     4.389    genNtrace.genNexusFormat.ct_L2_mseo_mdo_formatter_inst/u_slicer/genMdo6.u_slicer/u_impl/FieldIdx[3]_i_13_n_0
                         LUT5 (Prop_LUT5_I4_O)        0.058     4.447 f  genNtrace.genNexusFormat.ct_L2_mseo_mdo_formatter_inst/u_slicer/genMdo6.u_slicer/u_impl/AccPos[0]_i_10/O
                         net (fo=3, unplaced)         0.217     4.664    genNtrace.genNexusFormat.ct_L2_mseo_mdo_formatter_inst/u_slicer/genMdo6.u_slicer/u_impl/AccPos[0]_i_10_n_0
                         LUT6 (Prop_LUT6_I5_O)        0.058     4.722 r  genNtrace.genNexusFormat.ct_L2_mseo_mdo_formatter_inst/u_slicer/genMdo6.u_slicer/u_impl/AccPos[0]_i_2/O
                         net (fo=11, unplaced)        0.246     4.968    genNtrace.genNexusFormat.ct_L2_mseo_mdo_formatter_inst/u_slicer/genMdo6.u_slicer/u_impl/AccPos[0]_i_2_n_0
                         LUT4 (Prop_LUT4_I3_O)        0.092     5.060 r  genNtrace.genNexusFormat.ct_L2_mseo_mdo_formatter_inst/u_slicer/genMdo6.u_slicer/u_impl/AccPos[0]_i_61/O
                         net (fo=1, unplaced)         0.227     5.287    genNtrace.genNexusFormat.ct_L2_mseo_mdo_formatter_inst/u_slicer/genMdo6.u_slicer/u_impl/AccPos[0]_i_61_n_0
                         CARRY8 (Prop_CARRY8_DI[0]_CO[7])
                                                      0.200     5.487 r  genNtrace.genNexusFormat.ct_L2_mseo_mdo_formatter_inst/u_slicer/genMdo6.u_slicer/u_impl/AccPos_reg[0]_i_14/CO[7]
                         net (fo=1, unplaced)         0.006     5.493    genNtrace.genNexusFormat.ct_L2_mseo_mdo_formatter_inst/u_slicer/genMdo6.u_slicer/u_impl/AccPos_reg[0]_i_14_n_0
                         CARRY8 (Prop_CARRY8_CI_CO[7])
                                                      0.073     5.566 r  genNtrace.genNexusFormat.ct_L2_mseo_mdo_formatter_inst/u_slicer/genMdo6.u_slicer/u_impl/AccPos_reg[0]_i_5/CO[7]
                         net (fo=56, unplaced)        0.159     5.725    genNtrace.genNexusFormat.ct_L2_mseo_mdo_formatter_inst/u_slicer/genMdo6.u_slicer/u_impl/acc_pos2
                         LUT4 (Prop_LUT4_I1_O)        0.058     5.783 f  genNtrace.genNexusFormat.ct_L2_mseo_mdo_formatter_inst/u_slicer/genMdo6.u_slicer/u_impl/AccPos[1]_i_3/O
                         net (fo=216, unplaced)       0.314     6.097    genNtrace.genNexusFormat.ct_L2_mseo_mdo_formatter_inst/u_slicer/genMdo6.u_slicer/u_impl/AccPos[1]_i_3_n_0
                         LUT1 (Prop_LUT1_I0_O)        0.092     6.189 r  genNtrace.genNexusFormat.ct_L2_mseo_mdo_formatter_inst/u_slicer/genMdo6.u_slicer/u_impl/AccBits[5]_i_36/O
                         net (fo=1, unplaced)         0.227     6.416    genNtrace.genNexusFormat.ct_L2_mseo_mdo_formatter_inst/u_slicer/genMdo6.u_slicer/u_impl/AccBits[5]_i_36_n_0
                         CARRY8 (Prop_CARRY8_DI[0]_CO[7])
                                                      0.241     6.657 r  genNtrace.genNexusFormat.ct_L2_mseo_mdo_formatter_inst/u_slicer/genMdo6.u_slicer/u_impl/AccBits_reg[5]_i_22/CO[7]
                         net (fo=1, unplaced)         0.006     6.663    genNtrace.genNexusFormat.ct_L2_mseo_mdo_formatter_inst/u_slicer/genMdo6.u_slicer/u_impl/AccBits_reg[5]_i_22_n_0
                         CARRY8 (Prop_CARRY8_CI_O[4])
                                                      0.119     6.782 f  genNtrace.genNexusFormat.ct_L2_mseo_mdo_formatter_inst/u_slicer/genMdo6.u_slicer/u_impl/AccBits_reg[5]_i_52/O[4]
                         net (fo=1, unplaced)         0.264     7.046    genNtrace.genNexusFormat.ct_L2_mseo_mdo_formatter_inst/u_slicer/genMdo6.u_slicer/u_impl/(null)[0].mask1[13]
                         LUT6 (Prop_LUT6_I0_O)        0.188     7.234 f  genNtrace.genNexusFormat.ct_L2_mseo_mdo_formatter_inst/u_slicer/genMdo6.u_slicer/u_impl/AccBits[5]_i_75/O
                         net (fo=1, unplaced)         0.211     7.445    genNtrace.genNexusFormat.ct_L2_mseo_mdo_formatter_inst/u_slicer/genMdo6.u_slicer/u_impl/AccBits[5]_i_75_n_0
                         LUT6 (Prop_LUT6_I0_O)        0.058     7.503 f  genNtrace.genNexusFormat.ct_L2_mseo_mdo_formatter_inst/u_slicer/genMdo6.u_slicer/u_impl/AccBits[5]_i_56/O
                         net (fo=1, unplaced)         0.211     7.714    genNtrace.genNexusFormat.ct_L2_mseo_mdo_formatter_inst/u_slicer/genMdo6.u_slicer/u_impl/AccBits[5]_i_56_n_0
                         LUT6 (Prop_LUT6_I5_O)        0.058     7.772 r  genNtrace.genNexusFormat.ct_L2_mseo_mdo_formatter_inst/u_slicer/genMdo6.u_slicer/u_impl/AccBits[5]_i_35/O
                         net (fo=3, unplaced)         0.217     7.989    genNtrace.genNexusFormat.ct_L2_mseo_mdo_formatter_inst/u_slicer/genMdo6.u_slicer/u_impl/AccBits[5]_i_35_n_0
                         LUT2 (Prop_LUT2_I0_O)        0.058     8.047 r  genNtrace.genNexusFormat.ct_L2_mseo_mdo_formatter_inst/u_slicer/genMdo6.u_slicer/u_impl/AccBits[5]_i_20/O
                         net (fo=3, unplaced)         0.217     8.264    genNtrace.genNexusFormat.ct_L2_mseo_mdo_formatter_inst/u_slicer/genMdo6.u_slicer/u_impl/AccBits[5]_i_20_n_0
                         LUT2 (Prop_LUT2_I0_O)        0.058     8.322 r  genNtrace.genNexusFormat.ct_L2_mseo_mdo_formatter_inst/u_slicer/genMdo6.u_slicer/u_impl/AccBits[5]_i_18/O
                         net (fo=2, unplaced)         0.211     8.533    genNtrace.genNexusFormat.ct_L2_mseo_mdo_formatter_inst/u_slicer/genMdo6.u_slicer/u_impl/AccBits[5]_i_18_n_0
                         LUT6 (Prop_LUT6_I3_O)        0.058     8.591 r  genNtrace.genNexusFormat.ct_L2_mseo_mdo_formatter_inst/u_slicer/genMdo6.u_slicer/u_impl/AccBits[5]_i_16/O
                         net (fo=1, unplaced)         0.211     8.802    genNtrace.genNexusFormat.ct_L2_mseo_mdo_formatter_inst/u_slicer/genMdo6.u_slicer/u_impl/AccBits[5]_i_16_n_0
                         LUT6 (Prop_LUT6_I5_O)        0.058     8.860 f  genNtrace.genNexusFormat.ct_L2_mseo_mdo_formatter_inst/u_slicer/genMdo6.u_slicer/u_impl/AccBits[5]_i_5/O
                         net (fo=2, unplaced)         0.211     9.071    genNtrace.genNexusFormat.ct_L2_mseo_mdo_formatter_inst/u_slicer/genMdo6.u_slicer/u_impl/AccBits[5]_i_5_n_0
                         LUT5 (Prop_LUT5_I0_O)        0.058     9.129 r  genNtrace.genNexusFormat.ct_L2_mseo_mdo_formatter_inst/u_slicer/genMdo6.u_slicer/u_impl/AccBits[4]_i_1/O
                         net (fo=2, unplaced)         0.067     9.196    genNtrace.genNexusFormat.ct_L2_mseo_mdo_formatter_inst/u_slicer/genMdo6.u_slicer/u_impl/AccBits[4]_i_1_n_0
                         FDRE                                         r  genNtrace.genNexusFormat.ct_L2_mseo_mdo_formatter_inst/u_slicer/genMdo6.u_slicer/u_impl/AccBits_reg[4]/D
  -------------------------------------------------------------------    -------------------

                         (clock proc_clk rise edge)
                                                     13.333    13.333 r  
                                                      0.000    13.333 r  proc_clk (IN)
                         net (fo=5549, unset)         0.029    13.362    genNtrace.genNexusFormat.ct_L2_mseo_mdo_formatter_inst/u_slicer/genMdo6.u_slicer/u_impl/proc_clk
                         FDRE                                         r  genNtrace.genNexusFormat.ct_L2_mseo_mdo_formatter_inst/u_slicer/genMdo6.u_slicer/u_impl/AccBits_reg[4]/C
                         clock pessimism              0.000    13.362    
                         clock uncertainty           -0.035    13.327    
                         FDRE (Setup_FDRE_C_D)        0.044    13.371    genNtrace.genNexusFormat.ct_L2_mseo_mdo_formatter_inst/u_slicer/genMdo6.u_slicer/u_impl/AccBits_reg[4]
  -------------------------------------------------------------------
                         required time                         13.371    
                         arrival time                          -9.196    
  -------------------------------------------------------------------
                         slack                                  4.175    

Slack (MET) :             4.175ns  (required time - arrival time)
  Source:                 genNtrace.genNexusFormat.ct_L2_mseo_mdo_formatter_inst/u_slicer/genMdo6.u_slicer/u_impl/Msg_reg[fields][4][field_type][1]/C
                            (rising edge-triggered cell FDRE clocked by proc_clk  {rise@0.000ns fall@6.667ns period=13.333ns})
  Destination:            genNtrace.genNexusFormat.ct_L2_mseo_mdo_formatter_inst/u_slicer/genMdo6.u_slicer/u_impl/AccBits_reg[5]/D
                            (rising edge-triggered cell FDRE clocked by proc_clk  {rise@0.000ns fall@6.667ns period=13.333ns})
  Path Group:             proc_clk
  Path Type:              Setup (Max at Slow Process Corner)
  Requirement:            13.333ns  (proc_clk rise@13.333ns - proc_clk rise@0.000ns)
  Data Path Delay:        9.155ns  (logic 3.179ns (34.724%)  route 5.976ns (65.276%))
  Logic Levels:           31  (CARRY8=8 LUT1=1 LUT2=3 LUT4=5 LUT5=4 LUT6=10)
  Clock Path Skew:        -0.012ns (DCD - SCD + CPR)
    Destination Clock Delay (DCD):    0.029ns = ( 13.362 - 13.333 ) 
    Source Clock Delay      (SCD):    0.041ns
    Clock Pessimism Removal (CPR):    0.000ns
  Clock Uncertainty:      0.035ns  ((TSJ^2 + TIJ^2)^1/2 + DJ) / 2 + PE
    Total System Jitter     (TSJ):    0.071ns
    Total Input Jitter      (TIJ):    0.000ns
    Discrete Jitter          (DJ):    0.000ns
    Phase Error              (PE):    0.000ns

    Location             Delay type                Incr(ns)  Path(ns)    Netlist Resource(s)
  -------------------------------------------------------------------    -------------------
                         (clock proc_clk rise edge)
                                                      0.000     0.000 r  
                                                      0.000     0.000 r  proc_clk (IN)
                         net (fo=5549, unset)         0.041     0.041    genNtrace.genNexusFormat.ct_L2_mseo_mdo_formatter_inst/u_slicer/genMdo6.u_slicer/u_impl/proc_clk
                         FDRE                                         r  genNtrace.genNexusFormat.ct_L2_mseo_mdo_formatter_inst/u_slicer/genMdo6.u_slicer/u_impl/Msg_reg[fields][4][field_type][1]/C
  -------------------------------------------------------------------    -------------------
                         FDRE (Prop_FDRE_C_Q)         0.114     0.155 f  genNtrace.genNexusFormat.ct_L2_mseo_mdo_formatter_inst/u_slicer/genMdo6.u_slicer/u_impl/Msg_reg[fields][4][field_type][1]/Q
                         net (fo=3, unplaced)         0.180     0.335    genNtrace.genNexusFormat.ct_L2_mseo_mdo_formatter_inst/u_slicer/genMdo6.u_slicer/u_impl/Msg_reg[fields][4][field_type][1]
                         LUT6 (Prop_LUT6_I0_O)        0.225     0.560 f  genNtrace.genNexusFormat.ct_L2_mseo_mdo_formatter_inst/u_slicer/genMdo6.u_slicer/u_impl/CurType[1]_i_9/O
                         net (fo=1, unplaced)         0.211     0.771    genNtrace.genNexusFormat.ct_L2_mseo_mdo_formatter_inst/u_slicer/genMdo6.u_slicer/u_impl/CurType[1]_i_9_n_0
                         LUT5 (Prop_LUT5_I4_O)        0.058     0.829 f  genNtrace.genNexusFormat.ct_L2_mseo_mdo_formatter_inst/u_slicer/genMdo6.u_slicer/u_impl/CurType[1]_i_5/O
                         net (fo=4, unplaced)         0.165     0.994    genNtrace.genNexusFormat.ct_L2_mseo_mdo_formatter_inst/u_slicer/genMdo6.u_slicer/u_impl/CurType[1]_i_5_n_0
                         LUT4 (Prop_LUT4_I1_O)        0.137     1.131 r  genNtrace.genNexusFormat.ct_L2_mseo_mdo_formatter_inst/u_slicer/genMdo6.u_slicer/u_impl/FieldIdx[3]_i_19/O
                         net (fo=21, unplaced)        0.261     1.392    genNtrace.genNexusFormat.ct_L2_mseo_mdo_formatter_inst/u_slicer/genMdo6.u_slicer/u_impl/FieldIdx[3]_i_19_n_0
                         LUT5 (Prop_LUT5_I4_O)        0.058     1.450 f  genNtrace.genNexusFormat.ct_L2_mseo_mdo_formatter_inst/u_slicer/genMdo6.u_slicer/u_impl/AccPos[0]_i_53/O
                         net (fo=11, unplaced)        0.246     1.696    genNtrace.genNexusFormat.ct_L2_mseo_mdo_formatter_inst/u_slicer/genMdo6.u_slicer/u_impl/AccPos[0]_i_53_n_0
                         LUT6 (Prop_LUT6_I5_O)        0.058     1.754 r  genNtrace.genNexusFormat.ct_L2_mseo_mdo_formatter_inst/u_slicer/genMdo6.u_slicer/u_impl/AccPos[0]_i_13/O
                         net (fo=16, unplaced)        0.255     2.009    genNtrace.genNexusFormat.ct_L2_mseo_mdo_formatter_inst/u_slicer/genMdo6.u_slicer/u_impl/AccPos[0]_i_13_n_0
                         LUT4 (Prop_LUT4_I3_O)        0.092     2.101 r  genNtrace.genNexusFormat.ct_L2_mseo_mdo_formatter_inst/u_slicer/genMdo6.u_slicer/u_impl/AccPos[0]_i_77/O
                         net (fo=1, unplaced)         0.227     2.328    genNtrace.genNexusFormat.ct_L2_mseo_mdo_formatter_inst/u_slicer/genMdo6.u_slicer/u_impl/AccPos[0]_i_77_n_0
                         CARRY8 (Prop_CARRY8_DI[0]_CO[7])
                                                      0.200     2.528 r  genNtrace.genNexusFormat.ct_L2_mseo_mdo_formatter_inst/u_slicer/genMdo6.u_slicer/u_impl/AccPos_reg[0]_i_33/CO[7]
                         net (fo=1, unplaced)         0.006     2.534    genNtrace.genNexusFormat.ct_L2_mseo_mdo_formatter_inst/u_slicer/genMdo6.u_slicer/u_impl/AccPos_reg[0]_i_33_n_0
                         CARRY8 (Prop_CARRY8_CI_CO[7])
                                                      0.073     2.607 r  genNtrace.genNexusFormat.ct_L2_mseo_mdo_formatter_inst/u_slicer/genMdo6.u_slicer/u_impl/AccPos_reg[0]_i_12/CO[7]
                         net (fo=60, unplaced)        0.161     2.768    genNtrace.genNexusFormat.ct_L2_mseo_mdo_formatter_inst/u_slicer/genMdo6.u_slicer/u_impl/stop_steps129_in
                         LUT4 (Prop_LUT4_I1_O)        0.058     2.826 r  genNtrace.genNexusFormat.ct_L2_mseo_mdo_formatter_inst/u_slicer/genMdo6.u_slicer/u_impl/AccPos[2]_i_13/O
                         net (fo=270, unplaced)       0.319     3.145    genNtrace.genNexusFormat.ct_L2_mseo_mdo_formatter_inst/u_slicer/genMdo6.u_slicer/u_impl/AccPos[2]_i_13_n_0
                         LUT2 (Prop_LUT2_I1_O)        0.058     3.203 r  genNtrace.genNexusFormat.ct_L2_mseo_mdo_formatter_inst/u_slicer/genMdo6.u_slicer/u_impl/CurRem[7]_i_42/O
                         net (fo=1, unplaced)         0.021     3.224    genNtrace.genNexusFormat.ct_L2_mseo_mdo_formatter_inst/u_slicer/genMdo6.u_slicer/u_impl/CurRem[7]_i_42_n_0
                         CARRY8 (Prop_CARRY8_S[1]_CO[7])
                                                      0.269     3.493 r  genNtrace.genNexusFormat.ct_L2_mseo_mdo_formatter_inst/u_slicer/genMdo6.u_slicer/u_impl/CurRem_reg[7]_i_19/CO[7]
                         net (fo=1, unplaced)         0.006     3.499    genNtrace.genNexusFormat.ct_L2_mseo_mdo_formatter_inst/u_slicer/genMdo6.u_slicer/u_impl/CurRem_reg[7]_i_19_n_0
                         CARRY8 (Prop_CARRY8_CI_O[0])
                                                      0.078     3.577 r  genNtrace.genNexusFormat.ct_L2_mseo_mdo_formatter_inst/u_slicer/genMdo6.u_slicer/u_impl/CurRem_reg[8]_i_16/O[0]
                         net (fo=2, unplaced)         0.211     3.788    genNtrace.genNexusFormat.ct_L2_mseo_mdo_formatter_inst/u_slicer/genMdo6.u_slicer/u_impl/CurRem_reg[8]_i_16_n_15
                         LUT5 (Prop_LUT5_I3_O)        0.058     3.846 r  genNtrace.genNexusFormat.ct_L2_mseo_mdo_formatter_inst/u_slicer/genMdo6.u_slicer/u_impl/CurRem[8]_i_8/O
                         net (fo=11, unplaced)        0.246     4.092    genNtrace.genNexusFormat.ct_L2_mseo_mdo_formatter_inst/u_slicer/genMdo6.u_slicer/u_impl/CurRem[8]_i_8_n_0
                         LUT6 (Prop_LUT6_I5_O)        0.058     4.150 r  genNtrace.genNexusFormat.ct_L2_mseo_mdo_formatter_inst/u_slicer/genMdo6.u_slicer/u_impl/FieldIdx[3]_i_13/O
                         net (fo=8, unplaced)         0.239     4.389    genNtrace.genNexusFormat.ct_L2_mseo_mdo_formatter_inst/u_slicer/genMdo6.u_slicer/u_impl/FieldIdx[3]_i_13_n_0
                         LUT5 (Prop_LUT5_I4_O)        0.058     4.447 f  genNtrace.genNexusFormat.ct_L2_mseo_mdo_formatter_inst/u_slicer/genMdo6.u_slicer/u_impl/AccPos[0]_i_10/O
                         net (fo=3, unplaced)         0.217     4.664    genNtrace.genNexusFormat.ct_L2_mseo_mdo_formatter_inst/u_slicer/genMdo6.u_slicer/u_impl/AccPos[0]_i_10_n_0
                         LUT6 (Prop_LUT6_I5_O)        0.058     4.722 r  genNtrace.genNexusFormat.ct_L2_mseo_mdo_formatter_inst/u_slicer/genMdo6.u_slicer/u_impl/AccPos[0]_i_2/O
                         net (fo=11, unplaced)        0.246     4.968    genNtrace.genNexusFormat.ct_L2_mseo_mdo_formatter_inst/u_slicer/genMdo6.u_slicer/u_impl/AccPos[0]_i_2_n_0
                         LUT4 (Prop_LUT4_I3_O)        0.092     5.060 r  genNtrace.genNexusFormat.ct_L2_mseo_mdo_formatter_inst/u_slicer/genMdo6.u_slicer/u_impl/AccPos[0]_i_61/O
                         net (fo=1, unplaced)         0.227     5.287    genNtrace.genNexusFormat.ct_L2_mseo_mdo_formatter_inst/u_slicer/genMdo6.u_slicer/u_impl/AccPos[0]_i_61_n_0
                         CARRY8 (Prop_CARRY8_DI[0]_CO[7])
                                                      0.200     5.487 r  genNtrace.genNexusFormat.ct_L2_mseo_mdo_formatter_inst/u_slicer/genMdo6.u_slicer/u_impl/AccPos_reg[0]_i_14/CO[7]
                         net (fo=1, unplaced)         0.006     5.493    genNtrace.genNexusFormat.ct_L2_mseo_mdo_formatter_inst/u_slicer/genMdo6.u_slicer/u_impl/AccPos_reg[0]_i_14_n_0
                         CARRY8 (Prop_CARRY8_CI_CO[7])
                                                      0.073     5.566 r  genNtrace.genNexusFormat.ct_L2_mseo_mdo_formatter_inst/u_slicer/genMdo6.u_slicer/u_impl/AccPos_reg[0]_i_5/CO[7]
                         net (fo=56, unplaced)        0.159     5.725    genNtrace.genNexusFormat.ct_L2_mseo_mdo_formatter_inst/u_slicer/genMdo6.u_slicer/u_impl/acc_pos2
                         LUT4 (Prop_LUT4_I1_O)        0.058     5.783 f  genNtrace.genNexusFormat.ct_L2_mseo_mdo_formatter_inst/u_slicer/genMdo6.u_slicer/u_impl/AccPos[1]_i_3/O
                         net (fo=216, unplaced)       0.314     6.097    genNtrace.genNexusFormat.ct_L2_mseo_mdo_formatter_inst/u_slicer/genMdo6.u_slicer/u_impl/AccPos[1]_i_3_n_0
                         LUT1 (Prop_LUT1_I0_O)        0.092     6.189 r  genNtrace.genNexusFormat.ct_L2_mseo_mdo_formatter_inst/u_slicer/genMdo6.u_slicer/u_impl/AccBits[5]_i_36/O
                         net (fo=1, unplaced)         0.227     6.416    genNtrace.genNexusFormat.ct_L2_mseo_mdo_formatter_inst/u_slicer/genMdo6.u_slicer/u_impl/AccBits[5]_i_36_n_0
                         CARRY8 (Prop_CARRY8_DI[0]_CO[7])
                                                      0.241     6.657 r  genNtrace.genNexusFormat.ct_L2_mseo_mdo_formatter_inst/u_slicer/genMdo6.u_slicer/u_impl/AccBits_reg[5]_i_22/CO[7]
                         net (fo=1, unplaced)         0.006     6.663    genNtrace.genNexusFormat.ct_L2_mseo_mdo_formatter_inst/u_slicer/genMdo6.u_slicer/u_impl/AccBits_reg[5]_i_22_n_0
                         CARRY8 (Prop_CARRY8_CI_O[4])
                                                      0.119     6.782 f  genNtrace.genNexusFormat.ct_L2_mseo_mdo_formatter_inst/u_slicer/genMdo6.u_slicer/u_impl/AccBits_reg[5]_i_52/O[4]
                         net (fo=1, unplaced)         0.264     7.046    genNtrace.genNexusFormat.ct_L2_mseo_mdo_formatter_inst/u_slicer/genMdo6.u_slicer/u_impl/(null)[0].mask1[13]
                         LUT6 (Prop_LUT6_I0_O)        0.188     7.234 f  genNtrace.genNexusFormat.ct_L2_mseo_mdo_formatter_inst/u_slicer/genMdo6.u_slicer/u_impl/AccBits[5]_i_75/O
                         net (fo=1, unplaced)         0.211     7.445    genNtrace.genNexusFormat.ct_L2_mseo_mdo_formatter_inst/u_slicer/genMdo6.u_slicer/u_impl/AccBits[5]_i_75_n_0
                         LUT6 (Prop_LUT6_I0_O)        0.058     7.503 f  genNtrace.genNexusFormat.ct_L2_mseo_mdo_formatter_inst/u_slicer/genMdo6.u_slicer/u_impl/AccBits[5]_i_56/O
                         net (fo=1, unplaced)         0.211     7.714    genNtrace.genNexusFormat.ct_L2_mseo_mdo_formatter_inst/u_slicer/genMdo6.u_slicer/u_impl/AccBits[5]_i_56_n_0
                         LUT6 (Prop_LUT6_I5_O)        0.058     7.772 r  genNtrace.genNexusFormat.ct_L2_mseo_mdo_formatter_inst/u_slicer/genMdo6.u_slicer/u_impl/AccBits[5]_i_35/O
                         net (fo=3, unplaced)         0.217     7.989    genNtrace.genNexusFormat.ct_L2_mseo_mdo_formatter_inst/u_slicer/genMdo6.u_slicer/u_impl/AccBits[5]_i_35_n_0
                         LUT2 (Prop_LUT2_I0_O)        0.058     8.047 r  genNtrace.genNexusFormat.ct_L2_mseo_mdo_formatter_inst/u_slicer/genMdo6.u_slicer/u_impl/AccBits[5]_i_20/O
                         net (fo=3, unplaced)         0.217     8.264    genNtrace.genNexusFormat.ct_L2_mseo_mdo_formatter_inst/u_slicer/genMdo6.u_slicer/u_impl/AccBits[5]_i_20_n_0
                         LUT2 (Prop_LUT2_I0_O)        0.058     8.322 r  genNtrace.genNexusFormat.ct_L2_mseo_mdo_formatter_inst/u_slicer/genMdo6.u_slicer/u_impl/AccBits[5]_i_18/O
                         net (fo=2, unplaced)         0.211     8.533    genNtrace.genNexusFormat.ct_L2_mseo_mdo_formatter_inst/u_slicer/genMdo6.u_slicer/u_impl/AccBits[5]_i_18_n_0
                         LUT6 (Prop_LUT6_I3_O)        0.058     8.591 r  genNtrace.genNexusFormat.ct_L2_mseo_mdo_formatter_inst/u_slicer/genMdo6.u_slicer/u_impl/AccBits[5]_i_16/O
                         net (fo=1, unplaced)         0.211     8.802    genNtrace.genNexusFormat.ct_L2_mseo_mdo_formatter_inst/u_slicer/genMdo6.u_slicer/u_impl/AccBits[5]_i_16_n_0
                         LUT6 (Prop_LUT6_I5_O)        0.058     8.860 f  genNtrace.genNexusFormat.ct_L2_mseo_mdo_formatter_inst/u_slicer/genMdo6.u_slicer/u_impl/AccBits[5]_i_5/O
                         net (fo=2, unplaced)         0.211     9.071    genNtrace.genNexusFormat.ct_L2_mseo_mdo_formatter_inst/u_slicer/genMdo6.u_slicer/u_impl/AccBits[5]_i_5_n_0
                         LUT6 (Prop_LUT6_I5_O)        0.058     9.129 r  genNtrace.genNexusFormat.ct_L2_mseo_mdo_formatter_inst/u_slicer/genMdo6.u_slicer/u_impl/AccBits[5]_i_1/O
                         net (fo=2, unplaced)         0.067     9.196    genNtrace.genNexusFormat.ct_L2_mseo_mdo_formatter_inst/u_slicer/genMdo6.u_slicer/u_impl/AccBits[5]_i_1_n_0
                         FDRE                                         r  genNtrace.genNexusFormat.ct_L2_mseo_mdo_formatter_inst/u_slicer/genMdo6.u_slicer/u_impl/AccBits_reg[5]/D
  -------------------------------------------------------------------    -------------------

                         (clock proc_clk rise edge)
                                                     13.333    13.333 r  
                                                      0.000    13.333 r  proc_clk (IN)
                         net (fo=5549, unset)         0.029    13.362    genNtrace.genNexusFormat.ct_L2_mseo_mdo_formatter_inst/u_slicer/genMdo6.u_slicer/u_impl/proc_clk
                         FDRE                                         r  genNtrace.genNexusFormat.ct_L2_mseo_mdo_formatter_inst/u_slicer/genMdo6.u_slicer/u_impl/AccBits_reg[5]/C
                         clock pessimism              0.000    13.362    
                         clock uncertainty           -0.035    13.327    
                         FDRE (Setup_FDRE_C_D)        0.044    13.371    genNtrace.genNexusFormat.ct_L2_mseo_mdo_formatter_inst/u_slicer/genMdo6.u_slicer/u_impl/AccBits_reg[5]
  -------------------------------------------------------------------
                         required time                         13.371    
                         arrival time                          -9.196    
  -------------------------------------------------------------------
                         slack                                  4.175    

Slack (MET) :             4.175ns  (required time - arrival time)
  Source:                 genNtrace.genNexusFormat.ct_L2_mseo_mdo_formatter_inst/u_slicer/genMdo6.u_slicer/u_impl/Msg_reg[fields][4][field_type][1]/C
                            (rising edge-triggered cell FDRE clocked by proc_clk  {rise@0.000ns fall@6.667ns period=13.333ns})
  Destination:            genNtrace.genNexusFormat.ct_L2_mseo_mdo_formatter_inst/u_slicer/genMdo6.u_slicer/u_impl/PipeSliceBits_reg[4]/D
                            (rising edge-triggered cell FDRE clocked by proc_clk  {rise@0.000ns fall@6.667ns period=13.333ns})
  Path Group:             proc_clk
  Path Type:              Setup (Max at Slow Process Corner)
  Requirement:            13.333ns  (proc_clk rise@13.333ns - proc_clk rise@0.000ns)
  Data Path Delay:        9.155ns  (logic 3.179ns (34.724%)  route 5.976ns (65.276%))
  Logic Levels:           31  (CARRY8=8 LUT1=1 LUT2=3 LUT4=5 LUT5=5 LUT6=9)
  Clock Path Skew:        -0.012ns (DCD - SCD + CPR)
    Destination Clock Delay (DCD):    0.029ns = ( 13.362 - 13.333 ) 
    Source Clock Delay      (SCD):    0.041ns
    Clock Pessimism Removal (CPR):    0.000ns
  Clock Uncertainty:      0.035ns  ((TSJ^2 + TIJ^2)^1/2 + DJ) / 2 + PE
    Total System Jitter     (TSJ):    0.071ns
    Total Input Jitter      (TIJ):    0.000ns
    Discrete Jitter          (DJ):    0.000ns
    Phase Error              (PE):    0.000ns

    Location             Delay type                Incr(ns)  Path(ns)    Netlist Resource(s)
  -------------------------------------------------------------------    -------------------
                         (clock proc_clk rise edge)
                                                      0.000     0.000 r  
                                                      0.000     0.000 r  proc_clk (IN)
                         net (fo=5549, unset)         0.041     0.041    genNtrace.genNexusFormat.ct_L2_mseo_mdo_formatter_inst/u_slicer/genMdo6.u_slicer/u_impl/proc_clk
                         FDRE                                         r  genNtrace.genNexusFormat.ct_L2_mseo_mdo_formatter_inst/u_slicer/genMdo6.u_slicer/u_impl/Msg_reg[fields][4][field_type][1]/C
  -------------------------------------------------------------------    -------------------
                         FDRE (Prop_FDRE_C_Q)         0.114     0.155 f  genNtrace.genNexusFormat.ct_L2_mseo_mdo_formatter_inst/u_slicer/genMdo6.u_slicer/u_impl/Msg_reg[fields][4][field_type][1]/Q
                         net (fo=3, unplaced)         0.180     0.335    genNtrace.genNexusFormat.ct_L2_mseo_mdo_formatter_inst/u_slicer/genMdo6.u_slicer/u_impl/Msg_reg[fields][4][field_type][1]
                         LUT6 (Prop_LUT6_I0_O)        0.225     0.560 f  genNtrace.genNexusFormat.ct_L2_mseo_mdo_formatter_inst/u_slicer/genMdo6.u_slicer/u_impl/CurType[1]_i_9/O
                         net (fo=1, unplaced)         0.211     0.771    genNtrace.genNexusFormat.ct_L2_mseo_mdo_formatter_inst/u_slicer/genMdo6.u_slicer/u_impl/CurType[1]_i_9_n_0
                         LUT5 (Prop_LUT5_I4_O)        0.058     0.829 f  genNtrace.genNexusFormat.ct_L2_mseo_mdo_formatter_inst/u_slicer/genMdo6.u_slicer/u_impl/CurType[1]_i_5/O
                         net (fo=4, unplaced)         0.165     0.994    genNtrace.genNexusFormat.ct_L2_mseo_mdo_formatter_inst/u_slicer/genMdo6.u_slicer/u_impl/CurType[1]_i_5_n_0
                         LUT4 (Prop_LUT4_I1_O)        0.137     1.131 r  genNtrace.genNexusFormat.ct_L2_mseo_mdo_formatter_inst/u_slicer/genMdo6.u_slicer/u_impl/FieldIdx[3]_i_19/O
                         net (fo=21, unplaced)        0.261     1.392    genNtrace.genNexusFormat.ct_L2_mseo_mdo_formatter_inst/u_slicer/genMdo6.u_slicer/u_impl/FieldIdx[3]_i_19_n_0
                         LUT5 (Prop_LUT5_I4_O)        0.058     1.450 f  genNtrace.genNexusFormat.ct_L2_mseo_mdo_formatter_inst/u_slicer/genMdo6.u_slicer/u_impl/AccPos[0]_i_53/O
                         net (fo=11, unplaced)        0.246     1.696    genNtrace.genNexusFormat.ct_L2_mseo_mdo_formatter_inst/u_slicer/genMdo6.u_slicer/u_impl/AccPos[0]_i_53_n_0
                         LUT6 (Prop_LUT6_I5_O)        0.058     1.754 r  genNtrace.genNexusFormat.ct_L2_mseo_mdo_formatter_inst/u_slicer/genMdo6.u_slicer/u_impl/AccPos[0]_i_13/O
                         net (fo=16, unplaced)        0.255     2.009    genNtrace.genNexusFormat.ct_L2_mseo_mdo_formatter_inst/u_slicer/genMdo6.u_slicer/u_impl/AccPos[0]_i_13_n_0
                         LUT4 (Prop_LUT4_I3_O)        0.092     2.101 r  genNtrace.genNexusFormat.ct_L2_mseo_mdo_formatter_inst/u_slicer/genMdo6.u_slicer/u_impl/AccPos[0]_i_77/O
                         net (fo=1, unplaced)         0.227     2.328    genNtrace.genNexusFormat.ct_L2_mseo_mdo_formatter_inst/u_slicer/genMdo6.u_slicer/u_impl/AccPos[0]_i_77_n_0
                         CARRY8 (Prop_CARRY8_DI[0]_CO[7])
                                                      0.200     2.528 r  genNtrace.genNexusFormat.ct_L2_mseo_mdo_formatter_inst/u_slicer/genMdo6.u_slicer/u_impl/AccPos_reg[0]_i_33/CO[7]
                         net (fo=1, unplaced)         0.006     2.534    genNtrace.genNexusFormat.ct_L2_mseo_mdo_formatter_inst/u_slicer/genMdo6.u_slicer/u_impl/AccPos_reg[0]_i_33_n_0
                         CARRY8 (Prop_CARRY8_CI_CO[7])
                                                      0.073     2.607 r  genNtrace.genNexusFormat.ct_L2_mseo_mdo_formatter_inst/u_slicer/genMdo6.u_slicer/u_impl/AccPos_reg[0]_i_12/CO[7]
                         net (fo=60, unplaced)        0.161     2.768    genNtrace.genNexusFormat.ct_L2_mseo_mdo_formatter_inst/u_slicer/genMdo6.u_slicer/u_impl/stop_steps129_in
                         LUT4 (Prop_LUT4_I1_O)        0.058     2.826 r  genNtrace.genNexusFormat.ct_L2_mseo_mdo_formatter_inst/u_slicer/genMdo6.u_slicer/u_impl/AccPos[2]_i_13/O
                         net (fo=270, unplaced)       0.319     3.145    genNtrace.genNexusFormat.ct_L2_mseo_mdo_formatter_inst/u_slicer/genMdo6.u_slicer/u_impl/AccPos[2]_i_13_n_0
                         LUT2 (Prop_LUT2_I1_O)        0.058     3.203 r  genNtrace.genNexusFormat.ct_L2_mseo_mdo_formatter_inst/u_slicer/genMdo6.u_slicer/u_impl/CurRem[7]_i_42/O
                         net (fo=1, unplaced)         0.021     3.224    genNtrace.genNexusFormat.ct_L2_mseo_mdo_formatter_inst/u_slicer/genMdo6.u_slicer/u_impl/CurRem[7]_i_42_n_0
                         CARRY8 (Prop_CARRY8_S[1]_CO[7])
                                                      0.269     3.493 r  genNtrace.genNexusFormat.ct_L2_mseo_mdo_formatter_inst/u_slicer/genMdo6.u_slicer/u_impl/CurRem_reg[7]_i_19/CO[7]
                         net (fo=1, unplaced)         0.006     3.499    genNtrace.genNexusFormat.ct_L2_mseo_mdo_formatter_inst/u_slicer/genMdo6.u_slicer/u_impl/CurRem_reg[7]_i_19_n_0
                         CARRY8 (Prop_CARRY8_CI_O[0])
                                                      0.078     3.577 r  genNtrace.genNexusFormat.ct_L2_mseo_mdo_formatter_inst/u_slicer/genMdo6.u_slicer/u_impl/CurRem_reg[8]_i_16/O[0]
                         net (fo=2, unplaced)         0.211     3.788    genNtrace.genNexusFormat.ct_L2_mseo_mdo_formatter_inst/u_slicer/genMdo6.u_slicer/u_impl/CurRem_reg[8]_i_16_n_15
                         LUT5 (Prop_LUT5_I3_O)        0.058     3.846 r  genNtrace.genNexusFormat.ct_L2_mseo_mdo_formatter_inst/u_slicer/genMdo6.u_slicer/u_impl/CurRem[8]_i_8/O
                         net (fo=11, unplaced)        0.246     4.092    genNtrace.genNexusFormat.ct_L2_mseo_mdo_formatter_inst/u_slicer/genMdo6.u_slicer/u_impl/CurRem[8]_i_8_n_0
                         LUT6 (Prop_LUT6_I5_O)        0.058     4.150 r  genNtrace.genNexusFormat.ct_L2_mseo_mdo_formatter_inst/u_slicer/genMdo6.u_slicer/u_impl/FieldIdx[3]_i_13/O
                         net (fo=8, unplaced)         0.239     4.389    genNtrace.genNexusFormat.ct_L2_mseo_mdo_formatter_inst/u_slicer/genMdo6.u_slicer/u_impl/FieldIdx[3]_i_13_n_0
                         LUT5 (Prop_LUT5_I4_O)        0.058     4.447 f  genNtrace.genNexusFormat.ct_L2_mseo_mdo_formatter_inst/u_slicer/genMdo6.u_slicer/u_impl/AccPos[0]_i_10/O
                         net (fo=3, unplaced)         0.217     4.664    genNtrace.genNexusFormat.ct_L2_mseo_mdo_formatter_inst/u_slicer/genMdo6.u_slicer/u_impl/AccPos[0]_i_10_n_0
                         LUT6 (Prop_LUT6_I5_O)        0.058     4.722 r  genNtrace.genNexusFormat.ct_L2_mseo_mdo_formatter_inst/u_slicer/genMdo6.u_slicer/u_impl/AccPos[0]_i_2/O
                         net (fo=11, unplaced)        0.246     4.968    genNtrace.genNexusFormat.ct_L2_mseo_mdo_formatter_inst/u_slicer/genMdo6.u_slicer/u_impl/AccPos[0]_i_2_n_0
                         LUT4 (Prop_LUT4_I3_O)        0.092     5.060 r  genNtrace.genNexusFormat.ct_L2_mseo_mdo_formatter_inst/u_slicer/genMdo6.u_slicer/u_impl/AccPos[0]_i_61/O
                         net (fo=1, unplaced)         0.227     5.287    genNtrace.genNexusFormat.ct_L2_mseo_mdo_formatter_inst/u_slicer/genMdo6.u_slicer/u_impl/AccPos[0]_i_61_n_0
                         CARRY8 (Prop_CARRY8_DI[0]_CO[7])
                                                      0.200     5.487 r  genNtrace.genNexusFormat.ct_L2_mseo_mdo_formatter_inst/u_slicer/genMdo6.u_slicer/u_impl/AccPos_reg[0]_i_14/CO[7]
                         net (fo=1, unplaced)         0.006     5.493    genNtrace.genNexusFormat.ct_L2_mseo_mdo_formatter_inst/u_slicer/genMdo6.u_slicer/u_impl/AccPos_reg[0]_i_14_n_0
                         CARRY8 (Prop_CARRY8_CI_CO[7])
                                                      0.073     5.566 r  genNtrace.genNexusFormat.ct_L2_mseo_mdo_formatter_inst/u_slicer/genMdo6.u_slicer/u_impl/AccPos_reg[0]_i_5/CO[7]
                         net (fo=56, unplaced)        0.159     5.725    genNtrace.genNexusFormat.ct_L2_mseo_mdo_formatter_inst/u_slicer/genMdo6.u_slicer/u_impl/acc_pos2
                         LUT4 (Prop_LUT4_I1_O)        0.058     5.783 f  genNtrace.genNexusFormat.ct_L2_mseo_mdo_formatter_inst/u_slicer/genMdo6.u_slicer/u_impl/AccPos[1]_i_3/O
                         net (fo=216, unplaced)       0.314     6.097    genNtrace.genNexusFormat.ct_L2_mseo_mdo_formatter_inst/u_slicer/genMdo6.u_slicer/u_impl/AccPos[1]_i_3_n_0
                         LUT1 (Prop_LUT1_I0_O)        0.092     6.189 r  genNtrace.genNexusFormat.ct_L2_mseo_mdo_formatter_inst/u_slicer/genMdo6.u_slicer/u_impl/AccBits[5]_i_36/O
                         net (fo=1, unplaced)         0.227     6.416    genNtrace.genNexusFormat.ct_L2_mseo_mdo_formatter_inst/u_slicer/genMdo6.u_slicer/u_impl/AccBits[5]_i_36_n_0
                         CARRY8 (Prop_CARRY8_DI[0]_CO[7])
                                                      0.241     6.657 r  genNtrace.genNexusFormat.ct_L2_mseo_mdo_formatter_inst/u_slicer/genMdo6.u_slicer/u_impl/AccBits_reg[5]_i_22/CO[7]
                         net (fo=1, unplaced)         0.006     6.663    genNtrace.genNexusFormat.ct_L2_mseo_mdo_formatter_inst/u_slicer/genMdo6.u_slicer/u_impl/AccBits_reg[5]_i_22_n_0
                         CARRY8 (Prop_CARRY8_CI_O[4])
                                                      0.119     6.782 f  genNtrace.genNexusFormat.ct_L2_mseo_mdo_formatter_inst/u_slicer/genMdo6.u_slicer/u_impl/AccBits_reg[5]_i_52/O[4]
                         net (fo=1, unplaced)         0.264     7.046    genNtrace.genNexusFormat.ct_L2_mseo_mdo_formatter_inst/u_slicer/genMdo6.u_slicer/u_impl/(null)[0].mask1[13]
                         LUT6 (Prop_LUT6_I0_O)        0.188     7.234 f  genNtrace.genNexusFormat.ct_L2_mseo_mdo_formatter_inst/u_slicer/genMdo6.u_slicer/u_impl/AccBits[5]_i_75/O
                         net (fo=1, unplaced)         0.211     7.445    genNtrace.genNexusFormat.ct_L2_mseo_mdo_formatter_inst/u_slicer/genMdo6.u_slicer/u_impl/AccBits[5]_i_75_n_0
                         LUT6 (Prop_LUT6_I0_O)        0.058     7.503 f  genNtrace.genNexusFormat.ct_L2_mseo_mdo_formatter_inst/u_slicer/genMdo6.u_slicer/u_impl/AccBits[5]_i_56/O
                         net (fo=1, unplaced)         0.211     7.714    genNtrace.genNexusFormat.ct_L2_mseo_mdo_formatter_inst/u_slicer/genMdo6.u_slicer/u_impl/AccBits[5]_i_56_n_0
                         LUT6 (Prop_LUT6_I5_O)        0.058     7.772 r  genNtrace.genNexusFormat.ct_L2_mseo_mdo_formatter_inst/u_slicer/genMdo6.u_slicer/u_impl/AccBits[5]_i_35/O
                         net (fo=3, unplaced)         0.217     7.989    genNtrace.genNexusFormat.ct_L2_mseo_mdo_formatter_inst/u_slicer/genMdo6.u_slicer/u_impl/AccBits[5]_i_35_n_0
                         LUT2 (Prop_LUT2_I0_O)        0.058     8.047 r  genNtrace.genNexusFormat.ct_L2_mseo_mdo_formatter_inst/u_slicer/genMdo6.u_slicer/u_impl/AccBits[5]_i_20/O
                         net (fo=3, unplaced)         0.217     8.264    genNtrace.genNexusFormat.ct_L2_mseo_mdo_formatter_inst/u_slicer/genMdo6.u_slicer/u_impl/AccBits[5]_i_20_n_0
                         LUT2 (Prop_LUT2_I0_O)        0.058     8.322 r  genNtrace.genNexusFormat.ct_L2_mseo_mdo_formatter_inst/u_slicer/genMdo6.u_slicer/u_impl/AccBits[5]_i_18/O
                         net (fo=2, unplaced)         0.211     8.533    genNtrace.genNexusFormat.ct_L2_mseo_mdo_formatter_inst/u_slicer/genMdo6.u_slicer/u_impl/AccBits[5]_i_18_n_0
                         LUT6 (Prop_LUT6_I3_O)        0.058     8.591 r  genNtrace.genNexusFormat.ct_L2_mseo_mdo_formatter_inst/u_slicer/genMdo6.u_slicer/u_impl/AccBits[5]_i_16/O
                         net (fo=1, unplaced)         0.211     8.802    genNtrace.genNexusFormat.ct_L2_mseo_mdo_formatter_inst/u_slicer/genMdo6.u_slicer/u_impl/AccBits[5]_i_16_n_0
                         LUT6 (Prop_LUT6_I5_O)        0.058     8.860 f  genNtrace.genNexusFormat.ct_L2_mseo_mdo_formatter_inst/u_slicer/genMdo6.u_slicer/u_impl/AccBits[5]_i_5/O
                         net (fo=2, unplaced)         0.211     9.071    genNtrace.genNexusFormat.ct_L2_mseo_mdo_formatter_inst/u_slicer/genMdo6.u_slicer/u_impl/AccBits[5]_i_5_n_0
                         LUT5 (Prop_LUT5_I0_O)        0.058     9.129 r  genNtrace.genNexusFormat.ct_L2_mseo_mdo_formatter_inst/u_slicer/genMdo6.u_slicer/u_impl/AccBits[4]_i_1/O
                         net (fo=2, unplaced)         0.067     9.196    genNtrace.genNexusFormat.ct_L2_mseo_mdo_formatter_inst/u_slicer/genMdo6.u_slicer/u_impl/AccBits[4]_i_1_n_0
                         FDRE                                         r  genNtrace.genNexusFormat.ct_L2_mseo_mdo_formatter_inst/u_slicer/genMdo6.u_slicer/u_impl/PipeSliceBits_reg[4]/D
  -------------------------------------------------------------------    -------------------

                         (clock proc_clk rise edge)
                                                     13.333    13.333 r  
                                                      0.000    13.333 r  proc_clk (IN)
                         net (fo=5549, unset)         0.029    13.362    genNtrace.genNexusFormat.ct_L2_mseo_mdo_formatter_inst/u_slicer/genMdo6.u_slicer/u_impl/proc_clk
                         FDRE                                         r  genNtrace.genNexusFormat.ct_L2_mseo_mdo_formatter_inst/u_slicer/genMdo6.u_slicer/u_impl/PipeSliceBits_reg[4]/C
                         clock pessimism              0.000    13.362    
                         clock uncertainty           -0.035    13.327    
                         FDRE (Setup_FDRE_C_D)        0.044    13.371    genNtrace.genNexusFormat.ct_L2_mseo_mdo_formatter_inst/u_slicer/genMdo6.u_slicer/u_impl/PipeSliceBits_reg[4]
  -------------------------------------------------------------------
                         required time                         13.371    
                         arrival time                          -9.196    
  -------------------------------------------------------------------
                         slack                                  4.175    

Slack (MET) :             4.175ns  (required time - arrival time)
  Source:                 genNtrace.genNexusFormat.ct_L2_mseo_mdo_formatter_inst/u_slicer/genMdo6.u_slicer/u_impl/Msg_reg[fields][4][field_type][1]/C
                            (rising edge-triggered cell FDRE clocked by proc_clk  {rise@0.000ns fall@6.667ns period=13.333ns})
  Destination:            genNtrace.genNexusFormat.ct_L2_mseo_mdo_formatter_inst/u_slicer/genMdo6.u_slicer/u_impl/PipeSliceBits_reg[5]/D
                            (rising edge-triggered cell FDRE clocked by proc_clk  {rise@0.000ns fall@6.667ns period=13.333ns})
  Path Group:             proc_clk
  Path Type:              Setup (Max at Slow Process Corner)
  Requirement:            13.333ns  (proc_clk rise@13.333ns - proc_clk rise@0.000ns)
  Data Path Delay:        9.155ns  (logic 3.179ns (34.724%)  route 5.976ns (65.276%))
  Logic Levels:           31  (CARRY8=8 LUT1=1 LUT2=3 LUT4=5 LUT5=4 LUT6=10)
  Clock Path Skew:        -0.012ns (DCD - SCD + CPR)
    Destination Clock Delay (DCD):    0.029ns = ( 13.362 - 13.333 ) 
    Source Clock Delay      (SCD):    0.041ns
    Clock Pessimism Removal (CPR):    0.000ns
  Clock Uncertainty:      0.035ns  ((TSJ^2 + TIJ^2)^1/2 + DJ) / 2 + PE
    Total System Jitter     (TSJ):    0.071ns
    Total Input Jitter      (TIJ):    0.000ns
    Discrete Jitter          (DJ):    0.000ns
    Phase Error              (PE):    0.000ns

    Location             Delay type                Incr(ns)  Path(ns)    Netlist Resource(s)
  -------------------------------------------------------------------    -------------------
                         (clock proc_clk rise edge)
                                                      0.000     0.000 r  
                                                      0.000     0.000 r  proc_clk (IN)
                         net (fo=5549, unset)         0.041     0.041    genNtrace.genNexusFormat.ct_L2_mseo_mdo_formatter_inst/u_slicer/genMdo6.u_slicer/u_impl/proc_clk
                         FDRE                                         r  genNtrace.genNexusFormat.ct_L2_mseo_mdo_formatter_inst/u_slicer/genMdo6.u_slicer/u_impl/Msg_reg[fields][4][field_type][1]/C
  -------------------------------------------------------------------    -------------------
                         FDRE (Prop_FDRE_C_Q)         0.114     0.155 f  genNtrace.genNexusFormat.ct_L2_mseo_mdo_formatter_inst/u_slicer/genMdo6.u_slicer/u_impl/Msg_reg[fields][4][field_type][1]/Q
                         net (fo=3, unplaced)         0.180     0.335    genNtrace.genNexusFormat.ct_L2_mseo_mdo_formatter_inst/u_slicer/genMdo6.u_slicer/u_impl/Msg_reg[fields][4][field_type][1]
                         LUT6 (Prop_LUT6_I0_O)        0.225     0.560 f  genNtrace.genNexusFormat.ct_L2_mseo_mdo_formatter_inst/u_slicer/genMdo6.u_slicer/u_impl/CurType[1]_i_9/O
                         net (fo=1, unplaced)         0.211     0.771    genNtrace.genNexusFormat.ct_L2_mseo_mdo_formatter_inst/u_slicer/genMdo6.u_slicer/u_impl/CurType[1]_i_9_n_0
                         LUT5 (Prop_LUT5_I4_O)        0.058     0.829 f  genNtrace.genNexusFormat.ct_L2_mseo_mdo_formatter_inst/u_slicer/genMdo6.u_slicer/u_impl/CurType[1]_i_5/O
                         net (fo=4, unplaced)         0.165     0.994    genNtrace.genNexusFormat.ct_L2_mseo_mdo_formatter_inst/u_slicer/genMdo6.u_slicer/u_impl/CurType[1]_i_5_n_0
                         LUT4 (Prop_LUT4_I1_O)        0.137     1.131 r  genNtrace.genNexusFormat.ct_L2_mseo_mdo_formatter_inst/u_slicer/genMdo6.u_slicer/u_impl/FieldIdx[3]_i_19/O
                         net (fo=21, unplaced)        0.261     1.392    genNtrace.genNexusFormat.ct_L2_mseo_mdo_formatter_inst/u_slicer/genMdo6.u_slicer/u_impl/FieldIdx[3]_i_19_n_0
                         LUT5 (Prop_LUT5_I4_O)        0.058     1.450 f  genNtrace.genNexusFormat.ct_L2_mseo_mdo_formatter_inst/u_slicer/genMdo6.u_slicer/u_impl/AccPos[0]_i_53/O
                         net (fo=11, unplaced)        0.246     1.696    genNtrace.genNexusFormat.ct_L2_mseo_mdo_formatter_inst/u_slicer/genMdo6.u_slicer/u_impl/AccPos[0]_i_53_n_0
                         LUT6 (Prop_LUT6_I5_O)        0.058     1.754 r  genNtrace.genNexusFormat.ct_L2_mseo_mdo_formatter_inst/u_slicer/genMdo6.u_slicer/u_impl/AccPos[0]_i_13/O
                         net (fo=16, unplaced)        0.255     2.009    genNtrace.genNexusFormat.ct_L2_mseo_mdo_formatter_inst/u_slicer/genMdo6.u_slicer/u_impl/AccPos[0]_i_13_n_0
                         LUT4 (Prop_LUT4_I3_O)        0.092     2.101 r  genNtrace.genNexusFormat.ct_L2_mseo_mdo_formatter_inst/u_slicer/genMdo6.u_slicer/u_impl/AccPos[0]_i_77/O
                         net (fo=1, unplaced)         0.227     2.328    genNtrace.genNexusFormat.ct_L2_mseo_mdo_formatter_inst/u_slicer/genMdo6.u_slicer/u_impl/AccPos[0]_i_77_n_0
                         CARRY8 (Prop_CARRY8_DI[0]_CO[7])
                                                      0.200     2.528 r  genNtrace.genNexusFormat.ct_L2_mseo_mdo_formatter_inst/u_slicer/genMdo6.u_slicer/u_impl/AccPos_reg[0]_i_33/CO[7]
                         net (fo=1, unplaced)         0.006     2.534    genNtrace.genNexusFormat.ct_L2_mseo_mdo_formatter_inst/u_slicer/genMdo6.u_slicer/u_impl/AccPos_reg[0]_i_33_n_0
                         CARRY8 (Prop_CARRY8_CI_CO[7])
                                                      0.073     2.607 r  genNtrace.genNexusFormat.ct_L2_mseo_mdo_formatter_inst/u_slicer/genMdo6.u_slicer/u_impl/AccPos_reg[0]_i_12/CO[7]
                         net (fo=60, unplaced)        0.161     2.768    genNtrace.genNexusFormat.ct_L2_mseo_mdo_formatter_inst/u_slicer/genMdo6.u_slicer/u_impl/stop_steps129_in
                         LUT4 (Prop_LUT4_I1_O)        0.058     2.826 r  genNtrace.genNexusFormat.ct_L2_mseo_mdo_formatter_inst/u_slicer/genMdo6.u_slicer/u_impl/AccPos[2]_i_13/O
                         net (fo=270, unplaced)       0.319     3.145    genNtrace.genNexusFormat.ct_L2_mseo_mdo_formatter_inst/u_slicer/genMdo6.u_slicer/u_impl/AccPos[2]_i_13_n_0
                         LUT2 (Prop_LUT2_I1_O)        0.058     3.203 r  genNtrace.genNexusFormat.ct_L2_mseo_mdo_formatter_inst/u_slicer/genMdo6.u_slicer/u_impl/CurRem[7]_i_42/O
                         net (fo=1, unplaced)         0.021     3.224    genNtrace.genNexusFormat.ct_L2_mseo_mdo_formatter_inst/u_slicer/genMdo6.u_slicer/u_impl/CurRem[7]_i_42_n_0
                         CARRY8 (Prop_CARRY8_S[1]_CO[7])
                                                      0.269     3.493 r  genNtrace.genNexusFormat.ct_L2_mseo_mdo_formatter_inst/u_slicer/genMdo6.u_slicer/u_impl/CurRem_reg[7]_i_19/CO[7]
                         net (fo=1, unplaced)         0.006     3.499    genNtrace.genNexusFormat.ct_L2_mseo_mdo_formatter_inst/u_slicer/genMdo6.u_slicer/u_impl/CurRem_reg[7]_i_19_n_0
                         CARRY8 (Prop_CARRY8_CI_O[0])
                                                      0.078     3.577 r  genNtrace.genNexusFormat.ct_L2_mseo_mdo_formatter_inst/u_slicer/genMdo6.u_slicer/u_impl/CurRem_reg[8]_i_16/O[0]
                         net (fo=2, unplaced)         0.211     3.788    genNtrace.genNexusFormat.ct_L2_mseo_mdo_formatter_inst/u_slicer/genMdo6.u_slicer/u_impl/CurRem_reg[8]_i_16_n_15
                         LUT5 (Prop_LUT5_I3_O)        0.058     3.846 r  genNtrace.genNexusFormat.ct_L2_mseo_mdo_formatter_inst/u_slicer/genMdo6.u_slicer/u_impl/CurRem[8]_i_8/O
                         net (fo=11, unplaced)        0.246     4.092    genNtrace.genNexusFormat.ct_L2_mseo_mdo_formatter_inst/u_slicer/genMdo6.u_slicer/u_impl/CurRem[8]_i_8_n_0
                         LUT6 (Prop_LUT6_I5_O)        0.058     4.150 r  genNtrace.genNexusFormat.ct_L2_mseo_mdo_formatter_inst/u_slicer/genMdo6.u_slicer/u_impl/FieldIdx[3]_i_13/O
                         net (fo=8, unplaced)         0.239     4.389    genNtrace.genNexusFormat.ct_L2_mseo_mdo_formatter_inst/u_slicer/genMdo6.u_slicer/u_impl/FieldIdx[3]_i_13_n_0
                         LUT5 (Prop_LUT5_I4_O)        0.058     4.447 f  genNtrace.genNexusFormat.ct_L2_mseo_mdo_formatter_inst/u_slicer/genMdo6.u_slicer/u_impl/AccPos[0]_i_10/O
                         net (fo=3, unplaced)         0.217     4.664    genNtrace.genNexusFormat.ct_L2_mseo_mdo_formatter_inst/u_slicer/genMdo6.u_slicer/u_impl/AccPos[0]_i_10_n_0
                         LUT6 (Prop_LUT6_I5_O)        0.058     4.722 r  genNtrace.genNexusFormat.ct_L2_mseo_mdo_formatter_inst/u_slicer/genMdo6.u_slicer/u_impl/AccPos[0]_i_2/O
                         net (fo=11, unplaced)        0.246     4.968    genNtrace.genNexusFormat.ct_L2_mseo_mdo_formatter_inst/u_slicer/genMdo6.u_slicer/u_impl/AccPos[0]_i_2_n_0
                         LUT4 (Prop_LUT4_I3_O)        0.092     5.060 r  genNtrace.genNexusFormat.ct_L2_mseo_mdo_formatter_inst/u_slicer/genMdo6.u_slicer/u_impl/AccPos[0]_i_61/O
                         net (fo=1, unplaced)         0.227     5.287    genNtrace.genNexusFormat.ct_L2_mseo_mdo_formatter_inst/u_slicer/genMdo6.u_slicer/u_impl/AccPos[0]_i_61_n_0
                         CARRY8 (Prop_CARRY8_DI[0]_CO[7])
                                                      0.200     5.487 r  genNtrace.genNexusFormat.ct_L2_mseo_mdo_formatter_inst/u_slicer/genMdo6.u_slicer/u_impl/AccPos_reg[0]_i_14/CO[7]
                         net (fo=1, unplaced)         0.006     5.493    genNtrace.genNexusFormat.ct_L2_mseo_mdo_formatter_inst/u_slicer/genMdo6.u_slicer/u_impl/AccPos_reg[0]_i_14_n_0
                         CARRY8 (Prop_CARRY8_CI_CO[7])
                                                      0.073     5.566 r  genNtrace.genNexusFormat.ct_L2_mseo_mdo_formatter_inst/u_slicer/genMdo6.u_slicer/u_impl/AccPos_reg[0]_i_5/CO[7]
                         net (fo=56, unplaced)        0.159     5.725    genNtrace.genNexusFormat.ct_L2_mseo_mdo_formatter_inst/u_slicer/genMdo6.u_slicer/u_impl/acc_pos2
                         LUT4 (Prop_LUT4_I1_O)        0.058     5.783 f  genNtrace.genNexusFormat.ct_L2_mseo_mdo_formatter_inst/u_slicer/genMdo6.u_slicer/u_impl/AccPos[1]_i_3/O
                         net (fo=216, unplaced)       0.314     6.097    genNtrace.genNexusFormat.ct_L2_mseo_mdo_formatter_inst/u_slicer/genMdo6.u_slicer/u_impl/AccPos[1]_i_3_n_0
                         LUT1 (Prop_LUT1_I0_O)        0.092     6.189 r  genNtrace.genNexusFormat.ct_L2_mseo_mdo_formatter_inst/u_slicer/genMdo6.u_slicer/u_impl/AccBits[5]_i_36/O
                         net (fo=1, unplaced)         0.227     6.416    genNtrace.genNexusFormat.ct_L2_mseo_mdo_formatter_inst/u_slicer/genMdo6.u_slicer/u_impl/AccBits[5]_i_36_n_0
                         CARRY8 (Prop_CARRY8_DI[0]_CO[7])
                                                      0.241     6.657 r  genNtrace.genNexusFormat.ct_L2_mseo_mdo_formatter_inst/u_slicer/genMdo6.u_slicer/u_impl/AccBits_reg[5]_i_22/CO[7]
                         net (fo=1, unplaced)         0.006     6.663    genNtrace.genNexusFormat.ct_L2_mseo_mdo_formatter_inst/u_slicer/genMdo6.u_slicer/u_impl/AccBits_reg[5]_i_22_n_0
                         CARRY8 (Prop_CARRY8_CI_O[4])
                                                      0.119     6.782 f  genNtrace.genNexusFormat.ct_L2_mseo_mdo_formatter_inst/u_slicer/genMdo6.u_slicer/u_impl/AccBits_reg[5]_i_52/O[4]
                         net (fo=1, unplaced)         0.264     7.046    genNtrace.genNexusFormat.ct_L2_mseo_mdo_formatter_inst/u_slicer/genMdo6.u_slicer/u_impl/(null)[0].mask1[13]
                         LUT6 (Prop_LUT6_I0_O)        0.188     7.234 f  genNtrace.genNexusFormat.ct_L2_mseo_mdo_formatter_inst/u_slicer/genMdo6.u_slicer/u_impl/AccBits[5]_i_75/O
                         net (fo=1, unplaced)         0.211     7.445    genNtrace.genNexusFormat.ct_L2_mseo_mdo_formatter_inst/u_slicer/genMdo6.u_slicer/u_impl/AccBits[5]_i_75_n_0
                         LUT6 (Prop_LUT6_I0_O)        0.058     7.503 f  genNtrace.genNexusFormat.ct_L2_mseo_mdo_formatter_inst/u_slicer/genMdo6.u_slicer/u_impl/AccBits[5]_i_56/O
                         net (fo=1, unplaced)         0.211     7.714    genNtrace.genNexusFormat.ct_L2_mseo_mdo_formatter_inst/u_slicer/genMdo6.u_slicer/u_impl/AccBits[5]_i_56_n_0
                         LUT6 (Prop_LUT6_I5_O)        0.058     7.772 r  genNtrace.genNexusFormat.ct_L2_mseo_mdo_formatter_inst/u_slicer/genMdo6.u_slicer/u_impl/AccBits[5]_i_35/O
                         net (fo=3, unplaced)         0.217     7.989    genNtrace.genNexusFormat.ct_L2_mseo_mdo_formatter_inst/u_slicer/genMdo6.u_slicer/u_impl/AccBits[5]_i_35_n_0
                         LUT2 (Prop_LUT2_I0_O)        0.058     8.047 r  genNtrace.genNexusFormat.ct_L2_mseo_mdo_formatter_inst/u_slicer/genMdo6.u_slicer/u_impl/AccBits[5]_i_20/O
                         net (fo=3, unplaced)         0.217     8.264    genNtrace.genNexusFormat.ct_L2_mseo_mdo_formatter_inst/u_slicer/genMdo6.u_slicer/u_impl/AccBits[5]_i_20_n_0
                         LUT2 (Prop_LUT2_I0_O)        0.058     8.322 r  genNtrace.genNexusFormat.ct_L2_mseo_mdo_formatter_inst/u_slicer/genMdo6.u_slicer/u_impl/AccBits[5]_i_18/O
                         net (fo=2, unplaced)         0.211     8.533    genNtrace.genNexusFormat.ct_L2_mseo_mdo_formatter_inst/u_slicer/genMdo6.u_slicer/u_impl/AccBits[5]_i_18_n_0
                         LUT6 (Prop_LUT6_I3_O)        0.058     8.591 r  genNtrace.genNexusFormat.ct_L2_mseo_mdo_formatter_inst/u_slicer/genMdo6.u_slicer/u_impl/AccBits[5]_i_16/O
                         net (fo=1, unplaced)         0.211     8.802    genNtrace.genNexusFormat.ct_L2_mseo_mdo_formatter_inst/u_slicer/genMdo6.u_slicer/u_impl/AccBits[5]_i_16_n_0
                         LUT6 (Prop_LUT6_I5_O)        0.058     8.860 f  genNtrace.genNexusFormat.ct_L2_mseo_mdo_formatter_inst/u_slicer/genMdo6.u_slicer/u_impl/AccBits[5]_i_5/O
                         net (fo=2, unplaced)         0.211     9.071    genNtrace.genNexusFormat.ct_L2_mseo_mdo_formatter_inst/u_slicer/genMdo6.u_slicer/u_impl/AccBits[5]_i_5_n_0
                         LUT6 (Prop_LUT6_I5_O)        0.058     9.129 r  genNtrace.genNexusFormat.ct_L2_mseo_mdo_formatter_inst/u_slicer/genMdo6.u_slicer/u_impl/AccBits[5]_i_1/O
                         net (fo=2, unplaced)         0.067     9.196    genNtrace.genNexusFormat.ct_L2_mseo_mdo_formatter_inst/u_slicer/genMdo6.u_slicer/u_impl/AccBits[5]_i_1_n_0
                         FDRE                                         r  genNtrace.genNexusFormat.ct_L2_mseo_mdo_formatter_inst/u_slicer/genMdo6.u_slicer/u_impl/PipeSliceBits_reg[5]/D
  -------------------------------------------------------------------    -------------------

                         (clock proc_clk rise edge)
                                                     13.333    13.333 r  
                                                      0.000    13.333 r  proc_clk (IN)
                         net (fo=5549, unset)         0.029    13.362    genNtrace.genNexusFormat.ct_L2_mseo_mdo_formatter_inst/u_slicer/genMdo6.u_slicer/u_impl/proc_clk
                         FDRE                                         r  genNtrace.genNexusFormat.ct_L2_mseo_mdo_formatter_inst/u_slicer/genMdo6.u_slicer/u_impl/PipeSliceBits_reg[5]/C
                         clock pessimism              0.000    13.362    
                         clock uncertainty           -0.035    13.327    
                         FDRE (Setup_FDRE_C_D)        0.044    13.371    genNtrace.genNexusFormat.ct_L2_mseo_mdo_formatter_inst/u_slicer/genMdo6.u_slicer/u_impl/PipeSliceBits_reg[5]
  -------------------------------------------------------------------
                         required time                         13.371    
                         arrival time                          -9.196    
  -------------------------------------------------------------------
                         slack                                  4.175    

Slack (MET) :             4.416ns  (required time - arrival time)
  Source:                 genNtrace.genNexusFormat.ct_L2_mseo_mdo_formatter_inst/u_slicer/genMdo6.u_slicer/u_impl/Msg_reg[fields][4][field_type][1]/C
                            (rising edge-triggered cell FDRE clocked by proc_clk  {rise@0.000ns fall@6.667ns period=13.333ns})
  Destination:            genNtrace.genNexusFormat.ct_L2_mseo_mdo_formatter_inst/u_slicer/genMdo6.u_slicer/u_impl/AccBits_reg[0]/D
                            (rising edge-triggered cell FDRE clocked by proc_clk  {rise@0.000ns fall@6.667ns period=13.333ns})
  Path Group:             proc_clk
  Path Type:              Setup (Max at Slow Process Corner)
  Requirement:            13.333ns  (proc_clk rise@13.333ns - proc_clk rise@0.000ns)
  Data Path Delay:        8.914ns  (logic 3.155ns (35.394%)  route 5.759ns (64.606%))
  Logic Levels:           30  (CARRY8=8 LUT1=1 LUT2=1 LUT3=1 LUT4=6 LUT5=6 LUT6=7)
  Clock Path Skew:        -0.012ns (DCD - SCD + CPR)
    Destination Clock Delay (DCD):    0.029ns = ( 13.362 - 13.333 ) 
    Source Clock Delay      (SCD):    0.041ns
    Clock Pessimism Removal (CPR):    0.000ns
  Clock Uncertainty:      0.035ns  ((TSJ^2 + TIJ^2)^1/2 + DJ) / 2 + PE
    Total System Jitter     (TSJ):    0.071ns
    Total Input Jitter      (TIJ):    0.000ns
    Discrete Jitter          (DJ):    0.000ns
    Phase Error              (PE):    0.000ns

    Location             Delay type                Incr(ns)  Path(ns)    Netlist Resource(s)
  -------------------------------------------------------------------    -------------------
                         (clock proc_clk rise edge)
                                                      0.000     0.000 r  
                                                      0.000     0.000 r  proc_clk (IN)
                         net (fo=5549, unset)         0.041     0.041    genNtrace.genNexusFormat.ct_L2_mseo_mdo_formatter_inst/u_slicer/genMdo6.u_slicer/u_impl/proc_clk
                         FDRE                                         r  genNtrace.genNexusFormat.ct_L2_mseo_mdo_formatter_inst/u_slicer/genMdo6.u_slicer/u_impl/Msg_reg[fields][4][field_type][1]/C
  -------------------------------------------------------------------    -------------------
                         FDRE (Prop_FDRE_C_Q)         0.114     0.155 f  genNtrace.genNexusFormat.ct_L2_mseo_mdo_formatter_inst/u_slicer/genMdo6.u_slicer/u_impl/Msg_reg[fields][4][field_type][1]/Q
                         net (fo=3, unplaced)         0.180     0.335    genNtrace.genNexusFormat.ct_L2_mseo_mdo_formatter_inst/u_slicer/genMdo6.u_slicer/u_impl/Msg_reg[fields][4][field_type][1]
                         LUT6 (Prop_LUT6_I0_O)        0.225     0.560 f  genNtrace.genNexusFormat.ct_L2_mseo_mdo_formatter_inst/u_slicer/genMdo6.u_slicer/u_impl/CurType[1]_i_9/O
                         net (fo=1, unplaced)         0.211     0.771    genNtrace.genNexusFormat.ct_L2_mseo_mdo_formatter_inst/u_slicer/genMdo6.u_slicer/u_impl/CurType[1]_i_9_n_0
                         LUT5 (Prop_LUT5_I4_O)        0.058     0.829 f  genNtrace.genNexusFormat.ct_L2_mseo_mdo_formatter_inst/u_slicer/genMdo6.u_slicer/u_impl/CurType[1]_i_5/O
                         net (fo=4, unplaced)         0.165     0.994    genNtrace.genNexusFormat.ct_L2_mseo_mdo_formatter_inst/u_slicer/genMdo6.u_slicer/u_impl/CurType[1]_i_5_n_0
                         LUT4 (Prop_LUT4_I1_O)        0.137     1.131 r  genNtrace.genNexusFormat.ct_L2_mseo_mdo_formatter_inst/u_slicer/genMdo6.u_slicer/u_impl/FieldIdx[3]_i_19/O
                         net (fo=21, unplaced)        0.261     1.392    genNtrace.genNexusFormat.ct_L2_mseo_mdo_formatter_inst/u_slicer/genMdo6.u_slicer/u_impl/FieldIdx[3]_i_19_n_0
                         LUT5 (Prop_LUT5_I4_O)        0.058     1.450 f  genNtrace.genNexusFormat.ct_L2_mseo_mdo_formatter_inst/u_slicer/genMdo6.u_slicer/u_impl/AccPos[0]_i_53/O
                         net (fo=11, unplaced)        0.246     1.696    genNtrace.genNexusFormat.ct_L2_mseo_mdo_formatter_inst/u_slicer/genMdo6.u_slicer/u_impl/AccPos[0]_i_53_n_0
                         LUT6 (Prop_LUT6_I5_O)        0.058     1.754 r  genNtrace.genNexusFormat.ct_L2_mseo_mdo_formatter_inst/u_slicer/genMdo6.u_slicer/u_impl/AccPos[0]_i_13/O
                         net (fo=16, unplaced)        0.255     2.009    genNtrace.genNexusFormat.ct_L2_mseo_mdo_formatter_inst/u_slicer/genMdo6.u_slicer/u_impl/AccPos[0]_i_13_n_0
                         LUT4 (Prop_LUT4_I3_O)        0.092     2.101 r  genNtrace.genNexusFormat.ct_L2_mseo_mdo_formatter_inst/u_slicer/genMdo6.u_slicer/u_impl/AccPos[0]_i_77/O
                         net (fo=1, unplaced)         0.227     2.328    genNtrace.genNexusFormat.ct_L2_mseo_mdo_formatter_inst/u_slicer/genMdo6.u_slicer/u_impl/AccPos[0]_i_77_n_0
                         CARRY8 (Prop_CARRY8_DI[0]_CO[7])
                                                      0.200     2.528 r  genNtrace.genNexusFormat.ct_L2_mseo_mdo_formatter_inst/u_slicer/genMdo6.u_slicer/u_impl/AccPos_reg[0]_i_33/CO[7]
                         net (fo=1, unplaced)         0.006     2.534    genNtrace.genNexusFormat.ct_L2_mseo_mdo_formatter_inst/u_slicer/genMdo6.u_slicer/u_impl/AccPos_reg[0]_i_33_n_0
                         CARRY8 (Prop_CARRY8_CI_CO[7])
                                                      0.073     2.607 r  genNtrace.genNexusFormat.ct_L2_mseo_mdo_formatter_inst/u_slicer/genMdo6.u_slicer/u_impl/AccPos_reg[0]_i_12/CO[7]
                         net (fo=60, unplaced)        0.161     2.768    genNtrace.genNexusFormat.ct_L2_mseo_mdo_formatter_inst/u_slicer/genMdo6.u_slicer/u_impl/stop_steps129_in
                         LUT4 (Prop_LUT4_I1_O)        0.058     2.826 r  genNtrace.genNexusFormat.ct_L2_mseo_mdo_formatter_inst/u_slicer/genMdo6.u_slicer/u_impl/AccPos[2]_i_13/O
                         net (fo=270, unplaced)       0.319     3.145    genNtrace.genNexusFormat.ct_L2_mseo_mdo_formatter_inst/u_slicer/genMdo6.u_slicer/u_impl/AccPos[2]_i_13_n_0
                         LUT2 (Prop_LUT2_I1_O)        0.058     3.203 r  genNtrace.genNexusFormat.ct_L2_mseo_mdo_formatter_inst/u_slicer/genMdo6.u_slicer/u_impl/CurRem[7]_i_42/O
                         net (fo=1, unplaced)         0.021     3.224    genNtrace.genNexusFormat.ct_L2_mseo_mdo_formatter_inst/u_slicer/genMdo6.u_slicer/u_impl/CurRem[7]_i_42_n_0
                         CARRY8 (Prop_CARRY8_S[1]_CO[7])
                                                      0.269     3.493 r  genNtrace.genNexusFormat.ct_L2_mseo_mdo_formatter_inst/u_slicer/genMdo6.u_slicer/u_impl/CurRem_reg[7]_i_19/CO[7]
                         net (fo=1, unplaced)         0.006     3.499    genNtrace.genNexusFormat.ct_L2_mseo_mdo_formatter_inst/u_slicer/genMdo6.u_slicer/u_impl/CurRem_reg[7]_i_19_n_0
                         CARRY8 (Prop_CARRY8_CI_O[0])
                                                      0.078     3.577 r  genNtrace.genNexusFormat.ct_L2_mseo_mdo_formatter_inst/u_slicer/genMdo6.u_slicer/u_impl/CurRem_reg[8]_i_16/O[0]
                         net (fo=2, unplaced)         0.211     3.788    genNtrace.genNexusFormat.ct_L2_mseo_mdo_formatter_inst/u_slicer/genMdo6.u_slicer/u_impl/CurRem_reg[8]_i_16_n_15
                         LUT5 (Prop_LUT5_I3_O)        0.058     3.846 r  genNtrace.genNexusFormat.ct_L2_mseo_mdo_formatter_inst/u_slicer/genMdo6.u_slicer/u_impl/CurRem[8]_i_8/O
                         net (fo=11, unplaced)        0.246     4.092    genNtrace.genNexusFormat.ct_L2_mseo_mdo_formatter_inst/u_slicer/genMdo6.u_slicer/u_impl/CurRem[8]_i_8_n_0
                         LUT6 (Prop_LUT6_I5_O)        0.058     4.150 r  genNtrace.genNexusFormat.ct_L2_mseo_mdo_formatter_inst/u_slicer/genMdo6.u_slicer/u_impl/FieldIdx[3]_i_13/O
                         net (fo=8, unplaced)         0.239     4.389    genNtrace.genNexusFormat.ct_L2_mseo_mdo_formatter_inst/u_slicer/genMdo6.u_slicer/u_impl/FieldIdx[3]_i_13_n_0
                         LUT5 (Prop_LUT5_I4_O)        0.058     4.447 f  genNtrace.genNexusFormat.ct_L2_mseo_mdo_formatter_inst/u_slicer/genMdo6.u_slicer/u_impl/AccPos[0]_i_10/O
                         net (fo=3, unplaced)         0.217     4.664    genNtrace.genNexusFormat.ct_L2_mseo_mdo_formatter_inst/u_slicer/genMdo6.u_slicer/u_impl/AccPos[0]_i_10_n_0
                         LUT6 (Prop_LUT6_I5_O)        0.058     4.722 r  genNtrace.genNexusFormat.ct_L2_mseo_mdo_formatter_inst/u_slicer/genMdo6.u_slicer/u_impl/AccPos[0]_i_2/O
                         net (fo=11, unplaced)        0.246     4.968    genNtrace.genNexusFormat.ct_L2_mseo_mdo_formatter_inst/u_slicer/genMdo6.u_slicer/u_impl/AccPos[0]_i_2_n_0
                         LUT4 (Prop_LUT4_I3_O)        0.092     5.060 r  genNtrace.genNexusFormat.ct_L2_mseo_mdo_formatter_inst/u_slicer/genMdo6.u_slicer/u_impl/AccPos[0]_i_61/O
                         net (fo=1, unplaced)         0.227     5.287    genNtrace.genNexusFormat.ct_L2_mseo_mdo_formatter_inst/u_slicer/genMdo6.u_slicer/u_impl/AccPos[0]_i_61_n_0
                         CARRY8 (Prop_CARRY8_DI[0]_CO[7])
                                                      0.200     5.487 r  genNtrace.genNexusFormat.ct_L2_mseo_mdo_formatter_inst/u_slicer/genMdo6.u_slicer/u_impl/AccPos_reg[0]_i_14/CO[7]
                         net (fo=1, unplaced)         0.006     5.493    genNtrace.genNexusFormat.ct_L2_mseo_mdo_formatter_inst/u_slicer/genMdo6.u_slicer/u_impl/AccPos_reg[0]_i_14_n_0
                         CARRY8 (Prop_CARRY8_CI_CO[7])
                                                      0.073     5.566 r  genNtrace.genNexusFormat.ct_L2_mseo_mdo_formatter_inst/u_slicer/genMdo6.u_slicer/u_impl/AccPos_reg[0]_i_5/CO[7]
                         net (fo=56, unplaced)        0.159     5.725    genNtrace.genNexusFormat.ct_L2_mseo_mdo_formatter_inst/u_slicer/genMdo6.u_slicer/u_impl/acc_pos2
                         LUT4 (Prop_LUT4_I1_O)        0.058     5.783 f  genNtrace.genNexusFormat.ct_L2_mseo_mdo_formatter_inst/u_slicer/genMdo6.u_slicer/u_impl/AccPos[1]_i_3/O
                         net (fo=216, unplaced)       0.314     6.097    genNtrace.genNexusFormat.ct_L2_mseo_mdo_formatter_inst/u_slicer/genMdo6.u_slicer/u_impl/AccPos[1]_i_3_n_0
                         LUT1 (Prop_LUT1_I0_O)        0.092     6.189 r  genNtrace.genNexusFormat.ct_L2_mseo_mdo_formatter_inst/u_slicer/genMdo6.u_slicer/u_impl/AccBits[5]_i_36/O
                         net (fo=1, unplaced)         0.227     6.416    genNtrace.genNexusFormat.ct_L2_mseo_mdo_formatter_inst/u_slicer/genMdo6.u_slicer/u_impl/AccBits[5]_i_36_n_0
                         CARRY8 (Prop_CARRY8_DI[0]_CO[7])
                                                      0.241     6.657 r  genNtrace.genNexusFormat.ct_L2_mseo_mdo_formatter_inst/u_slicer/genMdo6.u_slicer/u_impl/AccBits_reg[5]_i_22/CO[7]
                         net (fo=1, unplaced)         0.006     6.663    genNtrace.genNexusFormat.ct_L2_mseo_mdo_formatter_inst/u_slicer/genMdo6.u_slicer/u_impl/AccBits_reg[5]_i_22_n_0
                         CARRY8 (Prop_CARRY8_CI_O[4])
                                                      0.119     6.782 f  genNtrace.genNexusFormat.ct_L2_mseo_mdo_formatter_inst/u_slicer/genMdo6.u_slicer/u_impl/AccBits_reg[5]_i_52/O[4]
                         net (fo=1, unplaced)         0.264     7.046    genNtrace.genNexusFormat.ct_L2_mseo_mdo_formatter_inst/u_slicer/genMdo6.u_slicer/u_impl/(null)[0].mask1[13]
                         LUT6 (Prop_LUT6_I0_O)        0.188     7.234 f  genNtrace.genNexusFormat.ct_L2_mseo_mdo_formatter_inst/u_slicer/genMdo6.u_slicer/u_impl/AccBits[5]_i_75/O
                         net (fo=1, unplaced)         0.211     7.445    genNtrace.genNexusFormat.ct_L2_mseo_mdo_formatter_inst/u_slicer/genMdo6.u_slicer/u_impl/AccBits[5]_i_75_n_0
                         LUT6 (Prop_LUT6_I0_O)        0.058     7.503 f  genNtrace.genNexusFormat.ct_L2_mseo_mdo_formatter_inst/u_slicer/genMdo6.u_slicer/u_impl/AccBits[5]_i_56/O
                         net (fo=1, unplaced)         0.211     7.714    genNtrace.genNexusFormat.ct_L2_mseo_mdo_formatter_inst/u_slicer/genMdo6.u_slicer/u_impl/AccBits[5]_i_56_n_0
                         LUT6 (Prop_LUT6_I5_O)        0.058     7.772 r  genNtrace.genNexusFormat.ct_L2_mseo_mdo_formatter_inst/u_slicer/genMdo6.u_slicer/u_impl/AccBits[5]_i_35/O
                         net (fo=3, unplaced)         0.217     7.989    genNtrace.genNexusFormat.ct_L2_mseo_mdo_formatter_inst/u_slicer/genMdo6.u_slicer/u_impl/AccBits[5]_i_35_n_0
                         LUT5 (Prop_LUT5_I0_O)        0.092     8.081 f  genNtrace.genNexusFormat.ct_L2_mseo_mdo_formatter_inst/u_slicer/genMdo6.u_slicer/u_impl/AccBits[5]_i_31/O
                         net (fo=2, unplaced)         0.211     8.292    genNtrace.genNexusFormat.ct_L2_mseo_mdo_formatter_inst/u_slicer/genMdo6.u_slicer/u_impl/AccBits[5]_i_31_n_0
                         LUT3 (Prop_LUT3_I2_O)        0.058     8.350 r  genNtrace.genNexusFormat.ct_L2_mseo_mdo_formatter_inst/u_slicer/genMdo6.u_slicer/u_impl/AccBits[3]_i_4/O
                         net (fo=2, unplaced)         0.211     8.561    genNtrace.genNexusFormat.ct_L2_mseo_mdo_formatter_inst/u_slicer/genMdo6.u_slicer/u_impl/AccBits[3]_i_4_n_0
                         LUT4 (Prop_LUT4_I0_O)        0.058     8.619 f  genNtrace.genNexusFormat.ct_L2_mseo_mdo_formatter_inst/u_slicer/genMdo6.u_slicer/u_impl/AccBits[1]_i_2/O
                         net (fo=2, unplaced)         0.211     8.830    genNtrace.genNexusFormat.ct_L2_mseo_mdo_formatter_inst/u_slicer/genMdo6.u_slicer/u_impl/AccBits[1]_i_2_n_0
                         LUT5 (Prop_LUT5_I2_O)        0.058     8.888 r  genNtrace.genNexusFormat.ct_L2_mseo_mdo_formatter_inst/u_slicer/genMdo6.u_slicer/u_impl/AccBits[0]_i_1/O
                         net (fo=2, unplaced)         0.067     8.955    genNtrace.genNexusFormat.ct_L2_mseo_mdo_formatter_inst/u_slicer/genMdo6.u_slicer/u_impl/AccBits[0]_i_1_n_0
                         FDRE                                         r  genNtrace.genNexusFormat.ct_L2_mseo_mdo_formatter_inst/u_slicer/genMdo6.u_slicer/u_impl/AccBits_reg[0]/D
  -------------------------------------------------------------------    -------------------

                         (clock proc_clk rise edge)
                                                     13.333    13.333 r  
                                                      0.000    13.333 r  proc_clk (IN)
                         net (fo=5549, unset)         0.029    13.362    genNtrace.genNexusFormat.ct_L2_mseo_mdo_formatter_inst/u_slicer/genMdo6.u_slicer/u_impl/proc_clk
                         FDRE                                         r  genNtrace.genNexusFormat.ct_L2_mseo_mdo_formatter_inst/u_slicer/genMdo6.u_slicer/u_impl/AccBits_reg[0]/C
                         clock pessimism              0.000    13.362    
                         clock uncertainty           -0.035    13.327    
                         FDRE (Setup_FDRE_C_D)        0.044    13.371    genNtrace.genNexusFormat.ct_L2_mseo_mdo_formatter_inst/u_slicer/genMdo6.u_slicer/u_impl/AccBits_reg[0]
  -------------------------------------------------------------------
                         required time                         13.371    
                         arrival time                          -8.955    
  -------------------------------------------------------------------
                         slack                                  4.416    





Pulse Width Checks
--------------------------------------------------------------------------------------
Clock Name:         proc_clk
Waveform(ns):       { 0.000 6.667 }
Period(ns):         13.333
Sources:            { proc_clk }

Check Type        Corner  Lib Pin             Reference Pin  Required(ns)  Actual(ns)  Slack(ns)  Location  Pin
Min Period        n/a     RAMB36E2/CLKARDCLK  n/a            1.709         13.333      11.624               preproc_inst/composer_etip_inst/genEtipSerial.etip_cvs_cdc_fifo/genCdc.fifo2clk_fwft_inst/genMemory.Mem_reg_0/CLKARDCLK
Min Period        n/a     RAMB36E2/CLKARDCLK  n/a            1.709         13.333      11.624               preproc_inst/composer_etip_inst/genEtipSerial.etip_cvs_cdc_fifo/genCdc.fifo2clk_fwft_inst/genMemory.Mem_reg_1/CLKARDCLK
Min Period        n/a     RAMB36E2/CLKARDCLK  n/a            1.709         13.333      11.624               preproc_inst/composer_etip_inst/genEtipSerial.etip_cvs_cdc_fifo/genCdc.fifo2clk_fwft_inst/genMemory.Mem_reg_2/CLKARDCLK
Min Period        n/a     RAMB36E2/CLKARDCLK  n/a            1.709         13.333      11.624               preproc_inst/composer_etip_inst/genEtipSerial.etip_cvs_cdc_fifo/genCdc.fifo2clk_fwft_inst/genMemory.Mem_reg_3/CLKARDCLK
Min Period        n/a     RAMB18E2/CLKARDCLK  n/a            1.709         13.333      11.624               preproc_inst/composer_etip_inst/genEtipSerial.etip_cvs_cdc_fifo/genCdc.fifo2clk_fwft_inst/genMemory.Mem_reg_4/CLKARDCLK
Low Pulse Width   Slow    RAMD32/CLK          n/a            0.762         6.667       5.905                genNtrace.genNexusFormat.ct_L2_mseo_mdo_formatter_inst/genAtbFifo2clk.atb_cdc_fifo/genMemory.Mem_reg_0_7_0_13/RAMA/CLK
Low Pulse Width   Fast    RAMD32/CLK          n/a            0.762         6.667       5.905                genNtrace.genNexusFormat.ct_L2_mseo_mdo_formatter_inst/genAtbFifo2clk.atb_cdc_fifo/genMemory.Mem_reg_0_7_0_13/RAMA/CLK
Low Pulse Width   Slow    RAMD32/CLK          n/a            0.762         6.667       5.905                genNtrace.genNexusFormat.ct_L2_mseo_mdo_formatter_inst/genAtbFifo2clk.atb_cdc_fifo/genMemory.Mem_reg_0_7_0_13/RAMA_D1/CLK
Low Pulse Width   Fast    RAMD32/CLK          n/a            0.762         6.667       5.905                genNtrace.genNexusFormat.ct_L2_mseo_mdo_formatter_inst/genAtbFifo2clk.atb_cdc_fifo/genMemory.Mem_reg_0_7_0_13/RAMA_D1/CLK
Low Pulse Width   Slow    RAMD32/CLK          n/a            0.762         6.667       5.905                genNtrace.genNexusFormat.ct_L2_mseo_mdo_formatter_inst/genAtbFifo2clk.atb_cdc_fifo/genMemory.Mem_reg_0_7_0_13/RAMB/CLK
High Pulse Width  Slow    RAMD32/CLK          n/a            0.762         6.667       5.905                genNtrace.genNexusFormat.ct_L2_mseo_mdo_formatter_inst/genAtbFifo2clk.atb_cdc_fifo/genMemory.Mem_reg_0_7_0_13/RAMA/CLK
High Pulse Width  Fast    RAMD32/CLK          n/a            0.762         6.667       5.905                genNtrace.genNexusFormat.ct_L2_mseo_mdo_formatter_inst/genAtbFifo2clk.atb_cdc_fifo/genMemory.Mem_reg_0_7_0_13/RAMA/CLK
High Pulse Width  Slow    RAMD32/CLK          n/a            0.762         6.667       5.905                genNtrace.genNexusFormat.ct_L2_mseo_mdo_formatter_inst/genAtbFifo2clk.atb_cdc_fifo/genMemory.Mem_reg_0_7_0_13/RAMA_D1/CLK
High Pulse Width  Fast    RAMD32/CLK          n/a            0.762         6.667       5.905                genNtrace.genNexusFormat.ct_L2_mseo_mdo_formatter_inst/genAtbFifo2clk.atb_cdc_fifo/genMemory.Mem_reg_0_7_0_13/RAMA_D1/CLK
High Pulse Width  Slow    RAMD32/CLK          n/a            0.762         6.667       5.905                genNtrace.genNexusFormat.ct_L2_mseo_mdo_formatter_inst/genAtbFifo2clk.atb_cdc_fifo/genMemory.Mem_reg_0_7_0_13/RAMB/CLK



---------------------------------------------------------------------------------------------------
From Clock:  tip_clk
  To Clock:  tip_clk

Setup :            0  Failing Endpoints,  Worst Slack        7.336ns,  Total Violation        0.000ns
Hold  :           NA  Failing Endpoints,  Worst Slack           NA  ,  Total Violation           NA
PW    :            0  Failing Endpoints,  Worst Slack        5.905ns,  Total Violation        0.000ns
---------------------------------------------------------------------------------------------------


Max Delay Paths
--------------------------------------------------------------------------------------
Slack (MET) :             7.336ns  (required time - arrival time)
  Source:                 preproc_inst/composer_etip_inst/PrevDbgMode_reg/C
                            (rising edge-triggered cell FDRE clocked by tip_clk  {rise@0.000ns fall@6.667ns period=13.333ns})
  Destination:            preproc_inst/composer_etip_inst/genEtipSerial.SkidQ_reg[2][sub][163]/D
                            (rising edge-triggered cell FDRE clocked by tip_clk  {rise@0.000ns fall@6.667ns period=13.333ns})
  Path Group:             tip_clk
  Path Type:              Setup (Max at Slow Process Corner)
  Requirement:            13.333ns  (tip_clk rise@13.333ns - tip_clk rise@0.000ns)
  Data Path Delay:        5.994ns  (logic 1.925ns (32.115%)  route 4.069ns (67.885%))
  Logic Levels:           18  (CARRY8=3 LUT2=4 LUT3=1 LUT4=2 LUT5=2 LUT6=6)
  Clock Path Skew:        -0.012ns (DCD - SCD + CPR)
    Destination Clock Delay (DCD):    0.029ns = ( 13.362 - 13.333 ) 
    Source Clock Delay      (SCD):    0.041ns
    Clock Pessimism Removal (CPR):    0.000ns
  Clock Uncertainty:      0.035ns  ((TSJ^2 + TIJ^2)^1/2 + DJ) / 2 + PE
    Total System Jitter     (TSJ):    0.071ns
    Total Input Jitter      (TIJ):    0.000ns
    Discrete Jitter          (DJ):    0.000ns
    Phase Error              (PE):    0.000ns

    Location             Delay type                Incr(ns)  Path(ns)    Netlist Resource(s)
  -------------------------------------------------------------------    -------------------
                         (clock tip_clk rise edge)    0.000     0.000 r  
                                                      0.000     0.000 r  tip_clk (IN)
                         net (fo=7753, unset)         0.041     0.041    preproc_inst/composer_etip_inst/tip_clk
                         FDRE                                         r  preproc_inst/composer_etip_inst/PrevDbgMode_reg/C
  -------------------------------------------------------------------    -------------------
                         FDRE (Prop_FDRE_C_Q)         0.114     0.155 r  preproc_inst/composer_etip_inst/PrevDbgMode_reg/Q
                         net (fo=5, unplaced)         0.132     0.287    preproc_inst/composer_etip_inst/PrevDbgMode
                         LUT5 (Prop_LUT5_I0_O)        0.188     0.475 f  preproc_inst/composer_etip_inst/EtipMsg[2][sub][166]_i_10/O
                         net (fo=114, unplaced)       0.299     0.774    preproc_inst/composer_etip_inst/PrevDbgMode_reg_0
                         LUT2 (Prop_LUT2_I1_O)        0.092     0.866 r  preproc_inst/composer_etip_inst/EtipMsg[2][sub][220]_i_51/O
                         net (fo=1, unplaced)         0.227     1.093    preproc_inst/composer_etip_inst/EtipMsg[2][sub][220]_i_51_n_0
                         CARRY8 (Prop_CARRY8_DI[0]_O[5])
                                                      0.313     1.406 r  preproc_inst/composer_etip_inst/EtipMsg_reg[2][sub][220]_i_39/O[5]
                         net (fo=2, unplaced)         0.155     1.561    preproc_inst/composer_etip_inst/msg_id_next2[5]
                         LUT2 (Prop_LUT2_I0_O)        0.135     1.696 r  preproc_inst/composer_etip_inst/EtipMsg[2][sub][220]_i_25/O
                         net (fo=1, unplaced)         0.228     1.924    ct_cs_cpuif_wb_inst/genRdlCsr.ct_cs_cpuif_inst/EtipMsg_reg[2][sub][220]_i_12_0[2]
                         CARRY8 (Prop_CARRY8_DI[2]_CO[7])
                                                      0.166     2.090 r  ct_cs_cpuif_wb_inst/genRdlCsr.ct_cs_cpuif_inst/EtipMsg_reg[2][sub][220]_i_15/CO[7]
                         net (fo=1, unplaced)         0.006     2.096    ct_cs_cpuif_wb_inst/genRdlCsr.ct_cs_cpuif_inst/EtipMsg_reg[2][sub][220]_i_15_n_0
                         CARRY8 (Prop_CARRY8_CI_CO[1])
                                                      0.059     2.155 r  ct_cs_cpuif_wb_inst/genRdlCsr.ct_cs_cpuif_inst/EtipMsg_reg[2][sub][220]_i_12/CO[1]
                         net (fo=59, unplaced)        0.282     2.437    preproc_inst/composer_etip_inst/CO[0]
                         LUT5 (Prop_LUT5_I1_O)        0.092     2.529 f  preproc_inst/composer_etip_inst/EtipMsg[1][sub][148]_i_6/O
                         net (fo=16, unplaced)        0.255     2.784    preproc_inst/composer_etip_inst/ResumeHold_reg_11
                         LUT2 (Prop_LUT2_I0_O)        0.058     2.842 r  preproc_inst/composer_etip_inst/EtipMsg[1][sub][222]_i_10/O
                         net (fo=1, unplaced)         0.211     3.053    preproc_inst/tip_delay_inst/genEtipSerial.SkidQ[3][sub][224]_i_24
                         LUT6 (Prop_LUT6_I4_O)        0.058     3.111 r  preproc_inst/tip_delay_inst/EtipMsg[1][sub][222]_i_8/O
                         net (fo=36, unplaced)        0.273     3.384    preproc_inst/tip_delay_inst/ResumeHold_reg_5
                         LUT4 (Prop_LUT4_I0_O)        0.058     3.442 r  preproc_inst/tip_delay_inst/genEtipSerial.SkidQ[3][sub][224]_i_27/O
                         net (fo=3, unplaced)         0.217     3.659    preproc_inst/tip_delay_inst/genEtipSerial.SkidQ[3][sub][224]_i_27_n_0
                         LUT6 (Prop_LUT6_I3_O)        0.058     3.717 r  preproc_inst/tip_delay_inst/genEtipSerial.SkidQ[3][sub][224]_i_17/O
                         net (fo=12, unplaced)        0.248     3.965    preproc_inst/composer_etip_inst/genEtipSerial.etip_ovf_injector/genEtipSerial.SkidQ_reg[3][ts][0]_0
                         LUT6 (Prop_LUT6_I5_O)        0.058     4.023 f  preproc_inst/composer_etip_inst/genEtipSerial.etip_ovf_injector/PendingCfNextIaddr_i_6/O
                         net (fo=3, unplaced)         0.217     4.240    preproc_inst/composer_etip_inst/genEtipSerial.etip_ovf_injector/PendingCfNextIaddr_i_6_n_0
                         LUT6 (Prop_LUT6_I3_O)        0.058     4.298 f  preproc_inst/composer_etip_inst/genEtipSerial.etip_ovf_injector/PendingCfNextIaddr_i_2/O
                         net (fo=15, unplaced)        0.253     4.551    preproc_inst/composer_etip_inst/genEtipSerial.etip_ovf_injector/genEtipSerial.SkidCnt_reg[2]
                         LUT6 (Prop_LUT6_I2_O)        0.058     4.609 r  preproc_inst/composer_etip_inst/genEtipSerial.etip_ovf_injector/genEtipSerial.SkidQ[3][sub][224]_i_21/O
                         net (fo=5, unplaced)         0.229     4.838    preproc_inst/composer_etip_inst/genEtipSerial.etip_ovf_injector/p_120_out
                         LUT4 (Prop_LUT4_I0_O)        0.058     4.896 r  preproc_inst/composer_etip_inst/genEtipSerial.etip_ovf_injector/genEtipSerial.SkidQ[2][sub][182]_i_2/O
                         net (fo=167, unplaced)       0.308     5.204    preproc_inst/composer_etip_inst/genEtipSerial.etip_ovf_injector/genEtipSerial.SkidQ[2][sub][182]_i_2_n_0
                         LUT2 (Prop_LUT2_I1_O)        0.058     5.262 f  preproc_inst/composer_etip_inst/genEtipSerial.etip_ovf_injector/genEtipSerial.SkidQ[2][sub][116]_i_3/O
                         net (fo=166, unplaced)       0.251     5.513    preproc_inst/composer_etip_inst/genEtipSerial.etip_ovf_injector/genEtipSerial.SkidQ[2][sub][116]_i_3_n_0
                         LUT6 (Prop_LUT6_I2_O)        0.152     5.665 f  preproc_inst/composer_etip_inst/genEtipSerial.etip_ovf_injector/genEtipSerial.SkidQ[2][sub][163]_i_2/O
                         net (fo=1, unplaced)         0.211     5.876    preproc_inst/composer_etip_inst/genEtipSerial.etip_ovf_injector/genEtipSerial.SkidQ[2][sub][163]_i_2_n_0
                         LUT3 (Prop_LUT3_I2_O)        0.092     5.968 r  preproc_inst/composer_etip_inst/genEtipSerial.etip_ovf_injector/genEtipSerial.SkidQ[2][sub][163]_i_1/O
                         net (fo=1, unplaced)         0.067     6.035    preproc_inst/composer_etip_inst/genEtipSerial.etip_ovf_injector_n_61
                         FDRE                                         r  preproc_inst/composer_etip_inst/genEtipSerial.SkidQ_reg[2][sub][163]/D
  -------------------------------------------------------------------    -------------------

                         (clock tip_clk rise edge)   13.333    13.333 r  
                                                      0.000    13.333 r  tip_clk (IN)
                         net (fo=7753, unset)         0.029    13.362    preproc_inst/composer_etip_inst/tip_clk
                         FDRE                                         r  preproc_inst/composer_etip_inst/genEtipSerial.SkidQ_reg[2][sub][163]/C
                         clock pessimism              0.000    13.362    
                         clock uncertainty           -0.035    13.327    
                         FDRE (Setup_FDRE_C_D)        0.044    13.371    preproc_inst/composer_etip_inst/genEtipSerial.SkidQ_reg[2][sub][163]
  -------------------------------------------------------------------
                         required time                         13.371    
                         arrival time                          -6.035    
  -------------------------------------------------------------------
                         slack                                  7.336    

Slack (MET) :             7.336ns  (required time - arrival time)
  Source:                 preproc_inst/composer_etip_inst/PrevDbgMode_reg/C
                            (rising edge-triggered cell FDRE clocked by tip_clk  {rise@0.000ns fall@6.667ns period=13.333ns})
  Destination:            preproc_inst/composer_etip_inst/genEtipSerial.SkidQ_reg[2][sub][165]/D
                            (rising edge-triggered cell FDRE clocked by tip_clk  {rise@0.000ns fall@6.667ns period=13.333ns})
  Path Group:             tip_clk
  Path Type:              Setup (Max at Slow Process Corner)
  Requirement:            13.333ns  (tip_clk rise@13.333ns - tip_clk rise@0.000ns)
  Data Path Delay:        5.994ns  (logic 1.925ns (32.115%)  route 4.069ns (67.885%))
  Logic Levels:           18  (CARRY8=3 LUT2=4 LUT3=1 LUT4=2 LUT5=2 LUT6=6)
  Clock Path Skew:        -0.012ns (DCD - SCD + CPR)
    Destination Clock Delay (DCD):    0.029ns = ( 13.362 - 13.333 ) 
    Source Clock Delay      (SCD):    0.041ns
    Clock Pessimism Removal (CPR):    0.000ns
  Clock Uncertainty:      0.035ns  ((TSJ^2 + TIJ^2)^1/2 + DJ) / 2 + PE
    Total System Jitter     (TSJ):    0.071ns
    Total Input Jitter      (TIJ):    0.000ns
    Discrete Jitter          (DJ):    0.000ns
    Phase Error              (PE):    0.000ns

    Location             Delay type                Incr(ns)  Path(ns)    Netlist Resource(s)
  -------------------------------------------------------------------    -------------------
                         (clock tip_clk rise edge)    0.000     0.000 r  
                                                      0.000     0.000 r  tip_clk (IN)
                         net (fo=7753, unset)         0.041     0.041    preproc_inst/composer_etip_inst/tip_clk
                         FDRE                                         r  preproc_inst/composer_etip_inst/PrevDbgMode_reg/C
  -------------------------------------------------------------------    -------------------
                         FDRE (Prop_FDRE_C_Q)         0.114     0.155 r  preproc_inst/composer_etip_inst/PrevDbgMode_reg/Q
                         net (fo=5, unplaced)         0.132     0.287    preproc_inst/composer_etip_inst/PrevDbgMode
                         LUT5 (Prop_LUT5_I0_O)        0.188     0.475 f  preproc_inst/composer_etip_inst/EtipMsg[2][sub][166]_i_10/O
                         net (fo=114, unplaced)       0.299     0.774    preproc_inst/composer_etip_inst/PrevDbgMode_reg_0
                         LUT2 (Prop_LUT2_I1_O)        0.092     0.866 r  preproc_inst/composer_etip_inst/EtipMsg[2][sub][220]_i_51/O
                         net (fo=1, unplaced)         0.227     1.093    preproc_inst/composer_etip_inst/EtipMsg[2][sub][220]_i_51_n_0
                         CARRY8 (Prop_CARRY8_DI[0]_O[5])
                                                      0.313     1.406 r  preproc_inst/composer_etip_inst/EtipMsg_reg[2][sub][220]_i_39/O[5]
                         net (fo=2, unplaced)         0.155     1.561    preproc_inst/composer_etip_inst/msg_id_next2[5]
                         LUT2 (Prop_LUT2_I0_O)        0.135     1.696 r  preproc_inst/composer_etip_inst/EtipMsg[2][sub][220]_i_25/O
                         net (fo=1, unplaced)         0.228     1.924    ct_cs_cpuif_wb_inst/genRdlCsr.ct_cs_cpuif_inst/EtipMsg_reg[2][sub][220]_i_12_0[2]
                         CARRY8 (Prop_CARRY8_DI[2]_CO[7])
                                                      0.166     2.090 r  ct_cs_cpuif_wb_inst/genRdlCsr.ct_cs_cpuif_inst/EtipMsg_reg[2][sub][220]_i_15/CO[7]
                         net (fo=1, unplaced)         0.006     2.096    ct_cs_cpuif_wb_inst/genRdlCsr.ct_cs_cpuif_inst/EtipMsg_reg[2][sub][220]_i_15_n_0
                         CARRY8 (Prop_CARRY8_CI_CO[1])
                                                      0.059     2.155 r  ct_cs_cpuif_wb_inst/genRdlCsr.ct_cs_cpuif_inst/EtipMsg_reg[2][sub][220]_i_12/CO[1]
                         net (fo=59, unplaced)        0.282     2.437    preproc_inst/composer_etip_inst/CO[0]
                         LUT5 (Prop_LUT5_I1_O)        0.092     2.529 f  preproc_inst/composer_etip_inst/EtipMsg[1][sub][148]_i_6/O
                         net (fo=16, unplaced)        0.255     2.784    preproc_inst/composer_etip_inst/ResumeHold_reg_11
                         LUT2 (Prop_LUT2_I0_O)        0.058     2.842 r  preproc_inst/composer_etip_inst/EtipMsg[1][sub][222]_i_10/O
                         net (fo=1, unplaced)         0.211     3.053    preproc_inst/tip_delay_inst/genEtipSerial.SkidQ[3][sub][224]_i_24
                         LUT6 (Prop_LUT6_I4_O)        0.058     3.111 r  preproc_inst/tip_delay_inst/EtipMsg[1][sub][222]_i_8/O
                         net (fo=36, unplaced)        0.273     3.384    preproc_inst/tip_delay_inst/ResumeHold_reg_5
                         LUT4 (Prop_LUT4_I0_O)        0.058     3.442 r  preproc_inst/tip_delay_inst/genEtipSerial.SkidQ[3][sub][224]_i_27/O
                         net (fo=3, unplaced)         0.217     3.659    preproc_inst/tip_delay_inst/genEtipSerial.SkidQ[3][sub][224]_i_27_n_0
                         LUT6 (Prop_LUT6_I3_O)        0.058     3.717 r  preproc_inst/tip_delay_inst/genEtipSerial.SkidQ[3][sub][224]_i_17/O
                         net (fo=12, unplaced)        0.248     3.965    preproc_inst/composer_etip_inst/genEtipSerial.etip_ovf_injector/genEtipSerial.SkidQ_reg[3][ts][0]_0
                         LUT6 (Prop_LUT6_I5_O)        0.058     4.023 f  preproc_inst/composer_etip_inst/genEtipSerial.etip_ovf_injector/PendingCfNextIaddr_i_6/O
                         net (fo=3, unplaced)         0.217     4.240    preproc_inst/composer_etip_inst/genEtipSerial.etip_ovf_injector/PendingCfNextIaddr_i_6_n_0
                         LUT6 (Prop_LUT6_I3_O)        0.058     4.298 f  preproc_inst/composer_etip_inst/genEtipSerial.etip_ovf_injector/PendingCfNextIaddr_i_2/O
                         net (fo=15, unplaced)        0.253     4.551    preproc_inst/composer_etip_inst/genEtipSerial.etip_ovf_injector/genEtipSerial.SkidCnt_reg[2]
                         LUT6 (Prop_LUT6_I2_O)        0.058     4.609 r  preproc_inst/composer_etip_inst/genEtipSerial.etip_ovf_injector/genEtipSerial.SkidQ[3][sub][224]_i_21/O
                         net (fo=5, unplaced)         0.229     4.838    preproc_inst/composer_etip_inst/genEtipSerial.etip_ovf_injector/p_120_out
                         LUT4 (Prop_LUT4_I0_O)        0.058     4.896 r  preproc_inst/composer_etip_inst/genEtipSerial.etip_ovf_injector/genEtipSerial.SkidQ[2][sub][182]_i_2/O
                         net (fo=167, unplaced)       0.308     5.204    preproc_inst/composer_etip_inst/genEtipSerial.etip_ovf_injector/genEtipSerial.SkidQ[2][sub][182]_i_2_n_0
                         LUT2 (Prop_LUT2_I1_O)        0.058     5.262 f  preproc_inst/composer_etip_inst/genEtipSerial.etip_ovf_injector/genEtipSerial.SkidQ[2][sub][116]_i_3/O
                         net (fo=166, unplaced)       0.251     5.513    preproc_inst/composer_etip_inst/genEtipSerial.etip_ovf_injector/genEtipSerial.SkidQ[2][sub][116]_i_3_n_0
                         LUT6 (Prop_LUT6_I2_O)        0.152     5.665 f  preproc_inst/composer_etip_inst/genEtipSerial.etip_ovf_injector/genEtipSerial.SkidQ[2][sub][165]_i_2/O
                         net (fo=1, unplaced)         0.211     5.876    preproc_inst/composer_etip_inst/genEtipSerial.etip_ovf_injector/genEtipSerial.SkidQ[2][sub][165]_i_2_n_0
                         LUT3 (Prop_LUT3_I2_O)        0.092     5.968 r  preproc_inst/composer_etip_inst/genEtipSerial.etip_ovf_injector/genEtipSerial.SkidQ[2][sub][165]_i_1/O
                         net (fo=1, unplaced)         0.067     6.035    preproc_inst/composer_etip_inst/genEtipSerial.etip_ovf_injector_n_59
                         FDRE                                         r  preproc_inst/composer_etip_inst/genEtipSerial.SkidQ_reg[2][sub][165]/D
  -------------------------------------------------------------------    -------------------

                         (clock tip_clk rise edge)   13.333    13.333 r  
                                                      0.000    13.333 r  tip_clk (IN)
                         net (fo=7753, unset)         0.029    13.362    preproc_inst/composer_etip_inst/tip_clk
                         FDRE                                         r  preproc_inst/composer_etip_inst/genEtipSerial.SkidQ_reg[2][sub][165]/C
                         clock pessimism              0.000    13.362    
                         clock uncertainty           -0.035    13.327    
                         FDRE (Setup_FDRE_C_D)        0.044    13.371    preproc_inst/composer_etip_inst/genEtipSerial.SkidQ_reg[2][sub][165]
  -------------------------------------------------------------------
                         required time                         13.371    
                         arrival time                          -6.035    
  -------------------------------------------------------------------
                         slack                                  7.336    

Slack (MET) :             7.347ns  (required time - arrival time)
  Source:                 preproc_inst/composer_etip_inst/PrevDbgMode_reg/C
                            (rising edge-triggered cell FDRE clocked by tip_clk  {rise@0.000ns fall@6.667ns period=13.333ns})
  Destination:            preproc_inst/composer_etip_inst/genEtipSerial.SkidQ_reg[0][sub][100]/CE
                            (rising edge-triggered cell FDRE clocked by tip_clk  {rise@0.000ns fall@6.667ns period=13.333ns})
  Path Group:             tip_clk
  Path Type:              Setup (Max at Slow Process Corner)
  Requirement:            13.333ns  (tip_clk rise@13.333ns - tip_clk rise@0.000ns)
  Data Path Delay:        5.860ns  (logic 1.807ns (30.836%)  route 4.053ns (69.164%))
  Logic Levels:           17  (CARRY8=3 LUT2=4 LUT3=1 LUT4=1 LUT5=3 LUT6=5)
  Clock Path Skew:        -0.012ns (DCD - SCD + CPR)
    Destination Clock Delay (DCD):    0.029ns = ( 13.362 - 13.333 ) 
    Source Clock Delay      (SCD):    0.041ns
    Clock Pessimism Removal (CPR):    0.000ns
  Clock Uncertainty:      0.035ns  ((TSJ^2 + TIJ^2)^1/2 + DJ) / 2 + PE
    Total System Jitter     (TSJ):    0.071ns
    Total Input Jitter      (TIJ):    0.000ns
    Discrete Jitter          (DJ):    0.000ns
    Phase Error              (PE):    0.000ns

    Location             Delay type                Incr(ns)  Path(ns)    Netlist Resource(s)
  -------------------------------------------------------------------    -------------------
                         (clock tip_clk rise edge)    0.000     0.000 r  
                                                      0.000     0.000 r  tip_clk (IN)
                         net (fo=7753, unset)         0.041     0.041    preproc_inst/composer_etip_inst/tip_clk
                         FDRE                                         r  preproc_inst/composer_etip_inst/PrevDbgMode_reg/C
  -------------------------------------------------------------------    -------------------
                         FDRE (Prop_FDRE_C_Q)         0.114     0.155 r  preproc_inst/composer_etip_inst/PrevDbgMode_reg/Q
                         net (fo=5, unplaced)         0.132     0.287    preproc_inst/composer_etip_inst/PrevDbgMode
                         LUT5 (Prop_LUT5_I0_O)        0.188     0.475 f  preproc_inst/composer_etip_inst/EtipMsg[2][sub][166]_i_10/O
                         net (fo=114, unplaced)       0.299     0.774    preproc_inst/composer_etip_inst/PrevDbgMode_reg_0
                         LUT2 (Prop_LUT2_I1_O)        0.092     0.866 r  preproc_inst/composer_etip_inst/EtipMsg[2][sub][220]_i_51/O
                         net (fo=1, unplaced)         0.227     1.093    preproc_inst/composer_etip_inst/EtipMsg[2][sub][220]_i_51_n_0
                         CARRY8 (Prop_CARRY8_DI[0]_O[5])
                                                      0.313     1.406 r  preproc_inst/composer_etip_inst/EtipMsg_reg[2][sub][220]_i_39/O[5]
                         net (fo=2, unplaced)         0.155     1.561    preproc_inst/composer_etip_inst/msg_id_next2[5]
                         LUT2 (Prop_LUT2_I0_O)        0.135     1.696 r  preproc_inst/composer_etip_inst/EtipMsg[2][sub][220]_i_25/O
                         net (fo=1, unplaced)         0.228     1.924    ct_cs_cpuif_wb_inst/genRdlCsr.ct_cs_cpuif_inst/EtipMsg_reg[2][sub][220]_i_12_0[2]
                         CARRY8 (Prop_CARRY8_DI[2]_CO[7])
                                                      0.166     2.090 r  ct_cs_cpuif_wb_inst/genRdlCsr.ct_cs_cpuif_inst/EtipMsg_reg[2][sub][220]_i_15/CO[7]
                         net (fo=1, unplaced)         0.006     2.096    ct_cs_cpuif_wb_inst/genRdlCsr.ct_cs_cpuif_inst/EtipMsg_reg[2][sub][220]_i_15_n_0
                         CARRY8 (Prop_CARRY8_CI_CO[1])
                                                      0.059     2.155 r  ct_cs_cpuif_wb_inst/genRdlCsr.ct_cs_cpuif_inst/EtipMsg_reg[2][sub][220]_i_12/CO[1]
                         net (fo=59, unplaced)        0.282     2.437    preproc_inst/composer_etip_inst/CO[0]
                         LUT5 (Prop_LUT5_I1_O)        0.092     2.529 f  preproc_inst/composer_etip_inst/EtipMsg[1][sub][148]_i_6/O
                         net (fo=16, unplaced)        0.255     2.784    preproc_inst/composer_etip_inst/ResumeHold_reg_11
                         LUT2 (Prop_LUT2_I0_O)        0.058     2.842 r  preproc_inst/composer_etip_inst/EtipMsg[1][sub][222]_i_10/O
                         net (fo=1, unplaced)         0.211     3.053    preproc_inst/tip_delay_inst/genEtipSerial.SkidQ[3][sub][224]_i_24
                         LUT6 (Prop_LUT6_I4_O)        0.058     3.111 r  preproc_inst/tip_delay_inst/EtipMsg[1][sub][222]_i_8/O
                         net (fo=36, unplaced)        0.273     3.384    preproc_inst/tip_delay_inst/ResumeHold_reg_5
                         LUT4 (Prop_LUT4_I0_O)        0.058     3.442 r  preproc_inst/tip_delay_inst/genEtipSerial.SkidQ[3][sub][224]_i_27/O
                         net (fo=3, unplaced)         0.217     3.659    preproc_inst/tip_delay_inst/genEtipSerial.SkidQ[3][sub][224]_i_27_n_0
                         LUT6 (Prop_LUT6_I3_O)        0.058     3.717 r  preproc_inst/tip_delay_inst/genEtipSerial.SkidQ[3][sub][224]_i_17/O
                         net (fo=12, unplaced)        0.248     3.965    preproc_inst/composer_etip_inst/genEtipSerial.etip_ovf_injector/genEtipSerial.SkidQ_reg[3][ts][0]_0
                         LUT6 (Prop_LUT6_I5_O)        0.058     4.023 f  preproc_inst/composer_etip_inst/genEtipSerial.etip_ovf_injector/PendingCfNextIaddr_i_6/O
                         net (fo=3, unplaced)         0.217     4.240    preproc_inst/composer_etip_inst/genEtipSerial.etip_ovf_injector/PendingCfNextIaddr_i_6_n_0
                         LUT6 (Prop_LUT6_I3_O)        0.058     4.298 f  preproc_inst/composer_etip_inst/genEtipSerial.etip_ovf_injector/PendingCfNextIaddr_i_2/O
                         net (fo=15, unplaced)        0.253     4.551    preproc_inst/tip_delay_inst/pending_cf_next_iaddr_next10_out
                         LUT5 (Prop_LUT5_I1_O)        0.092     4.643 f  preproc_inst/tip_delay_inst/genEtipSerial.SkidQ[3][sub][224]_i_20/O
                         net (fo=3, unplaced)         0.217     4.860    preproc_inst/composer_etip_inst/genEtipSerial.etip_ovf_injector/genEtipSerial.SkidQ_reg[3][ts][0]
                         LUT2 (Prop_LUT2_I1_O)        0.092     4.952 r  preproc_inst/composer_etip_inst/genEtipSerial.etip_ovf_injector/genEtipSerial.SkidQ[3][sub][224]_i_7/O
                         net (fo=6, unplaced)         0.233     5.185    preproc_inst/composer_etip_inst/genEtipSerial.etip_ovf_injector/p_117_out
                         LUT6 (Prop_LUT6_I5_O)        0.058     5.243 r  preproc_inst/composer_etip_inst/genEtipSerial.etip_ovf_injector/genEtipSerial.SkidQ[0][sub][224]_i_3/O
                         net (fo=289, unplaced)       0.321     5.564    preproc_inst/composer_etip_inst/genEtipSerial.etip_ovf_injector/genEtipSerial.SkidQ[0][sub][224]_i_3_n_0
                         LUT3 (Prop_LUT3_I1_O)        0.058     5.622 r  preproc_inst/composer_etip_inst/genEtipSerial.etip_ovf_injector/genEtipSerial.SkidQ[0][sub][224]_i_1/O
                         net (fo=291, unplaced)       0.279     5.901    preproc_inst/composer_etip_inst/genEtipSerial.SkidQ
                         FDRE                                         r  preproc_inst/composer_etip_inst/genEtipSerial.SkidQ_reg[0][sub][100]/CE
  -------------------------------------------------------------------    -------------------

                         (clock tip_clk rise edge)   13.333    13.333 r  
                                                      0.000    13.333 r  tip_clk (IN)
                         net (fo=7753, unset)         0.029    13.362    preproc_inst/composer_etip_inst/tip_clk
                         FDRE                                         r  preproc_inst/composer_etip_inst/genEtipSerial.SkidQ_reg[0][sub][100]/C
                         clock pessimism              0.000    13.362    
                         clock uncertainty           -0.035    13.327    
                         FDRE (Setup_FDRE_C_CE)      -0.079    13.248    preproc_inst/composer_etip_inst/genEtipSerial.SkidQ_reg[0][sub][100]
  -------------------------------------------------------------------
                         required time                         13.248    
                         arrival time                          -5.901    
  -------------------------------------------------------------------
                         slack                                  7.347    

Slack (MET) :             7.347ns  (required time - arrival time)
  Source:                 preproc_inst/composer_etip_inst/PrevDbgMode_reg/C
                            (rising edge-triggered cell FDRE clocked by tip_clk  {rise@0.000ns fall@6.667ns period=13.333ns})
  Destination:            preproc_inst/composer_etip_inst/genEtipSerial.SkidQ_reg[0][sub][101]/CE
                            (rising edge-triggered cell FDRE clocked by tip_clk  {rise@0.000ns fall@6.667ns period=13.333ns})
  Path Group:             tip_clk
  Path Type:              Setup (Max at Slow Process Corner)
  Requirement:            13.333ns  (tip_clk rise@13.333ns - tip_clk rise@0.000ns)
  Data Path Delay:        5.860ns  (logic 1.807ns (30.836%)  route 4.053ns (69.164%))
  Logic Levels:           17  (CARRY8=3 LUT2=4 LUT3=1 LUT4=1 LUT5=3 LUT6=5)
  Clock Path Skew:        -0.012ns (DCD - SCD + CPR)
    Destination Clock Delay (DCD):    0.029ns = ( 13.362 - 13.333 ) 
    Source Clock Delay      (SCD):    0.041ns
    Clock Pessimism Removal (CPR):    0.000ns
  Clock Uncertainty:      0.035ns  ((TSJ^2 + TIJ^2)^1/2 + DJ) / 2 + PE
    Total System Jitter     (TSJ):    0.071ns
    Total Input Jitter      (TIJ):    0.000ns
    Discrete Jitter          (DJ):    0.000ns
    Phase Error              (PE):    0.000ns

    Location             Delay type                Incr(ns)  Path(ns)    Netlist Resource(s)
  -------------------------------------------------------------------    -------------------
                         (clock tip_clk rise edge)    0.000     0.000 r  
                                                      0.000     0.000 r  tip_clk (IN)
                         net (fo=7753, unset)         0.041     0.041    preproc_inst/composer_etip_inst/tip_clk
                         FDRE                                         r  preproc_inst/composer_etip_inst/PrevDbgMode_reg/C
  -------------------------------------------------------------------    -------------------
                         FDRE (Prop_FDRE_C_Q)         0.114     0.155 r  preproc_inst/composer_etip_inst/PrevDbgMode_reg/Q
                         net (fo=5, unplaced)         0.132     0.287    preproc_inst/composer_etip_inst/PrevDbgMode
                         LUT5 (Prop_LUT5_I0_O)        0.188     0.475 f  preproc_inst/composer_etip_inst/EtipMsg[2][sub][166]_i_10/O
                         net (fo=114, unplaced)       0.299     0.774    preproc_inst/composer_etip_inst/PrevDbgMode_reg_0
                         LUT2 (Prop_LUT2_I1_O)        0.092     0.866 r  preproc_inst/composer_etip_inst/EtipMsg[2][sub][220]_i_51/O
                         net (fo=1, unplaced)         0.227     1.093    preproc_inst/composer_etip_inst/EtipMsg[2][sub][220]_i_51_n_0
                         CARRY8 (Prop_CARRY8_DI[0]_O[5])
                                                      0.313     1.406 r  preproc_inst/composer_etip_inst/EtipMsg_reg[2][sub][220]_i_39/O[5]
                         net (fo=2, unplaced)         0.155     1.561    preproc_inst/composer_etip_inst/msg_id_next2[5]
                         LUT2 (Prop_LUT2_I0_O)        0.135     1.696 r  preproc_inst/composer_etip_inst/EtipMsg[2][sub][220]_i_25/O
                         net (fo=1, unplaced)         0.228     1.924    ct_cs_cpuif_wb_inst/genRdlCsr.ct_cs_cpuif_inst/EtipMsg_reg[2][sub][220]_i_12_0[2]
                         CARRY8 (Prop_CARRY8_DI[2]_CO[7])
                                                      0.166     2.090 r  ct_cs_cpuif_wb_inst/genRdlCsr.ct_cs_cpuif_inst/EtipMsg_reg[2][sub][220]_i_15/CO[7]
                         net (fo=1, unplaced)         0.006     2.096    ct_cs_cpuif_wb_inst/genRdlCsr.ct_cs_cpuif_inst/EtipMsg_reg[2][sub][220]_i_15_n_0
                         CARRY8 (Prop_CARRY8_CI_CO[1])
                                                      0.059     2.155 r  ct_cs_cpuif_wb_inst/genRdlCsr.ct_cs_cpuif_inst/EtipMsg_reg[2][sub][220]_i_12/CO[1]
                         net (fo=59, unplaced)        0.282     2.437    preproc_inst/composer_etip_inst/CO[0]
                         LUT5 (Prop_LUT5_I1_O)        0.092     2.529 f  preproc_inst/composer_etip_inst/EtipMsg[1][sub][148]_i_6/O
                         net (fo=16, unplaced)        0.255     2.784    preproc_inst/composer_etip_inst/ResumeHold_reg_11
                         LUT2 (Prop_LUT2_I0_O)        0.058     2.842 r  preproc_inst/composer_etip_inst/EtipMsg[1][sub][222]_i_10/O
                         net (fo=1, unplaced)         0.211     3.053    preproc_inst/tip_delay_inst/genEtipSerial.SkidQ[3][sub][224]_i_24
                         LUT6 (Prop_LUT6_I4_O)        0.058     3.111 r  preproc_inst/tip_delay_inst/EtipMsg[1][sub][222]_i_8/O
                         net (fo=36, unplaced)        0.273     3.384    preproc_inst/tip_delay_inst/ResumeHold_reg_5
                         LUT4 (Prop_LUT4_I0_O)        0.058     3.442 r  preproc_inst/tip_delay_inst/genEtipSerial.SkidQ[3][sub][224]_i_27/O
                         net (fo=3, unplaced)         0.217     3.659    preproc_inst/tip_delay_inst/genEtipSerial.SkidQ[3][sub][224]_i_27_n_0
                         LUT6 (Prop_LUT6_I3_O)        0.058     3.717 r  preproc_inst/tip_delay_inst/genEtipSerial.SkidQ[3][sub][224]_i_17/O
                         net (fo=12, unplaced)        0.248     3.965    preproc_inst/composer_etip_inst/genEtipSerial.etip_ovf_injector/genEtipSerial.SkidQ_reg[3][ts][0]_0
                         LUT6 (Prop_LUT6_I5_O)        0.058     4.023 f  preproc_inst/composer_etip_inst/genEtipSerial.etip_ovf_injector/PendingCfNextIaddr_i_6/O
                         net (fo=3, unplaced)         0.217     4.240    preproc_inst/composer_etip_inst/genEtipSerial.etip_ovf_injector/PendingCfNextIaddr_i_6_n_0
                         LUT6 (Prop_LUT6_I3_O)        0.058     4.298 f  preproc_inst/composer_etip_inst/genEtipSerial.etip_ovf_injector/PendingCfNextIaddr_i_2/O
                         net (fo=15, unplaced)        0.253     4.551    preproc_inst/tip_delay_inst/pending_cf_next_iaddr_next10_out
                         LUT5 (Prop_LUT5_I1_O)        0.092     4.643 f  preproc_inst/tip_delay_inst/genEtipSerial.SkidQ[3][sub][224]_i_20/O
                         net (fo=3, unplaced)         0.217     4.860    preproc_inst/composer_etip_inst/genEtipSerial.etip_ovf_injector/genEtipSerial.SkidQ_reg[3][ts][0]
                         LUT2 (Prop_LUT2_I1_O)        0.092     4.952 r  preproc_inst/composer_etip_inst/genEtipSerial.etip_ovf_injector/genEtipSerial.SkidQ[3][sub][224]_i_7/O
                         net (fo=6, unplaced)         0.233     5.185    preproc_inst/composer_etip_inst/genEtipSerial.etip_ovf_injector/p_117_out
                         LUT6 (Prop_LUT6_I5_O)        0.058     5.243 r  preproc_inst/composer_etip_inst/genEtipSerial.etip_ovf_injector/genEtipSerial.SkidQ[0][sub][224]_i_3/O
                         net (fo=289, unplaced)       0.321     5.564    preproc_inst/composer_etip_inst/genEtipSerial.etip_ovf_injector/genEtipSerial.SkidQ[0][sub][224]_i_3_n_0
                         LUT3 (Prop_LUT3_I1_O)        0.058     5.622 r  preproc_inst/composer_etip_inst/genEtipSerial.etip_ovf_injector/genEtipSerial.SkidQ[0][sub][224]_i_1/O
                         net (fo=291, unplaced)       0.279     5.901    preproc_inst/composer_etip_inst/genEtipSerial.SkidQ
                         FDRE                                         r  preproc_inst/composer_etip_inst/genEtipSerial.SkidQ_reg[0][sub][101]/CE
  -------------------------------------------------------------------    -------------------

                         (clock tip_clk rise edge)   13.333    13.333 r  
                                                      0.000    13.333 r  tip_clk (IN)
                         net (fo=7753, unset)         0.029    13.362    preproc_inst/composer_etip_inst/tip_clk
                         FDRE                                         r  preproc_inst/composer_etip_inst/genEtipSerial.SkidQ_reg[0][sub][101]/C
                         clock pessimism              0.000    13.362    
                         clock uncertainty           -0.035    13.327    
                         FDRE (Setup_FDRE_C_CE)      -0.079    13.248    preproc_inst/composer_etip_inst/genEtipSerial.SkidQ_reg[0][sub][101]
  -------------------------------------------------------------------
                         required time                         13.248    
                         arrival time                          -5.901    
  -------------------------------------------------------------------
                         slack                                  7.347    

Slack (MET) :             7.347ns  (required time - arrival time)
  Source:                 preproc_inst/composer_etip_inst/PrevDbgMode_reg/C
                            (rising edge-triggered cell FDRE clocked by tip_clk  {rise@0.000ns fall@6.667ns period=13.333ns})
  Destination:            preproc_inst/composer_etip_inst/genEtipSerial.SkidQ_reg[0][sub][102]/CE
                            (rising edge-triggered cell FDRE clocked by tip_clk  {rise@0.000ns fall@6.667ns period=13.333ns})
  Path Group:             tip_clk
  Path Type:              Setup (Max at Slow Process Corner)
  Requirement:            13.333ns  (tip_clk rise@13.333ns - tip_clk rise@0.000ns)
  Data Path Delay:        5.860ns  (logic 1.807ns (30.836%)  route 4.053ns (69.164%))
  Logic Levels:           17  (CARRY8=3 LUT2=4 LUT3=1 LUT4=1 LUT5=3 LUT6=5)
  Clock Path Skew:        -0.012ns (DCD - SCD + CPR)
    Destination Clock Delay (DCD):    0.029ns = ( 13.362 - 13.333 ) 
    Source Clock Delay      (SCD):    0.041ns
    Clock Pessimism Removal (CPR):    0.000ns
  Clock Uncertainty:      0.035ns  ((TSJ^2 + TIJ^2)^1/2 + DJ) / 2 + PE
    Total System Jitter     (TSJ):    0.071ns
    Total Input Jitter      (TIJ):    0.000ns
    Discrete Jitter          (DJ):    0.000ns
    Phase Error              (PE):    0.000ns

    Location             Delay type                Incr(ns)  Path(ns)    Netlist Resource(s)
  -------------------------------------------------------------------    -------------------
                         (clock tip_clk rise edge)    0.000     0.000 r  
                                                      0.000     0.000 r  tip_clk (IN)
                         net (fo=7753, unset)         0.041     0.041    preproc_inst/composer_etip_inst/tip_clk
                         FDRE                                         r  preproc_inst/composer_etip_inst/PrevDbgMode_reg/C
  -------------------------------------------------------------------    -------------------
                         FDRE (Prop_FDRE_C_Q)         0.114     0.155 r  preproc_inst/composer_etip_inst/PrevDbgMode_reg/Q
                         net (fo=5, unplaced)         0.132     0.287    preproc_inst/composer_etip_inst/PrevDbgMode
                         LUT5 (Prop_LUT5_I0_O)        0.188     0.475 f  preproc_inst/composer_etip_inst/EtipMsg[2][sub][166]_i_10/O
                         net (fo=114, unplaced)       0.299     0.774    preproc_inst/composer_etip_inst/PrevDbgMode_reg_0
                         LUT2 (Prop_LUT2_I1_O)        0.092     0.866 r  preproc_inst/composer_etip_inst/EtipMsg[2][sub][220]_i_51/O
                         net (fo=1, unplaced)         0.227     1.093    preproc_inst/composer_etip_inst/EtipMsg[2][sub][220]_i_51_n_0
                         CARRY8 (Prop_CARRY8_DI[0]_O[5])
                                                      0.313     1.406 r  preproc_inst/composer_etip_inst/EtipMsg_reg[2][sub][220]_i_39/O[5]
                         net (fo=2, unplaced)         0.155     1.561    preproc_inst/composer_etip_inst/msg_id_next2[5]
                         LUT2 (Prop_LUT2_I0_O)        0.135     1.696 r  preproc_inst/composer_etip_inst/EtipMsg[2][sub][220]_i_25/O
                         net (fo=1, unplaced)         0.228     1.924    ct_cs_cpuif_wb_inst/genRdlCsr.ct_cs_cpuif_inst/EtipMsg_reg[2][sub][220]_i_12_0[2]
                         CARRY8 (Prop_CARRY8_DI[2]_CO[7])
                                                      0.166     2.090 r  ct_cs_cpuif_wb_inst/genRdlCsr.ct_cs_cpuif_inst/EtipMsg_reg[2][sub][220]_i_15/CO[7]
                         net (fo=1, unplaced)         0.006     2.096    ct_cs_cpuif_wb_inst/genRdlCsr.ct_cs_cpuif_inst/EtipMsg_reg[2][sub][220]_i_15_n_0
                         CARRY8 (Prop_CARRY8_CI_CO[1])
                                                      0.059     2.155 r  ct_cs_cpuif_wb_inst/genRdlCsr.ct_cs_cpuif_inst/EtipMsg_reg[2][sub][220]_i_12/CO[1]
                         net (fo=59, unplaced)        0.282     2.437    preproc_inst/composer_etip_inst/CO[0]
                         LUT5 (Prop_LUT5_I1_O)        0.092     2.529 f  preproc_inst/composer_etip_inst/EtipMsg[1][sub][148]_i_6/O
                         net (fo=16, unplaced)        0.255     2.784    preproc_inst/composer_etip_inst/ResumeHold_reg_11
                         LUT2 (Prop_LUT2_I0_O)        0.058     2.842 r  preproc_inst/composer_etip_inst/EtipMsg[1][sub][222]_i_10/O
                         net (fo=1, unplaced)         0.211     3.053    preproc_inst/tip_delay_inst/genEtipSerial.SkidQ[3][sub][224]_i_24
                         LUT6 (Prop_LUT6_I4_O)        0.058     3.111 r  preproc_inst/tip_delay_inst/EtipMsg[1][sub][222]_i_8/O
                         net (fo=36, unplaced)        0.273     3.384    preproc_inst/tip_delay_inst/ResumeHold_reg_5
                         LUT4 (Prop_LUT4_I0_O)        0.058     3.442 r  preproc_inst/tip_delay_inst/genEtipSerial.SkidQ[3][sub][224]_i_27/O
                         net (fo=3, unplaced)         0.217     3.659    preproc_inst/tip_delay_inst/genEtipSerial.SkidQ[3][sub][224]_i_27_n_0
                         LUT6 (Prop_LUT6_I3_O)        0.058     3.717 r  preproc_inst/tip_delay_inst/genEtipSerial.SkidQ[3][sub][224]_i_17/O
                         net (fo=12, unplaced)        0.248     3.965    preproc_inst/composer_etip_inst/genEtipSerial.etip_ovf_injector/genEtipSerial.SkidQ_reg[3][ts][0]_0
                         LUT6 (Prop_LUT6_I5_O)        0.058     4.023 f  preproc_inst/composer_etip_inst/genEtipSerial.etip_ovf_injector/PendingCfNextIaddr_i_6/O
                         net (fo=3, unplaced)         0.217     4.240    preproc_inst/composer_etip_inst/genEtipSerial.etip_ovf_injector/PendingCfNextIaddr_i_6_n_0
                         LUT6 (Prop_LUT6_I3_O)        0.058     4.298 f  preproc_inst/composer_etip_inst/genEtipSerial.etip_ovf_injector/PendingCfNextIaddr_i_2/O
                         net (fo=15, unplaced)        0.253     4.551    preproc_inst/tip_delay_inst/pending_cf_next_iaddr_next10_out
                         LUT5 (Prop_LUT5_I1_O)        0.092     4.643 f  preproc_inst/tip_delay_inst/genEtipSerial.SkidQ[3][sub][224]_i_20/O
                         net (fo=3, unplaced)         0.217     4.860    preproc_inst/composer_etip_inst/genEtipSerial.etip_ovf_injector/genEtipSerial.SkidQ_reg[3][ts][0]
                         LUT2 (Prop_LUT2_I1_O)        0.092     4.952 r  preproc_inst/composer_etip_inst/genEtipSerial.etip_ovf_injector/genEtipSerial.SkidQ[3][sub][224]_i_7/O
                         net (fo=6, unplaced)         0.233     5.185    preproc_inst/composer_etip_inst/genEtipSerial.etip_ovf_injector/p_117_out
                         LUT6 (Prop_LUT6_I5_O)        0.058     5.243 r  preproc_inst/composer_etip_inst/genEtipSerial.etip_ovf_injector/genEtipSerial.SkidQ[0][sub][224]_i_3/O
                         net (fo=289, unplaced)       0.321     5.564    preproc_inst/composer_etip_inst/genEtipSerial.etip_ovf_injector/genEtipSerial.SkidQ[0][sub][224]_i_3_n_0
                         LUT3 (Prop_LUT3_I1_O)        0.058     5.622 r  preproc_inst/composer_etip_inst/genEtipSerial.etip_ovf_injector/genEtipSerial.SkidQ[0][sub][224]_i_1/O
                         net (fo=291, unplaced)       0.279     5.901    preproc_inst/composer_etip_inst/genEtipSerial.SkidQ
                         FDRE                                         r  preproc_inst/composer_etip_inst/genEtipSerial.SkidQ_reg[0][sub][102]/CE
  -------------------------------------------------------------------    -------------------

                         (clock tip_clk rise edge)   13.333    13.333 r  
                                                      0.000    13.333 r  tip_clk (IN)
                         net (fo=7753, unset)         0.029    13.362    preproc_inst/composer_etip_inst/tip_clk
                         FDRE                                         r  preproc_inst/composer_etip_inst/genEtipSerial.SkidQ_reg[0][sub][102]/C
                         clock pessimism              0.000    13.362    
                         clock uncertainty           -0.035    13.327    
                         FDRE (Setup_FDRE_C_CE)      -0.079    13.248    preproc_inst/composer_etip_inst/genEtipSerial.SkidQ_reg[0][sub][102]
  -------------------------------------------------------------------
                         required time                         13.248    
                         arrival time                          -5.901    
  -------------------------------------------------------------------
                         slack                                  7.347    





Pulse Width Checks
--------------------------------------------------------------------------------------
Clock Name:         tip_clk
Waveform(ns):       { 0.000 6.667 }
Period(ns):         13.333
Sources:            { tip_clk }

Check Type        Corner  Lib Pin             Reference Pin  Required(ns)  Actual(ns)  Slack(ns)  Location  Pin
Min Period        n/a     RAMB36E2/CLKARDCLK  n/a            1.960         13.333      11.373               preproc_inst/composer_etip_inst/genEtipSerial.etip_cvs_cdc_fifo/cvs_fifo2_inst/fifo/fifo/genRegular.blkMemory.Mem_reg_0/CLKARDCLK
Min Period        n/a     RAMB36E2/CLKBWRCLK  n/a            1.960         13.333      11.373               preproc_inst/composer_etip_inst/genEtipSerial.etip_cvs_cdc_fifo/cvs_fifo2_inst/fifo/fifo/genRegular.blkMemory.Mem_reg_0/CLKBWRCLK
Min Period        n/a     RAMB36E2/CLKARDCLK  n/a            1.960         13.333      11.373               preproc_inst/composer_etip_inst/genEtipSerial.etip_cvs_cdc_fifo/cvs_fifo2_inst/fifo/fifo/genRegular.blkMemory.Mem_reg_1/CLKARDCLK
Min Period        n/a     RAMB36E2/CLKBWRCLK  n/a            1.960         13.333      11.373               preproc_inst/composer_etip_inst/genEtipSerial.etip_cvs_cdc_fifo/cvs_fifo2_inst/fifo/fifo/genRegular.blkMemory.Mem_reg_1/CLKBWRCLK
Min Period        n/a     RAMB36E2/CLKARDCLK  n/a            1.960         13.333      11.373               preproc_inst/composer_etip_inst/genEtipSerial.etip_cvs_cdc_fifo/cvs_fifo2_inst/fifo/fifo/genRegular.blkMemory.Mem_reg_2/CLKARDCLK
Low Pulse Width   Slow    SRL16E/CLK          n/a            0.762         6.667       5.905                preproc_inst/ItaPipe_reg[14]_srl14___preproc_inst_tip_delay_inst_TipPipe_reg_r_12/CLK
Low Pulse Width   Fast    SRL16E/CLK          n/a            0.762         6.667       5.905                preproc_inst/ItaPipe_reg[14]_srl14___preproc_inst_tip_delay_inst_TipPipe_reg_r_12/CLK
Low Pulse Width   Slow    SRL16E/CLK          n/a            0.762         6.667       5.905                preproc_inst/genDtaPipe.DtaPipe_reg[13]_srl14___preproc_inst_tip_delay_inst_TipPipe_reg_r_12/CLK
Low Pulse Width   Fast    SRL16E/CLK          n/a            0.762         6.667       5.905                preproc_inst/genDtaPipe.DtaPipe_reg[13]_srl14___preproc_inst_tip_delay_inst_TipPipe_reg_r_12/CLK
Low Pulse Width   Slow    SRL16E/CLK          n/a            0.762         6.667       5.905                preproc_inst/genAct.act_cap_inst/CmdPipe_reg[14][Cmd][value][0]_srl14/CLK
High Pulse Width  Slow    SRL16E/CLK          n/a            0.762         6.667       5.905                preproc_inst/ItaPipe_reg[14]_srl14___preproc_inst_tip_delay_inst_TipPipe_reg_r_12/CLK
High Pulse Width  Fast    SRL16E/CLK          n/a            0.762         6.667       5.905                preproc_inst/ItaPipe_reg[14]_srl14___preproc_inst_tip_delay_inst_TipPipe_reg_r_12/CLK
High Pulse Width  Slow    SRL16E/CLK          n/a            0.762         6.667       5.905                preproc_inst/genDtaPipe.DtaPipe_reg[13]_srl14___preproc_inst_tip_delay_inst_TipPipe_reg_r_12/CLK
High Pulse Width  Fast    SRL16E/CLK          n/a            0.762         6.667       5.905                preproc_inst/genDtaPipe.DtaPipe_reg[13]_srl14___preproc_inst_tip_delay_inst_TipPipe_reg_r_12/CLK
High Pulse Width  Slow    SRL16E/CLK          n/a            0.762         6.667       5.905                preproc_inst/genAct.act_cap_inst/CmdPipe_reg[14][Cmd][value][0]_srl14/CLK



---------------------------------------------------------------------------------------------------
From Clock:  wall_clk
  To Clock:  wall_clk

Setup :            0  Failing Endpoints,  Worst Slack       11.749ns,  Total Violation        0.000ns
Hold  :           NA  Failing Endpoints,  Worst Slack           NA  ,  Total Violation           NA
PW    :            0  Failing Endpoints,  Worst Slack        6.391ns,  Total Violation        0.000ns
---------------------------------------------------------------------------------------------------


Max Delay Paths
--------------------------------------------------------------------------------------
Slack (MET) :             11.749ns  (required time - arrival time)
  Source:                 preproc_inst/sync_inst/counter_wallclk_inst/Count_reg[5]/C
                            (rising edge-triggered cell FDRE clocked by wall_clk  {rise@0.000ns fall@6.667ns period=13.333ns})
  Destination:            preproc_inst/sync_inst/counter_wallclk_inst/Count_reg[20]/D
                            (rising edge-triggered cell FDRE clocked by wall_clk  {rise@0.000ns fall@6.667ns period=13.333ns})
  Path Group:             wall_clk
  Path Type:              Setup (Max at Slow Process Corner)
  Requirement:            13.333ns  (wall_clk rise@13.333ns - wall_clk rise@0.000ns)
  Data Path Delay:        1.581ns  (logic 0.907ns (57.369%)  route 0.674ns (42.631%))
  Logic Levels:           5  (CARRY8=3 LUT4=1 LUT6=1)
  Clock Path Skew:        -0.012ns (DCD - SCD + CPR)
    Destination Clock Delay (DCD):    0.029ns = ( 13.362 - 13.333 ) 
    Source Clock Delay      (SCD):    0.041ns
    Clock Pessimism Removal (CPR):    0.000ns
  Clock Uncertainty:      0.035ns  ((TSJ^2 + TIJ^2)^1/2 + DJ) / 2 + PE
    Total System Jitter     (TSJ):    0.071ns
    Total Input Jitter      (TIJ):    0.000ns
    Discrete Jitter          (DJ):    0.000ns
    Phase Error              (PE):    0.000ns

    Location             Delay type                Incr(ns)  Path(ns)    Netlist Resource(s)
  -------------------------------------------------------------------    -------------------
                         (clock wall_clk rise edge)
                                                      0.000     0.000 r  
                                                      0.000     0.000 r  wall_clk (IN)
                         net (fo=31, unset)           0.041     0.041    preproc_inst/sync_inst/counter_wallclk_inst/wall_clk
                         FDRE                                         r  preproc_inst/sync_inst/counter_wallclk_inst/Count_reg[5]/C
  -------------------------------------------------------------------    -------------------
                         FDRE (Prop_FDRE_C_Q)         0.114     0.155 r  preproc_inst/sync_inst/counter_wallclk_inst/Count_reg[5]/Q
                         net (fo=2, unplaced)         0.164     0.319    preproc_inst/sync_inst/counter_wallclk_inst/Count_reg_n_0_[5]
                         CARRY8 (Prop_CARRY8_S[4]_CO[7])
                                                      0.240     0.559 r  preproc_inst/sync_inst/counter_wallclk_inst/OverflowN1_inferred__0/i__carry/CO[7]
                         net (fo=1, unplaced)         0.006     0.565    preproc_inst/sync_inst/counter_wallclk_inst/OverflowN1_inferred__0/i__carry_n_0
                         CARRY8 (Prop_CARRY8_CI_O[2])
                                                      0.093     0.658 r  preproc_inst/sync_inst/counter_wallclk_inst/OverflowN1_inferred__0/i__carry__0/O[2]
                         net (fo=2, unplaced)         0.214     0.872    preproc_inst/sync_inst/counter_wallclk_inst/OverflowN1_inferred__0/i__carry__0_n_13
                         LUT6 (Prop_LUT6_I0_O)        0.136     1.008 r  preproc_inst/sync_inst/counter_wallclk_inst/OverflowN0_carry_i_4/O
                         net (fo=1, unplaced)         0.021     1.029    preproc_inst/sync_inst/counter_wallclk_inst/OverflowN0_carry_i_4_n_0
                         CARRY8 (Prop_CARRY8_S[3]_CO[6])
                                                      0.232     1.261 f  preproc_inst/sync_inst/counter_wallclk_inst/OverflowN0_carry/CO[6]
                         net (fo=22, unplaced)        0.202     1.463    preproc_inst/sync_inst/counter_wallclk_inst/OverflowN0_carry_n_1
                         LUT4 (Prop_LUT4_I2_O)        0.092     1.555 r  preproc_inst/sync_inst/counter_wallclk_inst/Count[20]_i_2/O
                         net (fo=1, unplaced)         0.067     1.622    preproc_inst/sync_inst/counter_wallclk_inst/Count[20]_i_2_n_0
                         FDRE                                         r  preproc_inst/sync_inst/counter_wallclk_inst/Count_reg[20]/D
  -------------------------------------------------------------------    -------------------

                         (clock wall_clk rise edge)
                                                     13.333    13.333 r  
                                                      0.000    13.333 r  wall_clk (IN)
                         net (fo=31, unset)           0.029    13.362    preproc_inst/sync_inst/counter_wallclk_inst/wall_clk
                         FDRE                                         r  preproc_inst/sync_inst/counter_wallclk_inst/Count_reg[20]/C
                         clock pessimism              0.000    13.362    
                         clock uncertainty           -0.035    13.327    
                         FDRE (Setup_FDRE_C_D)        0.044    13.371    preproc_inst/sync_inst/counter_wallclk_inst/Count_reg[20]
  -------------------------------------------------------------------
                         required time                         13.371    
                         arrival time                          -1.622    
  -------------------------------------------------------------------
                         slack                                 11.749    

Slack (MET) :             11.749ns  (required time - arrival time)
  Source:                 preproc_inst/sync_inst/counter_wallclk_inst/Count_reg[5]/C
                            (rising edge-triggered cell FDRE clocked by wall_clk  {rise@0.000ns fall@6.667ns period=13.333ns})
  Destination:            preproc_inst/sync_inst/counter_wallclk_inst/Overflow_reg/D
                            (rising edge-triggered cell FDRE clocked by wall_clk  {rise@0.000ns fall@6.667ns period=13.333ns})
  Path Group:             wall_clk
  Path Type:              Setup (Max at Slow Process Corner)
  Requirement:            13.333ns  (wall_clk rise@13.333ns - wall_clk rise@0.000ns)
  Data Path Delay:        1.581ns  (logic 0.907ns (57.369%)  route 0.674ns (42.631%))
  Logic Levels:           5  (CARRY8=3 LUT2=1 LUT6=1)
  Clock Path Skew:        -0.012ns (DCD - SCD + CPR)
    Destination Clock Delay (DCD):    0.029ns = ( 13.362 - 13.333 ) 
    Source Clock Delay      (SCD):    0.041ns
    Clock Pessimism Removal (CPR):    0.000ns
  Clock Uncertainty:      0.035ns  ((TSJ^2 + TIJ^2)^1/2 + DJ) / 2 + PE
    Total System Jitter     (TSJ):    0.071ns
    Total Input Jitter      (TIJ):    0.000ns
    Discrete Jitter          (DJ):    0.000ns
    Phase Error              (PE):    0.000ns

    Location             Delay type                Incr(ns)  Path(ns)    Netlist Resource(s)
  -------------------------------------------------------------------    -------------------
                         (clock wall_clk rise edge)
                                                      0.000     0.000 r  
                                                      0.000     0.000 r  wall_clk (IN)
                         net (fo=31, unset)           0.041     0.041    preproc_inst/sync_inst/counter_wallclk_inst/wall_clk
                         FDRE                                         r  preproc_inst/sync_inst/counter_wallclk_inst/Count_reg[5]/C
  -------------------------------------------------------------------    -------------------
                         FDRE (Prop_FDRE_C_Q)         0.114     0.155 r  preproc_inst/sync_inst/counter_wallclk_inst/Count_reg[5]/Q
                         net (fo=2, unplaced)         0.164     0.319    preproc_inst/sync_inst/counter_wallclk_inst/Count_reg_n_0_[5]
                         CARRY8 (Prop_CARRY8_S[4]_CO[7])
                                                      0.240     0.559 r  preproc_inst/sync_inst/counter_wallclk_inst/OverflowN1_inferred__0/i__carry/CO[7]
                         net (fo=1, unplaced)         0.006     0.565    preproc_inst/sync_inst/counter_wallclk_inst/OverflowN1_inferred__0/i__carry_n_0
                         CARRY8 (Prop_CARRY8_CI_O[2])
                                                      0.093     0.658 r  preproc_inst/sync_inst/counter_wallclk_inst/OverflowN1_inferred__0/i__carry__0/O[2]
                         net (fo=2, unplaced)         0.214     0.872    preproc_inst/sync_inst/counter_wallclk_inst/OverflowN1_inferred__0/i__carry__0_n_13
                         LUT6 (Prop_LUT6_I0_O)        0.136     1.008 r  preproc_inst/sync_inst/counter_wallclk_inst/OverflowN0_carry_i_4/O
                         net (fo=1, unplaced)         0.021     1.029    preproc_inst/sync_inst/counter_wallclk_inst/OverflowN0_carry_i_4_n_0
                         CARRY8 (Prop_CARRY8_S[3]_CO[6])
                                                      0.232     1.261 r  preproc_inst/sync_inst/counter_wallclk_inst/OverflowN0_carry/CO[6]
                         net (fo=22, unplaced)        0.202     1.463    preproc_inst/sync_inst/counter_wallclk_inst/OverflowN0_carry_n_1
                         LUT2 (Prop_LUT2_I1_O)        0.092     1.555 r  preproc_inst/sync_inst/counter_wallclk_inst/Overflow_i_1__32/O
                         net (fo=1, unplaced)         0.067     1.622    preproc_inst/sync_inst/counter_wallclk_inst/Overflow_i_1__32_n_0
                         FDRE                                         r  preproc_inst/sync_inst/counter_wallclk_inst/Overflow_reg/D
  -------------------------------------------------------------------    -------------------

                         (clock wall_clk rise edge)
                                                     13.333    13.333 r  
                                                      0.000    13.333 r  wall_clk (IN)
                         net (fo=31, unset)           0.029    13.362    preproc_inst/sync_inst/counter_wallclk_inst/wall_clk
                         FDRE                                         r  preproc_inst/sync_inst/counter_wallclk_inst/Overflow_reg/C
                         clock pessimism              0.000    13.362    
                         clock uncertainty           -0.035    13.327    
                         FDRE (Setup_FDRE_C_D)        0.044    13.371    preproc_inst/sync_inst/counter_wallclk_inst/Overflow_reg
  -------------------------------------------------------------------
                         required time                         13.371    
                         arrival time                          -1.622    
  -------------------------------------------------------------------
                         slack                                 11.749    

Slack (MET) :             11.783ns  (required time - arrival time)
  Source:                 preproc_inst/sync_inst/counter_wallclk_inst/Count_reg[5]/C
                            (rising edge-triggered cell FDRE clocked by wall_clk  {rise@0.000ns fall@6.667ns period=13.333ns})
  Destination:            preproc_inst/sync_inst/counter_wallclk_inst/Count_reg[0]/D
                            (rising edge-triggered cell FDRE clocked by wall_clk  {rise@0.000ns fall@6.667ns period=13.333ns})
  Path Group:             wall_clk
  Path Type:              Setup (Max at Slow Process Corner)
  Requirement:            13.333ns  (wall_clk rise@13.333ns - wall_clk rise@0.000ns)
  Data Path Delay:        1.547ns  (logic 0.873ns (56.432%)  route 0.674ns (43.568%))
  Logic Levels:           5  (CARRY8=3 LUT3=1 LUT6=1)
  Clock Path Skew:        -0.012ns (DCD - SCD + CPR)
    Destination Clock Delay (DCD):    0.029ns = ( 13.362 - 13.333 ) 
    Source Clock Delay      (SCD):    0.041ns
    Clock Pessimism Removal (CPR):    0.000ns
  Clock Uncertainty:      0.035ns  ((TSJ^2 + TIJ^2)^1/2 + DJ) / 2 + PE
    Total System Jitter     (TSJ):    0.071ns
    Total Input Jitter      (TIJ):    0.000ns
    Discrete Jitter          (DJ):    0.000ns
    Phase Error              (PE):    0.000ns

    Location             Delay type                Incr(ns)  Path(ns)    Netlist Resource(s)
  -------------------------------------------------------------------    -------------------
                         (clock wall_clk rise edge)
                                                      0.000     0.000 r  
                                                      0.000     0.000 r  wall_clk (IN)
                         net (fo=31, unset)           0.041     0.041    preproc_inst/sync_inst/counter_wallclk_inst/wall_clk
                         FDRE                                         r  preproc_inst/sync_inst/counter_wallclk_inst/Count_reg[5]/C
  -------------------------------------------------------------------    -------------------
                         FDRE (Prop_FDRE_C_Q)         0.114     0.155 r  preproc_inst/sync_inst/counter_wallclk_inst/Count_reg[5]/Q
                         net (fo=2, unplaced)         0.164     0.319    preproc_inst/sync_inst/counter_wallclk_inst/Count_reg_n_0_[5]
                         CARRY8 (Prop_CARRY8_S[4]_CO[7])
                                                      0.240     0.559 r  preproc_inst/sync_inst/counter_wallclk_inst/OverflowN1_inferred__0/i__carry/CO[7]
                         net (fo=1, unplaced)         0.006     0.565    preproc_inst/sync_inst/counter_wallclk_inst/OverflowN1_inferred__0/i__carry_n_0
                         CARRY8 (Prop_CARRY8_CI_O[2])
                                                      0.093     0.658 r  preproc_inst/sync_inst/counter_wallclk_inst/OverflowN1_inferred__0/i__carry__0/O[2]
                         net (fo=2, unplaced)         0.214     0.872    preproc_inst/sync_inst/counter_wallclk_inst/OverflowN1_inferred__0/i__carry__0_n_13
                         LUT6 (Prop_LUT6_I0_O)        0.136     1.008 r  preproc_inst/sync_inst/counter_wallclk_inst/OverflowN0_carry_i_4/O
                         net (fo=1, unplaced)         0.021     1.029    preproc_inst/sync_inst/counter_wallclk_inst/OverflowN0_carry_i_4_n_0
                         CARRY8 (Prop_CARRY8_S[3]_CO[6])
                                                      0.232     1.261 f  preproc_inst/sync_inst/counter_wallclk_inst/OverflowN0_carry/CO[6]
                         net (fo=22, unplaced)        0.202     1.463    preproc_inst/sync_inst/counter_wallclk_inst/OverflowN0_carry_n_1
                         LUT3 (Prop_LUT3_I0_O)        0.058     1.521 r  preproc_inst/sync_inst/counter_wallclk_inst/Count[0]_i_1__34/O
                         net (fo=1, unplaced)         0.067     1.588    preproc_inst/sync_inst/counter_wallclk_inst/Count[0]_i_1__34_n_0
                         FDRE                                         r  preproc_inst/sync_inst/counter_wallclk_inst/Count_reg[0]/D
  -------------------------------------------------------------------    -------------------

                         (clock wall_clk rise edge)
                                                     13.333    13.333 r  
                                                      0.000    13.333 r  wall_clk (IN)
                         net (fo=31, unset)           0.029    13.362    preproc_inst/sync_inst/counter_wallclk_inst/wall_clk
                         FDRE                                         r  preproc_inst/sync_inst/counter_wallclk_inst/Count_reg[0]/C
                         clock pessimism              0.000    13.362    
                         clock uncertainty           -0.035    13.327    
                         FDRE (Setup_FDRE_C_D)        0.044    13.371    preproc_inst/sync_inst/counter_wallclk_inst/Count_reg[0]
  -------------------------------------------------------------------
                         required time                         13.371    
                         arrival time                          -1.588    
  -------------------------------------------------------------------
                         slack                                 11.783    

Slack (MET) :             11.783ns  (required time - arrival time)
  Source:                 preproc_inst/sync_inst/counter_wallclk_inst/Count_reg[5]/C
                            (rising edge-triggered cell FDRE clocked by wall_clk  {rise@0.000ns fall@6.667ns period=13.333ns})
  Destination:            preproc_inst/sync_inst/counter_wallclk_inst/Count_reg[10]/D
                            (rising edge-triggered cell FDRE clocked by wall_clk  {rise@0.000ns fall@6.667ns period=13.333ns})
  Path Group:             wall_clk
  Path Type:              Setup (Max at Slow Process Corner)
  Requirement:            13.333ns  (wall_clk rise@13.333ns - wall_clk rise@0.000ns)
  Data Path Delay:        1.547ns  (logic 0.873ns (56.432%)  route 0.674ns (43.568%))
  Logic Levels:           5  (CARRY8=3 LUT5=1 LUT6=1)
  Clock Path Skew:        -0.012ns (DCD - SCD + CPR)
    Destination Clock Delay (DCD):    0.029ns = ( 13.362 - 13.333 ) 
    Source Clock Delay      (SCD):    0.041ns
    Clock Pessimism Removal (CPR):    0.000ns
  Clock Uncertainty:      0.035ns  ((TSJ^2 + TIJ^2)^1/2 + DJ) / 2 + PE
    Total System Jitter     (TSJ):    0.071ns
    Total Input Jitter      (TIJ):    0.000ns
    Discrete Jitter          (DJ):    0.000ns
    Phase Error              (PE):    0.000ns

    Location             Delay type                Incr(ns)  Path(ns)    Netlist Resource(s)
  -------------------------------------------------------------------    -------------------
                         (clock wall_clk rise edge)
                                                      0.000     0.000 r  
                                                      0.000     0.000 r  wall_clk (IN)
                         net (fo=31, unset)           0.041     0.041    preproc_inst/sync_inst/counter_wallclk_inst/wall_clk
                         FDRE                                         r  preproc_inst/sync_inst/counter_wallclk_inst/Count_reg[5]/C
  -------------------------------------------------------------------    -------------------
                         FDRE (Prop_FDRE_C_Q)         0.114     0.155 r  preproc_inst/sync_inst/counter_wallclk_inst/Count_reg[5]/Q
                         net (fo=2, unplaced)         0.164     0.319    preproc_inst/sync_inst/counter_wallclk_inst/Count_reg_n_0_[5]
                         CARRY8 (Prop_CARRY8_S[4]_CO[7])
                                                      0.240     0.559 r  preproc_inst/sync_inst/counter_wallclk_inst/OverflowN1_inferred__0/i__carry/CO[7]
                         net (fo=1, unplaced)         0.006     0.565    preproc_inst/sync_inst/counter_wallclk_inst/OverflowN1_inferred__0/i__carry_n_0
                         CARRY8 (Prop_CARRY8_CI_O[2])
                                                      0.093     0.658 r  preproc_inst/sync_inst/counter_wallclk_inst/OverflowN1_inferred__0/i__carry__0/O[2]
                         net (fo=2, unplaced)         0.214     0.872    preproc_inst/sync_inst/counter_wallclk_inst/OverflowN1_inferred__0/i__carry__0_n_13
                         LUT6 (Prop_LUT6_I0_O)        0.136     1.008 r  preproc_inst/sync_inst/counter_wallclk_inst/OverflowN0_carry_i_4/O
                         net (fo=1, unplaced)         0.021     1.029    preproc_inst/sync_inst/counter_wallclk_inst/OverflowN0_carry_i_4_n_0
                         CARRY8 (Prop_CARRY8_S[3]_CO[6])
                                                      0.232     1.261 r  preproc_inst/sync_inst/counter_wallclk_inst/OverflowN0_carry/CO[6]
                         net (fo=22, unplaced)        0.202     1.463    preproc_inst/sync_inst/counter_wallclk_inst/OverflowN0_carry_n_1
                         LUT5 (Prop_LUT5_I3_O)        0.058     1.521 r  preproc_inst/sync_inst/counter_wallclk_inst/Count[10]_i_1__0/O
                         net (fo=1, unplaced)         0.067     1.588    preproc_inst/sync_inst/counter_wallclk_inst/Count[10]_i_1__0_n_0
                         FDRE                                         r  preproc_inst/sync_inst/counter_wallclk_inst/Count_reg[10]/D
  -------------------------------------------------------------------    -------------------

                         (clock wall_clk rise edge)
                                                     13.333    13.333 r  
                                                      0.000    13.333 r  wall_clk (IN)
                         net (fo=31, unset)           0.029    13.362    preproc_inst/sync_inst/counter_wallclk_inst/wall_clk
                         FDRE                                         r  preproc_inst/sync_inst/counter_wallclk_inst/Count_reg[10]/C
                         clock pessimism              0.000    13.362    
                         clock uncertainty           -0.035    13.327    
                         FDRE (Setup_FDRE_C_D)        0.044    13.371    preproc_inst/sync_inst/counter_wallclk_inst/Count_reg[10]
  -------------------------------------------------------------------
                         required time                         13.371    
                         arrival time                          -1.588    
  -------------------------------------------------------------------
                         slack                                 11.783    

Slack (MET) :             11.783ns  (required time - arrival time)
  Source:                 preproc_inst/sync_inst/counter_wallclk_inst/Count_reg[5]/C
                            (rising edge-triggered cell FDRE clocked by wall_clk  {rise@0.000ns fall@6.667ns period=13.333ns})
  Destination:            preproc_inst/sync_inst/counter_wallclk_inst/Count_reg[11]/D
                            (rising edge-triggered cell FDRE clocked by wall_clk  {rise@0.000ns fall@6.667ns period=13.333ns})
  Path Group:             wall_clk
  Path Type:              Setup (Max at Slow Process Corner)
  Requirement:            13.333ns  (wall_clk rise@13.333ns - wall_clk rise@0.000ns)
  Data Path Delay:        1.547ns  (logic 0.873ns (56.432%)  route 0.674ns (43.568%))
  Logic Levels:           5  (CARRY8=3 LUT5=1 LUT6=1)
  Clock Path Skew:        -0.012ns (DCD - SCD + CPR)
    Destination Clock Delay (DCD):    0.029ns = ( 13.362 - 13.333 ) 
    Source Clock Delay      (SCD):    0.041ns
    Clock Pessimism Removal (CPR):    0.000ns
  Clock Uncertainty:      0.035ns  ((TSJ^2 + TIJ^2)^1/2 + DJ) / 2 + PE
    Total System Jitter     (TSJ):    0.071ns
    Total Input Jitter      (TIJ):    0.000ns
    Discrete Jitter          (DJ):    0.000ns
    Phase Error              (PE):    0.000ns

    Location             Delay type                Incr(ns)  Path(ns)    Netlist Resource(s)
  -------------------------------------------------------------------    -------------------
                         (clock wall_clk rise edge)
                                                      0.000     0.000 r  
                                                      0.000     0.000 r  wall_clk (IN)
                         net (fo=31, unset)           0.041     0.041    preproc_inst/sync_inst/counter_wallclk_inst/wall_clk
                         FDRE                                         r  preproc_inst/sync_inst/counter_wallclk_inst/Count_reg[5]/C
  -------------------------------------------------------------------    -------------------
                         FDRE (Prop_FDRE_C_Q)         0.114     0.155 r  preproc_inst/sync_inst/counter_wallclk_inst/Count_reg[5]/Q
                         net (fo=2, unplaced)         0.164     0.319    preproc_inst/sync_inst/counter_wallclk_inst/Count_reg_n_0_[5]
                         CARRY8 (Prop_CARRY8_S[4]_CO[7])
                                                      0.240     0.559 r  preproc_inst/sync_inst/counter_wallclk_inst/OverflowN1_inferred__0/i__carry/CO[7]
                         net (fo=1, unplaced)         0.006     0.565    preproc_inst/sync_inst/counter_wallclk_inst/OverflowN1_inferred__0/i__carry_n_0
                         CARRY8 (Prop_CARRY8_CI_O[2])
                                                      0.093     0.658 r  preproc_inst/sync_inst/counter_wallclk_inst/OverflowN1_inferred__0/i__carry__0/O[2]
                         net (fo=2, unplaced)         0.214     0.872    preproc_inst/sync_inst/counter_wallclk_inst/OverflowN1_inferred__0/i__carry__0_n_13
                         LUT6 (Prop_LUT6_I0_O)        0.136     1.008 r  preproc_inst/sync_inst/counter_wallclk_inst/OverflowN0_carry_i_4/O
                         net (fo=1, unplaced)         0.021     1.029    preproc_inst/sync_inst/counter_wallclk_inst/OverflowN0_carry_i_4_n_0
                         CARRY8 (Prop_CARRY8_S[3]_CO[6])
                                                      0.232     1.261 r  preproc_inst/sync_inst/counter_wallclk_inst/OverflowN0_carry/CO[6]
                         net (fo=22, unplaced)        0.202     1.463    preproc_inst/sync_inst/counter_wallclk_inst/OverflowN0_carry_n_1
                         LUT5 (Prop_LUT5_I3_O)        0.058     1.521 r  preproc_inst/sync_inst/counter_wallclk_inst/Count[11]_i_1__0/O
                         net (fo=1, unplaced)         0.067     1.588    preproc_inst/sync_inst/counter_wallclk_inst/Count[11]_i_1__0_n_0
                         FDRE                                         r  preproc_inst/sync_inst/counter_wallclk_inst/Count_reg[11]/D
  -------------------------------------------------------------------    -------------------

                         (clock wall_clk rise edge)
                                                     13.333    13.333 r  
                                                      0.000    13.333 r  wall_clk (IN)
                         net (fo=31, unset)           0.029    13.362    preproc_inst/sync_inst/counter_wallclk_inst/wall_clk
                         FDRE                                         r  preproc_inst/sync_inst/counter_wallclk_inst/Count_reg[11]/C
                         clock pessimism              0.000    13.362    
                         clock uncertainty           -0.035    13.327    
                         FDRE (Setup_FDRE_C_D)        0.044    13.371    preproc_inst/sync_inst/counter_wallclk_inst/Count_reg[11]
  -------------------------------------------------------------------
                         required time                         13.371    
                         arrival time                          -1.588    
  -------------------------------------------------------------------
                         slack                                 11.783    





Pulse Width Checks
--------------------------------------------------------------------------------------
Clock Name:         wall_clk
Waveform(ns):       { 0.000 6.667 }
Period(ns):         13.333
Sources:            { wall_clk }

Check Type        Corner  Lib Pin  Reference Pin  Required(ns)  Actual(ns)  Slack(ns)  Location  Pin
Min Period        n/a     FDCE/C   n/a            0.550         13.333      12.783               preproc_inst/sync_inst/cnt_wall_clk_clr_cdc_inst/AckToggle_reg/C
Min Period        n/a     FDCE/C   n/a            0.550         13.333      12.783               preproc_inst/sync_inst/cnt_wall_clk_clr_cdc_inst/LastReq_reg/C
Min Period        n/a     FDCE/C   n/a            0.550         13.333      12.783               preproc_inst/sync_inst/cnt_wall_clk_clr_cdc_inst/QData_reg[0]/C
Min Period        n/a     FDCE/C   n/a            0.550         13.333      12.783               preproc_inst/sync_inst/cnt_wall_clk_clr_cdc_inst/ReqSync1_reg/C
Min Period        n/a     FDCE/C   n/a            0.550         13.333      12.783               preproc_inst/sync_inst/cnt_wall_clk_clr_cdc_inst/ReqSync2_reg/C
Low Pulse Width   Slow    FDCE/C   n/a            0.275         6.667       6.392                preproc_inst/sync_inst/cnt_wall_clk_clr_cdc_inst/AckToggle_reg/C
Low Pulse Width   Fast    FDCE/C   n/a            0.275         6.667       6.392                preproc_inst/sync_inst/cnt_wall_clk_clr_cdc_inst/AckToggle_reg/C
Low Pulse Width   Slow    FDCE/C   n/a            0.275         6.667       6.392                preproc_inst/sync_inst/cnt_wall_clk_clr_cdc_inst/LastReq_reg/C
Low Pulse Width   Fast    FDCE/C   n/a            0.275         6.667       6.392                preproc_inst/sync_inst/cnt_wall_clk_clr_cdc_inst/LastReq_reg/C
Low Pulse Width   Slow    FDCE/C   n/a            0.275         6.667       6.392                preproc_inst/sync_inst/cnt_wall_clk_clr_cdc_inst/QData_reg[0]/C
High Pulse Width  Slow    FDCE/C   n/a            0.275         6.667       6.392                preproc_inst/sync_inst/cnt_wall_clk_clr_cdc_inst/AckToggle_reg/C
High Pulse Width  Fast    FDCE/C   n/a            0.275         6.667       6.392                preproc_inst/sync_inst/cnt_wall_clk_clr_cdc_inst/AckToggle_reg/C
High Pulse Width  Slow    FDCE/C   n/a            0.275         6.667       6.392                preproc_inst/sync_inst/cnt_wall_clk_clr_cdc_inst/LastReq_reg/C
High Pulse Width  Fast    FDCE/C   n/a            0.275         6.667       6.392                preproc_inst/sync_inst/cnt_wall_clk_clr_cdc_inst/LastReq_reg/C
High Pulse Width  Slow    FDCE/C   n/a            0.275         6.667       6.392                preproc_inst/sync_inst/cnt_wall_clk_clr_cdc_inst/QData_reg[0]/C



---------------------------------------------------------------------------------------------------
From Clock:  wb_clk
  To Clock:  wb_clk

Setup :            0  Failing Endpoints,  Worst Slack       10.999ns,  Total Violation        0.000ns
Hold  :           NA  Failing Endpoints,  Worst Slack           NA  ,  Total Violation           NA
PW    :            0  Failing Endpoints,  Worst Slack        5.905ns,  Total Violation        0.000ns
---------------------------------------------------------------------------------------------------


Max Delay Paths
--------------------------------------------------------------------------------------
Slack (MET) :             10.999ns  (required time - arrival time)
  Source:                 ct_cs_cpuif_wb_inst/genRdlCsr.ct_cs_cpuif_inst/external_pending_reg/C
                            (rising edge-triggered cell FDRE clocked by wb_clk  {rise@0.000ns fall@6.667ns period=13.333ns})
  Destination:            ct_cs_cpuif_wb_inst/genRdlCsr.ct_cs_cpuif_inst/genblk1[7].field_storage_reg[te][trTeFilter][7][MatchChoiceEcauseHigh][Value][value][0]/CE
                            (rising edge-triggered cell FDRE clocked by wb_clk  {rise@0.000ns fall@6.667ns period=13.333ns})
  Path Group:             wb_clk
  Path Type:              Setup (Max at Slow Process Corner)
  Requirement:            13.333ns  (wb_clk rise@13.333ns - wb_clk rise@0.000ns)
  Data Path Delay:        2.208ns  (logic 0.564ns (25.543%)  route 1.644ns (74.457%))
  Logic Levels:           6  (LUT2=1 LUT3=2 LUT5=1 LUT6=2)
  Clock Path Skew:        -0.012ns (DCD - SCD + CPR)
    Destination Clock Delay (DCD):    0.029ns = ( 13.362 - 13.333 ) 
    Source Clock Delay      (SCD):    0.041ns
    Clock Pessimism Removal (CPR):    0.000ns
  Clock Uncertainty:      0.035ns  ((TSJ^2 + TIJ^2)^1/2 + DJ) / 2 + PE
    Total System Jitter     (TSJ):    0.071ns
    Total Input Jitter      (TIJ):    0.000ns
    Discrete Jitter          (DJ):    0.000ns
    Phase Error              (PE):    0.000ns

    Location             Delay type                Incr(ns)  Path(ns)    Netlist Resource(s)
  -------------------------------------------------------------------    -------------------
                         (clock wb_clk rise edge)     0.000     0.000 r  
                                                      0.000     0.000 r  wb_clk (IN)
                         net (fo=8433, unset)         0.041     0.041    ct_cs_cpuif_wb_inst/genRdlCsr.ct_cs_cpuif_inst/wb_clk
                         FDRE                                         r  ct_cs_cpuif_wb_inst/genRdlCsr.ct_cs_cpuif_inst/external_pending_reg/C
  -------------------------------------------------------------------    -------------------
                         FDRE (Prop_FDRE_C_Q)         0.114     0.155 f  ct_cs_cpuif_wb_inst/genRdlCsr.ct_cs_cpuif_inst/external_pending_reg/Q
                         net (fo=60, unplaced)        0.228     0.383    ct_cs_cpuif_wb_inst/genRdlCsr.ct_cs_cpuif_inst/external_pending_reg_n_0
                         LUT3 (Prop_LUT3_I2_O)        0.058     0.441 r  ct_cs_cpuif_wb_inst/genRdlCsr.ct_cs_cpuif_inst/wb\\.data_s2m[24]_INST_0_i_25/O
                         net (fo=45, unplaced)        0.278     0.719    ct_cs_cpuif_wb_inst/genRdlCsr.ct_cs_cpuif_inst/wb\\.data_s2m[24]_INST_0_i_25_n_0
                         LUT6 (Prop_LUT6_I3_O)        0.058     0.777 f  ct_cs_cpuif_wb_inst/genRdlCsr.ct_cs_cpuif_inst/genblk2[6].field_storage[te][trTeComp][6][SMatchHigh][Value][value][31]_i_4/O
                         net (fo=2, unplaced)         0.211     0.988    ct_cs_cpuif_wb_inst/genRdlCsr.ct_cs_cpuif_inst/genblk2[6].field_storage[te][trTeComp][6][SMatchHigh][Value][value][31]_i_4_n_0
                         LUT5 (Prop_LUT5_I1_O)        0.092     1.080 f  ct_cs_cpuif_wb_inst/genRdlCsr.ct_cs_cpuif_inst/genblk2[6].field_storage[te][trTeComp][6][SMatchHigh][Value][value][31]_i_3/O
                         net (fo=6, unplaced)         0.233     1.313    ct_cs_cpuif_wb_inst/genRdlCsr.ct_cs_cpuif_inst/genblk2[6].field_storage[te][trTeComp][6][SMatchHigh][Value][value][31]_i_3_n_0
                         LUT3 (Prop_LUT3_I2_O)        0.092     1.405 f  ct_cs_cpuif_wb_inst/genRdlCsr.ct_cs_cpuif_inst/genblk1[6].field_storage[te][trTeFilter][6][MatchChoiceData][Dtype][value][15]_i_3/O
                         net (fo=5, unplaced)         0.229     1.634    ct_cs_cpuif_wb_inst/genRdlCsr.ct_cs_cpuif_inst/genblk1[6].field_storage[te][trTeFilter][6][MatchChoiceData][Dtype][value][15]_i_3_n_0
                         LUT2 (Prop_LUT2_I0_O)        0.092     1.726 f  ct_cs_cpuif_wb_inst/genRdlCsr.ct_cs_cpuif_inst/genblk1[7].field_storage[te][trTeFilter][7][MatchChoiceData][Dtype][value][15]_i_3/O
                         net (fo=7, unplaced)         0.236     1.962    ct_cs_cpuif_wb_inst/genRdlCsr.ct_cs_cpuif_inst/genblk1[7].field_storage[te][trTeFilter][7][MatchChoiceData][Dtype][value][15]_i_3_n_0
                         LUT6 (Prop_LUT6_I3_O)        0.058     2.020 r  ct_cs_cpuif_wb_inst/genRdlCsr.ct_cs_cpuif_inst/genblk1[7].field_storage[te][trTeFilter][7][MatchChoiceEcauseHigh][Value][value][31]_i_1/O
                         net (fo=32, unplaced)        0.229     2.249    ct_cs_cpuif_wb_inst/genRdlCsr.ct_cs_cpuif_inst/field_combo[te][trTeFilter][7][MatchChoiceEcauseHigh][Value][load_next]
                         FDRE                                         r  ct_cs_cpuif_wb_inst/genRdlCsr.ct_cs_cpuif_inst/genblk1[7].field_storage_reg[te][trTeFilter][7][MatchChoiceEcauseHigh][Value][value][0]/CE
  -------------------------------------------------------------------    -------------------

                         (clock wb_clk rise edge)    13.333    13.333 r  
                                                      0.000    13.333 r  wb_clk (IN)
                         net (fo=8433, unset)         0.029    13.362    ct_cs_cpuif_wb_inst/genRdlCsr.ct_cs_cpuif_inst/wb_clk
                         FDRE                                         r  ct_cs_cpuif_wb_inst/genRdlCsr.ct_cs_cpuif_inst/genblk1[7].field_storage_reg[te][trTeFilter][7][MatchChoiceEcauseHigh][Value][value][0]/C
                         clock pessimism              0.000    13.362    
                         clock uncertainty           -0.035    13.327    
                         FDRE (Setup_FDRE_C_CE)      -0.079    13.248    ct_cs_cpuif_wb_inst/genRdlCsr.ct_cs_cpuif_inst/genblk1[7].field_storage_reg[te][trTeFilter][7][MatchChoiceEcauseHigh][Value][value][0]
  -------------------------------------------------------------------
                         required time                         13.248    
                         arrival time                          -2.249    
  -------------------------------------------------------------------
                         slack                                 10.999    

Slack (MET) :             10.999ns  (required time - arrival time)
  Source:                 ct_cs_cpuif_wb_inst/genRdlCsr.ct_cs_cpuif_inst/external_pending_reg/C
                            (rising edge-triggered cell FDRE clocked by wb_clk  {rise@0.000ns fall@6.667ns period=13.333ns})
  Destination:            ct_cs_cpuif_wb_inst/genRdlCsr.ct_cs_cpuif_inst/genblk1[7].field_storage_reg[te][trTeFilter][7][MatchChoiceEcauseHigh][Value][value][10]/CE
                            (rising edge-triggered cell FDRE clocked by wb_clk  {rise@0.000ns fall@6.667ns period=13.333ns})
  Path Group:             wb_clk
  Path Type:              Setup (Max at Slow Process Corner)
  Requirement:            13.333ns  (wb_clk rise@13.333ns - wb_clk rise@0.000ns)
  Data Path Delay:        2.208ns  (logic 0.564ns (25.543%)  route 1.644ns (74.457%))
  Logic Levels:           6  (LUT2=1 LUT3=2 LUT5=1 LUT6=2)
  Clock Path Skew:        -0.012ns (DCD - SCD + CPR)
    Destination Clock Delay (DCD):    0.029ns = ( 13.362 - 13.333 ) 
    Source Clock Delay      (SCD):    0.041ns
    Clock Pessimism Removal (CPR):    0.000ns
  Clock Uncertainty:      0.035ns  ((TSJ^2 + TIJ^2)^1/2 + DJ) / 2 + PE
    Total System Jitter     (TSJ):    0.071ns
    Total Input Jitter      (TIJ):    0.000ns
    Discrete Jitter          (DJ):    0.000ns
    Phase Error              (PE):    0.000ns

    Location             Delay type                Incr(ns)  Path(ns)    Netlist Resource(s)
  -------------------------------------------------------------------    -------------------
                         (clock wb_clk rise edge)     0.000     0.000 r  
                                                      0.000     0.000 r  wb_clk (IN)
                         net (fo=8433, unset)         0.041     0.041    ct_cs_cpuif_wb_inst/genRdlCsr.ct_cs_cpuif_inst/wb_clk
                         FDRE                                         r  ct_cs_cpuif_wb_inst/genRdlCsr.ct_cs_cpuif_inst/external_pending_reg/C
  -------------------------------------------------------------------    -------------------
                         FDRE (Prop_FDRE_C_Q)         0.114     0.155 f  ct_cs_cpuif_wb_inst/genRdlCsr.ct_cs_cpuif_inst/external_pending_reg/Q
                         net (fo=60, unplaced)        0.228     0.383    ct_cs_cpuif_wb_inst/genRdlCsr.ct_cs_cpuif_inst/external_pending_reg_n_0
                         LUT3 (Prop_LUT3_I2_O)        0.058     0.441 r  ct_cs_cpuif_wb_inst/genRdlCsr.ct_cs_cpuif_inst/wb\\.data_s2m[24]_INST_0_i_25/O
                         net (fo=45, unplaced)        0.278     0.719    ct_cs_cpuif_wb_inst/genRdlCsr.ct_cs_cpuif_inst/wb\\.data_s2m[24]_INST_0_i_25_n_0
                         LUT6 (Prop_LUT6_I3_O)        0.058     0.777 f  ct_cs_cpuif_wb_inst/genRdlCsr.ct_cs_cpuif_inst/genblk2[6].field_storage[te][trTeComp][6][SMatchHigh][Value][value][31]_i_4/O
                         net (fo=2, unplaced)         0.211     0.988    ct_cs_cpuif_wb_inst/genRdlCsr.ct_cs_cpuif_inst/genblk2[6].field_storage[te][trTeComp][6][SMatchHigh][Value][value][31]_i_4_n_0
                         LUT5 (Prop_LUT5_I1_O)        0.092     1.080 f  ct_cs_cpuif_wb_inst/genRdlCsr.ct_cs_cpuif_inst/genblk2[6].field_storage[te][trTeComp][6][SMatchHigh][Value][value][31]_i_3/O
                         net (fo=6, unplaced)         0.233     1.313    ct_cs_cpuif_wb_inst/genRdlCsr.ct_cs_cpuif_inst/genblk2[6].field_storage[te][trTeComp][6][SMatchHigh][Value][value][31]_i_3_n_0
                         LUT3 (Prop_LUT3_I2_O)        0.092     1.405 f  ct_cs_cpuif_wb_inst/genRdlCsr.ct_cs_cpuif_inst/genblk1[6].field_storage[te][trTeFilter][6][MatchChoiceData][Dtype][value][15]_i_3/O
                         net (fo=5, unplaced)         0.229     1.634    ct_cs_cpuif_wb_inst/genRdlCsr.ct_cs_cpuif_inst/genblk1[6].field_storage[te][trTeFilter][6][MatchChoiceData][Dtype][value][15]_i_3_n_0
                         LUT2 (Prop_LUT2_I0_O)        0.092     1.726 f  ct_cs_cpuif_wb_inst/genRdlCsr.ct_cs_cpuif_inst/genblk1[7].field_storage[te][trTeFilter][7][MatchChoiceData][Dtype][value][15]_i_3/O
                         net (fo=7, unplaced)         0.236     1.962    ct_cs_cpuif_wb_inst/genRdlCsr.ct_cs_cpuif_inst/genblk1[7].field_storage[te][trTeFilter][7][MatchChoiceData][Dtype][value][15]_i_3_n_0
                         LUT6 (Prop_LUT6_I3_O)        0.058     2.020 r  ct_cs_cpuif_wb_inst/genRdlCsr.ct_cs_cpuif_inst/genblk1[7].field_storage[te][trTeFilter][7][MatchChoiceEcauseHigh][Value][value][31]_i_1/O
                         net (fo=32, unplaced)        0.229     2.249    ct_cs_cpuif_wb_inst/genRdlCsr.ct_cs_cpuif_inst/field_combo[te][trTeFilter][7][MatchChoiceEcauseHigh][Value][load_next]
                         FDRE                                         r  ct_cs_cpuif_wb_inst/genRdlCsr.ct_cs_cpuif_inst/genblk1[7].field_storage_reg[te][trTeFilter][7][MatchChoiceEcauseHigh][Value][value][10]/CE
  -------------------------------------------------------------------    -------------------

                         (clock wb_clk rise edge)    13.333    13.333 r  
                                                      0.000    13.333 r  wb_clk (IN)
                         net (fo=8433, unset)         0.029    13.362    ct_cs_cpuif_wb_inst/genRdlCsr.ct_cs_cpuif_inst/wb_clk
                         FDRE                                         r  ct_cs_cpuif_wb_inst/genRdlCsr.ct_cs_cpuif_inst/genblk1[7].field_storage_reg[te][trTeFilter][7][MatchChoiceEcauseHigh][Value][value][10]/C
                         clock pessimism              0.000    13.362    
                         clock uncertainty           -0.035    13.327    
                         FDRE (Setup_FDRE_C_CE)      -0.079    13.248    ct_cs_cpuif_wb_inst/genRdlCsr.ct_cs_cpuif_inst/genblk1[7].field_storage_reg[te][trTeFilter][7][MatchChoiceEcauseHigh][Value][value][10]
  -------------------------------------------------------------------
                         required time                         13.248    
                         arrival time                          -2.249    
  -------------------------------------------------------------------
                         slack                                 10.999    

Slack (MET) :             10.999ns  (required time - arrival time)
  Source:                 ct_cs_cpuif_wb_inst/genRdlCsr.ct_cs_cpuif_inst/external_pending_reg/C
                            (rising edge-triggered cell FDRE clocked by wb_clk  {rise@0.000ns fall@6.667ns period=13.333ns})
  Destination:            ct_cs_cpuif_wb_inst/genRdlCsr.ct_cs_cpuif_inst/genblk1[7].field_storage_reg[te][trTeFilter][7][MatchChoiceEcauseHigh][Value][value][11]/CE
                            (rising edge-triggered cell FDRE clocked by wb_clk  {rise@0.000ns fall@6.667ns period=13.333ns})
  Path Group:             wb_clk
  Path Type:              Setup (Max at Slow Process Corner)
  Requirement:            13.333ns  (wb_clk rise@13.333ns - wb_clk rise@0.000ns)
  Data Path Delay:        2.208ns  (logic 0.564ns (25.543%)  route 1.644ns (74.457%))
  Logic Levels:           6  (LUT2=1 LUT3=2 LUT5=1 LUT6=2)
  Clock Path Skew:        -0.012ns (DCD - SCD + CPR)
    Destination Clock Delay (DCD):    0.029ns = ( 13.362 - 13.333 ) 
    Source Clock Delay      (SCD):    0.041ns
    Clock Pessimism Removal (CPR):    0.000ns
  Clock Uncertainty:      0.035ns  ((TSJ^2 + TIJ^2)^1/2 + DJ) / 2 + PE
    Total System Jitter     (TSJ):    0.071ns
    Total Input Jitter      (TIJ):    0.000ns
    Discrete Jitter          (DJ):    0.000ns
    Phase Error              (PE):    0.000ns

    Location             Delay type                Incr(ns)  Path(ns)    Netlist Resource(s)
  -------------------------------------------------------------------    -------------------
                         (clock wb_clk rise edge)     0.000     0.000 r  
                                                      0.000     0.000 r  wb_clk (IN)
                         net (fo=8433, unset)         0.041     0.041    ct_cs_cpuif_wb_inst/genRdlCsr.ct_cs_cpuif_inst/wb_clk
                         FDRE                                         r  ct_cs_cpuif_wb_inst/genRdlCsr.ct_cs_cpuif_inst/external_pending_reg/C
  -------------------------------------------------------------------    -------------------
                         FDRE (Prop_FDRE_C_Q)         0.114     0.155 f  ct_cs_cpuif_wb_inst/genRdlCsr.ct_cs_cpuif_inst/external_pending_reg/Q
                         net (fo=60, unplaced)        0.228     0.383    ct_cs_cpuif_wb_inst/genRdlCsr.ct_cs_cpuif_inst/external_pending_reg_n_0
                         LUT3 (Prop_LUT3_I2_O)        0.058     0.441 r  ct_cs_cpuif_wb_inst/genRdlCsr.ct_cs_cpuif_inst/wb\\.data_s2m[24]_INST_0_i_25/O
                         net (fo=45, unplaced)        0.278     0.719    ct_cs_cpuif_wb_inst/genRdlCsr.ct_cs_cpuif_inst/wb\\.data_s2m[24]_INST_0_i_25_n_0
                         LUT6 (Prop_LUT6_I3_O)        0.058     0.777 f  ct_cs_cpuif_wb_inst/genRdlCsr.ct_cs_cpuif_inst/genblk2[6].field_storage[te][trTeComp][6][SMatchHigh][Value][value][31]_i_4/O
                         net (fo=2, unplaced)         0.211     0.988    ct_cs_cpuif_wb_inst/genRdlCsr.ct_cs_cpuif_inst/genblk2[6].field_storage[te][trTeComp][6][SMatchHigh][Value][value][31]_i_4_n_0
                         LUT5 (Prop_LUT5_I1_O)        0.092     1.080 f  ct_cs_cpuif_wb_inst/genRdlCsr.ct_cs_cpuif_inst/genblk2[6].field_storage[te][trTeComp][6][SMatchHigh][Value][value][31]_i_3/O
                         net (fo=6, unplaced)         0.233     1.313    ct_cs_cpuif_wb_inst/genRdlCsr.ct_cs_cpuif_inst/genblk2[6].field_storage[te][trTeComp][6][SMatchHigh][Value][value][31]_i_3_n_0
                         LUT3 (Prop_LUT3_I2_O)        0.092     1.405 f  ct_cs_cpuif_wb_inst/genRdlCsr.ct_cs_cpuif_inst/genblk1[6].field_storage[te][trTeFilter][6][MatchChoiceData][Dtype][value][15]_i_3/O
                         net (fo=5, unplaced)         0.229     1.634    ct_cs_cpuif_wb_inst/genRdlCsr.ct_cs_cpuif_inst/genblk1[6].field_storage[te][trTeFilter][6][MatchChoiceData][Dtype][value][15]_i_3_n_0
                         LUT2 (Prop_LUT2_I0_O)        0.092     1.726 f  ct_cs_cpuif_wb_inst/genRdlCsr.ct_cs_cpuif_inst/genblk1[7].field_storage[te][trTeFilter][7][MatchChoiceData][Dtype][value][15]_i_3/O
                         net (fo=7, unplaced)         0.236     1.962    ct_cs_cpuif_wb_inst/genRdlCsr.ct_cs_cpuif_inst/genblk1[7].field_storage[te][trTeFilter][7][MatchChoiceData][Dtype][value][15]_i_3_n_0
                         LUT6 (Prop_LUT6_I3_O)        0.058     2.020 r  ct_cs_cpuif_wb_inst/genRdlCsr.ct_cs_cpuif_inst/genblk1[7].field_storage[te][trTeFilter][7][MatchChoiceEcauseHigh][Value][value][31]_i_1/O
                         net (fo=32, unplaced)        0.229     2.249    ct_cs_cpuif_wb_inst/genRdlCsr.ct_cs_cpuif_inst/field_combo[te][trTeFilter][7][MatchChoiceEcauseHigh][Value][load_next]
                         FDRE                                         r  ct_cs_cpuif_wb_inst/genRdlCsr.ct_cs_cpuif_inst/genblk1[7].field_storage_reg[te][trTeFilter][7][MatchChoiceEcauseHigh][Value][value][11]/CE
  -------------------------------------------------------------------    -------------------

                         (clock wb_clk rise edge)    13.333    13.333 r  
                                                      0.000    13.333 r  wb_clk (IN)
                         net (fo=8433, unset)         0.029    13.362    ct_cs_cpuif_wb_inst/genRdlCsr.ct_cs_cpuif_inst/wb_clk
                         FDRE                                         r  ct_cs_cpuif_wb_inst/genRdlCsr.ct_cs_cpuif_inst/genblk1[7].field_storage_reg[te][trTeFilter][7][MatchChoiceEcauseHigh][Value][value][11]/C
                         clock pessimism              0.000    13.362    
                         clock uncertainty           -0.035    13.327    
                         FDRE (Setup_FDRE_C_CE)      -0.079    13.248    ct_cs_cpuif_wb_inst/genRdlCsr.ct_cs_cpuif_inst/genblk1[7].field_storage_reg[te][trTeFilter][7][MatchChoiceEcauseHigh][Value][value][11]
  -------------------------------------------------------------------
                         required time                         13.248    
                         arrival time                          -2.249    
  -------------------------------------------------------------------
                         slack                                 10.999    

Slack (MET) :             10.999ns  (required time - arrival time)
  Source:                 ct_cs_cpuif_wb_inst/genRdlCsr.ct_cs_cpuif_inst/external_pending_reg/C
                            (rising edge-triggered cell FDRE clocked by wb_clk  {rise@0.000ns fall@6.667ns period=13.333ns})
  Destination:            ct_cs_cpuif_wb_inst/genRdlCsr.ct_cs_cpuif_inst/genblk1[7].field_storage_reg[te][trTeFilter][7][MatchChoiceEcauseHigh][Value][value][12]/CE
                            (rising edge-triggered cell FDRE clocked by wb_clk  {rise@0.000ns fall@6.667ns period=13.333ns})
  Path Group:             wb_clk
  Path Type:              Setup (Max at Slow Process Corner)
  Requirement:            13.333ns  (wb_clk rise@13.333ns - wb_clk rise@0.000ns)
  Data Path Delay:        2.208ns  (logic 0.564ns (25.543%)  route 1.644ns (74.457%))
  Logic Levels:           6  (LUT2=1 LUT3=2 LUT5=1 LUT6=2)
  Clock Path Skew:        -0.012ns (DCD - SCD + CPR)
    Destination Clock Delay (DCD):    0.029ns = ( 13.362 - 13.333 ) 
    Source Clock Delay      (SCD):    0.041ns
    Clock Pessimism Removal (CPR):    0.000ns
  Clock Uncertainty:      0.035ns  ((TSJ^2 + TIJ^2)^1/2 + DJ) / 2 + PE
    Total System Jitter     (TSJ):    0.071ns
    Total Input Jitter      (TIJ):    0.000ns
    Discrete Jitter          (DJ):    0.000ns
    Phase Error              (PE):    0.000ns

    Location             Delay type                Incr(ns)  Path(ns)    Netlist Resource(s)
  -------------------------------------------------------------------    -------------------
                         (clock wb_clk rise edge)     0.000     0.000 r  
                                                      0.000     0.000 r  wb_clk (IN)
                         net (fo=8433, unset)         0.041     0.041    ct_cs_cpuif_wb_inst/genRdlCsr.ct_cs_cpuif_inst/wb_clk
                         FDRE                                         r  ct_cs_cpuif_wb_inst/genRdlCsr.ct_cs_cpuif_inst/external_pending_reg/C
  -------------------------------------------------------------------    -------------------
                         FDRE (Prop_FDRE_C_Q)         0.114     0.155 f  ct_cs_cpuif_wb_inst/genRdlCsr.ct_cs_cpuif_inst/external_pending_reg/Q
                         net (fo=60, unplaced)        0.228     0.383    ct_cs_cpuif_wb_inst/genRdlCsr.ct_cs_cpuif_inst/external_pending_reg_n_0
                         LUT3 (Prop_LUT3_I2_O)        0.058     0.441 r  ct_cs_cpuif_wb_inst/genRdlCsr.ct_cs_cpuif_inst/wb\\.data_s2m[24]_INST_0_i_25/O
                         net (fo=45, unplaced)        0.278     0.719    ct_cs_cpuif_wb_inst/genRdlCsr.ct_cs_cpuif_inst/wb\\.data_s2m[24]_INST_0_i_25_n_0
                         LUT6 (Prop_LUT6_I3_O)        0.058     0.777 f  ct_cs_cpuif_wb_inst/genRdlCsr.ct_cs_cpuif_inst/genblk2[6].field_storage[te][trTeComp][6][SMatchHigh][Value][value][31]_i_4/O
                         net (fo=2, unplaced)         0.211     0.988    ct_cs_cpuif_wb_inst/genRdlCsr.ct_cs_cpuif_inst/genblk2[6].field_storage[te][trTeComp][6][SMatchHigh][Value][value][31]_i_4_n_0
                         LUT5 (Prop_LUT5_I1_O)        0.092     1.080 f  ct_cs_cpuif_wb_inst/genRdlCsr.ct_cs_cpuif_inst/genblk2[6].field_storage[te][trTeComp][6][SMatchHigh][Value][value][31]_i_3/O
                         net (fo=6, unplaced)         0.233     1.313    ct_cs_cpuif_wb_inst/genRdlCsr.ct_cs_cpuif_inst/genblk2[6].field_storage[te][trTeComp][6][SMatchHigh][Value][value][31]_i_3_n_0
                         LUT3 (Prop_LUT3_I2_O)        0.092     1.405 f  ct_cs_cpuif_wb_inst/genRdlCsr.ct_cs_cpuif_inst/genblk1[6].field_storage[te][trTeFilter][6][MatchChoiceData][Dtype][value][15]_i_3/O
                         net (fo=5, unplaced)         0.229     1.634    ct_cs_cpuif_wb_inst/genRdlCsr.ct_cs_cpuif_inst/genblk1[6].field_storage[te][trTeFilter][6][MatchChoiceData][Dtype][value][15]_i_3_n_0
                         LUT2 (Prop_LUT2_I0_O)        0.092     1.726 f  ct_cs_cpuif_wb_inst/genRdlCsr.ct_cs_cpuif_inst/genblk1[7].field_storage[te][trTeFilter][7][MatchChoiceData][Dtype][value][15]_i_3/O
                         net (fo=7, unplaced)         0.236     1.962    ct_cs_cpuif_wb_inst/genRdlCsr.ct_cs_cpuif_inst/genblk1[7].field_storage[te][trTeFilter][7][MatchChoiceData][Dtype][value][15]_i_3_n_0
                         LUT6 (Prop_LUT6_I3_O)        0.058     2.020 r  ct_cs_cpuif_wb_inst/genRdlCsr.ct_cs_cpuif_inst/genblk1[7].field_storage[te][trTeFilter][7][MatchChoiceEcauseHigh][Value][value][31]_i_1/O
                         net (fo=32, unplaced)        0.229     2.249    ct_cs_cpuif_wb_inst/genRdlCsr.ct_cs_cpuif_inst/field_combo[te][trTeFilter][7][MatchChoiceEcauseHigh][Value][load_next]
                         FDRE                                         r  ct_cs_cpuif_wb_inst/genRdlCsr.ct_cs_cpuif_inst/genblk1[7].field_storage_reg[te][trTeFilter][7][MatchChoiceEcauseHigh][Value][value][12]/CE
  -------------------------------------------------------------------    -------------------

                         (clock wb_clk rise edge)    13.333    13.333 r  
                                                      0.000    13.333 r  wb_clk (IN)
                         net (fo=8433, unset)         0.029    13.362    ct_cs_cpuif_wb_inst/genRdlCsr.ct_cs_cpuif_inst/wb_clk
                         FDRE                                         r  ct_cs_cpuif_wb_inst/genRdlCsr.ct_cs_cpuif_inst/genblk1[7].field_storage_reg[te][trTeFilter][7][MatchChoiceEcauseHigh][Value][value][12]/C
                         clock pessimism              0.000    13.362    
                         clock uncertainty           -0.035    13.327    
                         FDRE (Setup_FDRE_C_CE)      -0.079    13.248    ct_cs_cpuif_wb_inst/genRdlCsr.ct_cs_cpuif_inst/genblk1[7].field_storage_reg[te][trTeFilter][7][MatchChoiceEcauseHigh][Value][value][12]
  -------------------------------------------------------------------
                         required time                         13.248    
                         arrival time                          -2.249    
  -------------------------------------------------------------------
                         slack                                 10.999    

Slack (MET) :             10.999ns  (required time - arrival time)
  Source:                 ct_cs_cpuif_wb_inst/genRdlCsr.ct_cs_cpuif_inst/external_pending_reg/C
                            (rising edge-triggered cell FDRE clocked by wb_clk  {rise@0.000ns fall@6.667ns period=13.333ns})
  Destination:            ct_cs_cpuif_wb_inst/genRdlCsr.ct_cs_cpuif_inst/genblk1[7].field_storage_reg[te][trTeFilter][7][MatchChoiceEcauseHigh][Value][value][13]/CE
                            (rising edge-triggered cell FDRE clocked by wb_clk  {rise@0.000ns fall@6.667ns period=13.333ns})
  Path Group:             wb_clk
  Path Type:              Setup (Max at Slow Process Corner)
  Requirement:            13.333ns  (wb_clk rise@13.333ns - wb_clk rise@0.000ns)
  Data Path Delay:        2.208ns  (logic 0.564ns (25.543%)  route 1.644ns (74.457%))
  Logic Levels:           6  (LUT2=1 LUT3=2 LUT5=1 LUT6=2)
  Clock Path Skew:        -0.012ns (DCD - SCD + CPR)
    Destination Clock Delay (DCD):    0.029ns = ( 13.362 - 13.333 ) 
    Source Clock Delay      (SCD):    0.041ns
    Clock Pessimism Removal (CPR):    0.000ns
  Clock Uncertainty:      0.035ns  ((TSJ^2 + TIJ^2)^1/2 + DJ) / 2 + PE
    Total System Jitter     (TSJ):    0.071ns
    Total Input Jitter      (TIJ):    0.000ns
    Discrete Jitter          (DJ):    0.000ns
    Phase Error              (PE):    0.000ns

    Location             Delay type                Incr(ns)  Path(ns)    Netlist Resource(s)
  -------------------------------------------------------------------    -------------------
                         (clock wb_clk rise edge)     0.000     0.000 r  
                                                      0.000     0.000 r  wb_clk (IN)
                         net (fo=8433, unset)         0.041     0.041    ct_cs_cpuif_wb_inst/genRdlCsr.ct_cs_cpuif_inst/wb_clk
                         FDRE                                         r  ct_cs_cpuif_wb_inst/genRdlCsr.ct_cs_cpuif_inst/external_pending_reg/C
  -------------------------------------------------------------------    -------------------
                         FDRE (Prop_FDRE_C_Q)         0.114     0.155 f  ct_cs_cpuif_wb_inst/genRdlCsr.ct_cs_cpuif_inst/external_pending_reg/Q
                         net (fo=60, unplaced)        0.228     0.383    ct_cs_cpuif_wb_inst/genRdlCsr.ct_cs_cpuif_inst/external_pending_reg_n_0
                         LUT3 (Prop_LUT3_I2_O)        0.058     0.441 r  ct_cs_cpuif_wb_inst/genRdlCsr.ct_cs_cpuif_inst/wb\\.data_s2m[24]_INST_0_i_25/O
                         net (fo=45, unplaced)        0.278     0.719    ct_cs_cpuif_wb_inst/genRdlCsr.ct_cs_cpuif_inst/wb\\.data_s2m[24]_INST_0_i_25_n_0
                         LUT6 (Prop_LUT6_I3_O)        0.058     0.777 f  ct_cs_cpuif_wb_inst/genRdlCsr.ct_cs_cpuif_inst/genblk2[6].field_storage[te][trTeComp][6][SMatchHigh][Value][value][31]_i_4/O
                         net (fo=2, unplaced)         0.211     0.988    ct_cs_cpuif_wb_inst/genRdlCsr.ct_cs_cpuif_inst/genblk2[6].field_storage[te][trTeComp][6][SMatchHigh][Value][value][31]_i_4_n_0
                         LUT5 (Prop_LUT5_I1_O)        0.092     1.080 f  ct_cs_cpuif_wb_inst/genRdlCsr.ct_cs_cpuif_inst/genblk2[6].field_storage[te][trTeComp][6][SMatchHigh][Value][value][31]_i_3/O
                         net (fo=6, unplaced)         0.233     1.313    ct_cs_cpuif_wb_inst/genRdlCsr.ct_cs_cpuif_inst/genblk2[6].field_storage[te][trTeComp][6][SMatchHigh][Value][value][31]_i_3_n_0
                         LUT3 (Prop_LUT3_I2_O)        0.092     1.405 f  ct_cs_cpuif_wb_inst/genRdlCsr.ct_cs_cpuif_inst/genblk1[6].field_storage[te][trTeFilter][6][MatchChoiceData][Dtype][value][15]_i_3/O
                         net (fo=5, unplaced)         0.229     1.634    ct_cs_cpuif_wb_inst/genRdlCsr.ct_cs_cpuif_inst/genblk1[6].field_storage[te][trTeFilter][6][MatchChoiceData][Dtype][value][15]_i_3_n_0
                         LUT2 (Prop_LUT2_I0_O)        0.092     1.726 f  ct_cs_cpuif_wb_inst/genRdlCsr.ct_cs_cpuif_inst/genblk1[7].field_storage[te][trTeFilter][7][MatchChoiceData][Dtype][value][15]_i_3/O
                         net (fo=7, unplaced)         0.236     1.962    ct_cs_cpuif_wb_inst/genRdlCsr.ct_cs_cpuif_inst/genblk1[7].field_storage[te][trTeFilter][7][MatchChoiceData][Dtype][value][15]_i_3_n_0
                         LUT6 (Prop_LUT6_I3_O)        0.058     2.020 r  ct_cs_cpuif_wb_inst/genRdlCsr.ct_cs_cpuif_inst/genblk1[7].field_storage[te][trTeFilter][7][MatchChoiceEcauseHigh][Value][value][31]_i_1/O
                         net (fo=32, unplaced)        0.229     2.249    ct_cs_cpuif_wb_inst/genRdlCsr.ct_cs_cpuif_inst/field_combo[te][trTeFilter][7][MatchChoiceEcauseHigh][Value][load_next]
                         FDRE                                         r  ct_cs_cpuif_wb_inst/genRdlCsr.ct_cs_cpuif_inst/genblk1[7].field_storage_reg[te][trTeFilter][7][MatchChoiceEcauseHigh][Value][value][13]/CE
  -------------------------------------------------------------------    -------------------

                         (clock wb_clk rise edge)    13.333    13.333 r  
                                                      0.000    13.333 r  wb_clk (IN)
                         net (fo=8433, unset)         0.029    13.362    ct_cs_cpuif_wb_inst/genRdlCsr.ct_cs_cpuif_inst/wb_clk
                         FDRE                                         r  ct_cs_cpuif_wb_inst/genRdlCsr.ct_cs_cpuif_inst/genblk1[7].field_storage_reg[te][trTeFilter][7][MatchChoiceEcauseHigh][Value][value][13]/C
                         clock pessimism              0.000    13.362    
                         clock uncertainty           -0.035    13.327    
                         FDRE (Setup_FDRE_C_CE)      -0.079    13.248    ct_cs_cpuif_wb_inst/genRdlCsr.ct_cs_cpuif_inst/genblk1[7].field_storage_reg[te][trTeFilter][7][MatchChoiceEcauseHigh][Value][value][13]
  -------------------------------------------------------------------
                         required time                         13.248    
                         arrival time                          -2.249    
  -------------------------------------------------------------------
                         slack                                 10.999    





Pulse Width Checks
--------------------------------------------------------------------------------------
Clock Name:         wb_clk
Waveform(ns):       { 0.000 6.667 }
Period(ns):         13.333
Sources:            { wb_clk }

Check Type        Corner  Lib Pin     Reference Pin  Required(ns)  Actual(ns)  Slack(ns)  Location  Pin
Min Period        n/a     RAMD32/CLK  n/a            1.524         13.333      11.809               preproc_inst/genAct.act_st_inst/vector_binary_search_inst/STAGE[0].ram/mem_reg_0_1_0_13/RAMA/CLK
Min Period        n/a     RAMD32/CLK  n/a            1.524         13.333      11.809               preproc_inst/genAct.act_st_inst/vector_binary_search_inst/STAGE[0].ram/mem_reg_0_1_0_13/RAMA_D1/CLK
Min Period        n/a     RAMD32/CLK  n/a            1.524         13.333      11.809               preproc_inst/genAct.act_st_inst/vector_binary_search_inst/STAGE[0].ram/mem_reg_0_1_0_13/RAMB/CLK
Min Period        n/a     RAMD32/CLK  n/a            1.524         13.333      11.809               preproc_inst/genAct.act_st_inst/vector_binary_search_inst/STAGE[0].ram/mem_reg_0_1_0_13/RAMB_D1/CLK
Min Period        n/a     RAMD32/CLK  n/a            1.524         13.333      11.809               preproc_inst/genAct.act_st_inst/vector_binary_search_inst/STAGE[0].ram/mem_reg_0_1_0_13/RAMC/CLK
Low Pulse Width   Slow    RAMD32/CLK  n/a            0.762         6.667       5.905                preproc_inst/genAct.act_st_inst/vector_binary_search_inst/STAGE[0].ram/mem_reg_0_1_0_13/RAMA/CLK
Low Pulse Width   Fast    RAMD32/CLK  n/a            0.762         6.667       5.905                preproc_inst/genAct.act_st_inst/vector_binary_search_inst/STAGE[0].ram/mem_reg_0_1_0_13/RAMA/CLK
Low Pulse Width   Slow    RAMD32/CLK  n/a            0.762         6.667       5.905                preproc_inst/genAct.act_st_inst/vector_binary_search_inst/STAGE[0].ram/mem_reg_0_1_0_13/RAMA_D1/CLK
Low Pulse Width   Fast    RAMD32/CLK  n/a            0.762         6.667       5.905                preproc_inst/genAct.act_st_inst/vector_binary_search_inst/STAGE[0].ram/mem_reg_0_1_0_13/RAMA_D1/CLK
Low Pulse Width   Slow    RAMD32/CLK  n/a            0.762         6.667       5.905                preproc_inst/genAct.act_st_inst/vector_binary_search_inst/STAGE[0].ram/mem_reg_0_1_0_13/RAMB/CLK
High Pulse Width  Slow    RAMD32/CLK  n/a            0.762         6.667       5.905                preproc_inst/genAct.act_st_inst/vector_binary_search_inst/STAGE[0].ram/mem_reg_0_1_0_13/RAMA/CLK
High Pulse Width  Fast    RAMD32/CLK  n/a            0.762         6.667       5.905                preproc_inst/genAct.act_st_inst/vector_binary_search_inst/STAGE[0].ram/mem_reg_0_1_0_13/RAMA/CLK
High Pulse Width  Slow    RAMD32/CLK  n/a            0.762         6.667       5.905                preproc_inst/genAct.act_st_inst/vector_binary_search_inst/STAGE[0].ram/mem_reg_0_1_0_13/RAMA_D1/CLK
High Pulse Width  Fast    RAMD32/CLK  n/a            0.762         6.667       5.905                preproc_inst/genAct.act_st_inst/vector_binary_search_inst/STAGE[0].ram/mem_reg_0_1_0_13/RAMA_D1/CLK
High Pulse Width  Slow    RAMD32/CLK  n/a            0.762         6.667       5.905                preproc_inst/genAct.act_st_inst/vector_binary_search_inst/STAGE[0].ram/mem_reg_0_1_0_13/RAMB/CLK



