Copyright 1986-2022 Xilinx, Inc. All Rights Reserved.
-------------------------------------------------------------------------------------------------------------------------------------------------------------------
| Tool Version      : Vivado v.2022.1.2 (win64) Build 3605665 Fri Aug  5 22:53:37 MDT 2022
| Date              : Thu Aug  6 20:40:56 2026
| Host              : <host> running 64-bit major release  (build 9200)
| Command           : report_timing_summary -delay_type max -max_paths 5 -file <worktree>/bld/synth_ooc_t/timing_summary.rpt
| Design            : ct_encoder
| Device            : xck26-sfvc784
| Speed File        : -2LV  PRODUCTION 1.30 05-15-2022
| Temperature Grade : C
-------------------------------------------------------------------------------------------------------------------------------------------------------------------

Timing Summary Report

------------------------------------------------------------------------------------------------
| Timer Settings
| --------------
------------------------------------------------------------------------------------------------

  Enable Multi Corner Analysis               :  Yes
  Enable Pessimism Removal                   :  Yes
  Pessimism Removal Resolution               :  Nearest Common Node
  Enable Input Delay Default Clock           :  No
  Enable Preset / Clear Arcs                 :  No
  Disable Flight Delays                      :  No
  Ignore I/O Paths                           :  No
  Timing Early Launch at Borrowing Latches   :  No
  Borrow Time for Max Delay Exceptions       :  Yes
  Merge Timing Exceptions                    :  Yes

  Corner  Analyze    Analyze    
  Name    Max Paths  Min Paths  
  ------  ---------  ---------  
  Slow    Yes        Yes        
  Fast    Yes        Yes        


------------------------------------------------------------------------------------------------
| Report Methodology
| ------------------
------------------------------------------------------------------------------------------------

No report available as report_methodology has not been run prior. Run report_methodology on the current design for the summary of methodology violations.



check_timing report

Table of Contents
-----------------
1. checking no_clock (1)
2. checking constant_clock (0)
3. checking pulse_width_clock (0)
4. checking unconstrained_internal_endpoints (1)
5. checking no_input_delay (320)
6. checking no_output_delay (93)
7. checking multiple_clock (0)
8. checking generated_clocks (0)
9. checking loops (0)
10. checking partial_input_delay (0)
11. checking partial_output_delay (0)
12. checking latch_loops (0)

1. checking no_clock (1)
------------------------
 There is 1 register/latch pin with no clock driven by root clock pin: tip_rst (HIGH)


2. checking constant_clock (0)
------------------------------
 There are 0 register/latch pins with constant_clock.


3. checking pulse_width_clock (0)
---------------------------------
 There are 0 register/latch pins which need pulse_width check


4. checking unconstrained_internal_endpoints (1)
------------------------------------------------
 There is 1 pin that is not constrained for maximum delay. (HIGH)

 There are 0 pins that are not constrained for maximum delay due to constant clock.


5. checking no_input_delay (320)
--------------------------------
 There are 320 input ports with no input delay specified. (HIGH)

 There are 0 input ports with no input delay but user has a false path constraint.


6. checking no_output_delay (93)
--------------------------------
 There are 93 ports with no output delay specified. (HIGH)

 There are 0 ports with no output delay but user has a false path constraint

 There are 0 ports with no output delay but with a timing clock defined on it or propagating through it


7. checking multiple_clock (0)
------------------------------
 There are 0 register/latch pins with multiple clocks.


8. checking generated_clocks (0)
--------------------------------
 There are 0 generated clocks that are not connected to a clock source.


9. checking loops (0)
---------------------
 There are 0 combinational loops in the design.


10. checking partial_input_delay (0)
------------------------------------
 There are 0 input ports with partial input delay specified.


11. checking partial_output_delay (0)
-------------------------------------
 There are 0 ports with partial output delay specified.


12. checking latch_loops (0)
----------------------------
 There are 0 combinational latch loops in the design through latch input



------------------------------------------------------------------------------------------------
| Design Timing Summary
| ---------------------
------------------------------------------------------------------------------------------------

    WNS(ns)      TNS(ns)  TNS Failing Endpoints  TNS Total Endpoints     WPWS(ns)     TPWS(ns)  TPWS Failing Endpoints  TPWS Total Endpoints  
    -------      -------  ---------------------  -------------------     --------     --------  ----------------------  --------------------  
      1.753        0.000                      0                36359        5.905        0.000                       0                 18333  


All user specified timing constraints are met.


------------------------------------------------------------------------------------------------
| Clock Summary
| -------------
------------------------------------------------------------------------------------------------

Clock      Waveform(ns)       Period(ns)      Frequency(MHz)
-----      ------------       ----------      --------------
atb_atclk  {0.000 6.667}      13.333          75.002          
proc_clk   {0.000 6.667}      13.333          75.002          
tip_clk    {0.000 6.667}      13.333          75.002          
wall_clk   {0.000 6.667}      13.333          75.002          
wb_clk     {0.000 6.667}      13.333          75.002          


------------------------------------------------------------------------------------------------
| Intra Clock Table
| -----------------
------------------------------------------------------------------------------------------------

Clock             WNS(ns)      TNS(ns)  TNS Failing Endpoints  TNS Total Endpoints     WPWS(ns)     TPWS(ns)  TPWS Failing Endpoints  TPWS Total Endpoints  
-----             -------      -------  ---------------------  -------------------     --------     --------  ----------------------  --------------------  
atb_atclk          11.734        0.000                      0                   68        6.391        0.000                       0                    46  
proc_clk            1.753        0.000                      0                 5858        5.905        0.000                       0                  2016  
tip_clk             7.462        0.000                      0                13998        5.905        0.000                       0                  7805  
wall_clk           11.749        0.000                      0                   57        6.391        0.000                       0                    32  
wb_clk             11.001        0.000                      0                16378        5.905        0.000                       0                  8434  


------------------------------------------------------------------------------------------------
| Inter Clock Table
| -----------------
------------------------------------------------------------------------------------------------

From Clock    To Clock          WNS(ns)      TNS(ns)  TNS Failing Endpoints  TNS Total Endpoints  
----------    --------          -------      -------  ---------------------  -------------------  


------------------------------------------------------------------------------------------------
| Other Path Groups Table
| -----------------------
------------------------------------------------------------------------------------------------

Path Group    From Clock    To Clock          WNS(ns)      TNS(ns)  TNS Failing Endpoints  TNS Total Endpoints  
----------    ----------    --------          -------      -------  ---------------------  -------------------  


------------------------------------------------------------------------------------------------
| Timing Details
| --------------
------------------------------------------------------------------------------------------------


---------------------------------------------------------------------------------------------------
From Clock:  atb_atclk
  To Clock:  atb_atclk

Setup :            0  Failing Endpoints,  Worst Slack       11.734ns,  Total Violation        0.000ns
Hold  :           NA  Failing Endpoints,  Worst Slack           NA  ,  Total Violation           NA
PW    :            0  Failing Endpoints,  Worst Slack        6.391ns,  Total Violation        0.000ns
---------------------------------------------------------------------------------------------------


Max Delay Paths
--------------------------------------------------------------------------------------
Slack (MET) :             11.734ns  (required time - arrival time)
  Source:                 genEtrace.te_packetizer_inst/genAtbFifo2clk.atb_cdc_fifo/blkRead.Vld_reg[0]/C
                            (rising edge-triggered cell FDRE clocked by atb_atclk  {rise@0.000ns fall@6.667ns period=13.333ns})
  Destination:            genEtrace.te_packetizer_inst/genAtbFifo2clk.atb_cdc_fifo/blkRead.Empty_reg/D
                            (rising edge-triggered cell FDSE clocked by atb_atclk  {rise@0.000ns fall@6.667ns period=13.333ns})
  Path Group:             atb_atclk
  Path Type:              Setup (Max at Slow Process Corner)
  Requirement:            13.333ns  (atb_atclk rise@13.333ns - atb_atclk rise@0.000ns)
  Data Path Delay:        1.596ns  (logic 0.483ns (30.263%)  route 1.113ns (69.737%))
  Logic Levels:           5  (LUT3=1 LUT5=1 LUT6=3)
  Clock Path Skew:        -0.012ns (DCD - SCD + CPR)
    Destination Clock Delay (DCD):    0.029ns = ( 13.362 - 13.333 ) 
    Source Clock Delay      (SCD):    0.041ns
    Clock Pessimism Removal (CPR):    0.000ns
  Clock Uncertainty:      0.035ns  ((TSJ^2 + TIJ^2)^1/2 + DJ) / 2 + PE
    Total System Jitter     (TSJ):    0.071ns
    Total Input Jitter      (TIJ):    0.000ns
    Discrete Jitter          (DJ):    0.000ns
    Phase Error              (PE):    0.000ns

    Location             Delay type                Incr(ns)  Path(ns)    Netlist Resource(s)
  -------------------------------------------------------------------    -------------------
                         (clock atb_atclk rise edge)
                                                      0.000     0.000 r  
                                                      0.000     0.000 r  atb_atclk (IN)
                         net (fo=45, unset)           0.041     0.041    genEtrace.te_packetizer_inst/genAtbFifo2clk.atb_cdc_fifo/atb_atclk
                         FDRE                                         r  genEtrace.te_packetizer_inst/genAtbFifo2clk.atb_cdc_fifo/blkRead.Vld_reg[0]/C
  -------------------------------------------------------------------    -------------------
                         FDRE (Prop_FDRE_C_Q)         0.114     0.155 f  genEtrace.te_packetizer_inst/genAtbFifo2clk.atb_cdc_fifo/blkRead.Vld_reg[0]/Q
                         net (fo=13, unplaced)        0.145     0.300    genEtrace.te_packetizer_inst/genAtbFifo2clk.atb_cdc_fifo/blkRead.Vld_reg[0]_0
                         LUT3 (Prop_LUT3_I0_O)        0.137     0.437 r  genEtrace.te_packetizer_inst/genAtbFifo2clk.atb_cdc_fifo/blkRead.RPtr[6]_i_1__1/O
                         net (fo=29, unplaced)        0.268     0.705    genEtrace.te_packetizer_inst/genAtbFifo2clk.atb_cdc_fifo/blkRead.RPtr[6]_i_1__1_n_0
                         LUT5 (Prop_LUT5_I1_O)        0.058     0.763 r  genEtrace.te_packetizer_inst/genAtbFifo2clk.atb_cdc_fifo/blkRead.Empty_i_7__0/O
                         net (fo=1, unplaced)         0.211     0.974    genEtrace.te_packetizer_inst/genAtbFifo2clk.atb_cdc_fifo/blkRead.Empty_i_7__0_n_0
                         LUT6 (Prop_LUT6_I5_O)        0.058     1.032 r  genEtrace.te_packetizer_inst/genAtbFifo2clk.atb_cdc_fifo/blkRead.Empty_i_5__1/O
                         net (fo=1, unplaced)         0.211     1.243    genEtrace.te_packetizer_inst/genAtbFifo2clk.atb_cdc_fifo/blkRead.Empty_i_5__1_n_0
                         LUT6 (Prop_LUT6_I5_O)        0.058     1.301 r  genEtrace.te_packetizer_inst/genAtbFifo2clk.atb_cdc_fifo/blkRead.Empty_i_3__1/O
                         net (fo=1, unplaced)         0.211     1.512    genEtrace.te_packetizer_inst/genAtbFifo2clk.atb_cdc_fifo/blkRead.Empty_i_3__1_n_0
                         LUT6 (Prop_LUT6_I5_O)        0.058     1.570 r  genEtrace.te_packetizer_inst/genAtbFifo2clk.atb_cdc_fifo/blkRead.Empty_i_1__1/O
                         net (fo=1, unplaced)         0.067     1.637    genEtrace.te_packetizer_inst/genAtbFifo2clk.atb_cdc_fifo/blkRead.Empty0
                         FDSE                                         r  genEtrace.te_packetizer_inst/genAtbFifo2clk.atb_cdc_fifo/blkRead.Empty_reg/D
  -------------------------------------------------------------------    -------------------

                         (clock atb_atclk rise edge)
                                                     13.333    13.333 r  
                                                      0.000    13.333 r  atb_atclk (IN)
                         net (fo=45, unset)           0.029    13.362    genEtrace.te_packetizer_inst/genAtbFifo2clk.atb_cdc_fifo/atb_atclk
                         FDSE                                         r  genEtrace.te_packetizer_inst/genAtbFifo2clk.atb_cdc_fifo/blkRead.Empty_reg/C
                         clock pessimism              0.000    13.362    
                         clock uncertainty           -0.035    13.327    
                         FDSE (Setup_FDSE_C_D)        0.044    13.371    genEtrace.te_packetizer_inst/genAtbFifo2clk.atb_cdc_fifo/blkRead.Empty_reg
  -------------------------------------------------------------------
                         required time                         13.371    
                         arrival time                          -1.637    
  -------------------------------------------------------------------
                         slack                                 11.734    

Slack (MET) :             12.469ns  (required time - arrival time)
  Source:                 genEtrace.te_packetizer_inst/genAtbFifo2clk.atb_cdc_fifo/blkRead.RPtr_reg[6]/C
                            (rising edge-triggered cell FDRE clocked by atb_atclk  {rise@0.000ns fall@6.667ns period=13.333ns})
  Destination:            genEtrace.te_packetizer_inst/genAtbFifo2clk.atb_cdc_fifo/genMemory.ReadReg_reg[0][0]/D
                            (rising edge-triggered cell FDRE clocked by atb_atclk  {rise@0.000ns fall@6.667ns period=13.333ns})
  Path Group:             atb_atclk
  Path Type:              Setup (Max at Slow Process Corner)
  Requirement:            13.333ns  (atb_atclk rise@13.333ns - atb_atclk rise@0.000ns)
  Data Path Delay:        0.861ns  (logic 0.230ns (26.713%)  route 0.631ns (73.287%))
  Logic Levels:           2  (LUT2=1 RAMD64E=1)
  Clock Path Skew:        -0.012ns (DCD - SCD + CPR)
    Destination Clock Delay (DCD):    0.029ns = ( 13.362 - 13.333 ) 
    Source Clock Delay      (SCD):    0.041ns
    Clock Pessimism Removal (CPR):    0.000ns
  Clock Uncertainty:      0.035ns  ((TSJ^2 + TIJ^2)^1/2 + DJ) / 2 + PE
    Total System Jitter     (TSJ):    0.071ns
    Total Input Jitter      (TIJ):    0.000ns
    Discrete Jitter          (DJ):    0.000ns
    Phase Error              (PE):    0.000ns

    Location             Delay type                Incr(ns)  Path(ns)    Netlist Resource(s)
  -------------------------------------------------------------------    -------------------
                         (clock atb_atclk rise edge)
                                                      0.000     0.000 r  
                                                      0.000     0.000 r  atb_atclk (IN)
                         net (fo=45, unset)           0.041     0.041    genEtrace.te_packetizer_inst/genAtbFifo2clk.atb_cdc_fifo/atb_atclk
                         FDRE                                         r  genEtrace.te_packetizer_inst/genAtbFifo2clk.atb_cdc_fifo/blkRead.RPtr_reg[6]/C
  -------------------------------------------------------------------    -------------------
                         FDRE (Prop_FDRE_C_Q)         0.114     0.155 r  genEtrace.te_packetizer_inst/genAtbFifo2clk.atb_cdc_fifo/blkRead.RPtr_reg[6]/Q
                         net (fo=3, unplaced)         0.160     0.315    genEtrace.te_packetizer_inst/genAtbFifo2clk.atb_cdc_fifo/gray2bin0_return021_out
                         LUT2 (Prop_LUT2_I1_O)        0.058     0.373 r  genEtrace.te_packetizer_inst/genAtbFifo2clk.atb_cdc_fifo/genMemory.Mem_reg_0_63_0_6_i_8/O
                         net (fo=8, unplaced)         0.242     0.615    genAtbFifo2clk.atb_cdc_fifo/genMemory.Mem_reg_0_63_0_6/ADDRA5
                         RAMD64E (Prop_RAMD64E_RADR5_O)
                                                      0.058     0.673 r  genAtbFifo2clk.atb_cdc_fifo/genMemory.Mem_reg_0_63_0_6/RAMA/O
                         net (fo=1, unplaced)         0.229     0.902    genEtrace.te_packetizer_inst/genAtbFifo2clk.atb_cdc_fifo/genMemory.ReadReg_reg[0][7]_1[0]
                         FDRE                                         r  genEtrace.te_packetizer_inst/genAtbFifo2clk.atb_cdc_fifo/genMemory.ReadReg_reg[0][0]/D
  -------------------------------------------------------------------    -------------------

                         (clock atb_atclk rise edge)
                                                     13.333    13.333 r  
                                                      0.000    13.333 r  atb_atclk (IN)
                         net (fo=45, unset)           0.029    13.362    genEtrace.te_packetizer_inst/genAtbFifo2clk.atb_cdc_fifo/atb_atclk
                         FDRE                                         r  genEtrace.te_packetizer_inst/genAtbFifo2clk.atb_cdc_fifo/genMemory.ReadReg_reg[0][0]/C
                         clock pessimism              0.000    13.362    
                         clock uncertainty           -0.035    13.327    
                         FDRE (Setup_FDRE_C_D)        0.044    13.371    genEtrace.te_packetizer_inst/genAtbFifo2clk.atb_cdc_fifo/genMemory.ReadReg_reg[0][0]
  -------------------------------------------------------------------
                         required time                         13.371    
                         arrival time                          -0.902    
  -------------------------------------------------------------------
                         slack                                 12.469    

Slack (MET) :             12.470ns  (required time - arrival time)
  Source:                 genEtrace.te_packetizer_inst/genAtbFifo2clk.atb_cdc_fifo/blkRead.RPtr_reg[6]/C
                            (rising edge-triggered cell FDRE clocked by atb_atclk  {rise@0.000ns fall@6.667ns period=13.333ns})
  Destination:            genEtrace.te_packetizer_inst/genAtbFifo2clk.atb_cdc_fifo/genMemory.ReadReg_reg[0][1]/D
                            (rising edge-triggered cell FDRE clocked by atb_atclk  {rise@0.000ns fall@6.667ns period=13.333ns})
  Path Group:             atb_atclk
  Path Type:              Setup (Max at Slow Process Corner)
  Requirement:            13.333ns  (atb_atclk rise@13.333ns - atb_atclk rise@0.000ns)
  Data Path Delay:        0.860ns  (logic 0.229ns (26.628%)  route 0.631ns (73.372%))
  Logic Levels:           2  (LUT2=1 RAMD64E=1)
  Clock Path Skew:        -0.012ns (DCD - SCD + CPR)
    Destination Clock Delay (DCD):    0.029ns = ( 13.362 - 13.333 ) 
    Source Clock Delay      (SCD):    0.041ns
    Clock Pessimism Removal (CPR):    0.000ns
  Clock Uncertainty:      0.035ns  ((TSJ^2 + TIJ^2)^1/2 + DJ) / 2 + PE
    Total System Jitter     (TSJ):    0.071ns
    Total Input Jitter      (TIJ):    0.000ns
    Discrete Jitter          (DJ):    0.000ns
    Phase Error              (PE):    0.000ns

    Location             Delay type                Incr(ns)  Path(ns)    Netlist Resource(s)
  -------------------------------------------------------------------    -------------------
                         (clock atb_atclk rise edge)
                                                      0.000     0.000 r  
                                                      0.000     0.000 r  atb_atclk (IN)
                         net (fo=45, unset)           0.041     0.041    genEtrace.te_packetizer_inst/genAtbFifo2clk.atb_cdc_fifo/atb_atclk
                         FDRE                                         r  genEtrace.te_packetizer_inst/genAtbFifo2clk.atb_cdc_fifo/blkRead.RPtr_reg[6]/C
  -------------------------------------------------------------------    -------------------
                         FDRE (Prop_FDRE_C_Q)         0.114     0.155 r  genEtrace.te_packetizer_inst/genAtbFifo2clk.atb_cdc_fifo/blkRead.RPtr_reg[6]/Q
                         net (fo=3, unplaced)         0.160     0.315    genEtrace.te_packetizer_inst/genAtbFifo2clk.atb_cdc_fifo/gray2bin0_return021_out
                         LUT2 (Prop_LUT2_I1_O)        0.058     0.373 r  genEtrace.te_packetizer_inst/genAtbFifo2clk.atb_cdc_fifo/genMemory.Mem_reg_0_63_0_6_i_8/O
                         net (fo=8, unplaced)         0.242     0.615    genAtbFifo2clk.atb_cdc_fifo/genMemory.Mem_reg_0_63_0_6/ADDRB5
                         RAMD64E (Prop_RAMD64E_RADR5_O)
                                                      0.057     0.672 r  genAtbFifo2clk.atb_cdc_fifo/genMemory.Mem_reg_0_63_0_6/RAMB/O
                         net (fo=1, unplaced)         0.229     0.901    genEtrace.te_packetizer_inst/genAtbFifo2clk.atb_cdc_fifo/genMemory.ReadReg_reg[0][7]_1[1]
                         FDRE                                         r  genEtrace.te_packetizer_inst/genAtbFifo2clk.atb_cdc_fifo/genMemory.ReadReg_reg[0][1]/D
  -------------------------------------------------------------------    -------------------

                         (clock atb_atclk rise edge)
                                                     13.333    13.333 r  
                                                      0.000    13.333 r  atb_atclk (IN)
                         net (fo=45, unset)           0.029    13.362    genEtrace.te_packetizer_inst/genAtbFifo2clk.atb_cdc_fifo/atb_atclk
                         FDRE                                         r  genEtrace.te_packetizer_inst/genAtbFifo2clk.atb_cdc_fifo/genMemory.ReadReg_reg[0][1]/C
                         clock pessimism              0.000    13.362    
                         clock uncertainty           -0.035    13.327    
                         FDRE (Setup_FDRE_C_D)        0.044    13.371    genEtrace.te_packetizer_inst/genAtbFifo2clk.atb_cdc_fifo/genMemory.ReadReg_reg[0][1]
  -------------------------------------------------------------------
                         required time                         13.371    
                         arrival time                          -0.901    
  -------------------------------------------------------------------
                         slack                                 12.470    

Slack (MET) :             12.470ns  (required time - arrival time)
  Source:                 genEtrace.te_packetizer_inst/genAtbFifo2clk.atb_cdc_fifo/blkRead.RPtr_reg[6]/C
                            (rising edge-triggered cell FDRE clocked by atb_atclk  {rise@0.000ns fall@6.667ns period=13.333ns})
  Destination:            genEtrace.te_packetizer_inst/genAtbFifo2clk.atb_cdc_fifo/genMemory.ReadReg_reg[0][4]/D
                            (rising edge-triggered cell FDRE clocked by atb_atclk  {rise@0.000ns fall@6.667ns period=13.333ns})
  Path Group:             atb_atclk
  Path Type:              Setup (Max at Slow Process Corner)
  Requirement:            13.333ns  (atb_atclk rise@13.333ns - atb_atclk rise@0.000ns)
  Data Path Delay:        0.860ns  (logic 0.229ns (26.628%)  route 0.631ns (73.372%))
  Logic Levels:           2  (LUT2=1 RAMD64E=1)
  Clock Path Skew:        -0.012ns (DCD - SCD + CPR)
    Destination Clock Delay (DCD):    0.029ns = ( 13.362 - 13.333 ) 
    Source Clock Delay      (SCD):    0.041ns
    Clock Pessimism Removal (CPR):    0.000ns
  Clock Uncertainty:      0.035ns  ((TSJ^2 + TIJ^2)^1/2 + DJ) / 2 + PE
    Total System Jitter     (TSJ):    0.071ns
    Total Input Jitter      (TIJ):    0.000ns
    Discrete Jitter          (DJ):    0.000ns
    Phase Error              (PE):    0.000ns

    Location             Delay type                Incr(ns)  Path(ns)    Netlist Resource(s)
  -------------------------------------------------------------------    -------------------
                         (clock atb_atclk rise edge)
                                                      0.000     0.000 r  
                                                      0.000     0.000 r  atb_atclk (IN)
                         net (fo=45, unset)           0.041     0.041    genEtrace.te_packetizer_inst/genAtbFifo2clk.atb_cdc_fifo/atb_atclk
                         FDRE                                         r  genEtrace.te_packetizer_inst/genAtbFifo2clk.atb_cdc_fifo/blkRead.RPtr_reg[6]/C
  -------------------------------------------------------------------    -------------------
                         FDRE (Prop_FDRE_C_Q)         0.114     0.155 r  genEtrace.te_packetizer_inst/genAtbFifo2clk.atb_cdc_fifo/blkRead.RPtr_reg[6]/Q
                         net (fo=3, unplaced)         0.160     0.315    genEtrace.te_packetizer_inst/genAtbFifo2clk.atb_cdc_fifo/gray2bin0_return021_out
                         LUT2 (Prop_LUT2_I1_O)        0.058     0.373 r  genEtrace.te_packetizer_inst/genAtbFifo2clk.atb_cdc_fifo/genMemory.Mem_reg_0_63_0_6_i_8/O
                         net (fo=8, unplaced)         0.242     0.615    genAtbFifo2clk.atb_cdc_fifo/genMemory.Mem_reg_0_63_0_6/ADDRE5
                         RAMD64E (Prop_RAMD64E_RADR5_O)
                                                      0.057     0.672 r  genAtbFifo2clk.atb_cdc_fifo/genMemory.Mem_reg_0_63_0_6/RAME/O
                         net (fo=1, unplaced)         0.229     0.901    genEtrace.te_packetizer_inst/genAtbFifo2clk.atb_cdc_fifo/genMemory.ReadReg_reg[0][7]_1[4]
                         FDRE                                         r  genEtrace.te_packetizer_inst/genAtbFifo2clk.atb_cdc_fifo/genMemory.ReadReg_reg[0][4]/D
  -------------------------------------------------------------------    -------------------

                         (clock atb_atclk rise edge)
                                                     13.333    13.333 r  
                                                      0.000    13.333 r  atb_atclk (IN)
                         net (fo=45, unset)           0.029    13.362    genEtrace.te_packetizer_inst/genAtbFifo2clk.atb_cdc_fifo/atb_atclk
                         FDRE                                         r  genEtrace.te_packetizer_inst/genAtbFifo2clk.atb_cdc_fifo/genMemory.ReadReg_reg[0][4]/C
                         clock pessimism              0.000    13.362    
                         clock uncertainty           -0.035    13.327    
                         FDRE (Setup_FDRE_C_D)        0.044    13.371    genEtrace.te_packetizer_inst/genAtbFifo2clk.atb_cdc_fifo/genMemory.ReadReg_reg[0][4]
  -------------------------------------------------------------------
                         required time                         13.371    
                         arrival time                          -0.901    
  -------------------------------------------------------------------
                         slack                                 12.470    

Slack (MET) :             12.470ns  (required time - arrival time)
  Source:                 genEtrace.te_packetizer_inst/genAtbFifo2clk.atb_cdc_fifo/blkRead.RPtr_reg[6]/C
                            (rising edge-triggered cell FDRE clocked by atb_atclk  {rise@0.000ns fall@6.667ns period=13.333ns})
  Destination:            genEtrace.te_packetizer_inst/genAtbFifo2clk.atb_cdc_fifo/genMemory.ReadReg_reg[0][6]/D
                            (rising edge-triggered cell FDRE clocked by atb_atclk  {rise@0.000ns fall@6.667ns period=13.333ns})
  Path Group:             atb_atclk
  Path Type:              Setup (Max at Slow Process Corner)
  Requirement:            13.333ns  (atb_atclk rise@13.333ns - atb_atclk rise@0.000ns)
  Data Path Delay:        0.860ns  (logic 0.229ns (26.628%)  route 0.631ns (73.372%))
  Logic Levels:           2  (LUT2=1 RAMD64E=1)
  Clock Path Skew:        -0.012ns (DCD - SCD + CPR)
    Destination Clock Delay (DCD):    0.029ns = ( 13.362 - 13.333 ) 
    Source Clock Delay      (SCD):    0.041ns
    Clock Pessimism Removal (CPR):    0.000ns
  Clock Uncertainty:      0.035ns  ((TSJ^2 + TIJ^2)^1/2 + DJ) / 2 + PE
    Total System Jitter     (TSJ):    0.071ns
    Total Input Jitter      (TIJ):    0.000ns
    Discrete Jitter          (DJ):    0.000ns
    Phase Error              (PE):    0.000ns

    Location             Delay type                Incr(ns)  Path(ns)    Netlist Resource(s)
  -------------------------------------------------------------------    -------------------
                         (clock atb_atclk rise edge)
                                                      0.000     0.000 r  
                                                      0.000     0.000 r  atb_atclk (IN)
                         net (fo=45, unset)           0.041     0.041    genEtrace.te_packetizer_inst/genAtbFifo2clk.atb_cdc_fifo/atb_atclk
                         FDRE                                         r  genEtrace.te_packetizer_inst/genAtbFifo2clk.atb_cdc_fifo/blkRead.RPtr_reg[6]/C
  -------------------------------------------------------------------    -------------------
                         FDRE (Prop_FDRE_C_Q)         0.114     0.155 r  genEtrace.te_packetizer_inst/genAtbFifo2clk.atb_cdc_fifo/blkRead.RPtr_reg[6]/Q
                         net (fo=3, unplaced)         0.160     0.315    genEtrace.te_packetizer_inst/genAtbFifo2clk.atb_cdc_fifo/gray2bin0_return021_out
                         LUT2 (Prop_LUT2_I1_O)        0.058     0.373 r  genEtrace.te_packetizer_inst/genAtbFifo2clk.atb_cdc_fifo/genMemory.Mem_reg_0_63_0_6_i_8/O
                         net (fo=8, unplaced)         0.242     0.615    genAtbFifo2clk.atb_cdc_fifo/genMemory.Mem_reg_0_63_0_6/ADDRG5
                         RAMD64E (Prop_RAMD64E_RADR5_O)
                                                      0.057     0.672 r  genAtbFifo2clk.atb_cdc_fifo/genMemory.Mem_reg_0_63_0_6/RAMG/O
                         net (fo=1, unplaced)         0.229     0.901    genEtrace.te_packetizer_inst/genAtbFifo2clk.atb_cdc_fifo/genMemory.ReadReg_reg[0][7]_1[6]
                         FDRE                                         r  genEtrace.te_packetizer_inst/genAtbFifo2clk.atb_cdc_fifo/genMemory.ReadReg_reg[0][6]/D
  -------------------------------------------------------------------    -------------------

                         (clock atb_atclk rise edge)
                                                     13.333    13.333 r  
                                                      0.000    13.333 r  atb_atclk (IN)
                         net (fo=45, unset)           0.029    13.362    genEtrace.te_packetizer_inst/genAtbFifo2clk.atb_cdc_fifo/atb_atclk
                         FDRE                                         r  genEtrace.te_packetizer_inst/genAtbFifo2clk.atb_cdc_fifo/genMemory.ReadReg_reg[0][6]/C
                         clock pessimism              0.000    13.362    
                         clock uncertainty           -0.035    13.327    
                         FDRE (Setup_FDRE_C_D)        0.044    13.371    genEtrace.te_packetizer_inst/genAtbFifo2clk.atb_cdc_fifo/genMemory.ReadReg_reg[0][6]
  -------------------------------------------------------------------
                         required time                         13.371    
                         arrival time                          -0.901    
  -------------------------------------------------------------------
                         slack                                 12.470    





Pulse Width Checks
--------------------------------------------------------------------------------------
Clock Name:         atb_atclk
Waveform(ns):       { 0.000 6.667 }
Period(ns):         13.333
Sources:            { atb_atclk }

Check Type        Corner  Lib Pin  Reference Pin  Required(ns)  Actual(ns)  Slack(ns)  Location  Pin
Min Period        n/a     FDRE/C   n/a            0.550         13.333      12.783               genEtrace.te_packetizer_inst/AfReady_reg/C
Min Period        n/a     FDRE/C   n/a            0.550         13.333      12.783               genEtrace.te_packetizer_inst/ChainEmptyQ_reg/C
Min Period        n/a     FDRE/C   n/a            0.550         13.333      12.783               genEtrace.te_packetizer_inst/EmptyQuietCnt_reg[0]/C
Min Period        n/a     FDRE/C   n/a            0.550         13.333      12.783               genEtrace.te_packetizer_inst/EmptyQuietCnt_reg[1]/C
Min Period        n/a     FDRE/C   n/a            0.550         13.333      12.783               genEtrace.te_packetizer_inst/EmptyQuietCnt_reg[2]/C
Low Pulse Width   Slow    FDRE/C   n/a            0.275         6.667       6.392                genEtrace.te_packetizer_inst/AfReady_reg/C
Low Pulse Width   Fast    FDRE/C   n/a            0.275         6.667       6.392                genEtrace.te_packetizer_inst/AfReady_reg/C
Low Pulse Width   Slow    FDRE/C   n/a            0.275         6.667       6.392                genEtrace.te_packetizer_inst/ChainEmptyQ_reg/C
Low Pulse Width   Fast    FDRE/C   n/a            0.275         6.667       6.392                genEtrace.te_packetizer_inst/ChainEmptyQ_reg/C
Low Pulse Width   Slow    FDRE/C   n/a            0.275         6.667       6.392                genEtrace.te_packetizer_inst/EmptyQuietCnt_reg[0]/C
High Pulse Width  Slow    FDRE/C   n/a            0.275         6.667       6.392                genEtrace.te_packetizer_inst/AfReady_reg/C
High Pulse Width  Fast    FDRE/C   n/a            0.275         6.667       6.392                genEtrace.te_packetizer_inst/AfReady_reg/C
High Pulse Width  Slow    FDRE/C   n/a            0.275         6.667       6.392                genEtrace.te_packetizer_inst/ChainEmptyQ_reg/C
High Pulse Width  Fast    FDRE/C   n/a            0.275         6.667       6.392                genEtrace.te_packetizer_inst/ChainEmptyQ_reg/C
High Pulse Width  Slow    FDRE/C   n/a            0.275         6.667       6.392                genEtrace.te_packetizer_inst/EmptyQuietCnt_reg[0]/C



---------------------------------------------------------------------------------------------------
From Clock:  proc_clk
  To Clock:  proc_clk

Setup :            0  Failing Endpoints,  Worst Slack        1.753ns,  Total Violation        0.000ns
Hold  :           NA  Failing Endpoints,  Worst Slack           NA  ,  Total Violation           NA
PW    :            0  Failing Endpoints,  Worst Slack        5.905ns,  Total Violation        0.000ns
---------------------------------------------------------------------------------------------------


Max Delay Paths
--------------------------------------------------------------------------------------
Slack (MET) :             1.753ns  (required time - arrival time)
  Source:                 genEtrace.te_inst_gen_inst/Q_reg[0][df_dlen][2]_rep__0/C
                            (rising edge-triggered cell FDRE clocked by proc_clk  {rise@0.000ns fall@6.667ns period=13.333ns})
  Destination:            genEtrace.te_packetizer_inst/PktBytes_reg[4]/D
                            (rising edge-triggered cell FDRE clocked by proc_clk  {rise@0.000ns fall@6.667ns period=13.333ns})
  Path Group:             proc_clk
  Path Type:              Setup (Max at Slow Process Corner)
  Requirement:            13.333ns  (proc_clk rise@13.333ns - proc_clk rise@0.000ns)
  Data Path Delay:        11.577ns  (logic 3.247ns (28.047%)  route 8.330ns (71.953%))
  Logic Levels:           38  (LUT2=1 LUT3=4 LUT4=3 LUT5=3 LUT6=27)
  Clock Path Skew:        -0.012ns (DCD - SCD + CPR)
    Destination Clock Delay (DCD):    0.029ns = ( 13.362 - 13.333 ) 
    Source Clock Delay      (SCD):    0.041ns
    Clock Pessimism Removal (CPR):    0.000ns
  Clock Uncertainty:      0.035ns  ((TSJ^2 + TIJ^2)^1/2 + DJ) / 2 + PE
    Total System Jitter     (TSJ):    0.071ns
    Total Input Jitter      (TIJ):    0.000ns
    Discrete Jitter          (DJ):    0.000ns
    Phase Error              (PE):    0.000ns

    Location             Delay type                Incr(ns)  Path(ns)    Netlist Resource(s)
  -------------------------------------------------------------------    -------------------
                         (clock proc_clk rise edge)
                                                      0.000     0.000 r  
                                                      0.000     0.000 r  proc_clk (IN)
                         net (fo=2015, unset)         0.041     0.041    genEtrace.te_inst_gen_inst/proc_clk
                         FDRE                                         r  genEtrace.te_inst_gen_inst/Q_reg[0][df_dlen][2]_rep__0/C
  -------------------------------------------------------------------    -------------------
                         FDRE (Prop_FDRE_C_Q)         0.114     0.155 r  genEtrace.te_inst_gen_inst/Q_reg[0][df_dlen][2]_rep__0/Q
                         net (fo=134, unplaced)       0.198     0.353    genEtrace.te_inst_gen_inst/Q_reg[0][df_dlen][2]_rep__0_n_0
                         LUT3 (Prop_LUT3_I0_O)        0.137     0.490 r  genEtrace.te_inst_gen_inst/ShiftBuf[192]_i_45/O
                         net (fo=25, unplaced)        0.265     0.755    genEtrace.te_inst_gen_inst/ShiftBuf[192]_i_45_n_0
                         LUT3 (Prop_LUT3_I2_O)        0.058     0.813 r  genEtrace.te_inst_gen_inst/ShiftBuf[192]_i_27/O
                         net (fo=111, unplaced)       0.299     1.112    genEtrace.te_inst_gen_inst/ShiftBuf[192]_i_27_n_0
                         LUT4 (Prop_LUT4_I1_O)        0.058     1.170 r  genEtrace.te_inst_gen_inst/ShiftBuf[192]_i_81/O
                         net (fo=9, unplaced)         0.242     1.412    genEtrace.te_inst_gen_inst/ShiftBuf[192]_i_81_n_0
                         LUT6 (Prop_LUT6_I2_O)        0.058     1.470 r  genEtrace.te_inst_gen_inst/ShiftBuf[192]_i_87/O
                         net (fo=7, unplaced)         0.236     1.706    genEtrace.te_inst_gen_inst/ShiftBuf[192]_i_87_n_0
                         LUT5 (Prop_LUT5_I2_O)        0.058     1.764 r  genEtrace.te_inst_gen_inst/ShiftBuf[192]_i_72/O
                         net (fo=35, unplaced)        0.273     2.037    genEtrace.te_inst_gen_inst/ShiftBuf[192]_i_72_n_0
                         LUT5 (Prop_LUT5_I1_O)        0.058     2.095 r  genEtrace.te_inst_gen_inst/ShiftBuf[192]_i_60/O
                         net (fo=57, unplaced)        0.284     2.379    genEtrace.te_inst_gen_inst/ShiftBuf[192]_i_60_n_0
                         LUT6 (Prop_LUT6_I5_O)        0.058     2.437 r  genEtrace.te_inst_gen_inst/ShiftBuf[192]_i_54/O
                         net (fo=39, unplaced)        0.275     2.712    genEtrace.te_inst_gen_inst/ShiftBuf[192]_i_54_n_0
                         LUT4 (Prop_LUT4_I3_O)        0.058     2.770 r  genEtrace.te_inst_gen_inst/ShiftBuf[192]_i_52/O
                         net (fo=43, unplaced)        0.277     3.047    genEtrace.te_inst_gen_inst/ShiftBuf[192]_i_52_n_0
                         LUT6 (Prop_LUT6_I5_O)        0.058     3.105 r  genEtrace.te_inst_gen_inst/ShiftBuf[192]_i_44/O
                         net (fo=44, unplaced)        0.278     3.383    genEtrace.te_inst_gen_inst/ShiftBuf[192]_i_44_n_0
                         LUT6 (Prop_LUT6_I5_O)        0.058     3.441 r  genEtrace.te_inst_gen_inst/ShiftBuf[192]_i_24/O
                         net (fo=44, unplaced)        0.278     3.719    genEtrace.te_inst_gen_inst/ShiftBuf[192]_i_24_n_0
                         LUT3 (Prop_LUT3_I0_O)        0.058     3.777 f  genEtrace.te_inst_gen_inst/ShiftBuf[63]_i_38/O
                         net (fo=60, unplaced)        0.285     4.062    genEtrace.te_inst_gen_inst/ShiftBuf[63]_i_38_n_0
                         LUT2 (Prop_LUT2_I1_O)        0.058     4.120 r  genEtrace.te_inst_gen_inst/ShiftBuf[67]_i_29/O
                         net (fo=16, unplaced)        0.255     4.375    genEtrace.te_inst_gen_inst/ShiftBuf[67]_i_29_n_0
                         LUT3 (Prop_LUT3_I0_O)        0.092     4.467 r  genEtrace.te_inst_gen_inst/ShiftBuf[65]_i_30/O
                         net (fo=1, unplaced)         0.153     4.620    genEtrace.te_inst_gen_inst/ShiftBuf[65]_i_30_n_0
                         LUT6 (Prop_LUT6_I0_O)        0.137     4.757 r  genEtrace.te_inst_gen_inst/ShiftBuf[65]_i_26/O
                         net (fo=1, unplaced)         0.211     4.968    genEtrace.te_inst_gen_inst/ShiftBuf[65]_i_26_n_0
                         LUT6 (Prop_LUT6_I2_O)        0.058     5.026 r  genEtrace.te_inst_gen_inst/ShiftBuf[65]_i_23/O
                         net (fo=1, unplaced)         0.211     5.237    genEtrace.te_inst_gen_inst/p38_in[65]
                         LUT6 (Prop_LUT6_I0_O)        0.058     5.295 r  genEtrace.te_inst_gen_inst/ShiftBuf[65]_i_22/O
                         net (fo=1, unplaced)         0.211     5.506    genEtrace.te_inst_gen_inst/ShiftBuf[65]_i_22_n_0
                         LUT6 (Prop_LUT6_I5_O)        0.058     5.564 f  genEtrace.te_inst_gen_inst/ShiftBuf[65]_i_18/O
                         net (fo=1, unplaced)         0.211     5.775    genEtrace.te_inst_gen_inst/ShiftBuf[65]_i_18_n_0
                         LUT6 (Prop_LUT6_I5_O)        0.058     5.833 f  genEtrace.te_inst_gen_inst/ShiftBuf[65]_i_14/O
                         net (fo=1, unplaced)         0.211     6.044    genEtrace.te_inst_gen_inst/ShiftBuf[65]_i_14_n_0
                         LUT6 (Prop_LUT6_I5_O)        0.058     6.102 f  genEtrace.te_inst_gen_inst/ShiftBuf[65]_i_10/O
                         net (fo=2, unplaced)         0.211     6.313    genEtrace.te_inst_gen_inst/ShiftBuf[65]_i_10_n_0
                         LUT6 (Prop_LUT6_I0_O)        0.058     6.371 r  genEtrace.te_inst_gen_inst/ShiftBuf[65]_i_12/O
                         net (fo=1, unplaced)         0.211     6.582    genEtrace.te_inst_gen_inst/ShiftBuf[65]_i_12_n_0
                         LUT6 (Prop_LUT6_I5_O)        0.058     6.640 r  genEtrace.te_inst_gen_inst/ShiftBuf[65]_i_8/O
                         net (fo=1, unplaced)         0.211     6.851    genEtrace.te_inst_gen_inst/ShiftBuf[65]_i_8_n_0
                         LUT6 (Prop_LUT6_I2_O)        0.058     6.909 f  genEtrace.te_inst_gen_inst/ShiftBuf[65]_i_5/O
                         net (fo=1, unplaced)         0.211     7.120    genEtrace.te_inst_gen_inst/ShiftBuf[65]_i_5_n_0
                         LUT6 (Prop_LUT6_I4_O)        0.058     7.178 r  genEtrace.te_inst_gen_inst/ShiftBuf[65]_i_2/O
                         net (fo=3, unplaced)         0.217     7.395    genEtrace.te_inst_gen_inst/genEtrace.te_pkt_payload[65]
                         LUT6 (Prop_LUT6_I1_O)        0.058     7.453 r  genEtrace.te_inst_gen_inst/ShiftBuf[207]_i_40/O
                         net (fo=1, unplaced)         0.211     7.664    genEtrace.te_inst_gen_inst/ShiftBuf[207]_i_40_n_0
                         LUT6 (Prop_LUT6_I0_O)        0.058     7.722 r  genEtrace.te_inst_gen_inst/ShiftBuf[207]_i_18/O
                         net (fo=1, unplaced)         0.153     7.875    genEtrace.te_inst_gen_inst/ShiftBuf[207]_i_18_n_0
                         LUT6 (Prop_LUT6_I0_O)        0.137     8.012 r  genEtrace.te_inst_gen_inst/ShiftBuf[207]_i_6/O
                         net (fo=5, unplaced)         0.166     8.178    genEtrace.te_inst_gen_inst/ShiftBuf[207]_i_6_n_0
                         LUT6 (Prop_LUT6_I1_O)        0.082     8.260 r  genEtrace.te_inst_gen_inst/BytesLeft[4]_i_19/O
                         net (fo=106, unplaced)       0.298     8.558    genEtrace.te_inst_gen_inst/BytesLeft[4]_i_19_n_0
                         LUT5 (Prop_LUT5_I3_O)        0.058     8.616 r  genEtrace.te_inst_gen_inst/BytesLeft[0]_i_30/O
                         net (fo=4, unplaced)         0.129     8.745    genEtrace.te_inst_gen_inst/BytesLeft[0]_i_30_n_0
                         LUT6 (Prop_LUT6_I0_O)        0.225     8.970 f  genEtrace.te_inst_gen_inst/PktBytes[1]_i_78/O
                         net (fo=2, unplaced)         0.109     9.079    genEtrace.te_inst_gen_inst/PktBytes[1]_i_78_n_0
                         LUT6 (Prop_LUT6_I1_O)        0.188     9.267 f  genEtrace.te_inst_gen_inst/PktBytes[2]_i_309/O
                         net (fo=1, unplaced)         0.109     9.376    genEtrace.te_inst_gen_inst/PktBytes[2]_i_309_n_0
                         LUT6 (Prop_LUT6_I1_O)        0.188     9.564 r  genEtrace.te_inst_gen_inst/PktBytes[2]_i_248/O
                         net (fo=1, unplaced)         0.153     9.717    genEtrace.te_inst_gen_inst/PktBytes[2]_i_248_n_0
                         LUT6 (Prop_LUT6_I1_O)        0.137     9.854 r  genEtrace.te_inst_gen_inst/PktBytes[2]_i_173/O
                         net (fo=1, unplaced)         0.211    10.065    genEtrace.te_inst_gen_inst/PktBytes[2]_i_173_n_0
                         LUT6 (Prop_LUT6_I3_O)        0.058    10.123 f  genEtrace.te_inst_gen_inst/PktBytes[2]_i_93/O
                         net (fo=1, unplaced)         0.211    10.334    genEtrace.te_inst_gen_inst/PktBytes[2]_i_93_n_0
                         LUT6 (Prop_LUT6_I3_O)        0.058    10.392 r  genEtrace.te_inst_gen_inst/PktBytes[2]_i_37/O
                         net (fo=1, unplaced)         0.211    10.603    genEtrace.te_inst_gen_inst/PktBytes[2]_i_37_n_0
                         LUT6 (Prop_LUT6_I4_O)        0.058    10.661 r  genEtrace.te_inst_gen_inst/PktBytes[2]_i_12/O
                         net (fo=1, unplaced)         0.211    10.872    genEtrace.te_inst_gen_inst/PktBytes[2]_i_12_n_0
                         LUT6 (Prop_LUT6_I0_O)        0.058    10.930 r  genEtrace.te_inst_gen_inst/PktBytes[2]_i_3/O
                         net (fo=2, unplaced)         0.154    11.084    genEtrace.te_inst_gen_inst/PktBytes[2]_i_3_n_0
                         LUT6 (Prop_LUT6_I1_O)        0.152    11.236 r  genEtrace.te_inst_gen_inst/BytesLeft[4]_i_4/O
                         net (fo=4, unplaced)         0.223    11.459    genEtrace.te_inst_gen_inst/BytesLeft[4]_i_4_n_0
                         LUT4 (Prop_LUT4_I1_O)        0.092    11.551 r  genEtrace.te_inst_gen_inst/PktBytes[4]_i_2/O
                         net (fo=1, unplaced)         0.067    11.618    genEtrace.te_packetizer_inst/D[4]
                         FDRE                                         r  genEtrace.te_packetizer_inst/PktBytes_reg[4]/D
  -------------------------------------------------------------------    -------------------

                         (clock proc_clk rise edge)
                                                     13.333    13.333 r  
                                                      0.000    13.333 r  proc_clk (IN)
                         net (fo=2015, unset)         0.029    13.362    genEtrace.te_packetizer_inst/proc_clk
                         FDRE                                         r  genEtrace.te_packetizer_inst/PktBytes_reg[4]/C
                         clock pessimism              0.000    13.362    
                         clock uncertainty           -0.035    13.327    
                         FDRE (Setup_FDRE_C_D)        0.044    13.371    genEtrace.te_packetizer_inst/PktBytes_reg[4]
  -------------------------------------------------------------------
                         required time                         13.371    
                         arrival time                         -11.618    
  -------------------------------------------------------------------
                         slack                                  1.753    

Slack (MET) :             1.787ns  (required time - arrival time)
  Source:                 genEtrace.te_inst_gen_inst/Q_reg[0][df_dlen][2]_rep__0/C
                            (rising edge-triggered cell FDRE clocked by proc_clk  {rise@0.000ns fall@6.667ns period=13.333ns})
  Destination:            genEtrace.te_packetizer_inst/BytesLeft_reg[3]/D
                            (rising edge-triggered cell FDRE clocked by proc_clk  {rise@0.000ns fall@6.667ns period=13.333ns})
  Path Group:             proc_clk
  Path Type:              Setup (Max at Slow Process Corner)
  Requirement:            13.333ns  (proc_clk rise@13.333ns - proc_clk rise@0.000ns)
  Data Path Delay:        11.543ns  (logic 3.213ns (27.835%)  route 8.330ns (72.165%))
  Logic Levels:           38  (LUT2=1 LUT3=4 LUT4=2 LUT5=3 LUT6=28)
  Clock Path Skew:        -0.012ns (DCD - SCD + CPR)
    Destination Clock Delay (DCD):    0.029ns = ( 13.362 - 13.333 ) 
    Source Clock Delay      (SCD):    0.041ns
    Clock Pessimism Removal (CPR):    0.000ns
  Clock Uncertainty:      0.035ns  ((TSJ^2 + TIJ^2)^1/2 + DJ) / 2 + PE
    Total System Jitter     (TSJ):    0.071ns
    Total Input Jitter      (TIJ):    0.000ns
    Discrete Jitter          (DJ):    0.000ns
    Phase Error              (PE):    0.000ns

    Location             Delay type                Incr(ns)  Path(ns)    Netlist Resource(s)
  -------------------------------------------------------------------    -------------------
                         (clock proc_clk rise edge)
                                                      0.000     0.000 r  
                                                      0.000     0.000 r  proc_clk (IN)
                         net (fo=2015, unset)         0.041     0.041    genEtrace.te_inst_gen_inst/proc_clk
                         FDRE                                         r  genEtrace.te_inst_gen_inst/Q_reg[0][df_dlen][2]_rep__0/C
  -------------------------------------------------------------------    -------------------
                         FDRE (Prop_FDRE_C_Q)         0.114     0.155 r  genEtrace.te_inst_gen_inst/Q_reg[0][df_dlen][2]_rep__0/Q
                         net (fo=134, unplaced)       0.198     0.353    genEtrace.te_inst_gen_inst/Q_reg[0][df_dlen][2]_rep__0_n_0
                         LUT3 (Prop_LUT3_I0_O)        0.137     0.490 r  genEtrace.te_inst_gen_inst/ShiftBuf[192]_i_45/O
                         net (fo=25, unplaced)        0.265     0.755    genEtrace.te_inst_gen_inst/ShiftBuf[192]_i_45_n_0
                         LUT3 (Prop_LUT3_I2_O)        0.058     0.813 r  genEtrace.te_inst_gen_inst/ShiftBuf[192]_i_27/O
                         net (fo=111, unplaced)       0.299     1.112    genEtrace.te_inst_gen_inst/ShiftBuf[192]_i_27_n_0
                         LUT4 (Prop_LUT4_I1_O)        0.058     1.170 r  genEtrace.te_inst_gen_inst/ShiftBuf[192]_i_81/O
                         net (fo=9, unplaced)         0.242     1.412    genEtrace.te_inst_gen_inst/ShiftBuf[192]_i_81_n_0
                         LUT6 (Prop_LUT6_I2_O)        0.058     1.470 r  genEtrace.te_inst_gen_inst/ShiftBuf[192]_i_87/O
                         net (fo=7, unplaced)         0.236     1.706    genEtrace.te_inst_gen_inst/ShiftBuf[192]_i_87_n_0
                         LUT5 (Prop_LUT5_I2_O)        0.058     1.764 r  genEtrace.te_inst_gen_inst/ShiftBuf[192]_i_72/O
                         net (fo=35, unplaced)        0.273     2.037    genEtrace.te_inst_gen_inst/ShiftBuf[192]_i_72_n_0
                         LUT5 (Prop_LUT5_I1_O)        0.058     2.095 r  genEtrace.te_inst_gen_inst/ShiftBuf[192]_i_60/O
                         net (fo=57, unplaced)        0.284     2.379    genEtrace.te_inst_gen_inst/ShiftBuf[192]_i_60_n_0
                         LUT6 (Prop_LUT6_I5_O)        0.058     2.437 r  genEtrace.te_inst_gen_inst/ShiftBuf[192]_i_54/O
                         net (fo=39, unplaced)        0.275     2.712    genEtrace.te_inst_gen_inst/ShiftBuf[192]_i_54_n_0
                         LUT4 (Prop_LUT4_I3_O)        0.058     2.770 r  genEtrace.te_inst_gen_inst/ShiftBuf[192]_i_52/O
                         net (fo=43, unplaced)        0.277     3.047    genEtrace.te_inst_gen_inst/ShiftBuf[192]_i_52_n_0
                         LUT6 (Prop_LUT6_I5_O)        0.058     3.105 r  genEtrace.te_inst_gen_inst/ShiftBuf[192]_i_44/O
                         net (fo=44, unplaced)        0.278     3.383    genEtrace.te_inst_gen_inst/ShiftBuf[192]_i_44_n_0
                         LUT6 (Prop_LUT6_I5_O)        0.058     3.441 r  genEtrace.te_inst_gen_inst/ShiftBuf[192]_i_24/O
                         net (fo=44, unplaced)        0.278     3.719    genEtrace.te_inst_gen_inst/ShiftBuf[192]_i_24_n_0
                         LUT3 (Prop_LUT3_I0_O)        0.058     3.777 f  genEtrace.te_inst_gen_inst/ShiftBuf[63]_i_38/O
                         net (fo=60, unplaced)        0.285     4.062    genEtrace.te_inst_gen_inst/ShiftBuf[63]_i_38_n_0
                         LUT2 (Prop_LUT2_I1_O)        0.058     4.120 r  genEtrace.te_inst_gen_inst/ShiftBuf[67]_i_29/O
                         net (fo=16, unplaced)        0.255     4.375    genEtrace.te_inst_gen_inst/ShiftBuf[67]_i_29_n_0
                         LUT3 (Prop_LUT3_I0_O)        0.092     4.467 r  genEtrace.te_inst_gen_inst/ShiftBuf[65]_i_30/O
                         net (fo=1, unplaced)         0.153     4.620    genEtrace.te_inst_gen_inst/ShiftBuf[65]_i_30_n_0
                         LUT6 (Prop_LUT6_I0_O)        0.137     4.757 r  genEtrace.te_inst_gen_inst/ShiftBuf[65]_i_26/O
                         net (fo=1, unplaced)         0.211     4.968    genEtrace.te_inst_gen_inst/ShiftBuf[65]_i_26_n_0
                         LUT6 (Prop_LUT6_I2_O)        0.058     5.026 r  genEtrace.te_inst_gen_inst/ShiftBuf[65]_i_23/O
                         net (fo=1, unplaced)         0.211     5.237    genEtrace.te_inst_gen_inst/p38_in[65]
                         LUT6 (Prop_LUT6_I0_O)        0.058     5.295 r  genEtrace.te_inst_gen_inst/ShiftBuf[65]_i_22/O
                         net (fo=1, unplaced)         0.211     5.506    genEtrace.te_inst_gen_inst/ShiftBuf[65]_i_22_n_0
                         LUT6 (Prop_LUT6_I5_O)        0.058     5.564 f  genEtrace.te_inst_gen_inst/ShiftBuf[65]_i_18/O
                         net (fo=1, unplaced)         0.211     5.775    genEtrace.te_inst_gen_inst/ShiftBuf[65]_i_18_n_0
                         LUT6 (Prop_LUT6_I5_O)        0.058     5.833 f  genEtrace.te_inst_gen_inst/ShiftBuf[65]_i_14/O
                         net (fo=1, unplaced)         0.211     6.044    genEtrace.te_inst_gen_inst/ShiftBuf[65]_i_14_n_0
                         LUT6 (Prop_LUT6_I5_O)        0.058     6.102 f  genEtrace.te_inst_gen_inst/ShiftBuf[65]_i_10/O
                         net (fo=2, unplaced)         0.211     6.313    genEtrace.te_inst_gen_inst/ShiftBuf[65]_i_10_n_0
                         LUT6 (Prop_LUT6_I0_O)        0.058     6.371 r  genEtrace.te_inst_gen_inst/ShiftBuf[65]_i_12/O
                         net (fo=1, unplaced)         0.211     6.582    genEtrace.te_inst_gen_inst/ShiftBuf[65]_i_12_n_0
                         LUT6 (Prop_LUT6_I5_O)        0.058     6.640 r  genEtrace.te_inst_gen_inst/ShiftBuf[65]_i_8/O
                         net (fo=1, unplaced)         0.211     6.851    genEtrace.te_inst_gen_inst/ShiftBuf[65]_i_8_n_0
                         LUT6 (Prop_LUT6_I2_O)        0.058     6.909 f  genEtrace.te_inst_gen_inst/ShiftBuf[65]_i_5/O
                         net (fo=1, unplaced)         0.211     7.120    genEtrace.te_inst_gen_inst/ShiftBuf[65]_i_5_n_0
                         LUT6 (Prop_LUT6_I4_O)        0.058     7.178 r  genEtrace.te_inst_gen_inst/ShiftBuf[65]_i_2/O
                         net (fo=3, unplaced)         0.217     7.395    genEtrace.te_inst_gen_inst/genEtrace.te_pkt_payload[65]
                         LUT6 (Prop_LUT6_I1_O)        0.058     7.453 r  genEtrace.te_inst_gen_inst/ShiftBuf[207]_i_40/O
                         net (fo=1, unplaced)         0.211     7.664    genEtrace.te_inst_gen_inst/ShiftBuf[207]_i_40_n_0
                         LUT6 (Prop_LUT6_I0_O)        0.058     7.722 r  genEtrace.te_inst_gen_inst/ShiftBuf[207]_i_18/O
                         net (fo=1, unplaced)         0.153     7.875    genEtrace.te_inst_gen_inst/ShiftBuf[207]_i_18_n_0
                         LUT6 (Prop_LUT6_I0_O)        0.137     8.012 r  genEtrace.te_inst_gen_inst/ShiftBuf[207]_i_6/O
                         net (fo=5, unplaced)         0.166     8.178    genEtrace.te_inst_gen_inst/ShiftBuf[207]_i_6_n_0
                         LUT6 (Prop_LUT6_I1_O)        0.082     8.260 r  genEtrace.te_inst_gen_inst/BytesLeft[4]_i_19/O
                         net (fo=106, unplaced)       0.298     8.558    genEtrace.te_inst_gen_inst/BytesLeft[4]_i_19_n_0
                         LUT5 (Prop_LUT5_I3_O)        0.058     8.616 r  genEtrace.te_inst_gen_inst/BytesLeft[0]_i_30/O
                         net (fo=4, unplaced)         0.129     8.745    genEtrace.te_inst_gen_inst/BytesLeft[0]_i_30_n_0
                         LUT6 (Prop_LUT6_I0_O)        0.225     8.970 f  genEtrace.te_inst_gen_inst/PktBytes[1]_i_78/O
                         net (fo=2, unplaced)         0.109     9.079    genEtrace.te_inst_gen_inst/PktBytes[1]_i_78_n_0
                         LUT6 (Prop_LUT6_I1_O)        0.188     9.267 f  genEtrace.te_inst_gen_inst/PktBytes[2]_i_309/O
                         net (fo=1, unplaced)         0.109     9.376    genEtrace.te_inst_gen_inst/PktBytes[2]_i_309_n_0
                         LUT6 (Prop_LUT6_I1_O)        0.188     9.564 r  genEtrace.te_inst_gen_inst/PktBytes[2]_i_248/O
                         net (fo=1, unplaced)         0.153     9.717    genEtrace.te_inst_gen_inst/PktBytes[2]_i_248_n_0
                         LUT6 (Prop_LUT6_I1_O)        0.137     9.854 r  genEtrace.te_inst_gen_inst/PktBytes[2]_i_173/O
                         net (fo=1, unplaced)         0.211    10.065    genEtrace.te_inst_gen_inst/PktBytes[2]_i_173_n_0
                         LUT6 (Prop_LUT6_I3_O)        0.058    10.123 f  genEtrace.te_inst_gen_inst/PktBytes[2]_i_93/O
                         net (fo=1, unplaced)         0.211    10.334    genEtrace.te_inst_gen_inst/PktBytes[2]_i_93_n_0
                         LUT6 (Prop_LUT6_I3_O)        0.058    10.392 r  genEtrace.te_inst_gen_inst/PktBytes[2]_i_37/O
                         net (fo=1, unplaced)         0.211    10.603    genEtrace.te_inst_gen_inst/PktBytes[2]_i_37_n_0
                         LUT6 (Prop_LUT6_I4_O)        0.058    10.661 r  genEtrace.te_inst_gen_inst/PktBytes[2]_i_12/O
                         net (fo=1, unplaced)         0.211    10.872    genEtrace.te_inst_gen_inst/PktBytes[2]_i_12_n_0
                         LUT6 (Prop_LUT6_I0_O)        0.058    10.930 r  genEtrace.te_inst_gen_inst/PktBytes[2]_i_3/O
                         net (fo=2, unplaced)         0.154    11.084    genEtrace.te_inst_gen_inst/PktBytes[2]_i_3_n_0
                         LUT6 (Prop_LUT6_I1_O)        0.152    11.236 r  genEtrace.te_inst_gen_inst/BytesLeft[4]_i_4/O
                         net (fo=4, unplaced)         0.223    11.459    genEtrace.te_inst_gen_inst/BytesLeft[4]_i_4_n_0
                         LUT6 (Prop_LUT6_I2_O)        0.058    11.517 r  genEtrace.te_inst_gen_inst/BytesLeft[3]_i_1/O
                         net (fo=1, unplaced)         0.067    11.584    genEtrace.te_packetizer_inst/BytesLeft_reg[4]_2[1]
                         FDRE                                         r  genEtrace.te_packetizer_inst/BytesLeft_reg[3]/D
  -------------------------------------------------------------------    -------------------

                         (clock proc_clk rise edge)
                                                     13.333    13.333 r  
                                                      0.000    13.333 r  proc_clk (IN)
                         net (fo=2015, unset)         0.029    13.362    genEtrace.te_packetizer_inst/proc_clk
                         FDRE                                         r  genEtrace.te_packetizer_inst/BytesLeft_reg[3]/C
                         clock pessimism              0.000    13.362    
                         clock uncertainty           -0.035    13.327    
                         FDRE (Setup_FDRE_C_D)        0.044    13.371    genEtrace.te_packetizer_inst/BytesLeft_reg[3]
  -------------------------------------------------------------------
                         required time                         13.371    
                         arrival time                         -11.584    
  -------------------------------------------------------------------
                         slack                                  1.787    

Slack (MET) :             1.787ns  (required time - arrival time)
  Source:                 genEtrace.te_inst_gen_inst/Q_reg[0][df_dlen][2]_rep__0/C
                            (rising edge-triggered cell FDRE clocked by proc_clk  {rise@0.000ns fall@6.667ns period=13.333ns})
  Destination:            genEtrace.te_packetizer_inst/BytesLeft_reg[4]/D
                            (rising edge-triggered cell FDRE clocked by proc_clk  {rise@0.000ns fall@6.667ns period=13.333ns})
  Path Group:             proc_clk
  Path Type:              Setup (Max at Slow Process Corner)
  Requirement:            13.333ns  (proc_clk rise@13.333ns - proc_clk rise@0.000ns)
  Data Path Delay:        11.543ns  (logic 3.213ns (27.835%)  route 8.330ns (72.165%))
  Logic Levels:           38  (LUT2=1 LUT3=4 LUT4=2 LUT5=3 LUT6=28)
  Clock Path Skew:        -0.012ns (DCD - SCD + CPR)
    Destination Clock Delay (DCD):    0.029ns = ( 13.362 - 13.333 ) 
    Source Clock Delay      (SCD):    0.041ns
    Clock Pessimism Removal (CPR):    0.000ns
  Clock Uncertainty:      0.035ns  ((TSJ^2 + TIJ^2)^1/2 + DJ) / 2 + PE
    Total System Jitter     (TSJ):    0.071ns
    Total Input Jitter      (TIJ):    0.000ns
    Discrete Jitter          (DJ):    0.000ns
    Phase Error              (PE):    0.000ns

    Location             Delay type                Incr(ns)  Path(ns)    Netlist Resource(s)
  -------------------------------------------------------------------    -------------------
                         (clock proc_clk rise edge)
                                                      0.000     0.000 r  
                                                      0.000     0.000 r  proc_clk (IN)
                         net (fo=2015, unset)         0.041     0.041    genEtrace.te_inst_gen_inst/proc_clk
                         FDRE                                         r  genEtrace.te_inst_gen_inst/Q_reg[0][df_dlen][2]_rep__0/C
  -------------------------------------------------------------------    -------------------
                         FDRE (Prop_FDRE_C_Q)         0.114     0.155 r  genEtrace.te_inst_gen_inst/Q_reg[0][df_dlen][2]_rep__0/Q
                         net (fo=134, unplaced)       0.198     0.353    genEtrace.te_inst_gen_inst/Q_reg[0][df_dlen][2]_rep__0_n_0
                         LUT3 (Prop_LUT3_I0_O)        0.137     0.490 r  genEtrace.te_inst_gen_inst/ShiftBuf[192]_i_45/O
                         net (fo=25, unplaced)        0.265     0.755    genEtrace.te_inst_gen_inst/ShiftBuf[192]_i_45_n_0
                         LUT3 (Prop_LUT3_I2_O)        0.058     0.813 r  genEtrace.te_inst_gen_inst/ShiftBuf[192]_i_27/O
                         net (fo=111, unplaced)       0.299     1.112    genEtrace.te_inst_gen_inst/ShiftBuf[192]_i_27_n_0
                         LUT4 (Prop_LUT4_I1_O)        0.058     1.170 r  genEtrace.te_inst_gen_inst/ShiftBuf[192]_i_81/O
                         net (fo=9, unplaced)         0.242     1.412    genEtrace.te_inst_gen_inst/ShiftBuf[192]_i_81_n_0
                         LUT6 (Prop_LUT6_I2_O)        0.058     1.470 r  genEtrace.te_inst_gen_inst/ShiftBuf[192]_i_87/O
                         net (fo=7, unplaced)         0.236     1.706    genEtrace.te_inst_gen_inst/ShiftBuf[192]_i_87_n_0
                         LUT5 (Prop_LUT5_I2_O)        0.058     1.764 r  genEtrace.te_inst_gen_inst/ShiftBuf[192]_i_72/O
                         net (fo=35, unplaced)        0.273     2.037    genEtrace.te_inst_gen_inst/ShiftBuf[192]_i_72_n_0
                         LUT5 (Prop_LUT5_I1_O)        0.058     2.095 r  genEtrace.te_inst_gen_inst/ShiftBuf[192]_i_60/O
                         net (fo=57, unplaced)        0.284     2.379    genEtrace.te_inst_gen_inst/ShiftBuf[192]_i_60_n_0
                         LUT6 (Prop_LUT6_I5_O)        0.058     2.437 r  genEtrace.te_inst_gen_inst/ShiftBuf[192]_i_54/O
                         net (fo=39, unplaced)        0.275     2.712    genEtrace.te_inst_gen_inst/ShiftBuf[192]_i_54_n_0
                         LUT4 (Prop_LUT4_I3_O)        0.058     2.770 r  genEtrace.te_inst_gen_inst/ShiftBuf[192]_i_52/O
                         net (fo=43, unplaced)        0.277     3.047    genEtrace.te_inst_gen_inst/ShiftBuf[192]_i_52_n_0
                         LUT6 (Prop_LUT6_I5_O)        0.058     3.105 r  genEtrace.te_inst_gen_inst/ShiftBuf[192]_i_44/O
                         net (fo=44, unplaced)        0.278     3.383    genEtrace.te_inst_gen_inst/ShiftBuf[192]_i_44_n_0
                         LUT6 (Prop_LUT6_I5_O)        0.058     3.441 r  genEtrace.te_inst_gen_inst/ShiftBuf[192]_i_24/O
                         net (fo=44, unplaced)        0.278     3.719    genEtrace.te_inst_gen_inst/ShiftBuf[192]_i_24_n_0
                         LUT3 (Prop_LUT3_I0_O)        0.058     3.777 f  genEtrace.te_inst_gen_inst/ShiftBuf[63]_i_38/O
                         net (fo=60, unplaced)        0.285     4.062    genEtrace.te_inst_gen_inst/ShiftBuf[63]_i_38_n_0
                         LUT2 (Prop_LUT2_I1_O)        0.058     4.120 r  genEtrace.te_inst_gen_inst/ShiftBuf[67]_i_29/O
                         net (fo=16, unplaced)        0.255     4.375    genEtrace.te_inst_gen_inst/ShiftBuf[67]_i_29_n_0
                         LUT3 (Prop_LUT3_I0_O)        0.092     4.467 r  genEtrace.te_inst_gen_inst/ShiftBuf[65]_i_30/O
                         net (fo=1, unplaced)         0.153     4.620    genEtrace.te_inst_gen_inst/ShiftBuf[65]_i_30_n_0
                         LUT6 (Prop_LUT6_I0_O)        0.137     4.757 r  genEtrace.te_inst_gen_inst/ShiftBuf[65]_i_26/O
                         net (fo=1, unplaced)         0.211     4.968    genEtrace.te_inst_gen_inst/ShiftBuf[65]_i_26_n_0
                         LUT6 (Prop_LUT6_I2_O)        0.058     5.026 r  genEtrace.te_inst_gen_inst/ShiftBuf[65]_i_23/O
                         net (fo=1, unplaced)         0.211     5.237    genEtrace.te_inst_gen_inst/p38_in[65]
                         LUT6 (Prop_LUT6_I0_O)        0.058     5.295 r  genEtrace.te_inst_gen_inst/ShiftBuf[65]_i_22/O
                         net (fo=1, unplaced)         0.211     5.506    genEtrace.te_inst_gen_inst/ShiftBuf[65]_i_22_n_0
                         LUT6 (Prop_LUT6_I5_O)        0.058     5.564 f  genEtrace.te_inst_gen_inst/ShiftBuf[65]_i_18/O
                         net (fo=1, unplaced)         0.211     5.775    genEtrace.te_inst_gen_inst/ShiftBuf[65]_i_18_n_0
                         LUT6 (Prop_LUT6_I5_O)        0.058     5.833 f  genEtrace.te_inst_gen_inst/ShiftBuf[65]_i_14/O
                         net (fo=1, unplaced)         0.211     6.044    genEtrace.te_inst_gen_inst/ShiftBuf[65]_i_14_n_0
                         LUT6 (Prop_LUT6_I5_O)        0.058     6.102 f  genEtrace.te_inst_gen_inst/ShiftBuf[65]_i_10/O
                         net (fo=2, unplaced)         0.211     6.313    genEtrace.te_inst_gen_inst/ShiftBuf[65]_i_10_n_0
                         LUT6 (Prop_LUT6_I0_O)        0.058     6.371 r  genEtrace.te_inst_gen_inst/ShiftBuf[65]_i_12/O
                         net (fo=1, unplaced)         0.211     6.582    genEtrace.te_inst_gen_inst/ShiftBuf[65]_i_12_n_0
                         LUT6 (Prop_LUT6_I5_O)        0.058     6.640 r  genEtrace.te_inst_gen_inst/ShiftBuf[65]_i_8/O
                         net (fo=1, unplaced)         0.211     6.851    genEtrace.te_inst_gen_inst/ShiftBuf[65]_i_8_n_0
                         LUT6 (Prop_LUT6_I2_O)        0.058     6.909 f  genEtrace.te_inst_gen_inst/ShiftBuf[65]_i_5/O
                         net (fo=1, unplaced)         0.211     7.120    genEtrace.te_inst_gen_inst/ShiftBuf[65]_i_5_n_0
                         LUT6 (Prop_LUT6_I4_O)        0.058     7.178 r  genEtrace.te_inst_gen_inst/ShiftBuf[65]_i_2/O
                         net (fo=3, unplaced)         0.217     7.395    genEtrace.te_inst_gen_inst/genEtrace.te_pkt_payload[65]
                         LUT6 (Prop_LUT6_I1_O)        0.058     7.453 r  genEtrace.te_inst_gen_inst/ShiftBuf[207]_i_40/O
                         net (fo=1, unplaced)         0.211     7.664    genEtrace.te_inst_gen_inst/ShiftBuf[207]_i_40_n_0
                         LUT6 (Prop_LUT6_I0_O)        0.058     7.722 r  genEtrace.te_inst_gen_inst/ShiftBuf[207]_i_18/O
                         net (fo=1, unplaced)         0.153     7.875    genEtrace.te_inst_gen_inst/ShiftBuf[207]_i_18_n_0
                         LUT6 (Prop_LUT6_I0_O)        0.137     8.012 r  genEtrace.te_inst_gen_inst/ShiftBuf[207]_i_6/O
                         net (fo=5, unplaced)         0.166     8.178    genEtrace.te_inst_gen_inst/ShiftBuf[207]_i_6_n_0
                         LUT6 (Prop_LUT6_I1_O)        0.082     8.260 r  genEtrace.te_inst_gen_inst/BytesLeft[4]_i_19/O
                         net (fo=106, unplaced)       0.298     8.558    genEtrace.te_inst_gen_inst/BytesLeft[4]_i_19_n_0
                         LUT5 (Prop_LUT5_I3_O)        0.058     8.616 r  genEtrace.te_inst_gen_inst/BytesLeft[0]_i_30/O
                         net (fo=4, unplaced)         0.129     8.745    genEtrace.te_inst_gen_inst/BytesLeft[0]_i_30_n_0
                         LUT6 (Prop_LUT6_I0_O)        0.225     8.970 f  genEtrace.te_inst_gen_inst/PktBytes[1]_i_78/O
                         net (fo=2, unplaced)         0.109     9.079    genEtrace.te_inst_gen_inst/PktBytes[1]_i_78_n_0
                         LUT6 (Prop_LUT6_I1_O)        0.188     9.267 f  genEtrace.te_inst_gen_inst/PktBytes[2]_i_309/O
                         net (fo=1, unplaced)         0.109     9.376    genEtrace.te_inst_gen_inst/PktBytes[2]_i_309_n_0
                         LUT6 (Prop_LUT6_I1_O)        0.188     9.564 r  genEtrace.te_inst_gen_inst/PktBytes[2]_i_248/O
                         net (fo=1, unplaced)         0.153     9.717    genEtrace.te_inst_gen_inst/PktBytes[2]_i_248_n_0
                         LUT6 (Prop_LUT6_I1_O)        0.137     9.854 r  genEtrace.te_inst_gen_inst/PktBytes[2]_i_173/O
                         net (fo=1, unplaced)         0.211    10.065    genEtrace.te_inst_gen_inst/PktBytes[2]_i_173_n_0
                         LUT6 (Prop_LUT6_I3_O)        0.058    10.123 f  genEtrace.te_inst_gen_inst/PktBytes[2]_i_93/O
                         net (fo=1, unplaced)         0.211    10.334    genEtrace.te_inst_gen_inst/PktBytes[2]_i_93_n_0
                         LUT6 (Prop_LUT6_I3_O)        0.058    10.392 r  genEtrace.te_inst_gen_inst/PktBytes[2]_i_37/O
                         net (fo=1, unplaced)         0.211    10.603    genEtrace.te_inst_gen_inst/PktBytes[2]_i_37_n_0
                         LUT6 (Prop_LUT6_I4_O)        0.058    10.661 r  genEtrace.te_inst_gen_inst/PktBytes[2]_i_12/O
                         net (fo=1, unplaced)         0.211    10.872    genEtrace.te_inst_gen_inst/PktBytes[2]_i_12_n_0
                         LUT6 (Prop_LUT6_I0_O)        0.058    10.930 r  genEtrace.te_inst_gen_inst/PktBytes[2]_i_3/O
                         net (fo=2, unplaced)         0.154    11.084    genEtrace.te_inst_gen_inst/PktBytes[2]_i_3_n_0
                         LUT6 (Prop_LUT6_I1_O)        0.152    11.236 r  genEtrace.te_inst_gen_inst/BytesLeft[4]_i_4/O
                         net (fo=4, unplaced)         0.223    11.459    genEtrace.te_inst_gen_inst/BytesLeft[4]_i_4_n_0
                         LUT6 (Prop_LUT6_I1_O)        0.058    11.517 r  genEtrace.te_inst_gen_inst/BytesLeft[4]_i_2/O
                         net (fo=1, unplaced)         0.067    11.584    genEtrace.te_packetizer_inst/BytesLeft_reg[4]_2[2]
                         FDRE                                         r  genEtrace.te_packetizer_inst/BytesLeft_reg[4]/D
  -------------------------------------------------------------------    -------------------

                         (clock proc_clk rise edge)
                                                     13.333    13.333 r  
                                                      0.000    13.333 r  proc_clk (IN)
                         net (fo=2015, unset)         0.029    13.362    genEtrace.te_packetizer_inst/proc_clk
                         FDRE                                         r  genEtrace.te_packetizer_inst/BytesLeft_reg[4]/C
                         clock pessimism              0.000    13.362    
                         clock uncertainty           -0.035    13.327    
                         FDRE (Setup_FDRE_C_D)        0.044    13.371    genEtrace.te_packetizer_inst/BytesLeft_reg[4]
  -------------------------------------------------------------------
                         required time                         13.371    
                         arrival time                         -11.584    
  -------------------------------------------------------------------
                         slack                                  1.787    

Slack (MET) :             1.787ns  (required time - arrival time)
  Source:                 genEtrace.te_inst_gen_inst/Q_reg[0][df_dlen][2]_rep__0/C
                            (rising edge-triggered cell FDRE clocked by proc_clk  {rise@0.000ns fall@6.667ns period=13.333ns})
  Destination:            genEtrace.te_packetizer_inst/PktBytes_reg[3]/D
                            (rising edge-triggered cell FDRE clocked by proc_clk  {rise@0.000ns fall@6.667ns period=13.333ns})
  Path Group:             proc_clk
  Path Type:              Setup (Max at Slow Process Corner)
  Requirement:            13.333ns  (proc_clk rise@13.333ns - proc_clk rise@0.000ns)
  Data Path Delay:        11.543ns  (logic 3.213ns (27.835%)  route 8.330ns (72.165%))
  Logic Levels:           38  (LUT2=1 LUT3=5 LUT4=2 LUT5=3 LUT6=27)
  Clock Path Skew:        -0.012ns (DCD - SCD + CPR)
    Destination Clock Delay (DCD):    0.029ns = ( 13.362 - 13.333 ) 
    Source Clock Delay      (SCD):    0.041ns
    Clock Pessimism Removal (CPR):    0.000ns
  Clock Uncertainty:      0.035ns  ((TSJ^2 + TIJ^2)^1/2 + DJ) / 2 + PE
    Total System Jitter     (TSJ):    0.071ns
    Total Input Jitter      (TIJ):    0.000ns
    Discrete Jitter          (DJ):    0.000ns
    Phase Error              (PE):    0.000ns

    Location             Delay type                Incr(ns)  Path(ns)    Netlist Resource(s)
  -------------------------------------------------------------------    -------------------
                         (clock proc_clk rise edge)
                                                      0.000     0.000 r  
                                                      0.000     0.000 r  proc_clk (IN)
                         net (fo=2015, unset)         0.041     0.041    genEtrace.te_inst_gen_inst/proc_clk
                         FDRE                                         r  genEtrace.te_inst_gen_inst/Q_reg[0][df_dlen][2]_rep__0/C
  -------------------------------------------------------------------    -------------------
                         FDRE (Prop_FDRE_C_Q)         0.114     0.155 r  genEtrace.te_inst_gen_inst/Q_reg[0][df_dlen][2]_rep__0/Q
                         net (fo=134, unplaced)       0.198     0.353    genEtrace.te_inst_gen_inst/Q_reg[0][df_dlen][2]_rep__0_n_0
                         LUT3 (Prop_LUT3_I0_O)        0.137     0.490 r  genEtrace.te_inst_gen_inst/ShiftBuf[192]_i_45/O
                         net (fo=25, unplaced)        0.265     0.755    genEtrace.te_inst_gen_inst/ShiftBuf[192]_i_45_n_0
                         LUT3 (Prop_LUT3_I2_O)        0.058     0.813 r  genEtrace.te_inst_gen_inst/ShiftBuf[192]_i_27/O
                         net (fo=111, unplaced)       0.299     1.112    genEtrace.te_inst_gen_inst/ShiftBuf[192]_i_27_n_0
                         LUT4 (Prop_LUT4_I1_O)        0.058     1.170 r  genEtrace.te_inst_gen_inst/ShiftBuf[192]_i_81/O
                         net (fo=9, unplaced)         0.242     1.412    genEtrace.te_inst_gen_inst/ShiftBuf[192]_i_81_n_0
                         LUT6 (Prop_LUT6_I2_O)        0.058     1.470 r  genEtrace.te_inst_gen_inst/ShiftBuf[192]_i_87/O
                         net (fo=7, unplaced)         0.236     1.706    genEtrace.te_inst_gen_inst/ShiftBuf[192]_i_87_n_0
                         LUT5 (Prop_LUT5_I2_O)        0.058     1.764 r  genEtrace.te_inst_gen_inst/ShiftBuf[192]_i_72/O
                         net (fo=35, unplaced)        0.273     2.037    genEtrace.te_inst_gen_inst/ShiftBuf[192]_i_72_n_0
                         LUT5 (Prop_LUT5_I1_O)        0.058     2.095 r  genEtrace.te_inst_gen_inst/ShiftBuf[192]_i_60/O
                         net (fo=57, unplaced)        0.284     2.379    genEtrace.te_inst_gen_inst/ShiftBuf[192]_i_60_n_0
                         LUT6 (Prop_LUT6_I5_O)        0.058     2.437 r  genEtrace.te_inst_gen_inst/ShiftBuf[192]_i_54/O
                         net (fo=39, unplaced)        0.275     2.712    genEtrace.te_inst_gen_inst/ShiftBuf[192]_i_54_n_0
                         LUT4 (Prop_LUT4_I3_O)        0.058     2.770 r  genEtrace.te_inst_gen_inst/ShiftBuf[192]_i_52/O
                         net (fo=43, unplaced)        0.277     3.047    genEtrace.te_inst_gen_inst/ShiftBuf[192]_i_52_n_0
                         LUT6 (Prop_LUT6_I5_O)        0.058     3.105 r  genEtrace.te_inst_gen_inst/ShiftBuf[192]_i_44/O
                         net (fo=44, unplaced)        0.278     3.383    genEtrace.te_inst_gen_inst/ShiftBuf[192]_i_44_n_0
                         LUT6 (Prop_LUT6_I5_O)        0.058     3.441 r  genEtrace.te_inst_gen_inst/ShiftBuf[192]_i_24/O
                         net (fo=44, unplaced)        0.278     3.719    genEtrace.te_inst_gen_inst/ShiftBuf[192]_i_24_n_0
                         LUT3 (Prop_LUT3_I0_O)        0.058     3.777 f  genEtrace.te_inst_gen_inst/ShiftBuf[63]_i_38/O
                         net (fo=60, unplaced)        0.285     4.062    genEtrace.te_inst_gen_inst/ShiftBuf[63]_i_38_n_0
                         LUT2 (Prop_LUT2_I1_O)        0.058     4.120 r  genEtrace.te_inst_gen_inst/ShiftBuf[67]_i_29/O
                         net (fo=16, unplaced)        0.255     4.375    genEtrace.te_inst_gen_inst/ShiftBuf[67]_i_29_n_0
                         LUT3 (Prop_LUT3_I0_O)        0.092     4.467 r  genEtrace.te_inst_gen_inst/ShiftBuf[65]_i_30/O
                         net (fo=1, unplaced)         0.153     4.620    genEtrace.te_inst_gen_inst/ShiftBuf[65]_i_30_n_0
                         LUT6 (Prop_LUT6_I0_O)        0.137     4.757 r  genEtrace.te_inst_gen_inst/ShiftBuf[65]_i_26/O
                         net (fo=1, unplaced)         0.211     4.968    genEtrace.te_inst_gen_inst/ShiftBuf[65]_i_26_n_0
                         LUT6 (Prop_LUT6_I2_O)        0.058     5.026 r  genEtrace.te_inst_gen_inst/ShiftBuf[65]_i_23/O
                         net (fo=1, unplaced)         0.211     5.237    genEtrace.te_inst_gen_inst/p38_in[65]
                         LUT6 (Prop_LUT6_I0_O)        0.058     5.295 r  genEtrace.te_inst_gen_inst/ShiftBuf[65]_i_22/O
                         net (fo=1, unplaced)         0.211     5.506    genEtrace.te_inst_gen_inst/ShiftBuf[65]_i_22_n_0
                         LUT6 (Prop_LUT6_I5_O)        0.058     5.564 f  genEtrace.te_inst_gen_inst/ShiftBuf[65]_i_18/O
                         net (fo=1, unplaced)         0.211     5.775    genEtrace.te_inst_gen_inst/ShiftBuf[65]_i_18_n_0
                         LUT6 (Prop_LUT6_I5_O)        0.058     5.833 f  genEtrace.te_inst_gen_inst/ShiftBuf[65]_i_14/O
                         net (fo=1, unplaced)         0.211     6.044    genEtrace.te_inst_gen_inst/ShiftBuf[65]_i_14_n_0
                         LUT6 (Prop_LUT6_I5_O)        0.058     6.102 f  genEtrace.te_inst_gen_inst/ShiftBuf[65]_i_10/O
                         net (fo=2, unplaced)         0.211     6.313    genEtrace.te_inst_gen_inst/ShiftBuf[65]_i_10_n_0
                         LUT6 (Prop_LUT6_I0_O)        0.058     6.371 r  genEtrace.te_inst_gen_inst/ShiftBuf[65]_i_12/O
                         net (fo=1, unplaced)         0.211     6.582    genEtrace.te_inst_gen_inst/ShiftBuf[65]_i_12_n_0
                         LUT6 (Prop_LUT6_I5_O)        0.058     6.640 r  genEtrace.te_inst_gen_inst/ShiftBuf[65]_i_8/O
                         net (fo=1, unplaced)         0.211     6.851    genEtrace.te_inst_gen_inst/ShiftBuf[65]_i_8_n_0
                         LUT6 (Prop_LUT6_I2_O)        0.058     6.909 f  genEtrace.te_inst_gen_inst/ShiftBuf[65]_i_5/O
                         net (fo=1, unplaced)         0.211     7.120    genEtrace.te_inst_gen_inst/ShiftBuf[65]_i_5_n_0
                         LUT6 (Prop_LUT6_I4_O)        0.058     7.178 r  genEtrace.te_inst_gen_inst/ShiftBuf[65]_i_2/O
                         net (fo=3, unplaced)         0.217     7.395    genEtrace.te_inst_gen_inst/genEtrace.te_pkt_payload[65]
                         LUT6 (Prop_LUT6_I1_O)        0.058     7.453 r  genEtrace.te_inst_gen_inst/ShiftBuf[207]_i_40/O
                         net (fo=1, unplaced)         0.211     7.664    genEtrace.te_inst_gen_inst/ShiftBuf[207]_i_40_n_0
                         LUT6 (Prop_LUT6_I0_O)        0.058     7.722 r  genEtrace.te_inst_gen_inst/ShiftBuf[207]_i_18/O
                         net (fo=1, unplaced)         0.153     7.875    genEtrace.te_inst_gen_inst/ShiftBuf[207]_i_18_n_0
                         LUT6 (Prop_LUT6_I0_O)        0.137     8.012 r  genEtrace.te_inst_gen_inst/ShiftBuf[207]_i_6/O
                         net (fo=5, unplaced)         0.166     8.178    genEtrace.te_inst_gen_inst/ShiftBuf[207]_i_6_n_0
                         LUT6 (Prop_LUT6_I1_O)        0.082     8.260 r  genEtrace.te_inst_gen_inst/BytesLeft[4]_i_19/O
                         net (fo=106, unplaced)       0.298     8.558    genEtrace.te_inst_gen_inst/BytesLeft[4]_i_19_n_0
                         LUT5 (Prop_LUT5_I3_O)        0.058     8.616 r  genEtrace.te_inst_gen_inst/BytesLeft[0]_i_30/O
                         net (fo=4, unplaced)         0.129     8.745    genEtrace.te_inst_gen_inst/BytesLeft[0]_i_30_n_0
                         LUT6 (Prop_LUT6_I0_O)        0.225     8.970 f  genEtrace.te_inst_gen_inst/PktBytes[1]_i_78/O
                         net (fo=2, unplaced)         0.109     9.079    genEtrace.te_inst_gen_inst/PktBytes[1]_i_78_n_0
                         LUT6 (Prop_LUT6_I1_O)        0.188     9.267 f  genEtrace.te_inst_gen_inst/PktBytes[2]_i_309/O
                         net (fo=1, unplaced)         0.109     9.376    genEtrace.te_inst_gen_inst/PktBytes[2]_i_309_n_0
                         LUT6 (Prop_LUT6_I1_O)        0.188     9.564 r  genEtrace.te_inst_gen_inst/PktBytes[2]_i_248/O
                         net (fo=1, unplaced)         0.153     9.717    genEtrace.te_inst_gen_inst/PktBytes[2]_i_248_n_0
                         LUT6 (Prop_LUT6_I1_O)        0.137     9.854 r  genEtrace.te_inst_gen_inst/PktBytes[2]_i_173/O
                         net (fo=1, unplaced)         0.211    10.065    genEtrace.te_inst_gen_inst/PktBytes[2]_i_173_n_0
                         LUT6 (Prop_LUT6_I3_O)        0.058    10.123 f  genEtrace.te_inst_gen_inst/PktBytes[2]_i_93/O
                         net (fo=1, unplaced)         0.211    10.334    genEtrace.te_inst_gen_inst/PktBytes[2]_i_93_n_0
                         LUT6 (Prop_LUT6_I3_O)        0.058    10.392 r  genEtrace.te_inst_gen_inst/PktBytes[2]_i_37/O
                         net (fo=1, unplaced)         0.211    10.603    genEtrace.te_inst_gen_inst/PktBytes[2]_i_37_n_0
                         LUT6 (Prop_LUT6_I4_O)        0.058    10.661 r  genEtrace.te_inst_gen_inst/PktBytes[2]_i_12/O
                         net (fo=1, unplaced)         0.211    10.872    genEtrace.te_inst_gen_inst/PktBytes[2]_i_12_n_0
                         LUT6 (Prop_LUT6_I0_O)        0.058    10.930 r  genEtrace.te_inst_gen_inst/PktBytes[2]_i_3/O
                         net (fo=2, unplaced)         0.154    11.084    genEtrace.te_inst_gen_inst/PktBytes[2]_i_3_n_0
                         LUT6 (Prop_LUT6_I1_O)        0.152    11.236 r  genEtrace.te_inst_gen_inst/BytesLeft[4]_i_4/O
                         net (fo=4, unplaced)         0.223    11.459    genEtrace.te_inst_gen_inst/BytesLeft[4]_i_4_n_0
                         LUT3 (Prop_LUT3_I0_O)        0.058    11.517 r  genEtrace.te_inst_gen_inst/PktBytes[3]_i_1/O
                         net (fo=1, unplaced)         0.067    11.584    genEtrace.te_packetizer_inst/D[3]
                         FDRE                                         r  genEtrace.te_packetizer_inst/PktBytes_reg[3]/D
  -------------------------------------------------------------------    -------------------

                         (clock proc_clk rise edge)
                                                     13.333    13.333 r  
                                                      0.000    13.333 r  proc_clk (IN)
                         net (fo=2015, unset)         0.029    13.362    genEtrace.te_packetizer_inst/proc_clk
                         FDRE                                         r  genEtrace.te_packetizer_inst/PktBytes_reg[3]/C
                         clock pessimism              0.000    13.362    
                         clock uncertainty           -0.035    13.327    
                         FDRE (Setup_FDRE_C_D)        0.044    13.371    genEtrace.te_packetizer_inst/PktBytes_reg[3]
  -------------------------------------------------------------------
                         required time                         13.371    
                         arrival time                         -11.584    
  -------------------------------------------------------------------
                         slack                                  1.787    

Slack (MET) :             1.799ns  (required time - arrival time)
  Source:                 genEtrace.te_inst_gen_inst/Q_reg[0][df_dlen][2]_rep__0/C
                            (rising edge-triggered cell FDRE clocked by proc_clk  {rise@0.000ns fall@6.667ns period=13.333ns})
  Destination:            genEtrace.te_packetizer_inst/BytesLeft_reg[2]/D
                            (rising edge-triggered cell FDRE clocked by proc_clk  {rise@0.000ns fall@6.667ns period=13.333ns})
  Path Group:             proc_clk
  Path Type:              Setup (Max at Slow Process Corner)
  Requirement:            13.333ns  (proc_clk rise@13.333ns - proc_clk rise@0.000ns)
  Data Path Delay:        11.531ns  (logic 3.213ns (27.864%)  route 8.318ns (72.136%))
  Logic Levels:           38  (LUT2=1 LUT3=4 LUT4=2 LUT5=4 LUT6=27)
  Clock Path Skew:        -0.012ns (DCD - SCD + CPR)
    Destination Clock Delay (DCD):    0.029ns = ( 13.362 - 13.333 ) 
    Source Clock Delay      (SCD):    0.041ns
    Clock Pessimism Removal (CPR):    0.000ns
  Clock Uncertainty:      0.035ns  ((TSJ^2 + TIJ^2)^1/2 + DJ) / 2 + PE
    Total System Jitter     (TSJ):    0.071ns
    Total Input Jitter      (TIJ):    0.000ns
    Discrete Jitter          (DJ):    0.000ns
    Phase Error              (PE):    0.000ns

    Location             Delay type                Incr(ns)  Path(ns)    Netlist Resource(s)
  -------------------------------------------------------------------    -------------------
                         (clock proc_clk rise edge)
                                                      0.000     0.000 r  
                                                      0.000     0.000 r  proc_clk (IN)
                         net (fo=2015, unset)         0.041     0.041    genEtrace.te_inst_gen_inst/proc_clk
                         FDRE                                         r  genEtrace.te_inst_gen_inst/Q_reg[0][df_dlen][2]_rep__0/C
  -------------------------------------------------------------------    -------------------
                         FDRE (Prop_FDRE_C_Q)         0.114     0.155 r  genEtrace.te_inst_gen_inst/Q_reg[0][df_dlen][2]_rep__0/Q
                         net (fo=134, unplaced)       0.198     0.353    genEtrace.te_inst_gen_inst/Q_reg[0][df_dlen][2]_rep__0_n_0
                         LUT3 (Prop_LUT3_I0_O)        0.137     0.490 r  genEtrace.te_inst_gen_inst/ShiftBuf[192]_i_45/O
                         net (fo=25, unplaced)        0.265     0.755    genEtrace.te_inst_gen_inst/ShiftBuf[192]_i_45_n_0
                         LUT3 (Prop_LUT3_I2_O)        0.058     0.813 r  genEtrace.te_inst_gen_inst/ShiftBuf[192]_i_27/O
                         net (fo=111, unplaced)       0.299     1.112    genEtrace.te_inst_gen_inst/ShiftBuf[192]_i_27_n_0
                         LUT4 (Prop_LUT4_I1_O)        0.058     1.170 r  genEtrace.te_inst_gen_inst/ShiftBuf[192]_i_81/O
                         net (fo=9, unplaced)         0.242     1.412    genEtrace.te_inst_gen_inst/ShiftBuf[192]_i_81_n_0
                         LUT6 (Prop_LUT6_I2_O)        0.058     1.470 r  genEtrace.te_inst_gen_inst/ShiftBuf[192]_i_87/O
                         net (fo=7, unplaced)         0.236     1.706    genEtrace.te_inst_gen_inst/ShiftBuf[192]_i_87_n_0
                         LUT5 (Prop_LUT5_I2_O)        0.058     1.764 r  genEtrace.te_inst_gen_inst/ShiftBuf[192]_i_72/O
                         net (fo=35, unplaced)        0.273     2.037    genEtrace.te_inst_gen_inst/ShiftBuf[192]_i_72_n_0
                         LUT5 (Prop_LUT5_I1_O)        0.058     2.095 r  genEtrace.te_inst_gen_inst/ShiftBuf[192]_i_60/O
                         net (fo=57, unplaced)        0.284     2.379    genEtrace.te_inst_gen_inst/ShiftBuf[192]_i_60_n_0
                         LUT6 (Prop_LUT6_I5_O)        0.058     2.437 r  genEtrace.te_inst_gen_inst/ShiftBuf[192]_i_54/O
                         net (fo=39, unplaced)        0.275     2.712    genEtrace.te_inst_gen_inst/ShiftBuf[192]_i_54_n_0
                         LUT4 (Prop_LUT4_I3_O)        0.058     2.770 r  genEtrace.te_inst_gen_inst/ShiftBuf[192]_i_52/O
                         net (fo=43, unplaced)        0.277     3.047    genEtrace.te_inst_gen_inst/ShiftBuf[192]_i_52_n_0
                         LUT6 (Prop_LUT6_I5_O)        0.058     3.105 r  genEtrace.te_inst_gen_inst/ShiftBuf[192]_i_44/O
                         net (fo=44, unplaced)        0.278     3.383    genEtrace.te_inst_gen_inst/ShiftBuf[192]_i_44_n_0
                         LUT6 (Prop_LUT6_I5_O)        0.058     3.441 r  genEtrace.te_inst_gen_inst/ShiftBuf[192]_i_24/O
                         net (fo=44, unplaced)        0.278     3.719    genEtrace.te_inst_gen_inst/ShiftBuf[192]_i_24_n_0
                         LUT3 (Prop_LUT3_I0_O)        0.058     3.777 f  genEtrace.te_inst_gen_inst/ShiftBuf[63]_i_38/O
                         net (fo=60, unplaced)        0.285     4.062    genEtrace.te_inst_gen_inst/ShiftBuf[63]_i_38_n_0
                         LUT2 (Prop_LUT2_I1_O)        0.058     4.120 r  genEtrace.te_inst_gen_inst/ShiftBuf[67]_i_29/O
                         net (fo=16, unplaced)        0.255     4.375    genEtrace.te_inst_gen_inst/ShiftBuf[67]_i_29_n_0
                         LUT3 (Prop_LUT3_I0_O)        0.092     4.467 r  genEtrace.te_inst_gen_inst/ShiftBuf[65]_i_30/O
                         net (fo=1, unplaced)         0.153     4.620    genEtrace.te_inst_gen_inst/ShiftBuf[65]_i_30_n_0
                         LUT6 (Prop_LUT6_I0_O)        0.137     4.757 r  genEtrace.te_inst_gen_inst/ShiftBuf[65]_i_26/O
                         net (fo=1, unplaced)         0.211     4.968    genEtrace.te_inst_gen_inst/ShiftBuf[65]_i_26_n_0
                         LUT6 (Prop_LUT6_I2_O)        0.058     5.026 r  genEtrace.te_inst_gen_inst/ShiftBuf[65]_i_23/O
                         net (fo=1, unplaced)         0.211     5.237    genEtrace.te_inst_gen_inst/p38_in[65]
                         LUT6 (Prop_LUT6_I0_O)        0.058     5.295 r  genEtrace.te_inst_gen_inst/ShiftBuf[65]_i_22/O
                         net (fo=1, unplaced)         0.211     5.506    genEtrace.te_inst_gen_inst/ShiftBuf[65]_i_22_n_0
                         LUT6 (Prop_LUT6_I5_O)        0.058     5.564 f  genEtrace.te_inst_gen_inst/ShiftBuf[65]_i_18/O
                         net (fo=1, unplaced)         0.211     5.775    genEtrace.te_inst_gen_inst/ShiftBuf[65]_i_18_n_0
                         LUT6 (Prop_LUT6_I5_O)        0.058     5.833 f  genEtrace.te_inst_gen_inst/ShiftBuf[65]_i_14/O
                         net (fo=1, unplaced)         0.211     6.044    genEtrace.te_inst_gen_inst/ShiftBuf[65]_i_14_n_0
                         LUT6 (Prop_LUT6_I5_O)        0.058     6.102 f  genEtrace.te_inst_gen_inst/ShiftBuf[65]_i_10/O
                         net (fo=2, unplaced)         0.211     6.313    genEtrace.te_inst_gen_inst/ShiftBuf[65]_i_10_n_0
                         LUT6 (Prop_LUT6_I0_O)        0.058     6.371 r  genEtrace.te_inst_gen_inst/ShiftBuf[65]_i_12/O
                         net (fo=1, unplaced)         0.211     6.582    genEtrace.te_inst_gen_inst/ShiftBuf[65]_i_12_n_0
                         LUT6 (Prop_LUT6_I5_O)        0.058     6.640 r  genEtrace.te_inst_gen_inst/ShiftBuf[65]_i_8/O
                         net (fo=1, unplaced)         0.211     6.851    genEtrace.te_inst_gen_inst/ShiftBuf[65]_i_8_n_0
                         LUT6 (Prop_LUT6_I2_O)        0.058     6.909 f  genEtrace.te_inst_gen_inst/ShiftBuf[65]_i_5/O
                         net (fo=1, unplaced)         0.211     7.120    genEtrace.te_inst_gen_inst/ShiftBuf[65]_i_5_n_0
                         LUT6 (Prop_LUT6_I4_O)        0.058     7.178 r  genEtrace.te_inst_gen_inst/ShiftBuf[65]_i_2/O
                         net (fo=3, unplaced)         0.217     7.395    genEtrace.te_inst_gen_inst/genEtrace.te_pkt_payload[65]
                         LUT6 (Prop_LUT6_I1_O)        0.058     7.453 r  genEtrace.te_inst_gen_inst/ShiftBuf[207]_i_40/O
                         net (fo=1, unplaced)         0.211     7.664    genEtrace.te_inst_gen_inst/ShiftBuf[207]_i_40_n_0
                         LUT6 (Prop_LUT6_I0_O)        0.058     7.722 r  genEtrace.te_inst_gen_inst/ShiftBuf[207]_i_18/O
                         net (fo=1, unplaced)         0.153     7.875    genEtrace.te_inst_gen_inst/ShiftBuf[207]_i_18_n_0
                         LUT6 (Prop_LUT6_I0_O)        0.137     8.012 r  genEtrace.te_inst_gen_inst/ShiftBuf[207]_i_6/O
                         net (fo=5, unplaced)         0.166     8.178    genEtrace.te_inst_gen_inst/ShiftBuf[207]_i_6_n_0
                         LUT6 (Prop_LUT6_I1_O)        0.082     8.260 r  genEtrace.te_inst_gen_inst/BytesLeft[4]_i_19/O
                         net (fo=106, unplaced)       0.298     8.558    genEtrace.te_inst_gen_inst/BytesLeft[4]_i_19_n_0
                         LUT5 (Prop_LUT5_I3_O)        0.058     8.616 r  genEtrace.te_inst_gen_inst/BytesLeft[0]_i_30/O
                         net (fo=4, unplaced)         0.129     8.745    genEtrace.te_inst_gen_inst/BytesLeft[0]_i_30_n_0
                         LUT6 (Prop_LUT6_I0_O)        0.225     8.970 f  genEtrace.te_inst_gen_inst/PktBytes[1]_i_78/O
                         net (fo=2, unplaced)         0.109     9.079    genEtrace.te_inst_gen_inst/PktBytes[1]_i_78_n_0
                         LUT6 (Prop_LUT6_I1_O)        0.188     9.267 f  genEtrace.te_inst_gen_inst/PktBytes[2]_i_309/O
                         net (fo=1, unplaced)         0.109     9.376    genEtrace.te_inst_gen_inst/PktBytes[2]_i_309_n_0
                         LUT6 (Prop_LUT6_I1_O)        0.188     9.564 r  genEtrace.te_inst_gen_inst/PktBytes[2]_i_248/O
                         net (fo=1, unplaced)         0.153     9.717    genEtrace.te_inst_gen_inst/PktBytes[2]_i_248_n_0
                         LUT6 (Prop_LUT6_I1_O)        0.137     9.854 r  genEtrace.te_inst_gen_inst/PktBytes[2]_i_173/O
                         net (fo=1, unplaced)         0.211    10.065    genEtrace.te_inst_gen_inst/PktBytes[2]_i_173_n_0
                         LUT6 (Prop_LUT6_I3_O)        0.058    10.123 f  genEtrace.te_inst_gen_inst/PktBytes[2]_i_93/O
                         net (fo=1, unplaced)         0.211    10.334    genEtrace.te_inst_gen_inst/PktBytes[2]_i_93_n_0
                         LUT6 (Prop_LUT6_I3_O)        0.058    10.392 r  genEtrace.te_inst_gen_inst/PktBytes[2]_i_37/O
                         net (fo=1, unplaced)         0.211    10.603    genEtrace.te_inst_gen_inst/PktBytes[2]_i_37_n_0
                         LUT6 (Prop_LUT6_I4_O)        0.058    10.661 r  genEtrace.te_inst_gen_inst/PktBytes[2]_i_12/O
                         net (fo=1, unplaced)         0.211    10.872    genEtrace.te_inst_gen_inst/PktBytes[2]_i_12_n_0
                         LUT6 (Prop_LUT6_I0_O)        0.058    10.930 r  genEtrace.te_inst_gen_inst/PktBytes[2]_i_3/O
                         net (fo=2, unplaced)         0.154    11.084    genEtrace.te_inst_gen_inst/PktBytes[2]_i_3_n_0
                         LUT6 (Prop_LUT6_I1_O)        0.152    11.236 r  genEtrace.te_inst_gen_inst/PktBytes[2]_i_1/O
                         net (fo=2, unplaced)         0.211    11.447    genEtrace.te_packetizer_inst/D[2]
                         LUT5 (Prop_LUT5_I0_O)        0.058    11.505 r  genEtrace.te_packetizer_inst/BytesLeft[2]_i_1/O
                         net (fo=1, unplaced)         0.067    11.572    genEtrace.te_packetizer_inst/BytesLeft[2]_i_1_n_0
                         FDRE                                         r  genEtrace.te_packetizer_inst/BytesLeft_reg[2]/D
  -------------------------------------------------------------------    -------------------

                         (clock proc_clk rise edge)
                                                     13.333    13.333 r  
                                                      0.000    13.333 r  proc_clk (IN)
                         net (fo=2015, unset)         0.029    13.362    genEtrace.te_packetizer_inst/proc_clk
                         FDRE                                         r  genEtrace.te_packetizer_inst/BytesLeft_reg[2]/C
                         clock pessimism              0.000    13.362    
                         clock uncertainty           -0.035    13.327    
                         FDRE (Setup_FDRE_C_D)        0.044    13.371    genEtrace.te_packetizer_inst/BytesLeft_reg[2]
  -------------------------------------------------------------------
                         required time                         13.371    
                         arrival time                         -11.572    
  -------------------------------------------------------------------
                         slack                                  1.799    





Pulse Width Checks
--------------------------------------------------------------------------------------
Clock Name:         proc_clk
Waveform(ns):       { 0.000 6.667 }
Period(ns):         13.333
Sources:            { proc_clk }

Check Type        Corner  Lib Pin             Reference Pin  Required(ns)  Actual(ns)  Slack(ns)  Location  Pin
Min Period        n/a     RAMB36E2/CLKARDCLK  n/a            1.709         13.333      11.624               preproc_inst/composer_etip_inst/genEtipSerial.etip_cvs_cdc_fifo/genCdc.fifo2clk_fwft_inst/genMemory.Mem_reg_0/CLKARDCLK
Min Period        n/a     RAMB36E2/CLKARDCLK  n/a            1.709         13.333      11.624               preproc_inst/composer_etip_inst/genEtipSerial.etip_cvs_cdc_fifo/genCdc.fifo2clk_fwft_inst/genMemory.Mem_reg_1/CLKARDCLK
Min Period        n/a     RAMB36E2/CLKARDCLK  n/a            1.709         13.333      11.624               preproc_inst/composer_etip_inst/genEtipSerial.etip_cvs_cdc_fifo/genCdc.fifo2clk_fwft_inst/genMemory.Mem_reg_2/CLKARDCLK
Min Period        n/a     RAMB36E2/CLKARDCLK  n/a            1.709         13.333      11.624               preproc_inst/composer_etip_inst/genEtipSerial.etip_cvs_cdc_fifo/genCdc.fifo2clk_fwft_inst/genMemory.Mem_reg_3/CLKARDCLK
Min Period        n/a     RAMB18E2/CLKARDCLK  n/a            1.709         13.333      11.624               preproc_inst/composer_etip_inst/genEtipSerial.etip_cvs_cdc_fifo/genCdc.fifo2clk_fwft_inst/genMemory.Mem_reg_4/CLKARDCLK
Low Pulse Width   Slow    RAMD64E/CLK         n/a            0.762         6.667       5.905                genAtbFifo2clk.atb_cdc_fifo/genMemory.Mem_reg_0_63_0_6/RAMA/CLK
Low Pulse Width   Fast    RAMD64E/CLK         n/a            0.762         6.667       5.905                genAtbFifo2clk.atb_cdc_fifo/genMemory.Mem_reg_0_63_0_6/RAMA/CLK
Low Pulse Width   Slow    RAMD64E/CLK         n/a            0.762         6.667       5.905                genAtbFifo2clk.atb_cdc_fifo/genMemory.Mem_reg_0_63_0_6/RAMB/CLK
Low Pulse Width   Fast    RAMD64E/CLK         n/a            0.762         6.667       5.905                genAtbFifo2clk.atb_cdc_fifo/genMemory.Mem_reg_0_63_0_6/RAMB/CLK
Low Pulse Width   Slow    RAMD64E/CLK         n/a            0.762         6.667       5.905                genAtbFifo2clk.atb_cdc_fifo/genMemory.Mem_reg_0_63_0_6/RAMC/CLK
High Pulse Width  Slow    RAMD64E/CLK         n/a            0.762         6.667       5.905                genAtbFifo2clk.atb_cdc_fifo/genMemory.Mem_reg_0_63_0_6/RAMA/CLK
High Pulse Width  Fast    RAMD64E/CLK         n/a            0.762         6.667       5.905                genAtbFifo2clk.atb_cdc_fifo/genMemory.Mem_reg_0_63_0_6/RAMA/CLK
High Pulse Width  Slow    RAMD64E/CLK         n/a            0.762         6.667       5.905                genAtbFifo2clk.atb_cdc_fifo/genMemory.Mem_reg_0_63_0_6/RAMB/CLK
High Pulse Width  Fast    RAMD64E/CLK         n/a            0.762         6.667       5.905                genAtbFifo2clk.atb_cdc_fifo/genMemory.Mem_reg_0_63_0_6/RAMB/CLK
High Pulse Width  Slow    RAMD64E/CLK         n/a            0.762         6.667       5.905                genAtbFifo2clk.atb_cdc_fifo/genMemory.Mem_reg_0_63_0_6/RAMC/CLK



---------------------------------------------------------------------------------------------------
From Clock:  tip_clk
  To Clock:  tip_clk

Setup :            0  Failing Endpoints,  Worst Slack        7.462ns,  Total Violation        0.000ns
Hold  :           NA  Failing Endpoints,  Worst Slack           NA  ,  Total Violation           NA
PW    :            0  Failing Endpoints,  Worst Slack        5.905ns,  Total Violation        0.000ns
---------------------------------------------------------------------------------------------------


Max Delay Paths
--------------------------------------------------------------------------------------
Slack (MET) :             7.462ns  (required time - arrival time)
  Source:                 preproc_inst/composer_etip_inst/ICntCum_reg[0]/C
                            (rising edge-triggered cell FDRE clocked by tip_clk  {rise@0.000ns fall@6.667ns period=13.333ns})
  Destination:            preproc_inst/composer_etip_inst/genEtipSerial.SkidQ_reg[2][sub][176]/D
                            (rising edge-triggered cell FDRE clocked by tip_clk  {rise@0.000ns fall@6.667ns period=13.333ns})
  Path Group:             tip_clk
  Path Type:              Setup (Max at Slow Process Corner)
  Requirement:            13.333ns  (tip_clk rise@13.333ns - tip_clk rise@0.000ns)
  Data Path Delay:        5.868ns  (logic 2.422ns (41.275%)  route 3.446ns (58.725%))
  Logic Levels:           21  (CARRY8=8 LUT3=3 LUT4=3 LUT5=2 LUT6=5)
  Clock Path Skew:        -0.012ns (DCD - SCD + CPR)
    Destination Clock Delay (DCD):    0.029ns = ( 13.362 - 13.333 ) 
    Source Clock Delay      (SCD):    0.041ns
    Clock Pessimism Removal (CPR):    0.000ns
  Clock Uncertainty:      0.035ns  ((TSJ^2 + TIJ^2)^1/2 + DJ) / 2 + PE
    Total System Jitter     (TSJ):    0.071ns
    Total Input Jitter      (TIJ):    0.000ns
    Discrete Jitter          (DJ):    0.000ns
    Phase Error              (PE):    0.000ns

    Location             Delay type                Incr(ns)  Path(ns)    Netlist Resource(s)
  -------------------------------------------------------------------    -------------------
                         (clock tip_clk rise edge)    0.000     0.000 r  
                                                      0.000     0.000 r  tip_clk (IN)
                         net (fo=7884, unset)         0.041     0.041    preproc_inst/composer_etip_inst/tip_clk
                         FDRE                                         r  preproc_inst/composer_etip_inst/ICntCum_reg[0]/C
  -------------------------------------------------------------------    -------------------
                         FDRE (Prop_FDRE_C_Q)         0.114     0.155 r  preproc_inst/composer_etip_inst/ICntCum_reg[0]/Q
                         net (fo=10, unplaced)        0.207     0.362    preproc_inst/composer_etip_inst/ICntCum_reg[17]_3[0]
                         LUT6 (Prop_LUT6_I0_O)        0.225     0.587 r  preproc_inst/composer_etip_inst/EtipMsg[2][sub][149]_i_6/O
                         net (fo=5, unplaced)         0.229     0.816    preproc_inst/tip_delay_inst/ICntCum_reg[17]_0[0]
                         LUT3 (Prop_LUT3_I0_O)        0.058     0.874 r  preproc_inst/tip_delay_inst/EtipMsg[2][sub][223]_i_49/O
                         net (fo=1, unplaced)         0.022     0.896    preproc_inst/composer_etip_inst/EtipMsg[2][sub][223]_i_21_0[0]
                         CARRY8 (Prop_CARRY8_S[0]_CO[7])
                                                      0.286     1.182 r  preproc_inst/composer_etip_inst/EtipMsg_reg[2][sub][223]_i_33/CO[7]
                         net (fo=1, unplaced)         0.006     1.188    preproc_inst/composer_etip_inst/EtipMsg_reg[2][sub][223]_i_33_n_0
                         CARRY8 (Prop_CARRY8_CI_CO[7])
                                                      0.073     1.261 r  preproc_inst/composer_etip_inst/EtipMsg_reg[2][sub][223]_i_30/CO[7]
                         net (fo=1, unplaced)         0.006     1.267    preproc_inst/composer_etip_inst/EtipMsg_reg[2][sub][223]_i_30_n_0
                         CARRY8 (Prop_CARRY8_CI_O[1])
                                                      0.106     1.373 r  preproc_inst/composer_etip_inst/EtipMsg_reg[2][sub][223]_i_10/O[1]
                         net (fo=2, unplaced)         0.146     1.519    ct_cs_cpuif_wb_inst/genRdlCsr.ct_cs_cpuif_inst/msg_id_next2[3]
                         LUT3 (Prop_LUT3_I0_O)        0.137     1.656 r  ct_cs_cpuif_wb_inst/genRdlCsr.ct_cs_cpuif_inst/EtipMsg[2][sub][223]_i_11/O
                         net (fo=1, unplaced)         0.227     1.883    ct_cs_cpuif_wb_inst/genRdlCsr.ct_cs_cpuif_inst/EtipMsg[2][sub][223]_i_11_n_0
                         CARRY8 (Prop_CARRY8_DI[0]_CO[1])
                                                      0.120     2.003 r  ct_cs_cpuif_wb_inst/genRdlCsr.ct_cs_cpuif_inst/EtipMsg_reg[2][sub][223]_i_7/CO[1]
                         net (fo=54, unplaced)        0.280     2.283    preproc_inst/composer_etip_inst/EtipMsg[0][sub][148]_i_3[0]
                         LUT5 (Prop_LUT5_I0_O)        0.058     2.341 r  preproc_inst/composer_etip_inst/ICntCum[7]_i_16/O
                         net (fo=1, unplaced)         0.022     2.363    preproc_inst/composer_etip_inst/ICntCum[7]_i_16_n_0
                         CARRY8 (Prop_CARRY8_S[0]_CO[7])
                                                      0.286     2.649 r  preproc_inst/composer_etip_inst/ICntCum_reg[7]_i_4/CO[7]
                         net (fo=1, unplaced)         0.006     2.655    preproc_inst/composer_etip_inst/ICntCum_reg[7]_i_4_n_0
                         CARRY8 (Prop_CARRY8_CI_O[1])
                                                      0.106     2.761 f  preproc_inst/composer_etip_inst/ICntCum_reg[15]_i_3/O[1]
                         net (fo=8, unplaced)         0.237     2.998    preproc_inst/composer_etip_inst/icnt_cum_next0[9]
                         LUT4 (Prop_LUT4_I0_O)        0.097     3.095 f  preproc_inst/composer_etip_inst/EtipMsg[2][sub][178]_i_21/O
                         net (fo=1, unplaced)         0.230     3.325    preproc_inst/composer_etip_inst/EtipMsg[2][sub][178]_i_21_n_0
                         CARRY8 (Prop_CARRY8_DI[1]_CO[7])
                                                      0.179     3.504 f  preproc_inst/composer_etip_inst/EtipMsg_reg[2][sub][178]_i_10/CO[7]
                         net (fo=1, unplaced)         0.006     3.510    preproc_inst/composer_etip_inst/EtipMsg_reg[2][sub][178]_i_10_n_0
                         CARRY8 (Prop_CARRY8_CI_CO[2])
                                                      0.079     3.589 f  preproc_inst/composer_etip_inst/EtipMsg_reg[2][sub][178]_i_8/CO[2]
                         net (fo=5, unplaced)         0.229     3.818    preproc_inst/composer_etip_inst/ICntCum_reg[17]_4[0]
                         LUT6 (Prop_LUT6_I0_O)        0.058     3.876 r  preproc_inst/composer_etip_inst/EtipMsg[0][sub][174]_i_7/O
                         net (fo=12, unplaced)        0.248     4.124    preproc_inst/tip_delay_inst/EtipMsg[0][sub][178]_i_4_1
                         LUT6 (Prop_LUT6_I1_O)        0.058     4.182 r  preproc_inst/tip_delay_inst/EtipMsg[0][sub][176]_i_5/O
                         net (fo=1, unplaced)         0.211     4.393    preproc_inst/tip_delay_inst/EtipMsg[0][sub][176]_i_5_n_0
                         LUT4 (Prop_LUT4_I0_O)        0.058     4.451 r  preproc_inst/tip_delay_inst/EtipMsg[0][sub][176]_i_4/O
                         net (fo=1, unplaced)         0.211     4.662    preproc_inst/tip_delay_inst/EtipMsg[0][sub][176]_i_4_n_0
                         LUT6 (Prop_LUT6_I1_O)        0.058     4.720 r  preproc_inst/tip_delay_inst/EtipMsg[0][sub][176]_i_3/O
                         net (fo=1, unplaced)         0.211     4.931    preproc_inst/genAct.act_proc_inst/EtipMsg_reg[0][sub][176]
                         LUT6 (Prop_LUT6_I5_O)        0.058     4.989 r  preproc_inst/genAct.act_proc_inst/EtipMsg[0][sub][176]_i_2/O
                         net (fo=3, unplaced)         0.217     5.206    preproc_inst/tip_delay_inst/EtipMsg_reg[0][sub][176]
                         LUT4 (Prop_LUT4_I1_O)        0.058     5.264 r  preproc_inst/tip_delay_inst/EtipMsg[0][sub][176]_i_1/O
                         net (fo=3, unplaced)         0.217     5.481    preproc_inst/composer_etip_inst/genEtipSerial.etip_ovf_injector/genEtipSerial.SkidQ_reg[1][sub][224]_1[175]
                         LUT3 (Prop_LUT3_I0_O)        0.092     5.573 r  preproc_inst/composer_etip_inst/genEtipSerial.etip_ovf_injector/genEtipSerial.SkidQ[2][sub][176]_i_2/O
                         net (fo=1, unplaced)         0.211     5.784    preproc_inst/composer_etip_inst/genEtipSerial.etip_ovf_injector/genEtipSerial.SkidQ[2][sub][176]_i_2_n_0
                         LUT5 (Prop_LUT5_I2_O)        0.058     5.842 r  preproc_inst/composer_etip_inst/genEtipSerial.etip_ovf_injector/genEtipSerial.SkidQ[2][sub][176]_i_1/O
                         net (fo=1, unplaced)         0.067     5.909    preproc_inst/composer_etip_inst/genEtipSerial.etip_ovf_injector_n_49
                         FDRE                                         r  preproc_inst/composer_etip_inst/genEtipSerial.SkidQ_reg[2][sub][176]/D
  -------------------------------------------------------------------    -------------------

                         (clock tip_clk rise edge)   13.333    13.333 r  
                                                      0.000    13.333 r  tip_clk (IN)
                         net (fo=7884, unset)         0.029    13.362    preproc_inst/composer_etip_inst/tip_clk
                         FDRE                                         r  preproc_inst/composer_etip_inst/genEtipSerial.SkidQ_reg[2][sub][176]/C
                         clock pessimism              0.000    13.362    
                         clock uncertainty           -0.035    13.327    
                         FDRE (Setup_FDRE_C_D)        0.044    13.371    preproc_inst/composer_etip_inst/genEtipSerial.SkidQ_reg[2][sub][176]
  -------------------------------------------------------------------
                         required time                         13.371    
                         arrival time                          -5.909    
  -------------------------------------------------------------------
                         slack                                  7.462    

Slack (MET) :             7.462ns  (required time - arrival time)
  Source:                 preproc_inst/composer_etip_inst/ICntCum_reg[0]/C
                            (rising edge-triggered cell FDRE clocked by tip_clk  {rise@0.000ns fall@6.667ns period=13.333ns})
  Destination:            preproc_inst/composer_etip_inst/genEtipSerial.SkidQ_reg[2][sub][178]/D
                            (rising edge-triggered cell FDRE clocked by tip_clk  {rise@0.000ns fall@6.667ns period=13.333ns})
  Path Group:             tip_clk
  Path Type:              Setup (Max at Slow Process Corner)
  Requirement:            13.333ns  (tip_clk rise@13.333ns - tip_clk rise@0.000ns)
  Data Path Delay:        5.868ns  (logic 2.422ns (41.275%)  route 3.446ns (58.725%))
  Logic Levels:           21  (CARRY8=8 LUT3=3 LUT4=3 LUT5=2 LUT6=5)
  Clock Path Skew:        -0.012ns (DCD - SCD + CPR)
    Destination Clock Delay (DCD):    0.029ns = ( 13.362 - 13.333 ) 
    Source Clock Delay      (SCD):    0.041ns
    Clock Pessimism Removal (CPR):    0.000ns
  Clock Uncertainty:      0.035ns  ((TSJ^2 + TIJ^2)^1/2 + DJ) / 2 + PE
    Total System Jitter     (TSJ):    0.071ns
    Total Input Jitter      (TIJ):    0.000ns
    Discrete Jitter          (DJ):    0.000ns
    Phase Error              (PE):    0.000ns

    Location             Delay type                Incr(ns)  Path(ns)    Netlist Resource(s)
  -------------------------------------------------------------------    -------------------
                         (clock tip_clk rise edge)    0.000     0.000 r  
                                                      0.000     0.000 r  tip_clk (IN)
                         net (fo=7884, unset)         0.041     0.041    preproc_inst/composer_etip_inst/tip_clk
                         FDRE                                         r  preproc_inst/composer_etip_inst/ICntCum_reg[0]/C
  -------------------------------------------------------------------    -------------------
                         FDRE (Prop_FDRE_C_Q)         0.114     0.155 r  preproc_inst/composer_etip_inst/ICntCum_reg[0]/Q
                         net (fo=10, unplaced)        0.207     0.362    preproc_inst/composer_etip_inst/ICntCum_reg[17]_3[0]
                         LUT6 (Prop_LUT6_I0_O)        0.225     0.587 r  preproc_inst/composer_etip_inst/EtipMsg[2][sub][149]_i_6/O
                         net (fo=5, unplaced)         0.229     0.816    preproc_inst/tip_delay_inst/ICntCum_reg[17]_0[0]
                         LUT3 (Prop_LUT3_I0_O)        0.058     0.874 r  preproc_inst/tip_delay_inst/EtipMsg[2][sub][223]_i_49/O
                         net (fo=1, unplaced)         0.022     0.896    preproc_inst/composer_etip_inst/EtipMsg[2][sub][223]_i_21_0[0]
                         CARRY8 (Prop_CARRY8_S[0]_CO[7])
                                                      0.286     1.182 r  preproc_inst/composer_etip_inst/EtipMsg_reg[2][sub][223]_i_33/CO[7]
                         net (fo=1, unplaced)         0.006     1.188    preproc_inst/composer_etip_inst/EtipMsg_reg[2][sub][223]_i_33_n_0
                         CARRY8 (Prop_CARRY8_CI_CO[7])
                                                      0.073     1.261 r  preproc_inst/composer_etip_inst/EtipMsg_reg[2][sub][223]_i_30/CO[7]
                         net (fo=1, unplaced)         0.006     1.267    preproc_inst/composer_etip_inst/EtipMsg_reg[2][sub][223]_i_30_n_0
                         CARRY8 (Prop_CARRY8_CI_O[1])
                                                      0.106     1.373 r  preproc_inst/composer_etip_inst/EtipMsg_reg[2][sub][223]_i_10/O[1]
                         net (fo=2, unplaced)         0.146     1.519    ct_cs_cpuif_wb_inst/genRdlCsr.ct_cs_cpuif_inst/msg_id_next2[3]
                         LUT3 (Prop_LUT3_I0_O)        0.137     1.656 r  ct_cs_cpuif_wb_inst/genRdlCsr.ct_cs_cpuif_inst/EtipMsg[2][sub][223]_i_11/O
                         net (fo=1, unplaced)         0.227     1.883    ct_cs_cpuif_wb_inst/genRdlCsr.ct_cs_cpuif_inst/EtipMsg[2][sub][223]_i_11_n_0
                         CARRY8 (Prop_CARRY8_DI[0]_CO[1])
                                                      0.120     2.003 r  ct_cs_cpuif_wb_inst/genRdlCsr.ct_cs_cpuif_inst/EtipMsg_reg[2][sub][223]_i_7/CO[1]
                         net (fo=54, unplaced)        0.280     2.283    preproc_inst/composer_etip_inst/EtipMsg[0][sub][148]_i_3[0]
                         LUT5 (Prop_LUT5_I0_O)        0.058     2.341 r  preproc_inst/composer_etip_inst/ICntCum[7]_i_16/O
                         net (fo=1, unplaced)         0.022     2.363    preproc_inst/composer_etip_inst/ICntCum[7]_i_16_n_0
                         CARRY8 (Prop_CARRY8_S[0]_CO[7])
                                                      0.286     2.649 r  preproc_inst/composer_etip_inst/ICntCum_reg[7]_i_4/CO[7]
                         net (fo=1, unplaced)         0.006     2.655    preproc_inst/composer_etip_inst/ICntCum_reg[7]_i_4_n_0
                         CARRY8 (Prop_CARRY8_CI_O[1])
                                                      0.106     2.761 f  preproc_inst/composer_etip_inst/ICntCum_reg[15]_i_3/O[1]
                         net (fo=8, unplaced)         0.237     2.998    preproc_inst/composer_etip_inst/icnt_cum_next0[9]
                         LUT4 (Prop_LUT4_I0_O)        0.097     3.095 f  preproc_inst/composer_etip_inst/EtipMsg[2][sub][178]_i_21/O
                         net (fo=1, unplaced)         0.230     3.325    preproc_inst/composer_etip_inst/EtipMsg[2][sub][178]_i_21_n_0
                         CARRY8 (Prop_CARRY8_DI[1]_CO[7])
                                                      0.179     3.504 f  preproc_inst/composer_etip_inst/EtipMsg_reg[2][sub][178]_i_10/CO[7]
                         net (fo=1, unplaced)         0.006     3.510    preproc_inst/composer_etip_inst/EtipMsg_reg[2][sub][178]_i_10_n_0
                         CARRY8 (Prop_CARRY8_CI_CO[2])
                                                      0.079     3.589 f  preproc_inst/composer_etip_inst/EtipMsg_reg[2][sub][178]_i_8/CO[2]
                         net (fo=5, unplaced)         0.229     3.818    preproc_inst/composer_etip_inst/ICntCum_reg[17]_4[0]
                         LUT6 (Prop_LUT6_I0_O)        0.058     3.876 r  preproc_inst/composer_etip_inst/EtipMsg[0][sub][174]_i_7/O
                         net (fo=12, unplaced)        0.248     4.124    preproc_inst/tip_delay_inst/EtipMsg[0][sub][178]_i_4_1
                         LUT6 (Prop_LUT6_I1_O)        0.058     4.182 r  preproc_inst/tip_delay_inst/EtipMsg[0][sub][178]_i_5/O
                         net (fo=1, unplaced)         0.211     4.393    preproc_inst/tip_delay_inst/EtipMsg[0][sub][178]_i_5_n_0
                         LUT4 (Prop_LUT4_I0_O)        0.058     4.451 r  preproc_inst/tip_delay_inst/EtipMsg[0][sub][178]_i_4/O
                         net (fo=1, unplaced)         0.211     4.662    preproc_inst/tip_delay_inst/EtipMsg[0][sub][178]_i_4_n_0
                         LUT6 (Prop_LUT6_I1_O)        0.058     4.720 r  preproc_inst/tip_delay_inst/EtipMsg[0][sub][178]_i_3/O
                         net (fo=1, unplaced)         0.211     4.931    preproc_inst/genAct.act_proc_inst/EtipMsg_reg[0][sub][178]
                         LUT6 (Prop_LUT6_I5_O)        0.058     4.989 r  preproc_inst/genAct.act_proc_inst/EtipMsg[0][sub][178]_i_2/O
                         net (fo=3, unplaced)         0.217     5.206    preproc_inst/tip_delay_inst/EtipMsg_reg[0][sub][178]
                         LUT4 (Prop_LUT4_I1_O)        0.058     5.264 r  preproc_inst/tip_delay_inst/EtipMsg[0][sub][178]_i_1/O
                         net (fo=3, unplaced)         0.217     5.481    preproc_inst/composer_etip_inst/genEtipSerial.etip_ovf_injector/genEtipSerial.SkidQ_reg[1][sub][224]_1[177]
                         LUT3 (Prop_LUT3_I0_O)        0.092     5.573 r  preproc_inst/composer_etip_inst/genEtipSerial.etip_ovf_injector/genEtipSerial.SkidQ[2][sub][178]_i_2/O
                         net (fo=1, unplaced)         0.211     5.784    preproc_inst/composer_etip_inst/genEtipSerial.etip_ovf_injector/genEtipSerial.SkidQ[2][sub][178]_i_2_n_0
                         LUT5 (Prop_LUT5_I2_O)        0.058     5.842 r  preproc_inst/composer_etip_inst/genEtipSerial.etip_ovf_injector/genEtipSerial.SkidQ[2][sub][178]_i_1/O
                         net (fo=1, unplaced)         0.067     5.909    preproc_inst/composer_etip_inst/genEtipSerial.etip_ovf_injector_n_47
                         FDRE                                         r  preproc_inst/composer_etip_inst/genEtipSerial.SkidQ_reg[2][sub][178]/D
  -------------------------------------------------------------------    -------------------

                         (clock tip_clk rise edge)   13.333    13.333 r  
                                                      0.000    13.333 r  tip_clk (IN)
                         net (fo=7884, unset)         0.029    13.362    preproc_inst/composer_etip_inst/tip_clk
                         FDRE                                         r  preproc_inst/composer_etip_inst/genEtipSerial.SkidQ_reg[2][sub][178]/C
                         clock pessimism              0.000    13.362    
                         clock uncertainty           -0.035    13.327    
                         FDRE (Setup_FDRE_C_D)        0.044    13.371    preproc_inst/composer_etip_inst/genEtipSerial.SkidQ_reg[2][sub][178]
  -------------------------------------------------------------------
                         required time                         13.371    
                         arrival time                          -5.909    
  -------------------------------------------------------------------
                         slack                                  7.462    

Slack (MET) :             7.496ns  (required time - arrival time)
  Source:                 preproc_inst/composer_etip_inst/ICntCum_reg[0]/C
                            (rising edge-triggered cell FDRE clocked by tip_clk  {rise@0.000ns fall@6.667ns period=13.333ns})
  Destination:            preproc_inst/composer_etip_inst/genEtipSerial.SkidQ_reg[2][sub][175]/D
                            (rising edge-triggered cell FDRE clocked by tip_clk  {rise@0.000ns fall@6.667ns period=13.333ns})
  Path Group:             tip_clk
  Path Type:              Setup (Max at Slow Process Corner)
  Requirement:            13.333ns  (tip_clk rise@13.333ns - tip_clk rise@0.000ns)
  Data Path Delay:        5.834ns  (logic 2.388ns (40.932%)  route 3.446ns (59.068%))
  Logic Levels:           21  (CARRY8=8 LUT3=3 LUT4=3 LUT5=2 LUT6=5)
  Clock Path Skew:        -0.012ns (DCD - SCD + CPR)
    Destination Clock Delay (DCD):    0.029ns = ( 13.362 - 13.333 ) 
    Source Clock Delay      (SCD):    0.041ns
    Clock Pessimism Removal (CPR):    0.000ns
  Clock Uncertainty:      0.035ns  ((TSJ^2 + TIJ^2)^1/2 + DJ) / 2 + PE
    Total System Jitter     (TSJ):    0.071ns
    Total Input Jitter      (TIJ):    0.000ns
    Discrete Jitter          (DJ):    0.000ns
    Phase Error              (PE):    0.000ns

    Location             Delay type                Incr(ns)  Path(ns)    Netlist Resource(s)
  -------------------------------------------------------------------    -------------------
                         (clock tip_clk rise edge)    0.000     0.000 r  
                                                      0.000     0.000 r  tip_clk (IN)
                         net (fo=7884, unset)         0.041     0.041    preproc_inst/composer_etip_inst/tip_clk
                         FDRE                                         r  preproc_inst/composer_etip_inst/ICntCum_reg[0]/C
  -------------------------------------------------------------------    -------------------
                         FDRE (Prop_FDRE_C_Q)         0.114     0.155 r  preproc_inst/composer_etip_inst/ICntCum_reg[0]/Q
                         net (fo=10, unplaced)        0.207     0.362    preproc_inst/composer_etip_inst/ICntCum_reg[17]_3[0]
                         LUT6 (Prop_LUT6_I0_O)        0.225     0.587 r  preproc_inst/composer_etip_inst/EtipMsg[2][sub][149]_i_6/O
                         net (fo=5, unplaced)         0.229     0.816    preproc_inst/tip_delay_inst/ICntCum_reg[17]_0[0]
                         LUT3 (Prop_LUT3_I0_O)        0.058     0.874 r  preproc_inst/tip_delay_inst/EtipMsg[2][sub][223]_i_49/O
                         net (fo=1, unplaced)         0.022     0.896    preproc_inst/composer_etip_inst/EtipMsg[2][sub][223]_i_21_0[0]
                         CARRY8 (Prop_CARRY8_S[0]_CO[7])
                                                      0.286     1.182 r  preproc_inst/composer_etip_inst/EtipMsg_reg[2][sub][223]_i_33/CO[7]
                         net (fo=1, unplaced)         0.006     1.188    preproc_inst/composer_etip_inst/EtipMsg_reg[2][sub][223]_i_33_n_0
                         CARRY8 (Prop_CARRY8_CI_CO[7])
                                                      0.073     1.261 r  preproc_inst/composer_etip_inst/EtipMsg_reg[2][sub][223]_i_30/CO[7]
                         net (fo=1, unplaced)         0.006     1.267    preproc_inst/composer_etip_inst/EtipMsg_reg[2][sub][223]_i_30_n_0
                         CARRY8 (Prop_CARRY8_CI_O[1])
                                                      0.106     1.373 r  preproc_inst/composer_etip_inst/EtipMsg_reg[2][sub][223]_i_10/O[1]
                         net (fo=2, unplaced)         0.146     1.519    ct_cs_cpuif_wb_inst/genRdlCsr.ct_cs_cpuif_inst/msg_id_next2[3]
                         LUT3 (Prop_LUT3_I0_O)        0.137     1.656 r  ct_cs_cpuif_wb_inst/genRdlCsr.ct_cs_cpuif_inst/EtipMsg[2][sub][223]_i_11/O
                         net (fo=1, unplaced)         0.227     1.883    ct_cs_cpuif_wb_inst/genRdlCsr.ct_cs_cpuif_inst/EtipMsg[2][sub][223]_i_11_n_0
                         CARRY8 (Prop_CARRY8_DI[0]_CO[1])
                                                      0.120     2.003 r  ct_cs_cpuif_wb_inst/genRdlCsr.ct_cs_cpuif_inst/EtipMsg_reg[2][sub][223]_i_7/CO[1]
                         net (fo=54, unplaced)        0.280     2.283    preproc_inst/composer_etip_inst/EtipMsg[0][sub][148]_i_3[0]
                         LUT5 (Prop_LUT5_I0_O)        0.058     2.341 r  preproc_inst/composer_etip_inst/ICntCum[7]_i_16/O
                         net (fo=1, unplaced)         0.022     2.363    preproc_inst/composer_etip_inst/ICntCum[7]_i_16_n_0
                         CARRY8 (Prop_CARRY8_S[0]_CO[7])
                                                      0.286     2.649 r  preproc_inst/composer_etip_inst/ICntCum_reg[7]_i_4/CO[7]
                         net (fo=1, unplaced)         0.006     2.655    preproc_inst/composer_etip_inst/ICntCum_reg[7]_i_4_n_0
                         CARRY8 (Prop_CARRY8_CI_O[1])
                                                      0.106     2.761 f  preproc_inst/composer_etip_inst/ICntCum_reg[15]_i_3/O[1]
                         net (fo=8, unplaced)         0.237     2.998    preproc_inst/composer_etip_inst/icnt_cum_next0[9]
                         LUT4 (Prop_LUT4_I0_O)        0.097     3.095 f  preproc_inst/composer_etip_inst/EtipMsg[2][sub][178]_i_21/O
                         net (fo=1, unplaced)         0.230     3.325    preproc_inst/composer_etip_inst/EtipMsg[2][sub][178]_i_21_n_0
                         CARRY8 (Prop_CARRY8_DI[1]_CO[7])
                                                      0.179     3.504 f  preproc_inst/composer_etip_inst/EtipMsg_reg[2][sub][178]_i_10/CO[7]
                         net (fo=1, unplaced)         0.006     3.510    preproc_inst/composer_etip_inst/EtipMsg_reg[2][sub][178]_i_10_n_0
                         CARRY8 (Prop_CARRY8_CI_CO[2])
                                                      0.079     3.589 f  preproc_inst/composer_etip_inst/EtipMsg_reg[2][sub][178]_i_8/CO[2]
                         net (fo=5, unplaced)         0.229     3.818    preproc_inst/composer_etip_inst/ICntCum_reg[17]_4[0]
                         LUT6 (Prop_LUT6_I0_O)        0.058     3.876 r  preproc_inst/composer_etip_inst/EtipMsg[0][sub][174]_i_7/O
                         net (fo=12, unplaced)        0.248     4.124    preproc_inst/tip_delay_inst/EtipMsg[0][sub][178]_i_4_1
                         LUT6 (Prop_LUT6_I1_O)        0.058     4.182 r  preproc_inst/tip_delay_inst/EtipMsg[0][sub][175]_i_5/O
                         net (fo=1, unplaced)         0.211     4.393    preproc_inst/tip_delay_inst/EtipMsg[0][sub][175]_i_5_n_0
                         LUT4 (Prop_LUT4_I0_O)        0.058     4.451 r  preproc_inst/tip_delay_inst/EtipMsg[0][sub][175]_i_4/O
                         net (fo=1, unplaced)         0.211     4.662    preproc_inst/tip_delay_inst/EtipMsg[0][sub][175]_i_4_n_0
                         LUT6 (Prop_LUT6_I1_O)        0.058     4.720 r  preproc_inst/tip_delay_inst/EtipMsg[0][sub][175]_i_3/O
                         net (fo=1, unplaced)         0.211     4.931    preproc_inst/genAct.act_proc_inst/EtipMsg_reg[0][sub][175]_0
                         LUT6 (Prop_LUT6_I5_O)        0.058     4.989 r  preproc_inst/genAct.act_proc_inst/EtipMsg[0][sub][175]_i_2/O
                         net (fo=3, unplaced)         0.217     5.206    preproc_inst/tip_delay_inst/EtipMsg_reg[0][sub][175]
                         LUT4 (Prop_LUT4_I1_O)        0.058     5.264 r  preproc_inst/tip_delay_inst/EtipMsg[0][sub][175]_i_1/O
                         net (fo=3, unplaced)         0.217     5.481    preproc_inst/composer_etip_inst/genEtipSerial.etip_ovf_injector/genEtipSerial.SkidQ_reg[1][sub][224]_1[174]
                         LUT3 (Prop_LUT3_I0_O)        0.058     5.539 r  preproc_inst/composer_etip_inst/genEtipSerial.etip_ovf_injector/genEtipSerial.SkidQ[2][sub][175]_i_2/O
                         net (fo=1, unplaced)         0.211     5.750    preproc_inst/composer_etip_inst/genEtipSerial.etip_ovf_injector/genEtipSerial.SkidQ[2][sub][175]_i_2_n_0
                         LUT5 (Prop_LUT5_I2_O)        0.058     5.808 r  preproc_inst/composer_etip_inst/genEtipSerial.etip_ovf_injector/genEtipSerial.SkidQ[2][sub][175]_i_1/O
                         net (fo=1, unplaced)         0.067     5.875    preproc_inst/composer_etip_inst/genEtipSerial.etip_ovf_injector_n_50
                         FDRE                                         r  preproc_inst/composer_etip_inst/genEtipSerial.SkidQ_reg[2][sub][175]/D
  -------------------------------------------------------------------    -------------------

                         (clock tip_clk rise edge)   13.333    13.333 r  
                                                      0.000    13.333 r  tip_clk (IN)
                         net (fo=7884, unset)         0.029    13.362    preproc_inst/composer_etip_inst/tip_clk
                         FDRE                                         r  preproc_inst/composer_etip_inst/genEtipSerial.SkidQ_reg[2][sub][175]/C
                         clock pessimism              0.000    13.362    
                         clock uncertainty           -0.035    13.327    
                         FDRE (Setup_FDRE_C_D)        0.044    13.371    preproc_inst/composer_etip_inst/genEtipSerial.SkidQ_reg[2][sub][175]
  -------------------------------------------------------------------
                         required time                         13.371    
                         arrival time                          -5.875    
  -------------------------------------------------------------------
                         slack                                  7.496    

Slack (MET) :             7.496ns  (required time - arrival time)
  Source:                 preproc_inst/composer_etip_inst/ICntCum_reg[0]/C
                            (rising edge-triggered cell FDRE clocked by tip_clk  {rise@0.000ns fall@6.667ns period=13.333ns})
  Destination:            preproc_inst/composer_etip_inst/genEtipSerial.SkidQ_reg[2][sub][177]/D
                            (rising edge-triggered cell FDRE clocked by tip_clk  {rise@0.000ns fall@6.667ns period=13.333ns})
  Path Group:             tip_clk
  Path Type:              Setup (Max at Slow Process Corner)
  Requirement:            13.333ns  (tip_clk rise@13.333ns - tip_clk rise@0.000ns)
  Data Path Delay:        5.834ns  (logic 2.388ns (40.932%)  route 3.446ns (59.068%))
  Logic Levels:           21  (CARRY8=8 LUT3=3 LUT4=3 LUT5=2 LUT6=5)
  Clock Path Skew:        -0.012ns (DCD - SCD + CPR)
    Destination Clock Delay (DCD):    0.029ns = ( 13.362 - 13.333 ) 
    Source Clock Delay      (SCD):    0.041ns
    Clock Pessimism Removal (CPR):    0.000ns
  Clock Uncertainty:      0.035ns  ((TSJ^2 + TIJ^2)^1/2 + DJ) / 2 + PE
    Total System Jitter     (TSJ):    0.071ns
    Total Input Jitter      (TIJ):    0.000ns
    Discrete Jitter          (DJ):    0.000ns
    Phase Error              (PE):    0.000ns

    Location             Delay type                Incr(ns)  Path(ns)    Netlist Resource(s)
  -------------------------------------------------------------------    -------------------
                         (clock tip_clk rise edge)    0.000     0.000 r  
                                                      0.000     0.000 r  tip_clk (IN)
                         net (fo=7884, unset)         0.041     0.041    preproc_inst/composer_etip_inst/tip_clk
                         FDRE                                         r  preproc_inst/composer_etip_inst/ICntCum_reg[0]/C
  -------------------------------------------------------------------    -------------------
                         FDRE (Prop_FDRE_C_Q)         0.114     0.155 r  preproc_inst/composer_etip_inst/ICntCum_reg[0]/Q
                         net (fo=10, unplaced)        0.207     0.362    preproc_inst/composer_etip_inst/ICntCum_reg[17]_3[0]
                         LUT6 (Prop_LUT6_I0_O)        0.225     0.587 r  preproc_inst/composer_etip_inst/EtipMsg[2][sub][149]_i_6/O
                         net (fo=5, unplaced)         0.229     0.816    preproc_inst/tip_delay_inst/ICntCum_reg[17]_0[0]
                         LUT3 (Prop_LUT3_I0_O)        0.058     0.874 r  preproc_inst/tip_delay_inst/EtipMsg[2][sub][223]_i_49/O
                         net (fo=1, unplaced)         0.022     0.896    preproc_inst/composer_etip_inst/EtipMsg[2][sub][223]_i_21_0[0]
                         CARRY8 (Prop_CARRY8_S[0]_CO[7])
                                                      0.286     1.182 r  preproc_inst/composer_etip_inst/EtipMsg_reg[2][sub][223]_i_33/CO[7]
                         net (fo=1, unplaced)         0.006     1.188    preproc_inst/composer_etip_inst/EtipMsg_reg[2][sub][223]_i_33_n_0
                         CARRY8 (Prop_CARRY8_CI_CO[7])
                                                      0.073     1.261 r  preproc_inst/composer_etip_inst/EtipMsg_reg[2][sub][223]_i_30/CO[7]
                         net (fo=1, unplaced)         0.006     1.267    preproc_inst/composer_etip_inst/EtipMsg_reg[2][sub][223]_i_30_n_0
                         CARRY8 (Prop_CARRY8_CI_O[1])
                                                      0.106     1.373 r  preproc_inst/composer_etip_inst/EtipMsg_reg[2][sub][223]_i_10/O[1]
                         net (fo=2, unplaced)         0.146     1.519    ct_cs_cpuif_wb_inst/genRdlCsr.ct_cs_cpuif_inst/msg_id_next2[3]
                         LUT3 (Prop_LUT3_I0_O)        0.137     1.656 r  ct_cs_cpuif_wb_inst/genRdlCsr.ct_cs_cpuif_inst/EtipMsg[2][sub][223]_i_11/O
                         net (fo=1, unplaced)         0.227     1.883    ct_cs_cpuif_wb_inst/genRdlCsr.ct_cs_cpuif_inst/EtipMsg[2][sub][223]_i_11_n_0
                         CARRY8 (Prop_CARRY8_DI[0]_CO[1])
                                                      0.120     2.003 r  ct_cs_cpuif_wb_inst/genRdlCsr.ct_cs_cpuif_inst/EtipMsg_reg[2][sub][223]_i_7/CO[1]
                         net (fo=54, unplaced)        0.280     2.283    preproc_inst/composer_etip_inst/EtipMsg[0][sub][148]_i_3[0]
                         LUT5 (Prop_LUT5_I0_O)        0.058     2.341 r  preproc_inst/composer_etip_inst/ICntCum[7]_i_16/O
                         net (fo=1, unplaced)         0.022     2.363    preproc_inst/composer_etip_inst/ICntCum[7]_i_16_n_0
                         CARRY8 (Prop_CARRY8_S[0]_CO[7])
                                                      0.286     2.649 r  preproc_inst/composer_etip_inst/ICntCum_reg[7]_i_4/CO[7]
                         net (fo=1, unplaced)         0.006     2.655    preproc_inst/composer_etip_inst/ICntCum_reg[7]_i_4_n_0
                         CARRY8 (Prop_CARRY8_CI_O[1])
                                                      0.106     2.761 f  preproc_inst/composer_etip_inst/ICntCum_reg[15]_i_3/O[1]
                         net (fo=8, unplaced)         0.237     2.998    preproc_inst/composer_etip_inst/icnt_cum_next0[9]
                         LUT4 (Prop_LUT4_I0_O)        0.097     3.095 f  preproc_inst/composer_etip_inst/EtipMsg[2][sub][178]_i_21/O
                         net (fo=1, unplaced)         0.230     3.325    preproc_inst/composer_etip_inst/EtipMsg[2][sub][178]_i_21_n_0
                         CARRY8 (Prop_CARRY8_DI[1]_CO[7])
                                                      0.179     3.504 f  preproc_inst/composer_etip_inst/EtipMsg_reg[2][sub][178]_i_10/CO[7]
                         net (fo=1, unplaced)         0.006     3.510    preproc_inst/composer_etip_inst/EtipMsg_reg[2][sub][178]_i_10_n_0
                         CARRY8 (Prop_CARRY8_CI_CO[2])
                                                      0.079     3.589 f  preproc_inst/composer_etip_inst/EtipMsg_reg[2][sub][178]_i_8/CO[2]
                         net (fo=5, unplaced)         0.229     3.818    preproc_inst/composer_etip_inst/ICntCum_reg[17]_4[0]
                         LUT6 (Prop_LUT6_I0_O)        0.058     3.876 r  preproc_inst/composer_etip_inst/EtipMsg[0][sub][174]_i_7/O
                         net (fo=12, unplaced)        0.248     4.124    preproc_inst/tip_delay_inst/EtipMsg[0][sub][178]_i_4_1
                         LUT6 (Prop_LUT6_I1_O)        0.058     4.182 r  preproc_inst/tip_delay_inst/EtipMsg[0][sub][177]_i_5/O
                         net (fo=1, unplaced)         0.211     4.393    preproc_inst/tip_delay_inst/EtipMsg[0][sub][177]_i_5_n_0
                         LUT4 (Prop_LUT4_I0_O)        0.058     4.451 r  preproc_inst/tip_delay_inst/EtipMsg[0][sub][177]_i_4/O
                         net (fo=1, unplaced)         0.211     4.662    preproc_inst/tip_delay_inst/EtipMsg[0][sub][177]_i_4_n_0
                         LUT6 (Prop_LUT6_I1_O)        0.058     4.720 r  preproc_inst/tip_delay_inst/EtipMsg[0][sub][177]_i_3/O
                         net (fo=1, unplaced)         0.211     4.931    preproc_inst/genAct.act_proc_inst/EtipMsg_reg[0][sub][177]
                         LUT6 (Prop_LUT6_I5_O)        0.058     4.989 r  preproc_inst/genAct.act_proc_inst/EtipMsg[0][sub][177]_i_2/O
                         net (fo=3, unplaced)         0.217     5.206    preproc_inst/tip_delay_inst/EtipMsg_reg[0][sub][177]
                         LUT4 (Prop_LUT4_I1_O)        0.058     5.264 r  preproc_inst/tip_delay_inst/EtipMsg[0][sub][177]_i_1/O
                         net (fo=3, unplaced)         0.217     5.481    preproc_inst/composer_etip_inst/genEtipSerial.etip_ovf_injector/genEtipSerial.SkidQ_reg[1][sub][224]_1[176]
                         LUT3 (Prop_LUT3_I0_O)        0.058     5.539 r  preproc_inst/composer_etip_inst/genEtipSerial.etip_ovf_injector/genEtipSerial.SkidQ[2][sub][177]_i_2/O
                         net (fo=1, unplaced)         0.211     5.750    preproc_inst/composer_etip_inst/genEtipSerial.etip_ovf_injector/genEtipSerial.SkidQ[2][sub][177]_i_2_n_0
                         LUT5 (Prop_LUT5_I2_O)        0.058     5.808 r  preproc_inst/composer_etip_inst/genEtipSerial.etip_ovf_injector/genEtipSerial.SkidQ[2][sub][177]_i_1/O
                         net (fo=1, unplaced)         0.067     5.875    preproc_inst/composer_etip_inst/genEtipSerial.etip_ovf_injector_n_48
                         FDRE                                         r  preproc_inst/composer_etip_inst/genEtipSerial.SkidQ_reg[2][sub][177]/D
  -------------------------------------------------------------------    -------------------

                         (clock tip_clk rise edge)   13.333    13.333 r  
                                                      0.000    13.333 r  tip_clk (IN)
                         net (fo=7884, unset)         0.029    13.362    preproc_inst/composer_etip_inst/tip_clk
                         FDRE                                         r  preproc_inst/composer_etip_inst/genEtipSerial.SkidQ_reg[2][sub][177]/C
                         clock pessimism              0.000    13.362    
                         clock uncertainty           -0.035    13.327    
                         FDRE (Setup_FDRE_C_D)        0.044    13.371    preproc_inst/composer_etip_inst/genEtipSerial.SkidQ_reg[2][sub][177]
  -------------------------------------------------------------------
                         required time                         13.371    
                         arrival time                          -5.875    
  -------------------------------------------------------------------
                         slack                                  7.496    

Slack (MET) :             7.721ns  (required time - arrival time)
  Source:                 preproc_inst/composer_etip_inst/ICntCum_reg[0]/C
                            (rising edge-triggered cell FDRE clocked by tip_clk  {rise@0.000ns fall@6.667ns period=13.333ns})
  Destination:            preproc_inst/composer_etip_inst/genEtipSerial.SkidQ_reg[2][sub][166]/D
                            (rising edge-triggered cell FDRE clocked by tip_clk  {rise@0.000ns fall@6.667ns period=13.333ns})
  Path Group:             tip_clk
  Path Type:              Setup (Max at Slow Process Corner)
  Requirement:            13.333ns  (tip_clk rise@13.333ns - tip_clk rise@0.000ns)
  Data Path Delay:        5.609ns  (logic 2.425ns (43.234%)  route 3.184ns (56.766%))
  Logic Levels:           20  (CARRY8=8 LUT3=4 LUT4=2 LUT5=3 LUT6=3)
  Clock Path Skew:        -0.012ns (DCD - SCD + CPR)
    Destination Clock Delay (DCD):    0.029ns = ( 13.362 - 13.333 ) 
    Source Clock Delay      (SCD):    0.041ns
    Clock Pessimism Removal (CPR):    0.000ns
  Clock Uncertainty:      0.035ns  ((TSJ^2 + TIJ^2)^1/2 + DJ) / 2 + PE
    Total System Jitter     (TSJ):    0.071ns
    Total Input Jitter      (TIJ):    0.000ns
    Discrete Jitter          (DJ):    0.000ns
    Phase Error              (PE):    0.000ns

    Location             Delay type                Incr(ns)  Path(ns)    Netlist Resource(s)
  -------------------------------------------------------------------    -------------------
                         (clock tip_clk rise edge)    0.000     0.000 r  
                                                      0.000     0.000 r  tip_clk (IN)
                         net (fo=7884, unset)         0.041     0.041    preproc_inst/composer_etip_inst/tip_clk
                         FDRE                                         r  preproc_inst/composer_etip_inst/ICntCum_reg[0]/C
  -------------------------------------------------------------------    -------------------
                         FDRE (Prop_FDRE_C_Q)         0.114     0.155 r  preproc_inst/composer_etip_inst/ICntCum_reg[0]/Q
                         net (fo=10, unplaced)        0.207     0.362    preproc_inst/composer_etip_inst/ICntCum_reg[17]_3[0]
                         LUT6 (Prop_LUT6_I0_O)        0.225     0.587 r  preproc_inst/composer_etip_inst/EtipMsg[2][sub][149]_i_6/O
                         net (fo=5, unplaced)         0.229     0.816    preproc_inst/tip_delay_inst/ICntCum_reg[17]_0[0]
                         LUT3 (Prop_LUT3_I0_O)        0.058     0.874 r  preproc_inst/tip_delay_inst/EtipMsg[2][sub][223]_i_49/O
                         net (fo=1, unplaced)         0.022     0.896    preproc_inst/composer_etip_inst/EtipMsg[2][sub][223]_i_21_0[0]
                         CARRY8 (Prop_CARRY8_S[0]_CO[7])
                                                      0.286     1.182 r  preproc_inst/composer_etip_inst/EtipMsg_reg[2][sub][223]_i_33/CO[7]
                         net (fo=1, unplaced)         0.006     1.188    preproc_inst/composer_etip_inst/EtipMsg_reg[2][sub][223]_i_33_n_0
                         CARRY8 (Prop_CARRY8_CI_CO[7])
                                                      0.073     1.261 r  preproc_inst/composer_etip_inst/EtipMsg_reg[2][sub][223]_i_30/CO[7]
                         net (fo=1, unplaced)         0.006     1.267    preproc_inst/composer_etip_inst/EtipMsg_reg[2][sub][223]_i_30_n_0
                         CARRY8 (Prop_CARRY8_CI_O[1])
                                                      0.106     1.373 r  preproc_inst/composer_etip_inst/EtipMsg_reg[2][sub][223]_i_10/O[1]
                         net (fo=2, unplaced)         0.146     1.519    ct_cs_cpuif_wb_inst/genRdlCsr.ct_cs_cpuif_inst/msg_id_next2[3]
                         LUT3 (Prop_LUT3_I0_O)        0.137     1.656 r  ct_cs_cpuif_wb_inst/genRdlCsr.ct_cs_cpuif_inst/EtipMsg[2][sub][223]_i_11/O
                         net (fo=1, unplaced)         0.227     1.883    ct_cs_cpuif_wb_inst/genRdlCsr.ct_cs_cpuif_inst/EtipMsg[2][sub][223]_i_11_n_0
                         CARRY8 (Prop_CARRY8_DI[0]_CO[1])
                                                      0.120     2.003 r  ct_cs_cpuif_wb_inst/genRdlCsr.ct_cs_cpuif_inst/EtipMsg_reg[2][sub][223]_i_7/CO[1]
                         net (fo=54, unplaced)        0.280     2.283    preproc_inst/composer_etip_inst/EtipMsg[0][sub][148]_i_3[0]
                         LUT5 (Prop_LUT5_I0_O)        0.058     2.341 r  preproc_inst/composer_etip_inst/ICntCum[7]_i_16/O
                         net (fo=1, unplaced)         0.022     2.363    preproc_inst/composer_etip_inst/ICntCum[7]_i_16_n_0
                         CARRY8 (Prop_CARRY8_S[0]_CO[7])
                                                      0.286     2.649 r  preproc_inst/composer_etip_inst/ICntCum_reg[7]_i_4/CO[7]
                         net (fo=1, unplaced)         0.006     2.655    preproc_inst/composer_etip_inst/ICntCum_reg[7]_i_4_n_0
                         CARRY8 (Prop_CARRY8_CI_O[1])
                                                      0.106     2.761 r  preproc_inst/composer_etip_inst/ICntCum_reg[15]_i_3/O[1]
                         net (fo=8, unplaced)         0.237     2.998    preproc_inst/composer_etip_inst/icnt_cum_next0[9]
                         LUT4 (Prop_LUT4_I0_O)        0.097     3.095 r  preproc_inst/composer_etip_inst/EtipMsg[2][sub][178]_i_21/O
                         net (fo=1, unplaced)         0.230     3.325    preproc_inst/composer_etip_inst/EtipMsg[2][sub][178]_i_21_n_0
                         CARRY8 (Prop_CARRY8_DI[1]_CO[7])
                                                      0.179     3.504 r  preproc_inst/composer_etip_inst/EtipMsg_reg[2][sub][178]_i_10/CO[7]
                         net (fo=1, unplaced)         0.006     3.510    preproc_inst/composer_etip_inst/EtipMsg_reg[2][sub][178]_i_10_n_0
                         CARRY8 (Prop_CARRY8_CI_O[1])
                                                      0.106     3.616 r  preproc_inst/composer_etip_inst/EtipMsg_reg[2][sub][178]_i_8/O[1]
                         net (fo=2, unplaced)         0.209     3.825    preproc_inst/composer_etip_inst/EtipMsg_reg[2][sub][178]_i_8_n_14
                         LUT6 (Prop_LUT6_I4_O)        0.058     3.883 f  preproc_inst/composer_etip_inst/EtipMsg[0][sub][166]_i_8/O
                         net (fo=1, unplaced)         0.211     4.094    preproc_inst/composer_etip_inst/EtipMsg[0][sub][166]_i_8_n_0
                         LUT4 (Prop_LUT4_I0_O)        0.092     4.186 r  preproc_inst/composer_etip_inst/EtipMsg[0][sub][166]_i_6/O
                         net (fo=1, unplaced)         0.211     4.397    preproc_inst/tip_delay_inst/EtipMsg[0][sub][166]_i_3_0
                         LUT6 (Prop_LUT6_I2_O)        0.058     4.455 r  preproc_inst/tip_delay_inst/EtipMsg[0][sub][166]_i_5/O
                         net (fo=1, unplaced)         0.211     4.666    preproc_inst/tip_delay_inst/EtipMsg[0][sub][166]_i_5_n_0
                         LUT3 (Prop_LUT3_I2_O)        0.058     4.724 r  preproc_inst/tip_delay_inst/EtipMsg[0][sub][166]_i_3/O
                         net (fo=1, unplaced)         0.211     4.935    preproc_inst/tip_delay_inst/EtipMsg[0][sub][166]_i_3_n_0
                         LUT5 (Prop_LUT5_I4_O)        0.058     4.993 r  preproc_inst/tip_delay_inst/EtipMsg[0][sub][166]_i_1/O
                         net (fo=5, unplaced)         0.229     5.222    preproc_inst/composer_etip_inst/genEtipSerial.etip_ovf_injector/genEtipSerial.SkidQ_reg[1][sub][224]_1[165]
                         LUT3 (Prop_LUT3_I0_O)        0.092     5.314 r  preproc_inst/composer_etip_inst/genEtipSerial.etip_ovf_injector/genEtipSerial.SkidQ[2][sub][166]_i_2/O
                         net (fo=1, unplaced)         0.211     5.525    preproc_inst/composer_etip_inst/genEtipSerial.etip_ovf_injector/genEtipSerial.SkidQ[2][sub][166]_i_2_n_0
                         LUT5 (Prop_LUT5_I2_O)        0.058     5.583 r  preproc_inst/composer_etip_inst/genEtipSerial.etip_ovf_injector/genEtipSerial.SkidQ[2][sub][166]_i_1/O
                         net (fo=1, unplaced)         0.067     5.650    preproc_inst/composer_etip_inst/genEtipSerial.etip_ovf_injector_n_59
                         FDRE                                         r  preproc_inst/composer_etip_inst/genEtipSerial.SkidQ_reg[2][sub][166]/D
  -------------------------------------------------------------------    -------------------

                         (clock tip_clk rise edge)   13.333    13.333 r  
                                                      0.000    13.333 r  tip_clk (IN)
                         net (fo=7884, unset)         0.029    13.362    preproc_inst/composer_etip_inst/tip_clk
                         FDRE                                         r  preproc_inst/composer_etip_inst/genEtipSerial.SkidQ_reg[2][sub][166]/C
                         clock pessimism              0.000    13.362    
                         clock uncertainty           -0.035    13.327    
                         FDRE (Setup_FDRE_C_D)        0.044    13.371    preproc_inst/composer_etip_inst/genEtipSerial.SkidQ_reg[2][sub][166]
  -------------------------------------------------------------------
                         required time                         13.371    
                         arrival time                          -5.650    
  -------------------------------------------------------------------
                         slack                                  7.721    





Pulse Width Checks
--------------------------------------------------------------------------------------
Clock Name:         tip_clk
Waveform(ns):       { 0.000 6.667 }
Period(ns):         13.333
Sources:            { tip_clk }

Check Type        Corner  Lib Pin             Reference Pin  Required(ns)  Actual(ns)  Slack(ns)  Location  Pin
Min Period        n/a     RAMB36E2/CLKARDCLK  n/a            1.960         13.333      11.373               preproc_inst/composer_etip_inst/genEtipSerial.etip_cvs_cdc_fifo/cvs_fifo2_inst/fifo/fifo/genRegular.blkMemory.Mem_reg_0/CLKARDCLK
Min Period        n/a     RAMB36E2/CLKBWRCLK  n/a            1.960         13.333      11.373               preproc_inst/composer_etip_inst/genEtipSerial.etip_cvs_cdc_fifo/cvs_fifo2_inst/fifo/fifo/genRegular.blkMemory.Mem_reg_0/CLKBWRCLK
Min Period        n/a     RAMB36E2/CLKARDCLK  n/a            1.960         13.333      11.373               preproc_inst/composer_etip_inst/genEtipSerial.etip_cvs_cdc_fifo/cvs_fifo2_inst/fifo/fifo/genRegular.blkMemory.Mem_reg_1/CLKARDCLK
Min Period        n/a     RAMB36E2/CLKBWRCLK  n/a            1.960         13.333      11.373               preproc_inst/composer_etip_inst/genEtipSerial.etip_cvs_cdc_fifo/cvs_fifo2_inst/fifo/fifo/genRegular.blkMemory.Mem_reg_1/CLKBWRCLK
Min Period        n/a     RAMB36E2/CLKARDCLK  n/a            1.960         13.333      11.373               preproc_inst/composer_etip_inst/genEtipSerial.etip_cvs_cdc_fifo/cvs_fifo2_inst/fifo/fifo/genRegular.blkMemory.Mem_reg_2/CLKARDCLK
Low Pulse Width   Slow    SRL16E/CLK          n/a            0.762         6.667       5.905                preproc_inst/ItaPipe_reg[14]_srl14___preproc_inst_tip_delay_inst_TipPipe_reg_r_12/CLK
Low Pulse Width   Fast    SRL16E/CLK          n/a            0.762         6.667       5.905                preproc_inst/ItaPipe_reg[14]_srl14___preproc_inst_tip_delay_inst_TipPipe_reg_r_12/CLK
Low Pulse Width   Slow    SRL16E/CLK          n/a            0.762         6.667       5.905                preproc_inst/genDtaPipe.DtaPipe_reg[13]_srl14___preproc_inst_tip_delay_inst_TipPipe_reg_r_12/CLK
Low Pulse Width   Fast    SRL16E/CLK          n/a            0.762         6.667       5.905                preproc_inst/genDtaPipe.DtaPipe_reg[13]_srl14___preproc_inst_tip_delay_inst_TipPipe_reg_r_12/CLK
Low Pulse Width   Slow    SRL16E/CLK          n/a            0.762         6.667       5.905                preproc_inst/genAct.act_cap_inst/CmdPipe_reg[14][Cmd][value][0]_srl14/CLK
High Pulse Width  Slow    SRL16E/CLK          n/a            0.762         6.667       5.905                preproc_inst/ItaPipe_reg[14]_srl14___preproc_inst_tip_delay_inst_TipPipe_reg_r_12/CLK
High Pulse Width  Fast    SRL16E/CLK          n/a            0.762         6.667       5.905                preproc_inst/ItaPipe_reg[14]_srl14___preproc_inst_tip_delay_inst_TipPipe_reg_r_12/CLK
High Pulse Width  Slow    SRL16E/CLK          n/a            0.762         6.667       5.905                preproc_inst/genDtaPipe.DtaPipe_reg[13]_srl14___preproc_inst_tip_delay_inst_TipPipe_reg_r_12/CLK
High Pulse Width  Fast    SRL16E/CLK          n/a            0.762         6.667       5.905                preproc_inst/genDtaPipe.DtaPipe_reg[13]_srl14___preproc_inst_tip_delay_inst_TipPipe_reg_r_12/CLK
High Pulse Width  Slow    SRL16E/CLK          n/a            0.762         6.667       5.905                preproc_inst/genAct.act_cap_inst/CmdPipe_reg[14][Cmd][value][0]_srl14/CLK



---------------------------------------------------------------------------------------------------
From Clock:  wall_clk
  To Clock:  wall_clk

Setup :            0  Failing Endpoints,  Worst Slack       11.749ns,  Total Violation        0.000ns
Hold  :           NA  Failing Endpoints,  Worst Slack           NA  ,  Total Violation           NA
PW    :            0  Failing Endpoints,  Worst Slack        6.391ns,  Total Violation        0.000ns
---------------------------------------------------------------------------------------------------


Max Delay Paths
--------------------------------------------------------------------------------------
Slack (MET) :             11.749ns  (required time - arrival time)
  Source:                 preproc_inst/sync_inst/counter_wallclk_inst/Count_reg[5]/C
                            (rising edge-triggered cell FDRE clocked by wall_clk  {rise@0.000ns fall@6.667ns period=13.333ns})
  Destination:            preproc_inst/sync_inst/counter_wallclk_inst/Count_reg[20]/D
                            (rising edge-triggered cell FDRE clocked by wall_clk  {rise@0.000ns fall@6.667ns period=13.333ns})
  Path Group:             wall_clk
  Path Type:              Setup (Max at Slow Process Corner)
  Requirement:            13.333ns  (wall_clk rise@13.333ns - wall_clk rise@0.000ns)
  Data Path Delay:        1.581ns  (logic 0.907ns (57.369%)  route 0.674ns (42.631%))
  Logic Levels:           5  (CARRY8=3 LUT4=1 LUT6=1)
  Clock Path Skew:        -0.012ns (DCD - SCD + CPR)
    Destination Clock Delay (DCD):    0.029ns = ( 13.362 - 13.333 ) 
    Source Clock Delay      (SCD):    0.041ns
    Clock Pessimism Removal (CPR):    0.000ns
  Clock Uncertainty:      0.035ns  ((TSJ^2 + TIJ^2)^1/2 + DJ) / 2 + PE
    Total System Jitter     (TSJ):    0.071ns
    Total Input Jitter      (TIJ):    0.000ns
    Discrete Jitter          (DJ):    0.000ns
    Phase Error              (PE):    0.000ns

    Location             Delay type                Incr(ns)  Path(ns)    Netlist Resource(s)
  -------------------------------------------------------------------    -------------------
                         (clock wall_clk rise edge)
                                                      0.000     0.000 r  
                                                      0.000     0.000 r  wall_clk (IN)
                         net (fo=31, unset)           0.041     0.041    preproc_inst/sync_inst/counter_wallclk_inst/wall_clk
                         FDRE                                         r  preproc_inst/sync_inst/counter_wallclk_inst/Count_reg[5]/C
  -------------------------------------------------------------------    -------------------
                         FDRE (Prop_FDRE_C_Q)         0.114     0.155 r  preproc_inst/sync_inst/counter_wallclk_inst/Count_reg[5]/Q
                         net (fo=2, unplaced)         0.164     0.319    preproc_inst/sync_inst/counter_wallclk_inst/Count_reg_n_0_[5]
                         CARRY8 (Prop_CARRY8_S[4]_CO[7])
                                                      0.240     0.559 r  preproc_inst/sync_inst/counter_wallclk_inst/OverflowN1_inferred__0/i__carry/CO[7]
                         net (fo=1, unplaced)         0.006     0.565    preproc_inst/sync_inst/counter_wallclk_inst/OverflowN1_inferred__0/i__carry_n_0
                         CARRY8 (Prop_CARRY8_CI_O[2])
                                                      0.093     0.658 r  preproc_inst/sync_inst/counter_wallclk_inst/OverflowN1_inferred__0/i__carry__0/O[2]
                         net (fo=2, unplaced)         0.214     0.872    preproc_inst/sync_inst/counter_wallclk_inst/OverflowN1_inferred__0/i__carry__0_n_13
                         LUT6 (Prop_LUT6_I0_O)        0.136     1.008 r  preproc_inst/sync_inst/counter_wallclk_inst/OverflowN0_carry_i_4/O
                         net (fo=1, unplaced)         0.021     1.029    preproc_inst/sync_inst/counter_wallclk_inst/OverflowN0_carry_i_4_n_0
                         CARRY8 (Prop_CARRY8_S[3]_CO[6])
                                                      0.232     1.261 f  preproc_inst/sync_inst/counter_wallclk_inst/OverflowN0_carry/CO[6]
                         net (fo=22, unplaced)        0.202     1.463    preproc_inst/sync_inst/counter_wallclk_inst/OverflowN0_carry_n_1
                         LUT4 (Prop_LUT4_I2_O)        0.092     1.555 r  preproc_inst/sync_inst/counter_wallclk_inst/Count[20]_i_2/O
                         net (fo=1, unplaced)         0.067     1.622    preproc_inst/sync_inst/counter_wallclk_inst/Count[20]_i_2_n_0
                         FDRE                                         r  preproc_inst/sync_inst/counter_wallclk_inst/Count_reg[20]/D
  -------------------------------------------------------------------    -------------------

                         (clock wall_clk rise edge)
                                                     13.333    13.333 r  
                                                      0.000    13.333 r  wall_clk (IN)
                         net (fo=31, unset)           0.029    13.362    preproc_inst/sync_inst/counter_wallclk_inst/wall_clk
                         FDRE                                         r  preproc_inst/sync_inst/counter_wallclk_inst/Count_reg[20]/C
                         clock pessimism              0.000    13.362    
                         clock uncertainty           -0.035    13.327    
                         FDRE (Setup_FDRE_C_D)        0.044    13.371    preproc_inst/sync_inst/counter_wallclk_inst/Count_reg[20]
  -------------------------------------------------------------------
                         required time                         13.371    
                         arrival time                          -1.622    
  -------------------------------------------------------------------
                         slack                                 11.749    

Slack (MET) :             11.749ns  (required time - arrival time)
  Source:                 preproc_inst/sync_inst/counter_wallclk_inst/Count_reg[5]/C
                            (rising edge-triggered cell FDRE clocked by wall_clk  {rise@0.000ns fall@6.667ns period=13.333ns})
  Destination:            preproc_inst/sync_inst/counter_wallclk_inst/Overflow_reg/D
                            (rising edge-triggered cell FDRE clocked by wall_clk  {rise@0.000ns fall@6.667ns period=13.333ns})
  Path Group:             wall_clk
  Path Type:              Setup (Max at Slow Process Corner)
  Requirement:            13.333ns  (wall_clk rise@13.333ns - wall_clk rise@0.000ns)
  Data Path Delay:        1.581ns  (logic 0.907ns (57.369%)  route 0.674ns (42.631%))
  Logic Levels:           5  (CARRY8=3 LUT2=1 LUT6=1)
  Clock Path Skew:        -0.012ns (DCD - SCD + CPR)
    Destination Clock Delay (DCD):    0.029ns = ( 13.362 - 13.333 ) 
    Source Clock Delay      (SCD):    0.041ns
    Clock Pessimism Removal (CPR):    0.000ns
  Clock Uncertainty:      0.035ns  ((TSJ^2 + TIJ^2)^1/2 + DJ) / 2 + PE
    Total System Jitter     (TSJ):    0.071ns
    Total Input Jitter      (TIJ):    0.000ns
    Discrete Jitter          (DJ):    0.000ns
    Phase Error              (PE):    0.000ns

    Location             Delay type                Incr(ns)  Path(ns)    Netlist Resource(s)
  -------------------------------------------------------------------    -------------------
                         (clock wall_clk rise edge)
                                                      0.000     0.000 r  
                                                      0.000     0.000 r  wall_clk (IN)
                         net (fo=31, unset)           0.041     0.041    preproc_inst/sync_inst/counter_wallclk_inst/wall_clk
                         FDRE                                         r  preproc_inst/sync_inst/counter_wallclk_inst/Count_reg[5]/C
  -------------------------------------------------------------------    -------------------
                         FDRE (Prop_FDRE_C_Q)         0.114     0.155 r  preproc_inst/sync_inst/counter_wallclk_inst/Count_reg[5]/Q
                         net (fo=2, unplaced)         0.164     0.319    preproc_inst/sync_inst/counter_wallclk_inst/Count_reg_n_0_[5]
                         CARRY8 (Prop_CARRY8_S[4]_CO[7])
                                                      0.240     0.559 r  preproc_inst/sync_inst/counter_wallclk_inst/OverflowN1_inferred__0/i__carry/CO[7]
                         net (fo=1, unplaced)         0.006     0.565    preproc_inst/sync_inst/counter_wallclk_inst/OverflowN1_inferred__0/i__carry_n_0
                         CARRY8 (Prop_CARRY8_CI_O[2])
                                                      0.093     0.658 r  preproc_inst/sync_inst/counter_wallclk_inst/OverflowN1_inferred__0/i__carry__0/O[2]
                         net (fo=2, unplaced)         0.214     0.872    preproc_inst/sync_inst/counter_wallclk_inst/OverflowN1_inferred__0/i__carry__0_n_13
                         LUT6 (Prop_LUT6_I0_O)        0.136     1.008 r  preproc_inst/sync_inst/counter_wallclk_inst/OverflowN0_carry_i_4/O
                         net (fo=1, unplaced)         0.021     1.029    preproc_inst/sync_inst/counter_wallclk_inst/OverflowN0_carry_i_4_n_0
                         CARRY8 (Prop_CARRY8_S[3]_CO[6])
                                                      0.232     1.261 r  preproc_inst/sync_inst/counter_wallclk_inst/OverflowN0_carry/CO[6]
                         net (fo=22, unplaced)        0.202     1.463    preproc_inst/sync_inst/counter_wallclk_inst/OverflowN0_carry_n_1
                         LUT2 (Prop_LUT2_I1_O)        0.092     1.555 r  preproc_inst/sync_inst/counter_wallclk_inst/Overflow_i_1__32/O
                         net (fo=1, unplaced)         0.067     1.622    preproc_inst/sync_inst/counter_wallclk_inst/Overflow_i_1__32_n_0
                         FDRE                                         r  preproc_inst/sync_inst/counter_wallclk_inst/Overflow_reg/D
  -------------------------------------------------------------------    -------------------

                         (clock wall_clk rise edge)
                                                     13.333    13.333 r  
                                                      0.000    13.333 r  wall_clk (IN)
                         net (fo=31, unset)           0.029    13.362    preproc_inst/sync_inst/counter_wallclk_inst/wall_clk
                         FDRE                                         r  preproc_inst/sync_inst/counter_wallclk_inst/Overflow_reg/C
                         clock pessimism              0.000    13.362    
                         clock uncertainty           -0.035    13.327    
                         FDRE (Setup_FDRE_C_D)        0.044    13.371    preproc_inst/sync_inst/counter_wallclk_inst/Overflow_reg
  -------------------------------------------------------------------
                         required time                         13.371    
                         arrival time                          -1.622    
  -------------------------------------------------------------------
                         slack                                 11.749    

Slack (MET) :             11.783ns  (required time - arrival time)
  Source:                 preproc_inst/sync_inst/counter_wallclk_inst/Count_reg[5]/C
                            (rising edge-triggered cell FDRE clocked by wall_clk  {rise@0.000ns fall@6.667ns period=13.333ns})
  Destination:            preproc_inst/sync_inst/counter_wallclk_inst/Count_reg[0]/D
                            (rising edge-triggered cell FDRE clocked by wall_clk  {rise@0.000ns fall@6.667ns period=13.333ns})
  Path Group:             wall_clk
  Path Type:              Setup (Max at Slow Process Corner)
  Requirement:            13.333ns  (wall_clk rise@13.333ns - wall_clk rise@0.000ns)
  Data Path Delay:        1.547ns  (logic 0.873ns (56.432%)  route 0.674ns (43.568%))
  Logic Levels:           5  (CARRY8=3 LUT3=1 LUT6=1)
  Clock Path Skew:        -0.012ns (DCD - SCD + CPR)
    Destination Clock Delay (DCD):    0.029ns = ( 13.362 - 13.333 ) 
    Source Clock Delay      (SCD):    0.041ns
    Clock Pessimism Removal (CPR):    0.000ns
  Clock Uncertainty:      0.035ns  ((TSJ^2 + TIJ^2)^1/2 + DJ) / 2 + PE
    Total System Jitter     (TSJ):    0.071ns
    Total Input Jitter      (TIJ):    0.000ns
    Discrete Jitter          (DJ):    0.000ns
    Phase Error              (PE):    0.000ns

    Location             Delay type                Incr(ns)  Path(ns)    Netlist Resource(s)
  -------------------------------------------------------------------    -------------------
                         (clock wall_clk rise edge)
                                                      0.000     0.000 r  
                                                      0.000     0.000 r  wall_clk (IN)
                         net (fo=31, unset)           0.041     0.041    preproc_inst/sync_inst/counter_wallclk_inst/wall_clk
                         FDRE                                         r  preproc_inst/sync_inst/counter_wallclk_inst/Count_reg[5]/C
  -------------------------------------------------------------------    -------------------
                         FDRE (Prop_FDRE_C_Q)         0.114     0.155 r  preproc_inst/sync_inst/counter_wallclk_inst/Count_reg[5]/Q
                         net (fo=2, unplaced)         0.164     0.319    preproc_inst/sync_inst/counter_wallclk_inst/Count_reg_n_0_[5]
                         CARRY8 (Prop_CARRY8_S[4]_CO[7])
                                                      0.240     0.559 r  preproc_inst/sync_inst/counter_wallclk_inst/OverflowN1_inferred__0/i__carry/CO[7]
                         net (fo=1, unplaced)         0.006     0.565    preproc_inst/sync_inst/counter_wallclk_inst/OverflowN1_inferred__0/i__carry_n_0
                         CARRY8 (Prop_CARRY8_CI_O[2])
                                                      0.093     0.658 r  preproc_inst/sync_inst/counter_wallclk_inst/OverflowN1_inferred__0/i__carry__0/O[2]
                         net (fo=2, unplaced)         0.214     0.872    preproc_inst/sync_inst/counter_wallclk_inst/OverflowN1_inferred__0/i__carry__0_n_13
                         LUT6 (Prop_LUT6_I0_O)        0.136     1.008 r  preproc_inst/sync_inst/counter_wallclk_inst/OverflowN0_carry_i_4/O
                         net (fo=1, unplaced)         0.021     1.029    preproc_inst/sync_inst/counter_wallclk_inst/OverflowN0_carry_i_4_n_0
                         CARRY8 (Prop_CARRY8_S[3]_CO[6])
                                                      0.232     1.261 f  preproc_inst/sync_inst/counter_wallclk_inst/OverflowN0_carry/CO[6]
                         net (fo=22, unplaced)        0.202     1.463    preproc_inst/sync_inst/counter_wallclk_inst/OverflowN0_carry_n_1
                         LUT3 (Prop_LUT3_I0_O)        0.058     1.521 r  preproc_inst/sync_inst/counter_wallclk_inst/Count[0]_i_1__34/O
                         net (fo=1, unplaced)         0.067     1.588    preproc_inst/sync_inst/counter_wallclk_inst/Count[0]_i_1__34_n_0
                         FDRE                                         r  preproc_inst/sync_inst/counter_wallclk_inst/Count_reg[0]/D
  -------------------------------------------------------------------    -------------------

                         (clock wall_clk rise edge)
                                                     13.333    13.333 r  
                                                      0.000    13.333 r  wall_clk (IN)
                         net (fo=31, unset)           0.029    13.362    preproc_inst/sync_inst/counter_wallclk_inst/wall_clk
                         FDRE                                         r  preproc_inst/sync_inst/counter_wallclk_inst/Count_reg[0]/C
                         clock pessimism              0.000    13.362    
                         clock uncertainty           -0.035    13.327    
                         FDRE (Setup_FDRE_C_D)        0.044    13.371    preproc_inst/sync_inst/counter_wallclk_inst/Count_reg[0]
  -------------------------------------------------------------------
                         required time                         13.371    
                         arrival time                          -1.588    
  -------------------------------------------------------------------
                         slack                                 11.783    

Slack (MET) :             11.783ns  (required time - arrival time)
  Source:                 preproc_inst/sync_inst/counter_wallclk_inst/Count_reg[5]/C
                            (rising edge-triggered cell FDRE clocked by wall_clk  {rise@0.000ns fall@6.667ns period=13.333ns})
  Destination:            preproc_inst/sync_inst/counter_wallclk_inst/Count_reg[10]/D
                            (rising edge-triggered cell FDRE clocked by wall_clk  {rise@0.000ns fall@6.667ns period=13.333ns})
  Path Group:             wall_clk
  Path Type:              Setup (Max at Slow Process Corner)
  Requirement:            13.333ns  (wall_clk rise@13.333ns - wall_clk rise@0.000ns)
  Data Path Delay:        1.547ns  (logic 0.873ns (56.432%)  route 0.674ns (43.568%))
  Logic Levels:           5  (CARRY8=3 LUT5=1 LUT6=1)
  Clock Path Skew:        -0.012ns (DCD - SCD + CPR)
    Destination Clock Delay (DCD):    0.029ns = ( 13.362 - 13.333 ) 
    Source Clock Delay      (SCD):    0.041ns
    Clock Pessimism Removal (CPR):    0.000ns
  Clock Uncertainty:      0.035ns  ((TSJ^2 + TIJ^2)^1/2 + DJ) / 2 + PE
    Total System Jitter     (TSJ):    0.071ns
    Total Input Jitter      (TIJ):    0.000ns
    Discrete Jitter          (DJ):    0.000ns
    Phase Error              (PE):    0.000ns

    Location             Delay type                Incr(ns)  Path(ns)    Netlist Resource(s)
  -------------------------------------------------------------------    -------------------
                         (clock wall_clk rise edge)
                                                      0.000     0.000 r  
                                                      0.000     0.000 r  wall_clk (IN)
                         net (fo=31, unset)           0.041     0.041    preproc_inst/sync_inst/counter_wallclk_inst/wall_clk
                         FDRE                                         r  preproc_inst/sync_inst/counter_wallclk_inst/Count_reg[5]/C
  -------------------------------------------------------------------    -------------------
                         FDRE (Prop_FDRE_C_Q)         0.114     0.155 r  preproc_inst/sync_inst/counter_wallclk_inst/Count_reg[5]/Q
                         net (fo=2, unplaced)         0.164     0.319    preproc_inst/sync_inst/counter_wallclk_inst/Count_reg_n_0_[5]
                         CARRY8 (Prop_CARRY8_S[4]_CO[7])
                                                      0.240     0.559 r  preproc_inst/sync_inst/counter_wallclk_inst/OverflowN1_inferred__0/i__carry/CO[7]
                         net (fo=1, unplaced)         0.006     0.565    preproc_inst/sync_inst/counter_wallclk_inst/OverflowN1_inferred__0/i__carry_n_0
                         CARRY8 (Prop_CARRY8_CI_O[2])
                                                      0.093     0.658 r  preproc_inst/sync_inst/counter_wallclk_inst/OverflowN1_inferred__0/i__carry__0/O[2]
                         net (fo=2, unplaced)         0.214     0.872    preproc_inst/sync_inst/counter_wallclk_inst/OverflowN1_inferred__0/i__carry__0_n_13
                         LUT6 (Prop_LUT6_I0_O)        0.136     1.008 r  preproc_inst/sync_inst/counter_wallclk_inst/OverflowN0_carry_i_4/O
                         net (fo=1, unplaced)         0.021     1.029    preproc_inst/sync_inst/counter_wallclk_inst/OverflowN0_carry_i_4_n_0
                         CARRY8 (Prop_CARRY8_S[3]_CO[6])
                                                      0.232     1.261 r  preproc_inst/sync_inst/counter_wallclk_inst/OverflowN0_carry/CO[6]
                         net (fo=22, unplaced)        0.202     1.463    preproc_inst/sync_inst/counter_wallclk_inst/OverflowN0_carry_n_1
                         LUT5 (Prop_LUT5_I3_O)        0.058     1.521 r  preproc_inst/sync_inst/counter_wallclk_inst/Count[10]_i_1__0/O
                         net (fo=1, unplaced)         0.067     1.588    preproc_inst/sync_inst/counter_wallclk_inst/Count[10]_i_1__0_n_0
                         FDRE                                         r  preproc_inst/sync_inst/counter_wallclk_inst/Count_reg[10]/D
  -------------------------------------------------------------------    -------------------

                         (clock wall_clk rise edge)
                                                     13.333    13.333 r  
                                                      0.000    13.333 r  wall_clk (IN)
                         net (fo=31, unset)           0.029    13.362    preproc_inst/sync_inst/counter_wallclk_inst/wall_clk
                         FDRE                                         r  preproc_inst/sync_inst/counter_wallclk_inst/Count_reg[10]/C
                         clock pessimism              0.000    13.362    
                         clock uncertainty           -0.035    13.327    
                         FDRE (Setup_FDRE_C_D)        0.044    13.371    preproc_inst/sync_inst/counter_wallclk_inst/Count_reg[10]
  -------------------------------------------------------------------
                         required time                         13.371    
                         arrival time                          -1.588    
  -------------------------------------------------------------------
                         slack                                 11.783    

Slack (MET) :             11.783ns  (required time - arrival time)
  Source:                 preproc_inst/sync_inst/counter_wallclk_inst/Count_reg[5]/C
                            (rising edge-triggered cell FDRE clocked by wall_clk  {rise@0.000ns fall@6.667ns period=13.333ns})
  Destination:            preproc_inst/sync_inst/counter_wallclk_inst/Count_reg[11]/D
                            (rising edge-triggered cell FDRE clocked by wall_clk  {rise@0.000ns fall@6.667ns period=13.333ns})
  Path Group:             wall_clk
  Path Type:              Setup (Max at Slow Process Corner)
  Requirement:            13.333ns  (wall_clk rise@13.333ns - wall_clk rise@0.000ns)
  Data Path Delay:        1.547ns  (logic 0.873ns (56.432%)  route 0.674ns (43.568%))
  Logic Levels:           5  (CARRY8=3 LUT5=1 LUT6=1)
  Clock Path Skew:        -0.012ns (DCD - SCD + CPR)
    Destination Clock Delay (DCD):    0.029ns = ( 13.362 - 13.333 ) 
    Source Clock Delay      (SCD):    0.041ns
    Clock Pessimism Removal (CPR):    0.000ns
  Clock Uncertainty:      0.035ns  ((TSJ^2 + TIJ^2)^1/2 + DJ) / 2 + PE
    Total System Jitter     (TSJ):    0.071ns
    Total Input Jitter      (TIJ):    0.000ns
    Discrete Jitter          (DJ):    0.000ns
    Phase Error              (PE):    0.000ns

    Location             Delay type                Incr(ns)  Path(ns)    Netlist Resource(s)
  -------------------------------------------------------------------    -------------------
                         (clock wall_clk rise edge)
                                                      0.000     0.000 r  
                                                      0.000     0.000 r  wall_clk (IN)
                         net (fo=31, unset)           0.041     0.041    preproc_inst/sync_inst/counter_wallclk_inst/wall_clk
                         FDRE                                         r  preproc_inst/sync_inst/counter_wallclk_inst/Count_reg[5]/C
  -------------------------------------------------------------------    -------------------
                         FDRE (Prop_FDRE_C_Q)         0.114     0.155 r  preproc_inst/sync_inst/counter_wallclk_inst/Count_reg[5]/Q
                         net (fo=2, unplaced)         0.164     0.319    preproc_inst/sync_inst/counter_wallclk_inst/Count_reg_n_0_[5]
                         CARRY8 (Prop_CARRY8_S[4]_CO[7])
                                                      0.240     0.559 r  preproc_inst/sync_inst/counter_wallclk_inst/OverflowN1_inferred__0/i__carry/CO[7]
                         net (fo=1, unplaced)         0.006     0.565    preproc_inst/sync_inst/counter_wallclk_inst/OverflowN1_inferred__0/i__carry_n_0
                         CARRY8 (Prop_CARRY8_CI_O[2])
                                                      0.093     0.658 r  preproc_inst/sync_inst/counter_wallclk_inst/OverflowN1_inferred__0/i__carry__0/O[2]
                         net (fo=2, unplaced)         0.214     0.872    preproc_inst/sync_inst/counter_wallclk_inst/OverflowN1_inferred__0/i__carry__0_n_13
                         LUT6 (Prop_LUT6_I0_O)        0.136     1.008 r  preproc_inst/sync_inst/counter_wallclk_inst/OverflowN0_carry_i_4/O
                         net (fo=1, unplaced)         0.021     1.029    preproc_inst/sync_inst/counter_wallclk_inst/OverflowN0_carry_i_4_n_0
                         CARRY8 (Prop_CARRY8_S[3]_CO[6])
                                                      0.232     1.261 r  preproc_inst/sync_inst/counter_wallclk_inst/OverflowN0_carry/CO[6]
                         net (fo=22, unplaced)        0.202     1.463    preproc_inst/sync_inst/counter_wallclk_inst/OverflowN0_carry_n_1
                         LUT5 (Prop_LUT5_I3_O)        0.058     1.521 r  preproc_inst/sync_inst/counter_wallclk_inst/Count[11]_i_1__0/O
                         net (fo=1, unplaced)         0.067     1.588    preproc_inst/sync_inst/counter_wallclk_inst/Count[11]_i_1__0_n_0
                         FDRE                                         r  preproc_inst/sync_inst/counter_wallclk_inst/Count_reg[11]/D
  -------------------------------------------------------------------    -------------------

                         (clock wall_clk rise edge)
                                                     13.333    13.333 r  
                                                      0.000    13.333 r  wall_clk (IN)
                         net (fo=31, unset)           0.029    13.362    preproc_inst/sync_inst/counter_wallclk_inst/wall_clk
                         FDRE                                         r  preproc_inst/sync_inst/counter_wallclk_inst/Count_reg[11]/C
                         clock pessimism              0.000    13.362    
                         clock uncertainty           -0.035    13.327    
                         FDRE (Setup_FDRE_C_D)        0.044    13.371    preproc_inst/sync_inst/counter_wallclk_inst/Count_reg[11]
  -------------------------------------------------------------------
                         required time                         13.371    
                         arrival time                          -1.588    
  -------------------------------------------------------------------
                         slack                                 11.783    





Pulse Width Checks
--------------------------------------------------------------------------------------
Clock Name:         wall_clk
Waveform(ns):       { 0.000 6.667 }
Period(ns):         13.333
Sources:            { wall_clk }

Check Type        Corner  Lib Pin  Reference Pin  Required(ns)  Actual(ns)  Slack(ns)  Location  Pin
Min Period        n/a     FDCE/C   n/a            0.550         13.333      12.783               preproc_inst/sync_inst/cnt_wall_clk_clr_cdc_inst/AckToggle_reg/C
Min Period        n/a     FDCE/C   n/a            0.550         13.333      12.783               preproc_inst/sync_inst/cnt_wall_clk_clr_cdc_inst/LastReq_reg/C
Min Period        n/a     FDCE/C   n/a            0.550         13.333      12.783               preproc_inst/sync_inst/cnt_wall_clk_clr_cdc_inst/QData_reg[0]/C
Min Period        n/a     FDCE/C   n/a            0.550         13.333      12.783               preproc_inst/sync_inst/cnt_wall_clk_clr_cdc_inst/ReqSync1_reg/C
Min Period        n/a     FDCE/C   n/a            0.550         13.333      12.783               preproc_inst/sync_inst/cnt_wall_clk_clr_cdc_inst/ReqSync2_reg/C
Low Pulse Width   Slow    FDCE/C   n/a            0.275         6.667       6.392                preproc_inst/sync_inst/cnt_wall_clk_clr_cdc_inst/AckToggle_reg/C
Low Pulse Width   Fast    FDCE/C   n/a            0.275         6.667       6.392                preproc_inst/sync_inst/cnt_wall_clk_clr_cdc_inst/AckToggle_reg/C
Low Pulse Width   Slow    FDCE/C   n/a            0.275         6.667       6.392                preproc_inst/sync_inst/cnt_wall_clk_clr_cdc_inst/LastReq_reg/C
Low Pulse Width   Fast    FDCE/C   n/a            0.275         6.667       6.392                preproc_inst/sync_inst/cnt_wall_clk_clr_cdc_inst/LastReq_reg/C
Low Pulse Width   Slow    FDCE/C   n/a            0.275         6.667       6.392                preproc_inst/sync_inst/cnt_wall_clk_clr_cdc_inst/QData_reg[0]/C
High Pulse Width  Slow    FDCE/C   n/a            0.275         6.667       6.392                preproc_inst/sync_inst/cnt_wall_clk_clr_cdc_inst/AckToggle_reg/C
High Pulse Width  Fast    FDCE/C   n/a            0.275         6.667       6.392                preproc_inst/sync_inst/cnt_wall_clk_clr_cdc_inst/AckToggle_reg/C
High Pulse Width  Slow    FDCE/C   n/a            0.275         6.667       6.392                preproc_inst/sync_inst/cnt_wall_clk_clr_cdc_inst/LastReq_reg/C
High Pulse Width  Fast    FDCE/C   n/a            0.275         6.667       6.392                preproc_inst/sync_inst/cnt_wall_clk_clr_cdc_inst/LastReq_reg/C
High Pulse Width  Slow    FDCE/C   n/a            0.275         6.667       6.392                preproc_inst/sync_inst/cnt_wall_clk_clr_cdc_inst/QData_reg[0]/C



---------------------------------------------------------------------------------------------------
From Clock:  wb_clk
  To Clock:  wb_clk

Setup :            0  Failing Endpoints,  Worst Slack       11.001ns,  Total Violation        0.000ns
Hold  :           NA  Failing Endpoints,  Worst Slack           NA  ,  Total Violation           NA
PW    :            0  Failing Endpoints,  Worst Slack        5.905ns,  Total Violation        0.000ns
---------------------------------------------------------------------------------------------------


Max Delay Paths
--------------------------------------------------------------------------------------
Slack (MET) :             11.001ns  (required time - arrival time)
  Source:                 ct_cs_cpuif_wb_inst/genRdlCsr.ct_cs_cpuif_inst/external_pending_reg/C
                            (rising edge-triggered cell FDRE clocked by wb_clk  {rise@0.000ns fall@6.667ns period=13.333ns})
  Destination:            ct_cs_cpuif_wb_inst/genRdlCsr.ct_cs_cpuif_inst/genblk1[7].field_storage_reg[te][trTeFilter][7][MatchChoiceEcauseHigh][Value][value][0]/CE
                            (rising edge-triggered cell FDRE clocked by wb_clk  {rise@0.000ns fall@6.667ns period=13.333ns})
  Path Group:             wb_clk
  Path Type:              Setup (Max at Slow Process Corner)
  Requirement:            13.333ns  (wb_clk rise@13.333ns - wb_clk rise@0.000ns)
  Data Path Delay:        2.206ns  (logic 0.564ns (25.567%)  route 1.642ns (74.433%))
  Logic Levels:           6  (LUT2=1 LUT3=2 LUT5=1 LUT6=2)
  Clock Path Skew:        -0.012ns (DCD - SCD + CPR)
    Destination Clock Delay (DCD):    0.029ns = ( 13.362 - 13.333 ) 
    Source Clock Delay      (SCD):    0.041ns
    Clock Pessimism Removal (CPR):    0.000ns
  Clock Uncertainty:      0.035ns  ((TSJ^2 + TIJ^2)^1/2 + DJ) / 2 + PE
    Total System Jitter     (TSJ):    0.071ns
    Total Input Jitter      (TIJ):    0.000ns
    Discrete Jitter          (DJ):    0.000ns
    Phase Error              (PE):    0.000ns

    Location             Delay type                Incr(ns)  Path(ns)    Netlist Resource(s)
  -------------------------------------------------------------------    -------------------
                         (clock wb_clk rise edge)     0.000     0.000 r  
                                                      0.000     0.000 r  wb_clk (IN)
                         net (fo=8433, unset)         0.041     0.041    ct_cs_cpuif_wb_inst/genRdlCsr.ct_cs_cpuif_inst/wb_clk
                         FDRE                                         r  ct_cs_cpuif_wb_inst/genRdlCsr.ct_cs_cpuif_inst/external_pending_reg/C
  -------------------------------------------------------------------    -------------------
                         FDRE (Prop_FDRE_C_Q)         0.114     0.155 f  ct_cs_cpuif_wb_inst/genRdlCsr.ct_cs_cpuif_inst/external_pending_reg/Q
                         net (fo=55, unplaced)        0.226     0.381    ct_cs_cpuif_wb_inst/genRdlCsr.ct_cs_cpuif_inst/external_pending_reg_n_0
                         LUT3 (Prop_LUT3_I2_O)        0.058     0.439 r  ct_cs_cpuif_wb_inst/genRdlCsr.ct_cs_cpuif_inst/wb\\.data_s2m[23]_INST_0_i_21/O
                         net (fo=44, unplaced)        0.278     0.717    ct_cs_cpuif_wb_inst/genRdlCsr.ct_cs_cpuif_inst/wb\\.data_s2m[23]_INST_0_i_21_n_0
                         LUT6 (Prop_LUT6_I3_O)        0.058     0.775 f  ct_cs_cpuif_wb_inst/genRdlCsr.ct_cs_cpuif_inst/genblk2[6].field_storage[te][trTeComp][6][SMatchHigh][Value][value][31]_i_4/O
                         net (fo=2, unplaced)         0.211     0.986    ct_cs_cpuif_wb_inst/genRdlCsr.ct_cs_cpuif_inst/genblk2[6].field_storage[te][trTeComp][6][SMatchHigh][Value][value][31]_i_4_n_0
                         LUT5 (Prop_LUT5_I1_O)        0.092     1.078 f  ct_cs_cpuif_wb_inst/genRdlCsr.ct_cs_cpuif_inst/genblk2[6].field_storage[te][trTeComp][6][SMatchHigh][Value][value][31]_i_3/O
                         net (fo=6, unplaced)         0.233     1.311    ct_cs_cpuif_wb_inst/genRdlCsr.ct_cs_cpuif_inst/genblk2[6].field_storage[te][trTeComp][6][SMatchHigh][Value][value][31]_i_3_n_0
                         LUT3 (Prop_LUT3_I2_O)        0.092     1.403 f  ct_cs_cpuif_wb_inst/genRdlCsr.ct_cs_cpuif_inst/genblk1[6].field_storage[te][trTeFilter][6][MatchChoiceData][Dtype][value][15]_i_3/O
                         net (fo=5, unplaced)         0.229     1.632    ct_cs_cpuif_wb_inst/genRdlCsr.ct_cs_cpuif_inst/genblk1[6].field_storage[te][trTeFilter][6][MatchChoiceData][Dtype][value][15]_i_3_n_0
                         LUT2 (Prop_LUT2_I0_O)        0.092     1.724 f  ct_cs_cpuif_wb_inst/genRdlCsr.ct_cs_cpuif_inst/genblk1[7].field_storage[te][trTeFilter][7][MatchChoiceData][Dtype][value][15]_i_3/O
                         net (fo=7, unplaced)         0.236     1.960    ct_cs_cpuif_wb_inst/genRdlCsr.ct_cs_cpuif_inst/genblk1[7].field_storage[te][trTeFilter][7][MatchChoiceData][Dtype][value][15]_i_3_n_0
                         LUT6 (Prop_LUT6_I3_O)        0.058     2.018 r  ct_cs_cpuif_wb_inst/genRdlCsr.ct_cs_cpuif_inst/genblk1[7].field_storage[te][trTeFilter][7][MatchChoiceEcauseHigh][Value][value][31]_i_1/O
                         net (fo=32, unplaced)        0.229     2.247    ct_cs_cpuif_wb_inst/genRdlCsr.ct_cs_cpuif_inst/field_combo[te][trTeFilter][7][MatchChoiceEcauseHigh][Value][load_next]
                         FDRE                                         r  ct_cs_cpuif_wb_inst/genRdlCsr.ct_cs_cpuif_inst/genblk1[7].field_storage_reg[te][trTeFilter][7][MatchChoiceEcauseHigh][Value][value][0]/CE
  -------------------------------------------------------------------    -------------------

                         (clock wb_clk rise edge)    13.333    13.333 r  
                                                      0.000    13.333 r  wb_clk (IN)
                         net (fo=8433, unset)         0.029    13.362    ct_cs_cpuif_wb_inst/genRdlCsr.ct_cs_cpuif_inst/wb_clk
                         FDRE                                         r  ct_cs_cpuif_wb_inst/genRdlCsr.ct_cs_cpuif_inst/genblk1[7].field_storage_reg[te][trTeFilter][7][MatchChoiceEcauseHigh][Value][value][0]/C
                         clock pessimism              0.000    13.362    
                         clock uncertainty           -0.035    13.327    
                         FDRE (Setup_FDRE_C_CE)      -0.079    13.248    ct_cs_cpuif_wb_inst/genRdlCsr.ct_cs_cpuif_inst/genblk1[7].field_storage_reg[te][trTeFilter][7][MatchChoiceEcauseHigh][Value][value][0]
  -------------------------------------------------------------------
                         required time                         13.248    
                         arrival time                          -2.247    
  -------------------------------------------------------------------
                         slack                                 11.001    

Slack (MET) :             11.001ns  (required time - arrival time)
  Source:                 ct_cs_cpuif_wb_inst/genRdlCsr.ct_cs_cpuif_inst/external_pending_reg/C
                            (rising edge-triggered cell FDRE clocked by wb_clk  {rise@0.000ns fall@6.667ns period=13.333ns})
  Destination:            ct_cs_cpuif_wb_inst/genRdlCsr.ct_cs_cpuif_inst/genblk1[7].field_storage_reg[te][trTeFilter][7][MatchChoiceEcauseHigh][Value][value][10]/CE
                            (rising edge-triggered cell FDRE clocked by wb_clk  {rise@0.000ns fall@6.667ns period=13.333ns})
  Path Group:             wb_clk
  Path Type:              Setup (Max at Slow Process Corner)
  Requirement:            13.333ns  (wb_clk rise@13.333ns - wb_clk rise@0.000ns)
  Data Path Delay:        2.206ns  (logic 0.564ns (25.567%)  route 1.642ns (74.433%))
  Logic Levels:           6  (LUT2=1 LUT3=2 LUT5=1 LUT6=2)
  Clock Path Skew:        -0.012ns (DCD - SCD + CPR)
    Destination Clock Delay (DCD):    0.029ns = ( 13.362 - 13.333 ) 
    Source Clock Delay      (SCD):    0.041ns
    Clock Pessimism Removal (CPR):    0.000ns
  Clock Uncertainty:      0.035ns  ((TSJ^2 + TIJ^2)^1/2 + DJ) / 2 + PE
    Total System Jitter     (TSJ):    0.071ns
    Total Input Jitter      (TIJ):    0.000ns
    Discrete Jitter          (DJ):    0.000ns
    Phase Error              (PE):    0.000ns

    Location             Delay type                Incr(ns)  Path(ns)    Netlist Resource(s)
  -------------------------------------------------------------------    -------------------
                         (clock wb_clk rise edge)     0.000     0.000 r  
                                                      0.000     0.000 r  wb_clk (IN)
                         net (fo=8433, unset)         0.041     0.041    ct_cs_cpuif_wb_inst/genRdlCsr.ct_cs_cpuif_inst/wb_clk
                         FDRE                                         r  ct_cs_cpuif_wb_inst/genRdlCsr.ct_cs_cpuif_inst/external_pending_reg/C
  -------------------------------------------------------------------    -------------------
                         FDRE (Prop_FDRE_C_Q)         0.114     0.155 f  ct_cs_cpuif_wb_inst/genRdlCsr.ct_cs_cpuif_inst/external_pending_reg/Q
                         net (fo=55, unplaced)        0.226     0.381    ct_cs_cpuif_wb_inst/genRdlCsr.ct_cs_cpuif_inst/external_pending_reg_n_0
                         LUT3 (Prop_LUT3_I2_O)        0.058     0.439 r  ct_cs_cpuif_wb_inst/genRdlCsr.ct_cs_cpuif_inst/wb\\.data_s2m[23]_INST_0_i_21/O
                         net (fo=44, unplaced)        0.278     0.717    ct_cs_cpuif_wb_inst/genRdlCsr.ct_cs_cpuif_inst/wb\\.data_s2m[23]_INST_0_i_21_n_0
                         LUT6 (Prop_LUT6_I3_O)        0.058     0.775 f  ct_cs_cpuif_wb_inst/genRdlCsr.ct_cs_cpuif_inst/genblk2[6].field_storage[te][trTeComp][6][SMatchHigh][Value][value][31]_i_4/O
                         net (fo=2, unplaced)         0.211     0.986    ct_cs_cpuif_wb_inst/genRdlCsr.ct_cs_cpuif_inst/genblk2[6].field_storage[te][trTeComp][6][SMatchHigh][Value][value][31]_i_4_n_0
                         LUT5 (Prop_LUT5_I1_O)        0.092     1.078 f  ct_cs_cpuif_wb_inst/genRdlCsr.ct_cs_cpuif_inst/genblk2[6].field_storage[te][trTeComp][6][SMatchHigh][Value][value][31]_i_3/O
                         net (fo=6, unplaced)         0.233     1.311    ct_cs_cpuif_wb_inst/genRdlCsr.ct_cs_cpuif_inst/genblk2[6].field_storage[te][trTeComp][6][SMatchHigh][Value][value][31]_i_3_n_0
                         LUT3 (Prop_LUT3_I2_O)        0.092     1.403 f  ct_cs_cpuif_wb_inst/genRdlCsr.ct_cs_cpuif_inst/genblk1[6].field_storage[te][trTeFilter][6][MatchChoiceData][Dtype][value][15]_i_3/O
                         net (fo=5, unplaced)         0.229     1.632    ct_cs_cpuif_wb_inst/genRdlCsr.ct_cs_cpuif_inst/genblk1[6].field_storage[te][trTeFilter][6][MatchChoiceData][Dtype][value][15]_i_3_n_0
                         LUT2 (Prop_LUT2_I0_O)        0.092     1.724 f  ct_cs_cpuif_wb_inst/genRdlCsr.ct_cs_cpuif_inst/genblk1[7].field_storage[te][trTeFilter][7][MatchChoiceData][Dtype][value][15]_i_3/O
                         net (fo=7, unplaced)         0.236     1.960    ct_cs_cpuif_wb_inst/genRdlCsr.ct_cs_cpuif_inst/genblk1[7].field_storage[te][trTeFilter][7][MatchChoiceData][Dtype][value][15]_i_3_n_0
                         LUT6 (Prop_LUT6_I3_O)        0.058     2.018 r  ct_cs_cpuif_wb_inst/genRdlCsr.ct_cs_cpuif_inst/genblk1[7].field_storage[te][trTeFilter][7][MatchChoiceEcauseHigh][Value][value][31]_i_1/O
                         net (fo=32, unplaced)        0.229     2.247    ct_cs_cpuif_wb_inst/genRdlCsr.ct_cs_cpuif_inst/field_combo[te][trTeFilter][7][MatchChoiceEcauseHigh][Value][load_next]
                         FDRE                                         r  ct_cs_cpuif_wb_inst/genRdlCsr.ct_cs_cpuif_inst/genblk1[7].field_storage_reg[te][trTeFilter][7][MatchChoiceEcauseHigh][Value][value][10]/CE
  -------------------------------------------------------------------    -------------------

                         (clock wb_clk rise edge)    13.333    13.333 r  
                                                      0.000    13.333 r  wb_clk (IN)
                         net (fo=8433, unset)         0.029    13.362    ct_cs_cpuif_wb_inst/genRdlCsr.ct_cs_cpuif_inst/wb_clk
                         FDRE                                         r  ct_cs_cpuif_wb_inst/genRdlCsr.ct_cs_cpuif_inst/genblk1[7].field_storage_reg[te][trTeFilter][7][MatchChoiceEcauseHigh][Value][value][10]/C
                         clock pessimism              0.000    13.362    
                         clock uncertainty           -0.035    13.327    
                         FDRE (Setup_FDRE_C_CE)      -0.079    13.248    ct_cs_cpuif_wb_inst/genRdlCsr.ct_cs_cpuif_inst/genblk1[7].field_storage_reg[te][trTeFilter][7][MatchChoiceEcauseHigh][Value][value][10]
  -------------------------------------------------------------------
                         required time                         13.248    
                         arrival time                          -2.247    
  -------------------------------------------------------------------
                         slack                                 11.001    

Slack (MET) :             11.001ns  (required time - arrival time)
  Source:                 ct_cs_cpuif_wb_inst/genRdlCsr.ct_cs_cpuif_inst/external_pending_reg/C
                            (rising edge-triggered cell FDRE clocked by wb_clk  {rise@0.000ns fall@6.667ns period=13.333ns})
  Destination:            ct_cs_cpuif_wb_inst/genRdlCsr.ct_cs_cpuif_inst/genblk1[7].field_storage_reg[te][trTeFilter][7][MatchChoiceEcauseHigh][Value][value][11]/CE
                            (rising edge-triggered cell FDRE clocked by wb_clk  {rise@0.000ns fall@6.667ns period=13.333ns})
  Path Group:             wb_clk
  Path Type:              Setup (Max at Slow Process Corner)
  Requirement:            13.333ns  (wb_clk rise@13.333ns - wb_clk rise@0.000ns)
  Data Path Delay:        2.206ns  (logic 0.564ns (25.567%)  route 1.642ns (74.433%))
  Logic Levels:           6  (LUT2=1 LUT3=2 LUT5=1 LUT6=2)
  Clock Path Skew:        -0.012ns (DCD - SCD + CPR)
    Destination Clock Delay (DCD):    0.029ns = ( 13.362 - 13.333 ) 
    Source Clock Delay      (SCD):    0.041ns
    Clock Pessimism Removal (CPR):    0.000ns
  Clock Uncertainty:      0.035ns  ((TSJ^2 + TIJ^2)^1/2 + DJ) / 2 + PE
    Total System Jitter     (TSJ):    0.071ns
    Total Input Jitter      (TIJ):    0.000ns
    Discrete Jitter          (DJ):    0.000ns
    Phase Error              (PE):    0.000ns

    Location             Delay type                Incr(ns)  Path(ns)    Netlist Resource(s)
  -------------------------------------------------------------------    -------------------
                         (clock wb_clk rise edge)     0.000     0.000 r  
                                                      0.000     0.000 r  wb_clk (IN)
                         net (fo=8433, unset)         0.041     0.041    ct_cs_cpuif_wb_inst/genRdlCsr.ct_cs_cpuif_inst/wb_clk
                         FDRE                                         r  ct_cs_cpuif_wb_inst/genRdlCsr.ct_cs_cpuif_inst/external_pending_reg/C
  -------------------------------------------------------------------    -------------------
                         FDRE (Prop_FDRE_C_Q)         0.114     0.155 f  ct_cs_cpuif_wb_inst/genRdlCsr.ct_cs_cpuif_inst/external_pending_reg/Q
                         net (fo=55, unplaced)        0.226     0.381    ct_cs_cpuif_wb_inst/genRdlCsr.ct_cs_cpuif_inst/external_pending_reg_n_0
                         LUT3 (Prop_LUT3_I2_O)        0.058     0.439 r  ct_cs_cpuif_wb_inst/genRdlCsr.ct_cs_cpuif_inst/wb\\.data_s2m[23]_INST_0_i_21/O
                         net (fo=44, unplaced)        0.278     0.717    ct_cs_cpuif_wb_inst/genRdlCsr.ct_cs_cpuif_inst/wb\\.data_s2m[23]_INST_0_i_21_n_0
                         LUT6 (Prop_LUT6_I3_O)        0.058     0.775 f  ct_cs_cpuif_wb_inst/genRdlCsr.ct_cs_cpuif_inst/genblk2[6].field_storage[te][trTeComp][6][SMatchHigh][Value][value][31]_i_4/O
                         net (fo=2, unplaced)         0.211     0.986    ct_cs_cpuif_wb_inst/genRdlCsr.ct_cs_cpuif_inst/genblk2[6].field_storage[te][trTeComp][6][SMatchHigh][Value][value][31]_i_4_n_0
                         LUT5 (Prop_LUT5_I1_O)        0.092     1.078 f  ct_cs_cpuif_wb_inst/genRdlCsr.ct_cs_cpuif_inst/genblk2[6].field_storage[te][trTeComp][6][SMatchHigh][Value][value][31]_i_3/O
                         net (fo=6, unplaced)         0.233     1.311    ct_cs_cpuif_wb_inst/genRdlCsr.ct_cs_cpuif_inst/genblk2[6].field_storage[te][trTeComp][6][SMatchHigh][Value][value][31]_i_3_n_0
                         LUT3 (Prop_LUT3_I2_O)        0.092     1.403 f  ct_cs_cpuif_wb_inst/genRdlCsr.ct_cs_cpuif_inst/genblk1[6].field_storage[te][trTeFilter][6][MatchChoiceData][Dtype][value][15]_i_3/O
                         net (fo=5, unplaced)         0.229     1.632    ct_cs_cpuif_wb_inst/genRdlCsr.ct_cs_cpuif_inst/genblk1[6].field_storage[te][trTeFilter][6][MatchChoiceData][Dtype][value][15]_i_3_n_0
                         LUT2 (Prop_LUT2_I0_O)        0.092     1.724 f  ct_cs_cpuif_wb_inst/genRdlCsr.ct_cs_cpuif_inst/genblk1[7].field_storage[te][trTeFilter][7][MatchChoiceData][Dtype][value][15]_i_3/O
                         net (fo=7, unplaced)         0.236     1.960    ct_cs_cpuif_wb_inst/genRdlCsr.ct_cs_cpuif_inst/genblk1[7].field_storage[te][trTeFilter][7][MatchChoiceData][Dtype][value][15]_i_3_n_0
                         LUT6 (Prop_LUT6_I3_O)        0.058     2.018 r  ct_cs_cpuif_wb_inst/genRdlCsr.ct_cs_cpuif_inst/genblk1[7].field_storage[te][trTeFilter][7][MatchChoiceEcauseHigh][Value][value][31]_i_1/O
                         net (fo=32, unplaced)        0.229     2.247    ct_cs_cpuif_wb_inst/genRdlCsr.ct_cs_cpuif_inst/field_combo[te][trTeFilter][7][MatchChoiceEcauseHigh][Value][load_next]
                         FDRE                                         r  ct_cs_cpuif_wb_inst/genRdlCsr.ct_cs_cpuif_inst/genblk1[7].field_storage_reg[te][trTeFilter][7][MatchChoiceEcauseHigh][Value][value][11]/CE
  -------------------------------------------------------------------    -------------------

                         (clock wb_clk rise edge)    13.333    13.333 r  
                                                      0.000    13.333 r  wb_clk (IN)
                         net (fo=8433, unset)         0.029    13.362    ct_cs_cpuif_wb_inst/genRdlCsr.ct_cs_cpuif_inst/wb_clk
                         FDRE                                         r  ct_cs_cpuif_wb_inst/genRdlCsr.ct_cs_cpuif_inst/genblk1[7].field_storage_reg[te][trTeFilter][7][MatchChoiceEcauseHigh][Value][value][11]/C
                         clock pessimism              0.000    13.362    
                         clock uncertainty           -0.035    13.327    
                         FDRE (Setup_FDRE_C_CE)      -0.079    13.248    ct_cs_cpuif_wb_inst/genRdlCsr.ct_cs_cpuif_inst/genblk1[7].field_storage_reg[te][trTeFilter][7][MatchChoiceEcauseHigh][Value][value][11]
  -------------------------------------------------------------------
                         required time                         13.248    
                         arrival time                          -2.247    
  -------------------------------------------------------------------
                         slack                                 11.001    

Slack (MET) :             11.001ns  (required time - arrival time)
  Source:                 ct_cs_cpuif_wb_inst/genRdlCsr.ct_cs_cpuif_inst/external_pending_reg/C
                            (rising edge-triggered cell FDRE clocked by wb_clk  {rise@0.000ns fall@6.667ns period=13.333ns})
  Destination:            ct_cs_cpuif_wb_inst/genRdlCsr.ct_cs_cpuif_inst/genblk1[7].field_storage_reg[te][trTeFilter][7][MatchChoiceEcauseHigh][Value][value][12]/CE
                            (rising edge-triggered cell FDRE clocked by wb_clk  {rise@0.000ns fall@6.667ns period=13.333ns})
  Path Group:             wb_clk
  Path Type:              Setup (Max at Slow Process Corner)
  Requirement:            13.333ns  (wb_clk rise@13.333ns - wb_clk rise@0.000ns)
  Data Path Delay:        2.206ns  (logic 0.564ns (25.567%)  route 1.642ns (74.433%))
  Logic Levels:           6  (LUT2=1 LUT3=2 LUT5=1 LUT6=2)
  Clock Path Skew:        -0.012ns (DCD - SCD + CPR)
    Destination Clock Delay (DCD):    0.029ns = ( 13.362 - 13.333 ) 
    Source Clock Delay      (SCD):    0.041ns
    Clock Pessimism Removal (CPR):    0.000ns
  Clock Uncertainty:      0.035ns  ((TSJ^2 + TIJ^2)^1/2 + DJ) / 2 + PE
    Total System Jitter     (TSJ):    0.071ns
    Total Input Jitter      (TIJ):    0.000ns
    Discrete Jitter          (DJ):    0.000ns
    Phase Error              (PE):    0.000ns

    Location             Delay type                Incr(ns)  Path(ns)    Netlist Resource(s)
  -------------------------------------------------------------------    -------------------
                         (clock wb_clk rise edge)     0.000     0.000 r  
                                                      0.000     0.000 r  wb_clk (IN)
                         net (fo=8433, unset)         0.041     0.041    ct_cs_cpuif_wb_inst/genRdlCsr.ct_cs_cpuif_inst/wb_clk
                         FDRE                                         r  ct_cs_cpuif_wb_inst/genRdlCsr.ct_cs_cpuif_inst/external_pending_reg/C
  -------------------------------------------------------------------    -------------------
                         FDRE (Prop_FDRE_C_Q)         0.114     0.155 f  ct_cs_cpuif_wb_inst/genRdlCsr.ct_cs_cpuif_inst/external_pending_reg/Q
                         net (fo=55, unplaced)        0.226     0.381    ct_cs_cpuif_wb_inst/genRdlCsr.ct_cs_cpuif_inst/external_pending_reg_n_0
                         LUT3 (Prop_LUT3_I2_O)        0.058     0.439 r  ct_cs_cpuif_wb_inst/genRdlCsr.ct_cs_cpuif_inst/wb\\.data_s2m[23]_INST_0_i_21/O
                         net (fo=44, unplaced)        0.278     0.717    ct_cs_cpuif_wb_inst/genRdlCsr.ct_cs_cpuif_inst/wb\\.data_s2m[23]_INST_0_i_21_n_0
                         LUT6 (Prop_LUT6_I3_O)        0.058     0.775 f  ct_cs_cpuif_wb_inst/genRdlCsr.ct_cs_cpuif_inst/genblk2[6].field_storage[te][trTeComp][6][SMatchHigh][Value][value][31]_i_4/O
                         net (fo=2, unplaced)         0.211     0.986    ct_cs_cpuif_wb_inst/genRdlCsr.ct_cs_cpuif_inst/genblk2[6].field_storage[te][trTeComp][6][SMatchHigh][Value][value][31]_i_4_n_0
                         LUT5 (Prop_LUT5_I1_O)        0.092     1.078 f  ct_cs_cpuif_wb_inst/genRdlCsr.ct_cs_cpuif_inst/genblk2[6].field_storage[te][trTeComp][6][SMatchHigh][Value][value][31]_i_3/O
                         net (fo=6, unplaced)         0.233     1.311    ct_cs_cpuif_wb_inst/genRdlCsr.ct_cs_cpuif_inst/genblk2[6].field_storage[te][trTeComp][6][SMatchHigh][Value][value][31]_i_3_n_0
                         LUT3 (Prop_LUT3_I2_O)        0.092     1.403 f  ct_cs_cpuif_wb_inst/genRdlCsr.ct_cs_cpuif_inst/genblk1[6].field_storage[te][trTeFilter][6][MatchChoiceData][Dtype][value][15]_i_3/O
                         net (fo=5, unplaced)         0.229     1.632    ct_cs_cpuif_wb_inst/genRdlCsr.ct_cs_cpuif_inst/genblk1[6].field_storage[te][trTeFilter][6][MatchChoiceData][Dtype][value][15]_i_3_n_0
                         LUT2 (Prop_LUT2_I0_O)        0.092     1.724 f  ct_cs_cpuif_wb_inst/genRdlCsr.ct_cs_cpuif_inst/genblk1[7].field_storage[te][trTeFilter][7][MatchChoiceData][Dtype][value][15]_i_3/O
                         net (fo=7, unplaced)         0.236     1.960    ct_cs_cpuif_wb_inst/genRdlCsr.ct_cs_cpuif_inst/genblk1[7].field_storage[te][trTeFilter][7][MatchChoiceData][Dtype][value][15]_i_3_n_0
                         LUT6 (Prop_LUT6_I3_O)        0.058     2.018 r  ct_cs_cpuif_wb_inst/genRdlCsr.ct_cs_cpuif_inst/genblk1[7].field_storage[te][trTeFilter][7][MatchChoiceEcauseHigh][Value][value][31]_i_1/O
                         net (fo=32, unplaced)        0.229     2.247    ct_cs_cpuif_wb_inst/genRdlCsr.ct_cs_cpuif_inst/field_combo[te][trTeFilter][7][MatchChoiceEcauseHigh][Value][load_next]
                         FDRE                                         r  ct_cs_cpuif_wb_inst/genRdlCsr.ct_cs_cpuif_inst/genblk1[7].field_storage_reg[te][trTeFilter][7][MatchChoiceEcauseHigh][Value][value][12]/CE
  -------------------------------------------------------------------    -------------------

                         (clock wb_clk rise edge)    13.333    13.333 r  
                                                      0.000    13.333 r  wb_clk (IN)
                         net (fo=8433, unset)         0.029    13.362    ct_cs_cpuif_wb_inst/genRdlCsr.ct_cs_cpuif_inst/wb_clk
                         FDRE                                         r  ct_cs_cpuif_wb_inst/genRdlCsr.ct_cs_cpuif_inst/genblk1[7].field_storage_reg[te][trTeFilter][7][MatchChoiceEcauseHigh][Value][value][12]/C
                         clock pessimism              0.000    13.362    
                         clock uncertainty           -0.035    13.327    
                         FDRE (Setup_FDRE_C_CE)      -0.079    13.248    ct_cs_cpuif_wb_inst/genRdlCsr.ct_cs_cpuif_inst/genblk1[7].field_storage_reg[te][trTeFilter][7][MatchChoiceEcauseHigh][Value][value][12]
  -------------------------------------------------------------------
                         required time                         13.248    
                         arrival time                          -2.247    
  -------------------------------------------------------------------
                         slack                                 11.001    

Slack (MET) :             11.001ns  (required time - arrival time)
  Source:                 ct_cs_cpuif_wb_inst/genRdlCsr.ct_cs_cpuif_inst/external_pending_reg/C
                            (rising edge-triggered cell FDRE clocked by wb_clk  {rise@0.000ns fall@6.667ns period=13.333ns})
  Destination:            ct_cs_cpuif_wb_inst/genRdlCsr.ct_cs_cpuif_inst/genblk1[7].field_storage_reg[te][trTeFilter][7][MatchChoiceEcauseHigh][Value][value][13]/CE
                            (rising edge-triggered cell FDRE clocked by wb_clk  {rise@0.000ns fall@6.667ns period=13.333ns})
  Path Group:             wb_clk
  Path Type:              Setup (Max at Slow Process Corner)
  Requirement:            13.333ns  (wb_clk rise@13.333ns - wb_clk rise@0.000ns)
  Data Path Delay:        2.206ns  (logic 0.564ns (25.567%)  route 1.642ns (74.433%))
  Logic Levels:           6  (LUT2=1 LUT3=2 LUT5=1 LUT6=2)
  Clock Path Skew:        -0.012ns (DCD - SCD + CPR)
    Destination Clock Delay (DCD):    0.029ns = ( 13.362 - 13.333 ) 
    Source Clock Delay      (SCD):    0.041ns
    Clock Pessimism Removal (CPR):    0.000ns
  Clock Uncertainty:      0.035ns  ((TSJ^2 + TIJ^2)^1/2 + DJ) / 2 + PE
    Total System Jitter     (TSJ):    0.071ns
    Total Input Jitter      (TIJ):    0.000ns
    Discrete Jitter          (DJ):    0.000ns
    Phase Error              (PE):    0.000ns

    Location             Delay type                Incr(ns)  Path(ns)    Netlist Resource(s)
  -------------------------------------------------------------------    -------------------
                         (clock wb_clk rise edge)     0.000     0.000 r  
                                                      0.000     0.000 r  wb_clk (IN)
                         net (fo=8433, unset)         0.041     0.041    ct_cs_cpuif_wb_inst/genRdlCsr.ct_cs_cpuif_inst/wb_clk
                         FDRE                                         r  ct_cs_cpuif_wb_inst/genRdlCsr.ct_cs_cpuif_inst/external_pending_reg/C
  -------------------------------------------------------------------    -------------------
                         FDRE (Prop_FDRE_C_Q)         0.114     0.155 f  ct_cs_cpuif_wb_inst/genRdlCsr.ct_cs_cpuif_inst/external_pending_reg/Q
                         net (fo=55, unplaced)        0.226     0.381    ct_cs_cpuif_wb_inst/genRdlCsr.ct_cs_cpuif_inst/external_pending_reg_n_0
                         LUT3 (Prop_LUT3_I2_O)        0.058     0.439 r  ct_cs_cpuif_wb_inst/genRdlCsr.ct_cs_cpuif_inst/wb\\.data_s2m[23]_INST_0_i_21/O
                         net (fo=44, unplaced)        0.278     0.717    ct_cs_cpuif_wb_inst/genRdlCsr.ct_cs_cpuif_inst/wb\\.data_s2m[23]_INST_0_i_21_n_0
                         LUT6 (Prop_LUT6_I3_O)        0.058     0.775 f  ct_cs_cpuif_wb_inst/genRdlCsr.ct_cs_cpuif_inst/genblk2[6].field_storage[te][trTeComp][6][SMatchHigh][Value][value][31]_i_4/O
                         net (fo=2, unplaced)         0.211     0.986    ct_cs_cpuif_wb_inst/genRdlCsr.ct_cs_cpuif_inst/genblk2[6].field_storage[te][trTeComp][6][SMatchHigh][Value][value][31]_i_4_n_0
                         LUT5 (Prop_LUT5_I1_O)        0.092     1.078 f  ct_cs_cpuif_wb_inst/genRdlCsr.ct_cs_cpuif_inst/genblk2[6].field_storage[te][trTeComp][6][SMatchHigh][Value][value][31]_i_3/O
                         net (fo=6, unplaced)         0.233     1.311    ct_cs_cpuif_wb_inst/genRdlCsr.ct_cs_cpuif_inst/genblk2[6].field_storage[te][trTeComp][6][SMatchHigh][Value][value][31]_i_3_n_0
                         LUT3 (Prop_LUT3_I2_O)        0.092     1.403 f  ct_cs_cpuif_wb_inst/genRdlCsr.ct_cs_cpuif_inst/genblk1[6].field_storage[te][trTeFilter][6][MatchChoiceData][Dtype][value][15]_i_3/O
                         net (fo=5, unplaced)         0.229     1.632    ct_cs_cpuif_wb_inst/genRdlCsr.ct_cs_cpuif_inst/genblk1[6].field_storage[te][trTeFilter][6][MatchChoiceData][Dtype][value][15]_i_3_n_0
                         LUT2 (Prop_LUT2_I0_O)        0.092     1.724 f  ct_cs_cpuif_wb_inst/genRdlCsr.ct_cs_cpuif_inst/genblk1[7].field_storage[te][trTeFilter][7][MatchChoiceData][Dtype][value][15]_i_3/O
                         net (fo=7, unplaced)         0.236     1.960    ct_cs_cpuif_wb_inst/genRdlCsr.ct_cs_cpuif_inst/genblk1[7].field_storage[te][trTeFilter][7][MatchChoiceData][Dtype][value][15]_i_3_n_0
                         LUT6 (Prop_LUT6_I3_O)        0.058     2.018 r  ct_cs_cpuif_wb_inst/genRdlCsr.ct_cs_cpuif_inst/genblk1[7].field_storage[te][trTeFilter][7][MatchChoiceEcauseHigh][Value][value][31]_i_1/O
                         net (fo=32, unplaced)        0.229     2.247    ct_cs_cpuif_wb_inst/genRdlCsr.ct_cs_cpuif_inst/field_combo[te][trTeFilter][7][MatchChoiceEcauseHigh][Value][load_next]
                         FDRE                                         r  ct_cs_cpuif_wb_inst/genRdlCsr.ct_cs_cpuif_inst/genblk1[7].field_storage_reg[te][trTeFilter][7][MatchChoiceEcauseHigh][Value][value][13]/CE
  -------------------------------------------------------------------    -------------------

                         (clock wb_clk rise edge)    13.333    13.333 r  
                                                      0.000    13.333 r  wb_clk (IN)
                         net (fo=8433, unset)         0.029    13.362    ct_cs_cpuif_wb_inst/genRdlCsr.ct_cs_cpuif_inst/wb_clk
                         FDRE                                         r  ct_cs_cpuif_wb_inst/genRdlCsr.ct_cs_cpuif_inst/genblk1[7].field_storage_reg[te][trTeFilter][7][MatchChoiceEcauseHigh][Value][value][13]/C
                         clock pessimism              0.000    13.362    
                         clock uncertainty           -0.035    13.327    
                         FDRE (Setup_FDRE_C_CE)      -0.079    13.248    ct_cs_cpuif_wb_inst/genRdlCsr.ct_cs_cpuif_inst/genblk1[7].field_storage_reg[te][trTeFilter][7][MatchChoiceEcauseHigh][Value][value][13]
  -------------------------------------------------------------------
                         required time                         13.248    
                         arrival time                          -2.247    
  -------------------------------------------------------------------
                         slack                                 11.001    





Pulse Width Checks
--------------------------------------------------------------------------------------
Clock Name:         wb_clk
Waveform(ns):       { 0.000 6.667 }
Period(ns):         13.333
Sources:            { wb_clk }

Check Type        Corner  Lib Pin     Reference Pin  Required(ns)  Actual(ns)  Slack(ns)  Location  Pin
Min Period        n/a     RAMD32/CLK  n/a            1.524         13.333      11.809               preproc_inst/genAct.act_st_inst/vector_binary_search_inst/STAGE[0].ram/mem_reg_0_1_0_13/RAMA/CLK
Min Period        n/a     RAMD32/CLK  n/a            1.524         13.333      11.809               preproc_inst/genAct.act_st_inst/vector_binary_search_inst/STAGE[0].ram/mem_reg_0_1_0_13/RAMA_D1/CLK
Min Period        n/a     RAMD32/CLK  n/a            1.524         13.333      11.809               preproc_inst/genAct.act_st_inst/vector_binary_search_inst/STAGE[0].ram/mem_reg_0_1_0_13/RAMB/CLK
Min Period        n/a     RAMD32/CLK  n/a            1.524         13.333      11.809               preproc_inst/genAct.act_st_inst/vector_binary_search_inst/STAGE[0].ram/mem_reg_0_1_0_13/RAMB_D1/CLK
Min Period        n/a     RAMD32/CLK  n/a            1.524         13.333      11.809               preproc_inst/genAct.act_st_inst/vector_binary_search_inst/STAGE[0].ram/mem_reg_0_1_0_13/RAMC/CLK
Low Pulse Width   Slow    RAMD32/CLK  n/a            0.762         6.667       5.905                preproc_inst/genAct.act_st_inst/vector_binary_search_inst/STAGE[0].ram/mem_reg_0_1_0_13/RAMA/CLK
Low Pulse Width   Fast    RAMD32/CLK  n/a            0.762         6.667       5.905                preproc_inst/genAct.act_st_inst/vector_binary_search_inst/STAGE[0].ram/mem_reg_0_1_0_13/RAMA/CLK
Low Pulse Width   Slow    RAMD32/CLK  n/a            0.762         6.667       5.905                preproc_inst/genAct.act_st_inst/vector_binary_search_inst/STAGE[0].ram/mem_reg_0_1_0_13/RAMA_D1/CLK
Low Pulse Width   Fast    RAMD32/CLK  n/a            0.762         6.667       5.905                preproc_inst/genAct.act_st_inst/vector_binary_search_inst/STAGE[0].ram/mem_reg_0_1_0_13/RAMA_D1/CLK
Low Pulse Width   Slow    RAMD32/CLK  n/a            0.762         6.667       5.905                preproc_inst/genAct.act_st_inst/vector_binary_search_inst/STAGE[0].ram/mem_reg_0_1_0_13/RAMB/CLK
High Pulse Width  Slow    RAMD32/CLK  n/a            0.762         6.667       5.905                preproc_inst/genAct.act_st_inst/vector_binary_search_inst/STAGE[0].ram/mem_reg_0_1_0_13/RAMA/CLK
High Pulse Width  Fast    RAMD32/CLK  n/a            0.762         6.667       5.905                preproc_inst/genAct.act_st_inst/vector_binary_search_inst/STAGE[0].ram/mem_reg_0_1_0_13/RAMA/CLK
High Pulse Width  Slow    RAMD32/CLK  n/a            0.762         6.667       5.905                preproc_inst/genAct.act_st_inst/vector_binary_search_inst/STAGE[0].ram/mem_reg_0_1_0_13/RAMA_D1/CLK
High Pulse Width  Fast    RAMD32/CLK  n/a            0.762         6.667       5.905                preproc_inst/genAct.act_st_inst/vector_binary_search_inst/STAGE[0].ram/mem_reg_0_1_0_13/RAMA_D1/CLK
High Pulse Width  Slow    RAMD32/CLK  n/a            0.762         6.667       5.905                preproc_inst/genAct.act_st_inst/vector_binary_search_inst/STAGE[0].ram/mem_reg_0_1_0_13/RAMB/CLK



