
D:/shared/engineering/C-Trace/examples/kv260/tgc5b2_axis_wp/sw/axis_wp_demo.elf:     file format elf32-littleriscv


Disassembly of section .text:

00000000 <_start>:
       0:	0000f137          	lui	sp,0xf
       4:	00005297          	auipc	t0,0x5
       8:	64428293          	addi	t0,t0,1604 # 5648 <g_tick>
       c:	00005317          	auipc	t1,0x5
      10:	64430313          	addi	t1,t1,1604 # 5650 <__bss_end>
      14:	0062f863          	bgeu	t0,t1,24 <_start+0x24>
      18:	0002a023          	sw	zero,0(t0)
      1c:	00428293          	addi	t0,t0,4
      20:	ff5ff06f          	j	14 <_start+0x14>
      24:	08c000ef          	jal	ra,b0 <main>

00000028 <halt>:
      28:	0000006f          	j	28 <halt>

0000002c <trap_handler>:
      2c:	ff010113          	addi	sp,sp,-16 # eff0 <__bss_end+0x99a0>
      30:	00c12623          	sw	a2,12(sp)
      34:	00d12423          	sw	a3,8(sp)
      38:	00e12223          	sw	a4,4(sp)
      3c:	00f12023          	sw	a5,0(sp)
      40:	34202773          	csrr	a4,mcause
      44:	800007b7          	lui	a5,0x80000
      48:	00778793          	addi	a5,a5,7 # 80000007 <__bss_end+0x7fffa9b7>
      4c:	00f70e63          	beq	a4,a5,68 <trap_handler+0x3c>
      50:	00c12603          	lw	a2,12(sp)
      54:	00812683          	lw	a3,8(sp)
      58:	00412703          	lw	a4,4(sp)
      5c:	00012783          	lw	a5,0(sp)
      60:	01010113          	addi	sp,sp,16
      64:	30200073          	mret
      68:	100007b7          	lui	a5,0x10000
      6c:	0107a683          	lw	a3,16(a5) # 10000010 <__bss_end+0xfffa9c0>
      70:	00c7a603          	lw	a2,12(a5)
      74:	0107a703          	lw	a4,16(a5)
      78:	fee69ae3          	bne	a3,a4,6c <trap_handler+0x40>
      7c:	7d060693          	addi	a3,a2,2000
      80:	00c6b633          	sltu	a2,a3,a2
      84:	00e60733          	add	a4,a2,a4
      88:	100007b7          	lui	a5,0x10000
      8c:	fff00613          	li	a2,-1
      90:	00c7a423          	sw	a2,8(a5) # 10000008 <__bss_end+0xfffa9b8>
      94:	00d7a223          	sw	a3,4(a5)
      98:	00e7a423          	sw	a4,8(a5)
      9c:	00005737          	lui	a4,0x5
      a0:	64872783          	lw	a5,1608(a4) # 5648 <g_tick>
      a4:	00178793          	addi	a5,a5,1
      a8:	64f72423          	sw	a5,1608(a4)
      ac:	fa5ff06f          	j	50 <trap_handler+0x24>

000000b0 <main>:
      b0:	fe010113          	addi	sp,sp,-32
      b4:	00112e23          	sw	ra,28(sp)
      b8:	00812c23          	sw	s0,24(sp)
      bc:	00912a23          	sw	s1,20(sp)
      c0:	01212823          	sw	s2,16(sp)
      c4:	01312623          	sw	s3,12(sp)
      c8:	01412423          	sw	s4,8(sp)
      cc:	01512223          	sw	s5,4(sp)
      d0:	01612023          	sw	s6,0(sp)
      d4:	02c00793          	li	a5,44
      d8:	30579073          	csrw	mtvec,a5
      dc:	08000793          	li	a5,128
      e0:	3047a073          	csrs	mie,a5
      e4:	00800793          	li	a5,8
      e8:	3007a073          	csrs	mstatus,a5
      ec:	100007b7          	lui	a5,0x10000
      f0:	0107a683          	lw	a3,16(a5) # 10000010 <__bss_end+0xfffa9c0>
      f4:	00c7a603          	lw	a2,12(a5)
      f8:	0107a703          	lw	a4,16(a5)
      fc:	fee69ae3          	bne	a3,a4,f0 <main+0x40>
     100:	7d060693          	addi	a3,a2,2000
     104:	00c6b633          	sltu	a2,a3,a2
     108:	00e60733          	add	a4,a2,a4
     10c:	100007b7          	lui	a5,0x10000
     110:	fff00613          	li	a2,-1
     114:	00c7a423          	sw	a2,8(a5) # 10000008 <__bss_end+0xfffa9b8>
     118:	00d7a223          	sw	a3,4(a5)
     11c:	00e7a423          	sw	a4,8(a5)
     120:	00000413          	li	s0,0
     124:	000054b7          	lui	s1,0x5
     128:	000059b7          	lui	s3,0x5
     12c:	54898993          	addi	s3,s3,1352 # 5548 <walk_phases>
     130:	0000e937          	lui	s2,0xe
     134:	00005ab7          	lui	s5,0x5
     138:	03f00a13          	li	s4,63
     13c:	0000fb37          	lui	s6,0xf
     140:	6484a783          	lw	a5,1608(s1) # 5648 <g_tick>
     144:	fef47ee3          	bgeu	s0,a5,140 <main+0x90>
     148:	03f47793          	andi	a5,s0,63
     14c:	00279793          	slli	a5,a5,0x2
     150:	00f987b3          	add	a5,s3,a5
     154:	0007a783          	lw	a5,0(a5)
     158:	000780e7          	jalr	a5
     15c:	00140413          	addi	s0,s0,1
     160:	00892023          	sw	s0,0(s2) # e000 <__bss_end+0x89b0>
     164:	64caa783          	lw	a5,1612(s5) # 564c <g_acc>
     168:	00f92223          	sw	a5,4(s2)
     16c:	fc8a7ae3          	bgeu	s4,s0,140 <main+0x90>
     170:	800b2783          	lw	a5,-2048(s6) # e800 <__bss_end+0x91b0>
     174:	fc0796e3          	bnez	a5,140 <main+0x90>
     178:	100007b7          	lui	a5,0x10000
     17c:	fff00713          	li	a4,-1
     180:	00e7a423          	sw	a4,8(a5) # 10000008 <__bss_end+0xfffa9b8>
     184:	00e7a223          	sw	a4,4(a5)
     188:	00e7a423          	sw	a4,8(a5)
     18c:	0000e737          	lui	a4,0xe
     190:	0e0de7b7          	lui	a5,0xe0de
     194:	a7a78793          	addi	a5,a5,-1414 # e0dda7a <__bss_end+0xe0d842a>
     198:	00f72423          	sw	a5,8(a4) # e008 <__bss_end+0x89b8>
     19c:	00000513          	li	a0,0
     1a0:	01c12083          	lw	ra,28(sp)
     1a4:	01812403          	lw	s0,24(sp)
     1a8:	01412483          	lw	s1,20(sp)
     1ac:	01012903          	lw	s2,16(sp)
     1b0:	00c12983          	lw	s3,12(sp)
     1b4:	00812a03          	lw	s4,8(sp)
     1b8:	00412a83          	lw	s5,4(sp)
     1bc:	00012b03          	lw	s6,0(sp)
     1c0:	02010113          	addi	sp,sp,32
     1c4:	00008067          	ret

000001c8 <f000>:
     1c8:	776c57b7          	lui	a5,0x776c5
     1cc:	32978793          	addi	a5,a5,809 # 776c5329 <__bss_end+0x776bfcd9>
     1d0:	00f54533          	xor	a0,a0,a5
     1d4:	00d51793          	slli	a5,a0,0xd
     1d8:	01355513          	srli	a0,a0,0x13
     1dc:	00f56533          	or	a0,a0,a5
     1e0:	f4550513          	addi	a0,a0,-187
     1e4:	00005737          	lui	a4,0x5
     1e8:	64c72783          	lw	a5,1612(a4) # 564c <g_acc>
     1ec:	00a7c7b3          	xor	a5,a5,a0
     1f0:	64f72623          	sw	a5,1612(a4)
     1f4:	00008067          	ret

000001f8 <f001>:
     1f8:	01b54513          	xori	a0,a0,27
     1fc:	00451793          	slli	a5,a0,0x4
     200:	01c55513          	srli	a0,a0,0x1c
     204:	00f56533          	or	a0,a0,a5
     208:	000057b7          	lui	a5,0x5
     20c:	64c7a703          	lw	a4,1612(a5) # 564c <g_acc>
     210:	00a70733          	add	a4,a4,a0
     214:	64e7a623          	sw	a4,1612(a5)
     218:	a9791737          	lui	a4,0xa9791
     21c:	05970713          	addi	a4,a4,89 # a9791059 <__bss_end+0xa978ba09>
     220:	00e54533          	xor	a0,a0,a4
     224:	c6d50513          	addi	a0,a0,-915
     228:	64c7a703          	lw	a4,1612(a5)
     22c:	00a74733          	xor	a4,a4,a0
     230:	64e7a623          	sw	a4,1612(a5)
     234:	00008067          	ret

00000238 <f002>:
     238:	2ff54793          	xori	a5,a0,767
     23c:	00b55713          	srli	a4,a0,0xb
     240:	01579513          	slli	a0,a5,0x15
     244:	00e56533          	or	a0,a0,a4
     248:	00005737          	lui	a4,0x5
     24c:	64c72783          	lw	a5,1612(a4) # 564c <g_acc>
     250:	00a7c7b3          	xor	a5,a5,a0
     254:	64f72623          	sw	a5,1612(a4)
     258:	00008067          	ret

0000025c <f003>:
     25c:	e92e27b7          	lui	a5,0xe92e2
     260:	bd478793          	addi	a5,a5,-1068 # e92e1bd4 <__bss_end+0xe92dc584>
     264:	00f54533          	xor	a0,a0,a5
     268:	00d51793          	slli	a5,a0,0xd
     26c:	01355513          	srli	a0,a0,0x13
     270:	00f56533          	or	a0,a0,a5
     274:	000057b7          	lui	a5,0x5
     278:	64c7a703          	lw	a4,1612(a5) # 564c <g_acc>
     27c:	00a70733          	add	a4,a4,a0
     280:	64e7a623          	sw	a4,1612(a5)
     284:	64c7a703          	lw	a4,1612(a5)
     288:	00a74733          	xor	a4,a4,a0
     28c:	64e7a623          	sw	a4,1612(a5)
     290:	00008067          	ret

00000294 <f004>:
     294:	f3c9e7b7          	lui	a5,0xf3c9e
     298:	f3d78793          	addi	a5,a5,-195 # f3c9df3d <__bss_end+0xf3c988ed>
     29c:	00f54533          	xor	a0,a0,a5
     2a0:	000057b7          	lui	a5,0x5
     2a4:	64c7a703          	lw	a4,1612(a5) # 564c <g_acc>
     2a8:	00a70733          	add	a4,a4,a0
     2ac:	64e7a623          	sw	a4,1612(a5)
     2b0:	00451713          	slli	a4,a0,0x4
     2b4:	01c55513          	srli	a0,a0,0x1c
     2b8:	00e56533          	or	a0,a0,a4
     2bc:	64c7a703          	lw	a4,1612(a5)
     2c0:	00a74733          	xor	a4,a4,a0
     2c4:	64e7a623          	sw	a4,1612(a5)
     2c8:	00008067          	ret

000002cc <f005>:
     2cc:	59854513          	xori	a0,a0,1432
     2d0:	00155793          	srli	a5,a0,0x1
     2d4:	01f51513          	slli	a0,a0,0x1f
     2d8:	00f56533          	or	a0,a0,a5
     2dc:	00005737          	lui	a4,0x5
     2e0:	64c72783          	lw	a5,1612(a4) # 564c <g_acc>
     2e4:	00a7c7b3          	xor	a5,a5,a0
     2e8:	64f72623          	sw	a5,1612(a4)
     2ec:	00008067          	ret

000002f0 <f006>:
     2f0:	1b254513          	xori	a0,a0,434
     2f4:	000057b7          	lui	a5,0x5
     2f8:	64c7a703          	lw	a4,1612(a5) # 564c <g_acc>
     2fc:	00a70733          	add	a4,a4,a0
     300:	64e7a623          	sw	a4,1612(a5)
     304:	64c7a703          	lw	a4,1612(a5)
     308:	00a74733          	xor	a4,a4,a0
     30c:	64e7a623          	sw	a4,1612(a5)
     310:	00008067          	ret

00000314 <f007>:
     314:	d2c827b7          	lui	a5,0xd2c82
     318:	9ef78793          	addi	a5,a5,-1553 # d2c819ef <__bss_end+0xd2c7c39f>
     31c:	00f54533          	xor	a0,a0,a5
     320:	00251793          	slli	a5,a0,0x2
     324:	01e55513          	srli	a0,a0,0x1e
     328:	00f56533          	or	a0,a0,a5
     32c:	00005737          	lui	a4,0x5
     330:	64c72783          	lw	a5,1612(a4) # 564c <g_acc>
     334:	00a7c7b3          	xor	a5,a5,a0
     338:	64f72623          	sw	a5,1612(a4)
     33c:	00008067          	ret

00000340 <f008>:
     340:	9dfa77b7          	lui	a5,0x9dfa7
     344:	fca78793          	addi	a5,a5,-54 # 9dfa6fca <__bss_end+0x9dfa197a>
     348:	00f54533          	xor	a0,a0,a5
     34c:	00d51793          	slli	a5,a0,0xd
     350:	01355513          	srli	a0,a0,0x13
     354:	00f56533          	or	a0,a0,a5
     358:	00005737          	lui	a4,0x5
     35c:	64c72783          	lw	a5,1612(a4) # 564c <g_acc>
     360:	00a7c7b3          	xor	a5,a5,a0
     364:	64f72623          	sw	a5,1612(a4)
     368:	00008067          	ret

0000036c <f009>:
     36c:	9ef3b7b7          	lui	a5,0x9ef3b
     370:	fea78793          	addi	a5,a5,-22 # 9ef3afea <__bss_end+0x9ef3599a>
     374:	00f54533          	xor	a0,a0,a5
     378:	00351793          	slli	a5,a0,0x3
     37c:	01d55513          	srli	a0,a0,0x1d
     380:	00f56533          	or	a0,a0,a5
     384:	841a17b7          	lui	a5,0x841a1
     388:	0ec78793          	addi	a5,a5,236 # 841a10ec <__bss_end+0x8419ba9c>
     38c:	00f54533          	xor	a0,a0,a5
     390:	00005737          	lui	a4,0x5
     394:	64c72783          	lw	a5,1612(a4) # 564c <g_acc>
     398:	00a7c7b3          	xor	a5,a5,a0
     39c:	64f72623          	sw	a5,1612(a4)
     3a0:	00008067          	ret

000003a4 <f010>:
     3a4:	20e54513          	xori	a0,a0,526
     3a8:	15950513          	addi	a0,a0,345
     3ac:	2b2127b7          	lui	a5,0x2b212
     3b0:	78d78793          	addi	a5,a5,1933 # 2b21278d <__bss_end+0x2b20d13d>
     3b4:	00f54533          	xor	a0,a0,a5
     3b8:	80950513          	addi	a0,a0,-2039
     3bc:	ce11c7b7          	lui	a5,0xce11c
     3c0:	b5e78793          	addi	a5,a5,-1186 # ce11bb5e <__bss_end+0xce11650e>
     3c4:	00f54533          	xor	a0,a0,a5
     3c8:	00005737          	lui	a4,0x5
     3cc:	64c72783          	lw	a5,1612(a4) # 564c <g_acc>
     3d0:	00a7c7b3          	xor	a5,a5,a0
     3d4:	64f72623          	sw	a5,1612(a4)
     3d8:	00008067          	ret

000003dc <f011>:
     3dc:	08f54513          	xori	a0,a0,143
     3e0:	000057b7          	lui	a5,0x5
     3e4:	64c7a703          	lw	a4,1612(a5) # 564c <g_acc>
     3e8:	00a70733          	add	a4,a4,a0
     3ec:	64e7a623          	sw	a4,1612(a5)
     3f0:	64c7a703          	lw	a4,1612(a5)
     3f4:	00a74733          	xor	a4,a4,a0
     3f8:	64e7a623          	sw	a4,1612(a5)
     3fc:	00008067          	ret

00000400 <f012>:
     400:	26054513          	xori	a0,a0,608
     404:	000057b7          	lui	a5,0x5
     408:	64c7a703          	lw	a4,1612(a5) # 564c <g_acc>
     40c:	00a70733          	add	a4,a4,a0
     410:	64e7a623          	sw	a4,1612(a5)
     414:	64c7a703          	lw	a4,1612(a5)
     418:	00a74733          	xor	a4,a4,a0
     41c:	64e7a623          	sw	a4,1612(a5)
     420:	00008067          	ret

00000424 <f013>:
     424:	3f654513          	xori	a0,a0,1014
     428:	00d51793          	slli	a5,a0,0xd
     42c:	01355513          	srli	a0,a0,0x13
     430:	00f56533          	or	a0,a0,a5
     434:	00005737          	lui	a4,0x5
     438:	64c72783          	lw	a5,1612(a4) # 564c <g_acc>
     43c:	00a7c7b3          	xor	a5,a5,a0
     440:	64f72623          	sw	a5,1612(a4)
     444:	00008067          	ret

00000448 <f014>:
     448:	603f37b7          	lui	a5,0x603f3
     44c:	bf878793          	addi	a5,a5,-1032 # 603f2bf8 <__bss_end+0x603ed5a8>
     450:	00f54533          	xor	a0,a0,a5
     454:	8b850513          	addi	a0,a0,-1864
     458:	00005737          	lui	a4,0x5
     45c:	64c72783          	lw	a5,1612(a4) # 564c <g_acc>
     460:	00a7c7b3          	xor	a5,a5,a0
     464:	64f72623          	sw	a5,1612(a4)
     468:	00008067          	ret

0000046c <f015>:
     46c:	3ba54793          	xori	a5,a0,954
     470:	00e55713          	srli	a4,a0,0xe
     474:	01279513          	slli	a0,a5,0x12
     478:	00e56533          	or	a0,a0,a4
     47c:	ad250513          	addi	a0,a0,-1326
     480:	00b55793          	srli	a5,a0,0xb
     484:	01551513          	slli	a0,a0,0x15
     488:	00f56533          	or	a0,a0,a5
     48c:	d1550513          	addi	a0,a0,-747
     490:	00005737          	lui	a4,0x5
     494:	64c72783          	lw	a5,1612(a4) # 564c <g_acc>
     498:	00a7c7b3          	xor	a5,a5,a0
     49c:	64f72623          	sw	a5,1612(a4)
     4a0:	00008067          	ret

000004a4 <f016>:
     4a4:	ea67c7b7          	lui	a5,0xea67c
     4a8:	e9d78793          	addi	a5,a5,-355 # ea67be9d <__bss_end+0xea67684d>
     4ac:	00f54533          	xor	a0,a0,a5
     4b0:	00005737          	lui	a4,0x5
     4b4:	64c72783          	lw	a5,1612(a4) # 564c <g_acc>
     4b8:	00a7c7b3          	xor	a5,a5,a0
     4bc:	64f72623          	sw	a5,1612(a4)
     4c0:	00008067          	ret

000004c4 <f017>:
     4c4:	6806c7b7          	lui	a5,0x6806c
     4c8:	49e78793          	addi	a5,a5,1182 # 6806c49e <__bss_end+0x68066e4e>
     4cc:	00f54533          	xor	a0,a0,a5
     4d0:	000057b7          	lui	a5,0x5
     4d4:	64c7a703          	lw	a4,1612(a5) # 564c <g_acc>
     4d8:	00a70733          	add	a4,a4,a0
     4dc:	64e7a623          	sw	a4,1612(a5)
     4e0:	54850513          	addi	a0,a0,1352
     4e4:	64c7a703          	lw	a4,1612(a5)
     4e8:	00a70733          	add	a4,a4,a0
     4ec:	64e7a623          	sw	a4,1612(a5)
     4f0:	64c7a703          	lw	a4,1612(a5)
     4f4:	00a74733          	xor	a4,a4,a0
     4f8:	64e7a623          	sw	a4,1612(a5)
     4fc:	00008067          	ret

00000500 <f018>:
     500:	980ab7b7          	lui	a5,0x980ab
     504:	f1b78793          	addi	a5,a5,-229 # 980aaf1b <__bss_end+0x980a58cb>
     508:	00f54533          	xor	a0,a0,a5
     50c:	dc850513          	addi	a0,a0,-568
     510:	000057b7          	lui	a5,0x5
     514:	64c7a703          	lw	a4,1612(a5) # 564c <g_acc>
     518:	00a70733          	add	a4,a4,a0
     51c:	64e7a623          	sw	a4,1612(a5)
     520:	00351713          	slli	a4,a0,0x3
     524:	01d55513          	srli	a0,a0,0x1d
     528:	00e56533          	or	a0,a0,a4
     52c:	64c7a703          	lw	a4,1612(a5)
     530:	00a74733          	xor	a4,a4,a0
     534:	64e7a623          	sw	a4,1612(a5)
     538:	00008067          	ret

0000053c <f019>:
     53c:	7ce297b7          	lui	a5,0x7ce29
     540:	f7678793          	addi	a5,a5,-138 # 7ce28f76 <__bss_end+0x7ce23926>
     544:	00f54533          	xor	a0,a0,a5
     548:	fee50513          	addi	a0,a0,-18
     54c:	00005737          	lui	a4,0x5
     550:	64c72783          	lw	a5,1612(a4) # 564c <g_acc>
     554:	00a7c7b3          	xor	a5,a5,a0
     558:	64f72623          	sw	a5,1612(a4)
     55c:	00008067          	ret

00000560 <f020>:
     560:	d34dc7b7          	lui	a5,0xd34dc
     564:	a4478793          	addi	a5,a5,-1468 # d34dba44 <__bss_end+0xd34d63f4>
     568:	00f54533          	xor	a0,a0,a5
     56c:	00005737          	lui	a4,0x5
     570:	64c72783          	lw	a5,1612(a4) # 564c <g_acc>
     574:	03e78793          	addi	a5,a5,62
     578:	00a787b3          	add	a5,a5,a0
     57c:	64f72623          	sw	a5,1612(a4)
     580:	000017b7          	lui	a5,0x1
     584:	80e78793          	addi	a5,a5,-2034 # 80e <f034+0x6>
     588:	00f50533          	add	a0,a0,a5
     58c:	64c72783          	lw	a5,1612(a4)
     590:	00a7c7b3          	xor	a5,a5,a0
     594:	64f72623          	sw	a5,1612(a4)
     598:	00008067          	ret

0000059c <f021>:
     59c:	0a83d7b7          	lui	a5,0xa83d
     5a0:	18478793          	addi	a5,a5,388 # a83d184 <__bss_end+0xa837b34>
     5a4:	00f54533          	xor	a0,a0,a5
     5a8:	70550513          	addi	a0,a0,1797
     5ac:	d66957b7          	lui	a5,0xd6695
     5b0:	43778793          	addi	a5,a5,1079 # d6695437 <__bss_end+0xd668fde7>
     5b4:	00f54533          	xor	a0,a0,a5
     5b8:	00005737          	lui	a4,0x5
     5bc:	64c72783          	lw	a5,1612(a4) # 564c <g_acc>
     5c0:	00a7c7b3          	xor	a5,a5,a0
     5c4:	64f72623          	sw	a5,1612(a4)
     5c8:	00008067          	ret

000005cc <f022>:
     5cc:	9a8587b7          	lui	a5,0x9a858
     5d0:	70f78793          	addi	a5,a5,1807 # 9a85870f <__bss_end+0x9a8530bf>
     5d4:	00f54533          	xor	a0,a0,a5
     5d8:	f7250513          	addi	a0,a0,-142
     5dc:	000057b7          	lui	a5,0x5
     5e0:	64c7a703          	lw	a4,1612(a5) # 564c <g_acc>
     5e4:	00a70733          	add	a4,a4,a0
     5e8:	64e7a623          	sw	a4,1612(a5)
     5ec:	64c7a703          	lw	a4,1612(a5)
     5f0:	00a74733          	xor	a4,a4,a0
     5f4:	64e7a623          	sw	a4,1612(a5)
     5f8:	00008067          	ret

000005fc <f023>:
     5fc:	7e154513          	xori	a0,a0,2017
     600:	70c50513          	addi	a0,a0,1804
     604:	00005737          	lui	a4,0x5
     608:	64c72783          	lw	a5,1612(a4) # 564c <g_acc>
     60c:	00a7c7b3          	xor	a5,a5,a0
     610:	64f72623          	sw	a5,1612(a4)
     614:	00008067          	ret

00000618 <f024>:
     618:	a3ef77b7          	lui	a5,0xa3ef7
     61c:	27078793          	addi	a5,a5,624 # a3ef7270 <__bss_end+0xa3ef1c20>
     620:	00f54533          	xor	a0,a0,a5
     624:	000057b7          	lui	a5,0x5
     628:	64c7a703          	lw	a4,1612(a5) # 564c <g_acc>
     62c:	00a70733          	add	a4,a4,a0
     630:	64e7a623          	sw	a4,1612(a5)
     634:	64c7a703          	lw	a4,1612(a5)
     638:	00a74733          	xor	a4,a4,a0
     63c:	64e7a623          	sw	a4,1612(a5)
     640:	00008067          	ret

00000644 <f025>:
     644:	c36fb7b7          	lui	a5,0xc36fb
     648:	dcd78793          	addi	a5,a5,-563 # c36fadcd <__bss_end+0xc36f577d>
     64c:	00f54533          	xor	a0,a0,a5
     650:	dd650513          	addi	a0,a0,-554
     654:	00851793          	slli	a5,a0,0x8
     658:	01855513          	srli	a0,a0,0x18
     65c:	00f56533          	or	a0,a0,a5
     660:	42c50513          	addi	a0,a0,1068
     664:	00005737          	lui	a4,0x5
     668:	64c72783          	lw	a5,1612(a4) # 564c <g_acc>
     66c:	00a7c7b3          	xor	a5,a5,a0
     670:	64f72623          	sw	a5,1612(a4)
     674:	00008067          	ret

00000678 <f026>:
     678:	5ba54513          	xori	a0,a0,1466
     67c:	000057b7          	lui	a5,0x5
     680:	64c7a703          	lw	a4,1612(a5) # 564c <g_acc>
     684:	00a70733          	add	a4,a4,a0
     688:	64e7a623          	sw	a4,1612(a5)
     68c:	64c7a703          	lw	a4,1612(a5)
     690:	00a70733          	add	a4,a4,a0
     694:	64e7a623          	sw	a4,1612(a5)
     698:	e5d50513          	addi	a0,a0,-419
     69c:	64c7a703          	lw	a4,1612(a5)
     6a0:	00a74733          	xor	a4,a4,a0
     6a4:	64e7a623          	sw	a4,1612(a5)
     6a8:	00008067          	ret

000006ac <f027>:
     6ac:	48354513          	xori	a0,a0,1155
     6b0:	00555793          	srli	a5,a0,0x5
     6b4:	01b51513          	slli	a0,a0,0x1b
     6b8:	00f56533          	or	a0,a0,a5
     6bc:	d3e50513          	addi	a0,a0,-706
     6c0:	00851793          	slli	a5,a0,0x8
     6c4:	01855513          	srli	a0,a0,0x18
     6c8:	00f56533          	or	a0,a0,a5
     6cc:	42b50513          	addi	a0,a0,1067
     6d0:	00005737          	lui	a4,0x5
     6d4:	64c72783          	lw	a5,1612(a4) # 564c <g_acc>
     6d8:	00a7c7b3          	xor	a5,a5,a0
     6dc:	64f72623          	sw	a5,1612(a4)
     6e0:	00008067          	ret

000006e4 <f028>:
     6e4:	3a5467b7          	lui	a5,0x3a546
     6e8:	bff78793          	addi	a5,a5,-1025 # 3a545bff <__bss_end+0x3a5405af>
     6ec:	00f54533          	xor	a0,a0,a5
     6f0:	00e55793          	srli	a5,a0,0xe
     6f4:	01251513          	slli	a0,a0,0x12
     6f8:	00f56533          	or	a0,a0,a5
     6fc:	1d550513          	addi	a0,a0,469
     700:	00005737          	lui	a4,0x5
     704:	64c72783          	lw	a5,1612(a4) # 564c <g_acc>
     708:	00a7c7b3          	xor	a5,a5,a0
     70c:	64f72623          	sw	a5,1612(a4)
     710:	00008067          	ret

00000714 <f029>:
     714:	48f517b7          	lui	a5,0x48f51
     718:	57c78793          	addi	a5,a5,1404 # 48f5157c <__bss_end+0x48f4bf2c>
     71c:	00f54533          	xor	a0,a0,a5
     720:	00e51793          	slli	a5,a0,0xe
     724:	01255513          	srli	a0,a0,0x12
     728:	00f56533          	or	a0,a0,a5
     72c:	000057b7          	lui	a5,0x5
     730:	64c7a703          	lw	a4,1612(a5) # 564c <g_acc>
     734:	00a70733          	add	a4,a4,a0
     738:	64e7a623          	sw	a4,1612(a5)
     73c:	64c7a703          	lw	a4,1612(a5)
     740:	00a74733          	xor	a4,a4,a0
     744:	64e7a623          	sw	a4,1612(a5)
     748:	00008067          	ret

0000074c <f030>:
     74c:	330ee7b7          	lui	a5,0x330ee
     750:	07378793          	addi	a5,a5,115 # 330ee073 <__bss_end+0x330e8a23>
     754:	00f54533          	xor	a0,a0,a5
     758:	000057b7          	lui	a5,0x5
     75c:	64c7a703          	lw	a4,1612(a5) # 564c <g_acc>
     760:	00a70733          	add	a4,a4,a0
     764:	64e7a623          	sw	a4,1612(a5)
     768:	64c7a703          	lw	a4,1612(a5)
     76c:	00a70733          	add	a4,a4,a0
     770:	64e7a623          	sw	a4,1612(a5)
     774:	64c7a703          	lw	a4,1612(a5)
     778:	00a70733          	add	a4,a4,a0
     77c:	64e7a623          	sw	a4,1612(a5)
     780:	64c7a703          	lw	a4,1612(a5)
     784:	00a70733          	add	a4,a4,a0
     788:	64e7a623          	sw	a4,1612(a5)
     78c:	64c7a703          	lw	a4,1612(a5)
     790:	00a74733          	xor	a4,a4,a0
     794:	64e7a623          	sw	a4,1612(a5)
     798:	00008067          	ret

0000079c <f031>:
     79c:	1f454513          	xori	a0,a0,500
     7a0:	1b250513          	addi	a0,a0,434
     7a4:	00455793          	srli	a5,a0,0x4
     7a8:	01c51513          	slli	a0,a0,0x1c
     7ac:	00f56533          	or	a0,a0,a5
     7b0:	00005737          	lui	a4,0x5
     7b4:	64c72783          	lw	a5,1612(a4) # 564c <g_acc>
     7b8:	00a7c7b3          	xor	a5,a5,a0
     7bc:	64f72623          	sw	a5,1612(a4)
     7c0:	00008067          	ret

000007c4 <f032>:
     7c4:	1f19f7b7          	lui	a5,0x1f19f
     7c8:	60978793          	addi	a5,a5,1545 # 1f19f609 <__bss_end+0x1f199fb9>
     7cc:	00f54533          	xor	a0,a0,a5
     7d0:	00005737          	lui	a4,0x5
     7d4:	64c72783          	lw	a5,1612(a4) # 564c <g_acc>
     7d8:	00a7c7b3          	xor	a5,a5,a0
     7dc:	64f72623          	sw	a5,1612(a4)
     7e0:	00008067          	ret

000007e4 <f033>:
     7e4:	41ad17b7          	lui	a5,0x41ad1
     7e8:	a3978793          	addi	a5,a5,-1479 # 41ad0a39 <__bss_end+0x41acb3e9>
     7ec:	00f54533          	xor	a0,a0,a5
     7f0:	cad50513          	addi	a0,a0,-851
     7f4:	00005737          	lui	a4,0x5
     7f8:	64c72783          	lw	a5,1612(a4) # 564c <g_acc>
     7fc:	00a7c7b3          	xor	a5,a5,a0
     800:	64f72623          	sw	a5,1612(a4)
     804:	00008067          	ret

00000808 <f034>:
     808:	74654513          	xori	a0,a0,1862
     80c:	a2a50513          	addi	a0,a0,-1494
     810:	000057b7          	lui	a5,0x5
     814:	64c7a703          	lw	a4,1612(a5) # 564c <g_acc>
     818:	00a70733          	add	a4,a4,a0
     81c:	64e7a623          	sw	a4,1612(a5)
     820:	1e0c0737          	lui	a4,0x1e0c0
     824:	05a70713          	addi	a4,a4,90 # 1e0c005a <__bss_end+0x1e0baa0a>
     828:	00e54533          	xor	a0,a0,a4
     82c:	64c7a703          	lw	a4,1612(a5)
     830:	00a74733          	xor	a4,a4,a0
     834:	64e7a623          	sw	a4,1612(a5)
     838:	00008067          	ret

0000083c <f035>:
     83c:	35154513          	xori	a0,a0,849
     840:	000057b7          	lui	a5,0x5
     844:	64c7a703          	lw	a4,1612(a5) # 564c <g_acc>
     848:	00a70733          	add	a4,a4,a0
     84c:	64e7a623          	sw	a4,1612(a5)
     850:	fffff737          	lui	a4,0xfffff
     854:	3f070713          	addi	a4,a4,1008 # fffff3f0 <__bss_end+0xffff9da0>
     858:	00e50533          	add	a0,a0,a4
     85c:	64c7a703          	lw	a4,1612(a5)
     860:	00a70733          	add	a4,a4,a0
     864:	64e7a623          	sw	a4,1612(a5)
     868:	64c7a703          	lw	a4,1612(a5)
     86c:	00a74733          	xor	a4,a4,a0
     870:	64e7a623          	sw	a4,1612(a5)
     874:	00008067          	ret

00000878 <f036>:
     878:	6ea54513          	xori	a0,a0,1770
     87c:	000057b7          	lui	a5,0x5
     880:	64c7a703          	lw	a4,1612(a5) # 564c <g_acc>
     884:	00a70733          	add	a4,a4,a0
     888:	64e7a623          	sw	a4,1612(a5)
     88c:	4a750513          	addi	a0,a0,1191
     890:	64c7a703          	lw	a4,1612(a5)
     894:	00a74733          	xor	a4,a4,a0
     898:	64e7a623          	sw	a4,1612(a5)
     89c:	00008067          	ret

000008a0 <f037>:
     8a0:	15254513          	xori	a0,a0,338
     8a4:	000057b7          	lui	a5,0x5
     8a8:	64c7a703          	lw	a4,1612(a5) # 564c <g_acc>
     8ac:	00a70733          	add	a4,a4,a0
     8b0:	64e7a623          	sw	a4,1612(a5)
     8b4:	5f550513          	addi	a0,a0,1525
     8b8:	4a44d737          	lui	a4,0x4a44d
     8bc:	1a570713          	addi	a4,a4,421 # 4a44d1a5 <__bss_end+0x4a447b55>
     8c0:	00e54533          	xor	a0,a0,a4
     8c4:	64c7a703          	lw	a4,1612(a5)
     8c8:	00a74733          	xor	a4,a4,a0
     8cc:	64e7a623          	sw	a4,1612(a5)
     8d0:	00008067          	ret

000008d4 <f038>:
     8d4:	48354513          	xori	a0,a0,1155
     8d8:	7fb50513          	addi	a0,a0,2043
     8dc:	00005737          	lui	a4,0x5
     8e0:	64c72783          	lw	a5,1612(a4) # 564c <g_acc>
     8e4:	00a7c7b3          	xor	a5,a5,a0
     8e8:	64f72623          	sw	a5,1612(a4)
     8ec:	00008067          	ret

000008f0 <f039>:
     8f0:	2a12d7b7          	lui	a5,0x2a12d
     8f4:	ca478793          	addi	a5,a5,-860 # 2a12cca4 <__bss_end+0x2a127654>
     8f8:	00f54533          	xor	a0,a0,a5
     8fc:	00005737          	lui	a4,0x5
     900:	64c72783          	lw	a5,1612(a4) # 564c <g_acc>
     904:	00a7c7b3          	xor	a5,a5,a0
     908:	64f72623          	sw	a5,1612(a4)
     90c:	00008067          	ret

00000910 <f040>:
     910:	47c54513          	xori	a0,a0,1148
     914:	3a650513          	addi	a0,a0,934
     918:	00005737          	lui	a4,0x5
     91c:	64c72783          	lw	a5,1612(a4) # 564c <g_acc>
     920:	00a7c7b3          	xor	a5,a5,a0
     924:	64f72623          	sw	a5,1612(a4)
     928:	00008067          	ret

0000092c <f041>:
     92c:	a6d747b7          	lui	a5,0xa6d74
     930:	1ad78793          	addi	a5,a5,429 # a6d741ad <__bss_end+0xa6d6eb5d>
     934:	00f54533          	xor	a0,a0,a5
     938:	000057b7          	lui	a5,0x5
     93c:	64c7a703          	lw	a4,1612(a5) # 564c <g_acc>
     940:	00a70733          	add	a4,a4,a0
     944:	64e7a623          	sw	a4,1612(a5)
     948:	64c7a703          	lw	a4,1612(a5)
     94c:	00a74733          	xor	a4,a4,a0
     950:	64e7a623          	sw	a4,1612(a5)
     954:	00008067          	ret

00000958 <f042>:
     958:	ae8497b7          	lui	a5,0xae849
     95c:	d6778793          	addi	a5,a5,-665 # ae848d67 <__bss_end+0xae843717>
     960:	00f54533          	xor	a0,a0,a5
     964:	4d250513          	addi	a0,a0,1234
     968:	00355793          	srli	a5,a0,0x3
     96c:	01d51513          	slli	a0,a0,0x1d
     970:	00f56533          	or	a0,a0,a5
     974:	83c337b7          	lui	a5,0x83c33
     978:	29778793          	addi	a5,a5,663 # 83c33297 <__bss_end+0x83c2dc47>
     97c:	00f54533          	xor	a0,a0,a5
     980:	a5b50513          	addi	a0,a0,-1445
     984:	00005737          	lui	a4,0x5
     988:	64c72783          	lw	a5,1612(a4) # 564c <g_acc>
     98c:	00a7c7b3          	xor	a5,a5,a0
     990:	64f72623          	sw	a5,1612(a4)
     994:	00008067          	ret

00000998 <f043>:
     998:	01354793          	xori	a5,a0,19
     99c:	00555713          	srli	a4,a0,0x5
     9a0:	01b79513          	slli	a0,a5,0x1b
     9a4:	00e56533          	or	a0,a0,a4
     9a8:	00005737          	lui	a4,0x5
     9ac:	64c72783          	lw	a5,1612(a4) # 564c <g_acc>
     9b0:	00a7c7b3          	xor	a5,a5,a0
     9b4:	64f72623          	sw	a5,1612(a4)
     9b8:	00008067          	ret

000009bc <f044>:
     9bc:	7e254513          	xori	a0,a0,2018
     9c0:	30550513          	addi	a0,a0,773
     9c4:	00a51793          	slli	a5,a0,0xa
     9c8:	01655513          	srli	a0,a0,0x16
     9cc:	00f56533          	or	a0,a0,a5
     9d0:	000057b7          	lui	a5,0x5
     9d4:	64c7a703          	lw	a4,1612(a5) # 564c <g_acc>
     9d8:	00a70733          	add	a4,a4,a0
     9dc:	64e7a623          	sw	a4,1612(a5)
     9e0:	64c7a703          	lw	a4,1612(a5)
     9e4:	00a74733          	xor	a4,a4,a0
     9e8:	64e7a623          	sw	a4,1612(a5)
     9ec:	00008067          	ret

000009f0 <f045>:
     9f0:	1c654513          	xori	a0,a0,454
     9f4:	000017b7          	lui	a5,0x1
     9f8:	a2978793          	addi	a5,a5,-1495 # a29 <f045+0x39>
     9fc:	00f50533          	add	a0,a0,a5
     a00:	01051793          	slli	a5,a0,0x10
     a04:	01055513          	srli	a0,a0,0x10
     a08:	00f56533          	or	a0,a0,a5
     a0c:	804407b7          	lui	a5,0x80440
     a10:	61e78793          	addi	a5,a5,1566 # 8044061e <__bss_end+0x8043afce>
     a14:	00f54533          	xor	a0,a0,a5
     a18:	00005737          	lui	a4,0x5
     a1c:	64c72783          	lw	a5,1612(a4) # 564c <g_acc>
     a20:	00a7c7b3          	xor	a5,a5,a0
     a24:	64f72623          	sw	a5,1612(a4)
     a28:	00008067          	ret

00000a2c <f046>:
     a2c:	53454513          	xori	a0,a0,1332
     a30:	000057b7          	lui	a5,0x5
     a34:	64c7a703          	lw	a4,1612(a5) # 564c <g_acc>
     a38:	00a70733          	add	a4,a4,a0
     a3c:	64e7a623          	sw	a4,1612(a5)
     a40:	51b50513          	addi	a0,a0,1307
     a44:	64c7a703          	lw	a4,1612(a5)
     a48:	00a70733          	add	a4,a4,a0
     a4c:	64e7a623          	sw	a4,1612(a5)
     a50:	64c7a703          	lw	a4,1612(a5)
     a54:	00a70733          	add	a4,a4,a0
     a58:	64e7a623          	sw	a4,1612(a5)
     a5c:	64c7a703          	lw	a4,1612(a5)
     a60:	00a74733          	xor	a4,a4,a0
     a64:	64e7a623          	sw	a4,1612(a5)
     a68:	00008067          	ret

00000a6c <f047>:
     a6c:	42554513          	xori	a0,a0,1061
     a70:	000057b7          	lui	a5,0x5
     a74:	64c7a703          	lw	a4,1612(a5) # 564c <g_acc>
     a78:	00a70733          	add	a4,a4,a0
     a7c:	64e7a623          	sw	a4,1612(a5)
     a80:	9b750513          	addi	a0,a0,-1609
     a84:	64c7a703          	lw	a4,1612(a5)
     a88:	00a74733          	xor	a4,a4,a0
     a8c:	64e7a623          	sw	a4,1612(a5)
     a90:	00008067          	ret

00000a94 <f048>:
     a94:	b6c107b7          	lui	a5,0xb6c10
     a98:	b9d78793          	addi	a5,a5,-1123 # b6c0fb9d <__bss_end+0xb6c0a54d>
     a9c:	00f54533          	xor	a0,a0,a5
     aa0:	d3250513          	addi	a0,a0,-718
     aa4:	00005737          	lui	a4,0x5
     aa8:	64c72783          	lw	a5,1612(a4) # 564c <g_acc>
     aac:	00a7c7b3          	xor	a5,a5,a0
     ab0:	64f72623          	sw	a5,1612(a4)
     ab4:	00008067          	ret

00000ab8 <f049>:
     ab8:	e80f47b7          	lui	a5,0xe80f4
     abc:	d9378793          	addi	a5,a5,-621 # e80f3d93 <__bss_end+0xe80ee743>
     ac0:	00f54533          	xor	a0,a0,a5
     ac4:	00005737          	lui	a4,0x5
     ac8:	64c72783          	lw	a5,1612(a4) # 564c <g_acc>
     acc:	00a7c7b3          	xor	a5,a5,a0
     ad0:	64f72623          	sw	a5,1612(a4)
     ad4:	00008067          	ret

00000ad8 <f050>:
     ad8:	41754793          	xori	a5,a0,1047
     adc:	00d55713          	srli	a4,a0,0xd
     ae0:	01379513          	slli	a0,a5,0x13
     ae4:	00e56533          	or	a0,a0,a4
     ae8:	83c50513          	addi	a0,a0,-1988
     aec:	000057b7          	lui	a5,0x5
     af0:	64c7a703          	lw	a4,1612(a5) # 564c <g_acc>
     af4:	00a70733          	add	a4,a4,a0
     af8:	64e7a623          	sw	a4,1612(a5)
     afc:	64c7a703          	lw	a4,1612(a5)
     b00:	00a74733          	xor	a4,a4,a0
     b04:	64e7a623          	sw	a4,1612(a5)
     b08:	00008067          	ret

00000b0c <f051>:
     b0c:	3b854513          	xori	a0,a0,952
     b10:	000057b7          	lui	a5,0x5
     b14:	64c7a703          	lw	a4,1612(a5) # 564c <g_acc>
     b18:	00a70733          	add	a4,a4,a0
     b1c:	64e7a623          	sw	a4,1612(a5)
     b20:	64c7a703          	lw	a4,1612(a5)
     b24:	00a70733          	add	a4,a4,a0
     b28:	64e7a623          	sw	a4,1612(a5)
     b2c:	00b51713          	slli	a4,a0,0xb
     b30:	01555513          	srli	a0,a0,0x15
     b34:	00e56533          	or	a0,a0,a4
     b38:	64c7a703          	lw	a4,1612(a5)
     b3c:	00a74733          	xor	a4,a4,a0
     b40:	64e7a623          	sw	a4,1612(a5)
     b44:	00008067          	ret

00000b48 <f052>:
     b48:	58e937b7          	lui	a5,0x58e93
     b4c:	8ea78793          	addi	a5,a5,-1814 # 58e928ea <__bss_end+0x58e8d29a>
     b50:	00f54533          	xor	a0,a0,a5
     b54:	000057b7          	lui	a5,0x5
     b58:	64c7a703          	lw	a4,1612(a5) # 564c <g_acc>
     b5c:	00a70733          	add	a4,a4,a0
     b60:	64e7a623          	sw	a4,1612(a5)
     b64:	64c7a703          	lw	a4,1612(a5)
     b68:	00a74733          	xor	a4,a4,a0
     b6c:	64e7a623          	sw	a4,1612(a5)
     b70:	00008067          	ret

00000b74 <f053>:
     b74:	1e054513          	xori	a0,a0,480
     b78:	01051793          	slli	a5,a0,0x10
     b7c:	01055513          	srli	a0,a0,0x10
     b80:	00f56533          	or	a0,a0,a5
     b84:	000057b7          	lui	a5,0x5
     b88:	64c7a703          	lw	a4,1612(a5) # 564c <g_acc>
     b8c:	00a70733          	add	a4,a4,a0
     b90:	64e7a623          	sw	a4,1612(a5)
     b94:	04c50513          	addi	a0,a0,76
     b98:	64c7a703          	lw	a4,1612(a5)
     b9c:	00a70733          	add	a4,a4,a0
     ba0:	64e7a623          	sw	a4,1612(a5)
     ba4:	64c7a703          	lw	a4,1612(a5)
     ba8:	00a74733          	xor	a4,a4,a0
     bac:	64e7a623          	sw	a4,1612(a5)
     bb0:	00008067          	ret

00000bb4 <f054>:
     bb4:	7e554513          	xori	a0,a0,2021
     bb8:	fffff7b7          	lui	a5,0xfffff
     bbc:	7e978793          	addi	a5,a5,2025 # fffff7e9 <__bss_end+0xffffa199>
     bc0:	00f50533          	add	a0,a0,a5
     bc4:	00005737          	lui	a4,0x5
     bc8:	64c72783          	lw	a5,1612(a4) # 564c <g_acc>
     bcc:	00a7c7b3          	xor	a5,a5,a0
     bd0:	64f72623          	sw	a5,1612(a4)
     bd4:	00008067          	ret

00000bd8 <f055>:
     bd8:	3c754513          	xori	a0,a0,967
     bdc:	91650513          	addi	a0,a0,-1770
     be0:	00005737          	lui	a4,0x5
     be4:	64c72783          	lw	a5,1612(a4) # 564c <g_acc>
     be8:	00a7c7b3          	xor	a5,a5,a0
     bec:	64f72623          	sw	a5,1612(a4)
     bf0:	00008067          	ret

00000bf4 <f056>:
     bf4:	000057b7          	lui	a5,0x5
     bf8:	64c7a683          	lw	a3,1612(a5) # 564c <g_acc>
     bfc:	20d54713          	xori	a4,a0,525
     c00:	00d70733          	add	a4,a4,a3
     c04:	64e7a623          	sw	a4,1612(a5)
     c08:	c7ec8737          	lui	a4,0xc7ec8
     c0c:	d2570713          	addi	a4,a4,-731 # c7ec7d25 <__bss_end+0xc7ec26d5>
     c10:	00e54533          	xor	a0,a0,a4
     c14:	64c7a703          	lw	a4,1612(a5)
     c18:	00a74733          	xor	a4,a4,a0
     c1c:	64e7a623          	sw	a4,1612(a5)
     c20:	00008067          	ret

00000c24 <f057>:
     c24:	d00087b7          	lui	a5,0xd0008
     c28:	33778793          	addi	a5,a5,823 # d0008337 <__bss_end+0xd0002ce7>
     c2c:	00f54533          	xor	a0,a0,a5
     c30:	a9250513          	addi	a0,a0,-1390
     c34:	00005737          	lui	a4,0x5
     c38:	64c72783          	lw	a5,1612(a4) # 564c <g_acc>
     c3c:	00a7c7b3          	xor	a5,a5,a0
     c40:	64f72623          	sw	a5,1612(a4)
     c44:	00008067          	ret

00000c48 <f058>:
     c48:	4a59e7b7          	lui	a5,0x4a59e
     c4c:	aa578793          	addi	a5,a5,-1371 # 4a59daa5 <__bss_end+0x4a598455>
     c50:	00f54533          	xor	a0,a0,a5
     c54:	000057b7          	lui	a5,0x5
     c58:	64c7a703          	lw	a4,1612(a5) # 564c <g_acc>
     c5c:	35670713          	addi	a4,a4,854
     c60:	00a70733          	add	a4,a4,a0
     c64:	64e7a623          	sw	a4,1612(a5)
     c68:	4ab50513          	addi	a0,a0,1195
     c6c:	64c7a703          	lw	a4,1612(a5)
     c70:	00a70733          	add	a4,a4,a0
     c74:	64e7a623          	sw	a4,1612(a5)
     c78:	64c7a703          	lw	a4,1612(a5)
     c7c:	00a74733          	xor	a4,a4,a0
     c80:	64e7a623          	sw	a4,1612(a5)
     c84:	00008067          	ret

00000c88 <f059>:
     c88:	00005737          	lui	a4,0x5
     c8c:	64c72683          	lw	a3,1612(a4) # 564c <g_acc>
     c90:	2b9f17b7          	lui	a5,0x2b9f1
     c94:	22778793          	addi	a5,a5,551 # 2b9f1227 <__bss_end+0x2b9ebbd7>
     c98:	00f547b3          	xor	a5,a0,a5
     c9c:	00d787b3          	add	a5,a5,a3
     ca0:	64f72623          	sw	a5,1612(a4)
     ca4:	727597b7          	lui	a5,0x72759
     ca8:	a6078793          	addi	a5,a5,-1440 # 72758a60 <__bss_end+0x72753410>
     cac:	00f54533          	xor	a0,a0,a5
     cb0:	fc750513          	addi	a0,a0,-57
     cb4:	64c72783          	lw	a5,1612(a4)
     cb8:	00a7c7b3          	xor	a5,a5,a0
     cbc:	64f72623          	sw	a5,1612(a4)
     cc0:	00008067          	ret

00000cc4 <f060>:
     cc4:	6dc54513          	xori	a0,a0,1756
     cc8:	000057b7          	lui	a5,0x5
     ccc:	64c7a703          	lw	a4,1612(a5) # 564c <g_acc>
     cd0:	00a70733          	add	a4,a4,a0
     cd4:	64e7a623          	sw	a4,1612(a5)
     cd8:	64c7a703          	lw	a4,1612(a5)
     cdc:	00a74733          	xor	a4,a4,a0
     ce0:	64e7a623          	sw	a4,1612(a5)
     ce4:	00008067          	ret

00000ce8 <f061>:
     ce8:	05054513          	xori	a0,a0,80
     cec:	6f050513          	addi	a0,a0,1776
     cf0:	00255793          	srli	a5,a0,0x2
     cf4:	01e51513          	slli	a0,a0,0x1e
     cf8:	00f56533          	or	a0,a0,a5
     cfc:	000057b7          	lui	a5,0x5
     d00:	64c7a703          	lw	a4,1612(a5) # 564c <g_acc>
     d04:	00a70733          	add	a4,a4,a0
     d08:	64e7a623          	sw	a4,1612(a5)
     d0c:	64c7a703          	lw	a4,1612(a5)
     d10:	00a74733          	xor	a4,a4,a0
     d14:	64e7a623          	sw	a4,1612(a5)
     d18:	00008067          	ret

00000d1c <f062>:
     d1c:	69e0f7b7          	lui	a5,0x69e0f
     d20:	f1378793          	addi	a5,a5,-237 # 69e0ef13 <__bss_end+0x69e098c3>
     d24:	00f54533          	xor	a0,a0,a5
     d28:	d5c50513          	addi	a0,a0,-676
     d2c:	00005737          	lui	a4,0x5
     d30:	64c72783          	lw	a5,1612(a4) # 564c <g_acc>
     d34:	00a7c7b3          	xor	a5,a5,a0
     d38:	64f72623          	sw	a5,1612(a4)
     d3c:	00008067          	ret

00000d40 <f063>:
     d40:	f5cb57b7          	lui	a5,0xf5cb5
     d44:	11078793          	addi	a5,a5,272 # f5cb5110 <__bss_end+0xf5cafac0>
     d48:	00f54533          	xor	a0,a0,a5
     d4c:	ca050513          	addi	a0,a0,-864
     d50:	00005737          	lui	a4,0x5
     d54:	64c72783          	lw	a5,1612(a4) # 564c <g_acc>
     d58:	00a7c7b3          	xor	a5,a5,a0
     d5c:	64f72623          	sw	a5,1612(a4)
     d60:	00008067          	ret

00000d64 <f064>:
     d64:	28c54513          	xori	a0,a0,652
     d68:	a1050513          	addi	a0,a0,-1520
     d6c:	00005737          	lui	a4,0x5
     d70:	64c72783          	lw	a5,1612(a4) # 564c <g_acc>
     d74:	00a7c7b3          	xor	a5,a5,a0
     d78:	64f72623          	sw	a5,1612(a4)
     d7c:	00008067          	ret

00000d80 <f065>:
     d80:	8bc4f7b7          	lui	a5,0x8bc4f
     d84:	d7878793          	addi	a5,a5,-648 # 8bc4ed78 <__bss_end+0x8bc49728>
     d88:	00f54533          	xor	a0,a0,a5
     d8c:	000057b7          	lui	a5,0x5
     d90:	64c7a703          	lw	a4,1612(a5) # 564c <g_acc>
     d94:	00a70733          	add	a4,a4,a0
     d98:	64e7a623          	sw	a4,1612(a5)
     d9c:	64c7a703          	lw	a4,1612(a5)
     da0:	00a70733          	add	a4,a4,a0
     da4:	64e7a623          	sw	a4,1612(a5)
     da8:	64c7a703          	lw	a4,1612(a5)
     dac:	00a74733          	xor	a4,a4,a0
     db0:	64e7a623          	sw	a4,1612(a5)
     db4:	00008067          	ret

00000db8 <f066>:
     db8:	edaad7b7          	lui	a5,0xedaad
     dbc:	5ce78793          	addi	a5,a5,1486 # edaad5ce <__bss_end+0xedaa7f7e>
     dc0:	00f54533          	xor	a0,a0,a5
     dc4:	c1550513          	addi	a0,a0,-1003
     dc8:	000057b7          	lui	a5,0x5
     dcc:	64c7a703          	lw	a4,1612(a5) # 564c <g_acc>
     dd0:	00a70733          	add	a4,a4,a0
     dd4:	64e7a623          	sw	a4,1612(a5)
     dd8:	64c7a703          	lw	a4,1612(a5)
     ddc:	00a74733          	xor	a4,a4,a0
     de0:	64e7a623          	sw	a4,1612(a5)
     de4:	00008067          	ret

00000de8 <f067>:
     de8:	fed1d7b7          	lui	a5,0xfed1d
     dec:	9bb78793          	addi	a5,a5,-1605 # fed1c9bb <__bss_end+0xfed1736b>
     df0:	00f54533          	xor	a0,a0,a5
     df4:	000057b7          	lui	a5,0x5
     df8:	64c7a703          	lw	a4,1612(a5) # 564c <g_acc>
     dfc:	00a70733          	add	a4,a4,a0
     e00:	64e7a623          	sw	a4,1612(a5)
     e04:	64c7a703          	lw	a4,1612(a5)
     e08:	00a74733          	xor	a4,a4,a0
     e0c:	64e7a623          	sw	a4,1612(a5)
     e10:	00008067          	ret

00000e14 <f068>:
     e14:	3c4dd7b7          	lui	a5,0x3c4dd
     e18:	fc378793          	addi	a5,a5,-61 # 3c4dcfc3 <__bss_end+0x3c4d7973>
     e1c:	00f54533          	xor	a0,a0,a5
     e20:	8c250513          	addi	a0,a0,-1854
     e24:	00a55793          	srli	a5,a0,0xa
     e28:	01651513          	slli	a0,a0,0x16
     e2c:	00f56533          	or	a0,a0,a5
     e30:	00005737          	lui	a4,0x5
     e34:	64c72783          	lw	a5,1612(a4) # 564c <g_acc>
     e38:	00a7c7b3          	xor	a5,a5,a0
     e3c:	64f72623          	sw	a5,1612(a4)
     e40:	00008067          	ret

00000e44 <f069>:
     e44:	d33347b7          	lui	a5,0xd3334
     e48:	90778793          	addi	a5,a5,-1785 # d3333907 <__bss_end+0xd332e2b7>
     e4c:	00f54533          	xor	a0,a0,a5
     e50:	00b51793          	slli	a5,a0,0xb
     e54:	01555513          	srli	a0,a0,0x15
     e58:	00f56533          	or	a0,a0,a5
     e5c:	71850513          	addi	a0,a0,1816
     e60:	00005737          	lui	a4,0x5
     e64:	64c72783          	lw	a5,1612(a4) # 564c <g_acc>
     e68:	00a7c7b3          	xor	a5,a5,a0
     e6c:	64f72623          	sw	a5,1612(a4)
     e70:	00008067          	ret

00000e74 <f070>:
     e74:	00005737          	lui	a4,0x5
     e78:	64c72683          	lw	a3,1612(a4) # 564c <g_acc>
     e7c:	690157b7          	lui	a5,0x69015
     e80:	b5778793          	addi	a5,a5,-1193 # 69014b57 <__bss_end+0x6900f507>
     e84:	00f547b3          	xor	a5,a0,a5
     e88:	00d787b3          	add	a5,a5,a3
     e8c:	64f72623          	sw	a5,1612(a4)
     e90:	33b9f7b7          	lui	a5,0x33b9f
     e94:	c3b78793          	addi	a5,a5,-965 # 33b9ec3b <__bss_end+0x33b995eb>
     e98:	00f54533          	xor	a0,a0,a5
     e9c:	cd350513          	addi	a0,a0,-813
     ea0:	64c72783          	lw	a5,1612(a4)
     ea4:	00a7c7b3          	xor	a5,a5,a0
     ea8:	64f72623          	sw	a5,1612(a4)
     eac:	00008067          	ret

00000eb0 <f071>:
     eb0:	c72987b7          	lui	a5,0xc7298
     eb4:	28e78793          	addi	a5,a5,654 # c729828e <__bss_end+0xc7292c3e>
     eb8:	00f54533          	xor	a0,a0,a5
     ebc:	69650513          	addi	a0,a0,1686
     ec0:	5f6597b7          	lui	a5,0x5f659
     ec4:	f8f78793          	addi	a5,a5,-113 # 5f658f8f <__bss_end+0x5f65393f>
     ec8:	00f54533          	xor	a0,a0,a5
     ecc:	ed950513          	addi	a0,a0,-295
     ed0:	00005737          	lui	a4,0x5
     ed4:	64c72783          	lw	a5,1612(a4) # 564c <g_acc>
     ed8:	00a7c7b3          	xor	a5,a5,a0
     edc:	64f72623          	sw	a5,1612(a4)
     ee0:	00008067          	ret

00000ee4 <f072>:
     ee4:	1af54513          	xori	a0,a0,431
     ee8:	4e750513          	addi	a0,a0,1255
     eec:	00005737          	lui	a4,0x5
     ef0:	64c72783          	lw	a5,1612(a4) # 564c <g_acc>
     ef4:	00a7c7b3          	xor	a5,a5,a0
     ef8:	64f72623          	sw	a5,1612(a4)
     efc:	00008067          	ret

00000f00 <f073>:
     f00:	7c854513          	xori	a0,a0,1992
     f04:	07550513          	addi	a0,a0,117
     f08:	00855793          	srli	a5,a0,0x8
     f0c:	01851513          	slli	a0,a0,0x18
     f10:	00f56533          	or	a0,a0,a5
     f14:	000057b7          	lui	a5,0x5
     f18:	64c7a703          	lw	a4,1612(a5) # 564c <g_acc>
     f1c:	00a70733          	add	a4,a4,a0
     f20:	64e7a623          	sw	a4,1612(a5)
     f24:	64c7a703          	lw	a4,1612(a5)
     f28:	00a74733          	xor	a4,a4,a0
     f2c:	64e7a623          	sw	a4,1612(a5)
     f30:	00008067          	ret

00000f34 <f074>:
     f34:	0df54513          	xori	a0,a0,223
     f38:	00351793          	slli	a5,a0,0x3
     f3c:	01d55513          	srli	a0,a0,0x1d
     f40:	00f56533          	or	a0,a0,a5
     f44:	00005737          	lui	a4,0x5
     f48:	64c72783          	lw	a5,1612(a4) # 564c <g_acc>
     f4c:	00a7c7b3          	xor	a5,a5,a0
     f50:	64f72623          	sw	a5,1612(a4)
     f54:	00008067          	ret

00000f58 <f075>:
     f58:	02054513          	xori	a0,a0,32
     f5c:	97750513          	addi	a0,a0,-1673
     f60:	8ac3a7b7          	lui	a5,0x8ac3a
     f64:	0ce78793          	addi	a5,a5,206 # 8ac3a0ce <__bss_end+0x8ac34a7e>
     f68:	00f54533          	xor	a0,a0,a5
     f6c:	00005737          	lui	a4,0x5
     f70:	64c72783          	lw	a5,1612(a4) # 564c <g_acc>
     f74:	00a7c7b3          	xor	a5,a5,a0
     f78:	64f72623          	sw	a5,1612(a4)
     f7c:	00008067          	ret

00000f80 <f076>:
     f80:	147147b7          	lui	a5,0x14714
     f84:	d4078793          	addi	a5,a5,-704 # 14713d40 <__bss_end+0x1470e6f0>
     f88:	00f54533          	xor	a0,a0,a5
     f8c:	0e350513          	addi	a0,a0,227
     f90:	00005737          	lui	a4,0x5
     f94:	64c72783          	lw	a5,1612(a4) # 564c <g_acc>
     f98:	00a7c7b3          	xor	a5,a5,a0
     f9c:	64f72623          	sw	a5,1612(a4)
     fa0:	00008067          	ret

00000fa4 <f077>:
     fa4:	4cc54513          	xori	a0,a0,1228
     fa8:	000057b7          	lui	a5,0x5
     fac:	64c7a703          	lw	a4,1612(a5) # 564c <g_acc>
     fb0:	00a70733          	add	a4,a4,a0
     fb4:	64e7a623          	sw	a4,1612(a5)
     fb8:	64c7a703          	lw	a4,1612(a5)
     fbc:	00a74733          	xor	a4,a4,a0
     fc0:	64e7a623          	sw	a4,1612(a5)
     fc4:	00008067          	ret

00000fc8 <f078>:
     fc8:	73754513          	xori	a0,a0,1847
     fcc:	000057b7          	lui	a5,0x5
     fd0:	64c7a703          	lw	a4,1612(a5) # 564c <g_acc>
     fd4:	00a70733          	add	a4,a4,a0
     fd8:	64e7a623          	sw	a4,1612(a5)
     fdc:	83950513          	addi	a0,a0,-1991
     fe0:	64c7a703          	lw	a4,1612(a5)
     fe4:	00a70733          	add	a4,a4,a0
     fe8:	64e7a623          	sw	a4,1612(a5)
     fec:	7fce1737          	lui	a4,0x7fce1
     ff0:	03c70713          	addi	a4,a4,60 # 7fce103c <__bss_end+0x7fcdb9ec>
     ff4:	00e54533          	xor	a0,a0,a4
     ff8:	64c7a703          	lw	a4,1612(a5)
     ffc:	00a74733          	xor	a4,a4,a0
    1000:	64e7a623          	sw	a4,1612(a5)
    1004:	00008067          	ret

00001008 <f079>:
    1008:	cf29d7b7          	lui	a5,0xcf29d
    100c:	95d78793          	addi	a5,a5,-1699 # cf29c95d <__bss_end+0xcf29730d>
    1010:	00f54533          	xor	a0,a0,a5
    1014:	00455793          	srli	a5,a0,0x4
    1018:	01c51513          	slli	a0,a0,0x1c
    101c:	00f56533          	or	a0,a0,a5
    1020:	00005737          	lui	a4,0x5
    1024:	64c72783          	lw	a5,1612(a4) # 564c <g_acc>
    1028:	00a7c7b3          	xor	a5,a5,a0
    102c:	64f72623          	sw	a5,1612(a4)
    1030:	00008067          	ret

00001034 <f080>:
    1034:	6d954513          	xori	a0,a0,1753
    1038:	00155793          	srli	a5,a0,0x1
    103c:	01f51513          	slli	a0,a0,0x1f
    1040:	00f56533          	or	a0,a0,a5
    1044:	000057b7          	lui	a5,0x5
    1048:	64c7a703          	lw	a4,1612(a5) # 564c <g_acc>
    104c:	00a70733          	add	a4,a4,a0
    1050:	64e7a623          	sw	a4,1612(a5)
    1054:	64c7a703          	lw	a4,1612(a5)
    1058:	00a74733          	xor	a4,a4,a0
    105c:	64e7a623          	sw	a4,1612(a5)
    1060:	00008067          	ret

00001064 <f081>:
    1064:	246fe7b7          	lui	a5,0x246fe
    1068:	e2778793          	addi	a5,a5,-473 # 246fde27 <__bss_end+0x246f87d7>
    106c:	00f54533          	xor	a0,a0,a5
    1070:	000057b7          	lui	a5,0x5
    1074:	64c7a703          	lw	a4,1612(a5) # 564c <g_acc>
    1078:	00a70733          	add	a4,a4,a0
    107c:	64e7a623          	sw	a4,1612(a5)
    1080:	4a550513          	addi	a0,a0,1189
    1084:	00455713          	srli	a4,a0,0x4
    1088:	01c51513          	slli	a0,a0,0x1c
    108c:	00e56533          	or	a0,a0,a4
    1090:	64c7a703          	lw	a4,1612(a5)
    1094:	00a74733          	xor	a4,a4,a0
    1098:	64e7a623          	sw	a4,1612(a5)
    109c:	00008067          	ret

000010a0 <f082>:
    10a0:	3abce7b7          	lui	a5,0x3abce
    10a4:	c6f78793          	addi	a5,a5,-913 # 3abcdc6f <__bss_end+0x3abc861f>
    10a8:	00f54533          	xor	a0,a0,a5
    10ac:	f8350513          	addi	a0,a0,-125
    10b0:	00005737          	lui	a4,0x5
    10b4:	64c72783          	lw	a5,1612(a4) # 564c <g_acc>
    10b8:	00a7c7b3          	xor	a5,a5,a0
    10bc:	64f72623          	sw	a5,1612(a4)
    10c0:	00008067          	ret

000010c4 <f083>:
    10c4:	da2117b7          	lui	a5,0xda211
    10c8:	d6778793          	addi	a5,a5,-665 # da210d67 <__bss_end+0xda20b717>
    10cc:	00f54533          	xor	a0,a0,a5
    10d0:	b8550513          	addi	a0,a0,-1147
    10d4:	00005737          	lui	a4,0x5
    10d8:	64c72783          	lw	a5,1612(a4) # 564c <g_acc>
    10dc:	00a7c7b3          	xor	a5,a5,a0
    10e0:	64f72623          	sw	a5,1612(a4)
    10e4:	00008067          	ret

000010e8 <f084>:
    10e8:	e9c9b7b7          	lui	a5,0xe9c9b
    10ec:	ac778793          	addi	a5,a5,-1337 # e9c9aac7 <__bss_end+0xe9c95477>
    10f0:	00f54533          	xor	a0,a0,a5
    10f4:	51150513          	addi	a0,a0,1297
    10f8:	0148e7b7          	lui	a5,0x148e
    10fc:	8f978793          	addi	a5,a5,-1799 # 148d8f9 <__bss_end+0x14882a9>
    1100:	00f54533          	xor	a0,a0,a5
    1104:	00005737          	lui	a4,0x5
    1108:	64c72783          	lw	a5,1612(a4) # 564c <g_acc>
    110c:	00a7c7b3          	xor	a5,a5,a0
    1110:	64f72623          	sw	a5,1612(a4)
    1114:	00008067          	ret

00001118 <f085>:
    1118:	a7fa17b7          	lui	a5,0xa7fa1
    111c:	09a78793          	addi	a5,a5,154 # a7fa109a <__bss_end+0xa7f9ba4a>
    1120:	00f54533          	xor	a0,a0,a5
    1124:	00005737          	lui	a4,0x5
    1128:	64c72783          	lw	a5,1612(a4) # 564c <g_acc>
    112c:	00a7c7b3          	xor	a5,a5,a0
    1130:	64f72623          	sw	a5,1612(a4)
    1134:	00008067          	ret

00001138 <f086>:
    1138:	aeb677b7          	lui	a5,0xaeb67
    113c:	5b178793          	addi	a5,a5,1457 # aeb675b1 <__bss_end+0xaeb61f61>
    1140:	00f54533          	xor	a0,a0,a5
    1144:	00451793          	slli	a5,a0,0x4
    1148:	01c55513          	srli	a0,a0,0x1c
    114c:	00f56533          	or	a0,a0,a5
    1150:	45a50513          	addi	a0,a0,1114
    1154:	00005737          	lui	a4,0x5
    1158:	64c72783          	lw	a5,1612(a4) # 564c <g_acc>
    115c:	00a7c7b3          	xor	a5,a5,a0
    1160:	64f72623          	sw	a5,1612(a4)
    1164:	00008067          	ret

00001168 <f087>:
    1168:	35654513          	xori	a0,a0,854
    116c:	fed50513          	addi	a0,a0,-19
    1170:	00005737          	lui	a4,0x5
    1174:	64c72783          	lw	a5,1612(a4) # 564c <g_acc>
    1178:	00a7c7b3          	xor	a5,a5,a0
    117c:	64f72623          	sw	a5,1612(a4)
    1180:	00008067          	ret

00001184 <f088>:
    1184:	f5ca37b7          	lui	a5,0xf5ca3
    1188:	16578793          	addi	a5,a5,357 # f5ca3165 <__bss_end+0xf5c9db15>
    118c:	00f54533          	xor	a0,a0,a5
    1190:	000057b7          	lui	a5,0x5
    1194:	64c7a703          	lw	a4,1612(a5) # 564c <g_acc>
    1198:	00a70733          	add	a4,a4,a0
    119c:	64e7a623          	sw	a4,1612(a5)
    11a0:	19c50513          	addi	a0,a0,412
    11a4:	9c5a7737          	lui	a4,0x9c5a7
    11a8:	44770713          	addi	a4,a4,1095 # 9c5a7447 <__bss_end+0x9c5a1df7>
    11ac:	00e54533          	xor	a0,a0,a4
    11b0:	64c7a703          	lw	a4,1612(a5)
    11b4:	00a74733          	xor	a4,a4,a0
    11b8:	64e7a623          	sw	a4,1612(a5)
    11bc:	00008067          	ret

000011c0 <f089>:
    11c0:	e982c7b7          	lui	a5,0xe982c
    11c4:	ace78793          	addi	a5,a5,-1330 # e982bace <__bss_end+0xe982647e>
    11c8:	00f54533          	xor	a0,a0,a5
    11cc:	00005737          	lui	a4,0x5
    11d0:	64c72783          	lw	a5,1612(a4) # 564c <g_acc>
    11d4:	00a7c7b3          	xor	a5,a5,a0
    11d8:	64f72623          	sw	a5,1612(a4)
    11dc:	00008067          	ret

000011e0 <f090>:
    11e0:	30954513          	xori	a0,a0,777
    11e4:	4cb50513          	addi	a0,a0,1227
    11e8:	00005737          	lui	a4,0x5
    11ec:	64c72783          	lw	a5,1612(a4) # 564c <g_acc>
    11f0:	00a7c7b3          	xor	a5,a5,a0
    11f4:	64f72623          	sw	a5,1612(a4)
    11f8:	00008067          	ret

000011fc <f091>:
    11fc:	72ad47b7          	lui	a5,0x72ad4
    1200:	b1578793          	addi	a5,a5,-1259 # 72ad3b15 <__bss_end+0x72ace4c5>
    1204:	00f54533          	xor	a0,a0,a5
    1208:	00005737          	lui	a4,0x5
    120c:	64c72783          	lw	a5,1612(a4) # 564c <g_acc>
    1210:	00a7c7b3          	xor	a5,a5,a0
    1214:	64f72623          	sw	a5,1612(a4)
    1218:	00008067          	ret

0000121c <f092>:
    121c:	422137b7          	lui	a5,0x42213
    1220:	1b878793          	addi	a5,a5,440 # 422131b8 <__bss_end+0x4220db68>
    1224:	00f54533          	xor	a0,a0,a5
    1228:	000057b7          	lui	a5,0x5
    122c:	64c7a703          	lw	a4,1612(a5) # 564c <g_acc>
    1230:	00a70733          	add	a4,a4,a0
    1234:	64e7a623          	sw	a4,1612(a5)
    1238:	a1950513          	addi	a0,a0,-1511
    123c:	00f51713          	slli	a4,a0,0xf
    1240:	01155513          	srli	a0,a0,0x11
    1244:	00e56533          	or	a0,a0,a4
    1248:	b1711737          	lui	a4,0xb1711
    124c:	ff270713          	addi	a4,a4,-14 # b1710ff2 <__bss_end+0xb170b9a2>
    1250:	00e54533          	xor	a0,a0,a4
    1254:	64c7a703          	lw	a4,1612(a5)
    1258:	00a74733          	xor	a4,a4,a0
    125c:	64e7a623          	sw	a4,1612(a5)
    1260:	00008067          	ret

00001264 <f093>:
    1264:	74654513          	xori	a0,a0,1862
    1268:	3ed50513          	addi	a0,a0,1005
    126c:	00e55793          	srli	a5,a0,0xe
    1270:	01251513          	slli	a0,a0,0x12
    1274:	00f56533          	or	a0,a0,a5
    1278:	00005737          	lui	a4,0x5
    127c:	64c72783          	lw	a5,1612(a4) # 564c <g_acc>
    1280:	00a7c7b3          	xor	a5,a5,a0
    1284:	64f72623          	sw	a5,1612(a4)
    1288:	00008067          	ret

0000128c <f094>:
    128c:	f625e7b7          	lui	a5,0xf625e
    1290:	bbf78793          	addi	a5,a5,-1089 # f625dbbf <__bss_end+0xf625856f>
    1294:	00f54533          	xor	a0,a0,a5
    1298:	e9150513          	addi	a0,a0,-367
    129c:	00555793          	srli	a5,a0,0x5
    12a0:	01b51513          	slli	a0,a0,0x1b
    12a4:	00f56533          	or	a0,a0,a5
    12a8:	8c050513          	addi	a0,a0,-1856
    12ac:	00005737          	lui	a4,0x5
    12b0:	64c72783          	lw	a5,1612(a4) # 564c <g_acc>
    12b4:	00a7c7b3          	xor	a5,a5,a0
    12b8:	64f72623          	sw	a5,1612(a4)
    12bc:	00008067          	ret

000012c0 <f095>:
    12c0:	68c54513          	xori	a0,a0,1676
    12c4:	72950513          	addi	a0,a0,1833
    12c8:	00005737          	lui	a4,0x5
    12cc:	64c72783          	lw	a5,1612(a4) # 564c <g_acc>
    12d0:	00a7c7b3          	xor	a5,a5,a0
    12d4:	64f72623          	sw	a5,1612(a4)
    12d8:	00008067          	ret

000012dc <f096>:
    12dc:	45354513          	xori	a0,a0,1107
    12e0:	8c750513          	addi	a0,a0,-1849
    12e4:	00451793          	slli	a5,a0,0x4
    12e8:	01c55513          	srli	a0,a0,0x1c
    12ec:	00f56533          	or	a0,a0,a5
    12f0:	000057b7          	lui	a5,0x5
    12f4:	64c7a703          	lw	a4,1612(a5) # 564c <g_acc>
    12f8:	00a70733          	add	a4,a4,a0
    12fc:	64e7a623          	sw	a4,1612(a5)
    1300:	64c7a703          	lw	a4,1612(a5)
    1304:	00a74733          	xor	a4,a4,a0
    1308:	64e7a623          	sw	a4,1612(a5)
    130c:	00008067          	ret

00001310 <f097>:
    1310:	23854513          	xori	a0,a0,568
    1314:	00755793          	srli	a5,a0,0x7
    1318:	01951513          	slli	a0,a0,0x19
    131c:	00f56533          	or	a0,a0,a5
    1320:	52e837b7          	lui	a5,0x52e83
    1324:	3c178793          	addi	a5,a5,961 # 52e833c1 <__bss_end+0x52e7dd71>
    1328:	00f54533          	xor	a0,a0,a5
    132c:	00005737          	lui	a4,0x5
    1330:	64c72783          	lw	a5,1612(a4) # 564c <g_acc>
    1334:	00a7c7b3          	xor	a5,a5,a0
    1338:	64f72623          	sw	a5,1612(a4)
    133c:	00008067          	ret

00001340 <f098>:
    1340:	27354513          	xori	a0,a0,627
    1344:	00651793          	slli	a5,a0,0x6
    1348:	01a55513          	srli	a0,a0,0x1a
    134c:	00f56533          	or	a0,a0,a5
    1350:	00005737          	lui	a4,0x5
    1354:	64c72783          	lw	a5,1612(a4) # 564c <g_acc>
    1358:	00a7c7b3          	xor	a5,a5,a0
    135c:	64f72623          	sw	a5,1612(a4)
    1360:	00008067          	ret

00001364 <f099>:
    1364:	1c354513          	xori	a0,a0,451
    1368:	68550513          	addi	a0,a0,1669
    136c:	00005737          	lui	a4,0x5
    1370:	64c72783          	lw	a5,1612(a4) # 564c <g_acc>
    1374:	00a7c7b3          	xor	a5,a5,a0
    1378:	64f72623          	sw	a5,1612(a4)
    137c:	00008067          	ret

00001380 <f100>:
    1380:	55d54513          	xori	a0,a0,1373
    1384:	eba50513          	addi	a0,a0,-326
    1388:	00005737          	lui	a4,0x5
    138c:	64c72783          	lw	a5,1612(a4) # 564c <g_acc>
    1390:	00a7c7b3          	xor	a5,a5,a0
    1394:	64f72623          	sw	a5,1612(a4)
    1398:	00008067          	ret

0000139c <f101>:
    139c:	9941c7b7          	lui	a5,0x9941c
    13a0:	45878793          	addi	a5,a5,1112 # 9941c458 <__bss_end+0x99416e08>
    13a4:	00f54533          	xor	a0,a0,a5
    13a8:	000057b7          	lui	a5,0x5
    13ac:	64c7a703          	lw	a4,1612(a5) # 564c <g_acc>
    13b0:	00a70733          	add	a4,a4,a0
    13b4:	64e7a623          	sw	a4,1612(a5)
    13b8:	64c7a703          	lw	a4,1612(a5)
    13bc:	00a70733          	add	a4,a4,a0
    13c0:	64e7a623          	sw	a4,1612(a5)
    13c4:	64c7a703          	lw	a4,1612(a5)
    13c8:	00a74733          	xor	a4,a4,a0
    13cc:	64e7a623          	sw	a4,1612(a5)
    13d0:	00008067          	ret

000013d4 <f102>:
    13d4:	46754513          	xori	a0,a0,1127
    13d8:	000057b7          	lui	a5,0x5
    13dc:	64c7a703          	lw	a4,1612(a5) # 564c <g_acc>
    13e0:	00a70733          	add	a4,a4,a0
    13e4:	64e7a623          	sw	a4,1612(a5)
    13e8:	64c7a703          	lw	a4,1612(a5)
    13ec:	00a74733          	xor	a4,a4,a0
    13f0:	64e7a623          	sw	a4,1612(a5)
    13f4:	00008067          	ret

000013f8 <f103>:
    13f8:	26fc77b7          	lui	a5,0x26fc7
    13fc:	18278793          	addi	a5,a5,386 # 26fc7182 <__bss_end+0x26fc1b32>
    1400:	00f54533          	xor	a0,a0,a5
    1404:	00005737          	lui	a4,0x5
    1408:	64c72783          	lw	a5,1612(a4) # 564c <g_acc>
    140c:	00a7c7b3          	xor	a5,a5,a0
    1410:	64f72623          	sw	a5,1612(a4)
    1414:	00008067          	ret

00001418 <f104>:
    1418:	7a354513          	xori	a0,a0,1955
    141c:	fffff7b7          	lui	a5,0xfffff
    1420:	39e78793          	addi	a5,a5,926 # fffff39e <__bss_end+0xffff9d4e>
    1424:	00f50533          	add	a0,a0,a5
    1428:	00005737          	lui	a4,0x5
    142c:	64c72783          	lw	a5,1612(a4) # 564c <g_acc>
    1430:	00a7c7b3          	xor	a5,a5,a0
    1434:	64f72623          	sw	a5,1612(a4)
    1438:	00008067          	ret

0000143c <f105>:
    143c:	00005737          	lui	a4,0x5
    1440:	64c72683          	lw	a3,1612(a4) # 564c <g_acc>
    1444:	be8e67b7          	lui	a5,0xbe8e6
    1448:	e4378793          	addi	a5,a5,-445 # be8e5e43 <__bss_end+0xbe8e07f3>
    144c:	00f547b3          	xor	a5,a0,a5
    1450:	00d787b3          	add	a5,a5,a3
    1454:	64f72623          	sw	a5,1612(a4)
    1458:	18a827b7          	lui	a5,0x18a82
    145c:	da178793          	addi	a5,a5,-607 # 18a81da1 <__bss_end+0x18a7c751>
    1460:	00f54533          	xor	a0,a0,a5
    1464:	64c72783          	lw	a5,1612(a4)
    1468:	00a787b3          	add	a5,a5,a0
    146c:	64f72623          	sw	a5,1612(a4)
    1470:	64c72783          	lw	a5,1612(a4)
    1474:	00a7c7b3          	xor	a5,a5,a0
    1478:	64f72623          	sw	a5,1612(a4)
    147c:	00008067          	ret

00001480 <f106>:
    1480:	41254513          	xori	a0,a0,1042
    1484:	00651793          	slli	a5,a0,0x6
    1488:	01a55513          	srli	a0,a0,0x1a
    148c:	00f56533          	or	a0,a0,a5
    1490:	00005737          	lui	a4,0x5
    1494:	64c72783          	lw	a5,1612(a4) # 564c <g_acc>
    1498:	00a7c7b3          	xor	a5,a5,a0
    149c:	64f72623          	sw	a5,1612(a4)
    14a0:	00008067          	ret

000014a4 <f107>:
    14a4:	5b354513          	xori	a0,a0,1459
    14a8:	000057b7          	lui	a5,0x5
    14ac:	64c7a703          	lw	a4,1612(a5) # 564c <g_acc>
    14b0:	00a70733          	add	a4,a4,a0
    14b4:	64e7a623          	sw	a4,1612(a5)
    14b8:	64c7a703          	lw	a4,1612(a5)
    14bc:	00a70733          	add	a4,a4,a0
    14c0:	64e7a623          	sw	a4,1612(a5)
    14c4:	64c7a703          	lw	a4,1612(a5)
    14c8:	00a74733          	xor	a4,a4,a0
    14cc:	64e7a623          	sw	a4,1612(a5)
    14d0:	00008067          	ret

000014d4 <f108>:
    14d4:	c3e857b7          	lui	a5,0xc3e85
    14d8:	94678793          	addi	a5,a5,-1722 # c3e84946 <__bss_end+0xc3e7f2f6>
    14dc:	00f54533          	xor	a0,a0,a5
    14e0:	43450513          	addi	a0,a0,1076
    14e4:	00005737          	lui	a4,0x5
    14e8:	64c72783          	lw	a5,1612(a4) # 564c <g_acc>
    14ec:	00a7c7b3          	xor	a5,a5,a0
    14f0:	64f72623          	sw	a5,1612(a4)
    14f4:	00008067          	ret

000014f8 <f109>:
    14f8:	2a354513          	xori	a0,a0,675
    14fc:	00005737          	lui	a4,0x5
    1500:	64c72783          	lw	a5,1612(a4) # 564c <g_acc>
    1504:	59778793          	addi	a5,a5,1431
    1508:	00a787b3          	add	a5,a5,a0
    150c:	64f72623          	sw	a5,1612(a4)
    1510:	73950513          	addi	a0,a0,1849
    1514:	00251793          	slli	a5,a0,0x2
    1518:	01e55513          	srli	a0,a0,0x1e
    151c:	00f56533          	or	a0,a0,a5
    1520:	64c72783          	lw	a5,1612(a4)
    1524:	00a7c7b3          	xor	a5,a5,a0
    1528:	64f72623          	sw	a5,1612(a4)
    152c:	00008067          	ret

00001530 <f110>:
    1530:	1c5b97b7          	lui	a5,0x1c5b9
    1534:	fc778793          	addi	a5,a5,-57 # 1c5b8fc7 <__bss_end+0x1c5b3977>
    1538:	00f54533          	xor	a0,a0,a5
    153c:	00351793          	slli	a5,a0,0x3
    1540:	01d55513          	srli	a0,a0,0x1d
    1544:	00f56533          	or	a0,a0,a5
    1548:	00005737          	lui	a4,0x5
    154c:	64c72783          	lw	a5,1612(a4) # 564c <g_acc>
    1550:	00a7c7b3          	xor	a5,a5,a0
    1554:	64f72623          	sw	a5,1612(a4)
    1558:	00008067          	ret

0000155c <f111>:
    155c:	436d57b7          	lui	a5,0x436d5
    1560:	6a278793          	addi	a5,a5,1698 # 436d56a2 <__bss_end+0x436d0052>
    1564:	00f54533          	xor	a0,a0,a5
    1568:	00005737          	lui	a4,0x5
    156c:	64c72783          	lw	a5,1612(a4) # 564c <g_acc>
    1570:	00a7c7b3          	xor	a5,a5,a0
    1574:	64f72623          	sw	a5,1612(a4)
    1578:	00008067          	ret

0000157c <f112>:
    157c:	86eb37b7          	lui	a5,0x86eb3
    1580:	7fe78793          	addi	a5,a5,2046 # 86eb37fe <__bss_end+0x86eae1ae>
    1584:	00f54533          	xor	a0,a0,a5
    1588:	63f50513          	addi	a0,a0,1599
    158c:	00d51793          	slli	a5,a0,0xd
    1590:	01355513          	srli	a0,a0,0x13
    1594:	00f56533          	or	a0,a0,a5
    1598:	91f267b7          	lui	a5,0x91f26
    159c:	c2378793          	addi	a5,a5,-989 # 91f25c23 <__bss_end+0x91f205d3>
    15a0:	00f54533          	xor	a0,a0,a5
    15a4:	00005737          	lui	a4,0x5
    15a8:	64c72783          	lw	a5,1612(a4) # 564c <g_acc>
    15ac:	00a7c7b3          	xor	a5,a5,a0
    15b0:	64f72623          	sw	a5,1612(a4)
    15b4:	00008067          	ret

000015b8 <f113>:
    15b8:	451097b7          	lui	a5,0x45109
    15bc:	38778793          	addi	a5,a5,903 # 45109387 <__bss_end+0x45103d37>
    15c0:	00f54533          	xor	a0,a0,a5
    15c4:	25150513          	addi	a0,a0,593
    15c8:	000057b7          	lui	a5,0x5
    15cc:	64c7a703          	lw	a4,1612(a5) # 564c <g_acc>
    15d0:	00a70733          	add	a4,a4,a0
    15d4:	64e7a623          	sw	a4,1612(a5)
    15d8:	fa191737          	lui	a4,0xfa191
    15dc:	e6170713          	addi	a4,a4,-415 # fa190e61 <__bss_end+0xfa18b811>
    15e0:	00e54533          	xor	a0,a0,a4
    15e4:	64c7a703          	lw	a4,1612(a5)
    15e8:	00a74733          	xor	a4,a4,a0
    15ec:	64e7a623          	sw	a4,1612(a5)
    15f0:	00008067          	ret

000015f4 <f114>:
    15f4:	6f854793          	xori	a5,a0,1784
    15f8:	00d55513          	srli	a0,a0,0xd
    15fc:	01379793          	slli	a5,a5,0x13
    1600:	00a7e7b3          	or	a5,a5,a0
    1604:	4a9b8537          	lui	a0,0x4a9b8
    1608:	d0850513          	addi	a0,a0,-760 # 4a9b7d08 <__bss_end+0x4a9b26b8>
    160c:	00a7c533          	xor	a0,a5,a0
    1610:	a1b50513          	addi	a0,a0,-1509
    1614:	00005737          	lui	a4,0x5
    1618:	64c72783          	lw	a5,1612(a4) # 564c <g_acc>
    161c:	00a7c7b3          	xor	a5,a5,a0
    1620:	64f72623          	sw	a5,1612(a4)
    1624:	00008067          	ret

00001628 <f115>:
    1628:	7c11d7b7          	lui	a5,0x7c11d
    162c:	f9578793          	addi	a5,a5,-107 # 7c11cf95 <__bss_end+0x7c117945>
    1630:	00f54533          	xor	a0,a0,a5
    1634:	43450513          	addi	a0,a0,1076
    1638:	00005737          	lui	a4,0x5
    163c:	64c72783          	lw	a5,1612(a4) # 564c <g_acc>
    1640:	00a7c7b3          	xor	a5,a5,a0
    1644:	64f72623          	sw	a5,1612(a4)
    1648:	00008067          	ret

0000164c <f116>:
    164c:	877f97b7          	lui	a5,0x877f9
    1650:	87578793          	addi	a5,a5,-1931 # 877f8875 <__bss_end+0x877f3225>
    1654:	00f54533          	xor	a0,a0,a5
    1658:	e7f50513          	addi	a0,a0,-385
    165c:	00005737          	lui	a4,0x5
    1660:	64c72783          	lw	a5,1612(a4) # 564c <g_acc>
    1664:	00a7c7b3          	xor	a5,a5,a0
    1668:	64f72623          	sw	a5,1612(a4)
    166c:	00008067          	ret

00001670 <f117>:
    1670:	28954513          	xori	a0,a0,649
    1674:	000057b7          	lui	a5,0x5
    1678:	64c7a703          	lw	a4,1612(a5) # 564c <g_acc>
    167c:	00a70733          	add	a4,a4,a0
    1680:	64e7a623          	sw	a4,1612(a5)
    1684:	7f050513          	addi	a0,a0,2032
    1688:	a05f1737          	lui	a4,0xa05f1
    168c:	90a70713          	addi	a4,a4,-1782 # a05f090a <__bss_end+0xa05eb2ba>
    1690:	00e54533          	xor	a0,a0,a4
    1694:	64c7a703          	lw	a4,1612(a5)
    1698:	00a74733          	xor	a4,a4,a0
    169c:	64e7a623          	sw	a4,1612(a5)
    16a0:	00008067          	ret

000016a4 <f118>:
    16a4:	25854513          	xori	a0,a0,600
    16a8:	00005737          	lui	a4,0x5
    16ac:	64c72783          	lw	a5,1612(a4) # 564c <g_acc>
    16b0:	89978793          	addi	a5,a5,-1895
    16b4:	00a787b3          	add	a5,a5,a0
    16b8:	64f72623          	sw	a5,1612(a4)
    16bc:	f4250513          	addi	a0,a0,-190
    16c0:	64c72783          	lw	a5,1612(a4)
    16c4:	00a7c7b3          	xor	a5,a5,a0
    16c8:	64f72623          	sw	a5,1612(a4)
    16cc:	00008067          	ret

000016d0 <f119>:
    16d0:	6ab54513          	xori	a0,a0,1707
    16d4:	f9d50513          	addi	a0,a0,-99
    16d8:	548c67b7          	lui	a5,0x548c6
    16dc:	25c78793          	addi	a5,a5,604 # 548c625c <__bss_end+0x548c0c0c>
    16e0:	00f54533          	xor	a0,a0,a5
    16e4:	00155793          	srli	a5,a0,0x1
    16e8:	01f51513          	slli	a0,a0,0x1f
    16ec:	00f56533          	or	a0,a0,a5
    16f0:	00005737          	lui	a4,0x5
    16f4:	64c72783          	lw	a5,1612(a4) # 564c <g_acc>
    16f8:	00a7c7b3          	xor	a5,a5,a0
    16fc:	64f72623          	sw	a5,1612(a4)
    1700:	00008067          	ret

00001704 <f120>:
    1704:	33f6e7b7          	lui	a5,0x33f6e
    1708:	3aa78793          	addi	a5,a5,938 # 33f6e3aa <__bss_end+0x33f68d5a>
    170c:	00f54533          	xor	a0,a0,a5
    1710:	e5950513          	addi	a0,a0,-423
    1714:	00a55793          	srli	a5,a0,0xa
    1718:	01651513          	slli	a0,a0,0x16
    171c:	00f56533          	or	a0,a0,a5
    1720:	8d050513          	addi	a0,a0,-1840
    1724:	a6f607b7          	lui	a5,0xa6f60
    1728:	3c278793          	addi	a5,a5,962 # a6f603c2 <__bss_end+0xa6f5ad72>
    172c:	00f54533          	xor	a0,a0,a5
    1730:	00005737          	lui	a4,0x5
    1734:	64c72783          	lw	a5,1612(a4) # 564c <g_acc>
    1738:	00a7c7b3          	xor	a5,a5,a0
    173c:	64f72623          	sw	a5,1612(a4)
    1740:	00008067          	ret

00001744 <f121>:
    1744:	39d54513          	xori	a0,a0,925
    1748:	bbc50513          	addi	a0,a0,-1092
    174c:	000057b7          	lui	a5,0x5
    1750:	64c7a703          	lw	a4,1612(a5) # 564c <g_acc>
    1754:	00a70733          	add	a4,a4,a0
    1758:	64e7a623          	sw	a4,1612(a5)
    175c:	64c7a703          	lw	a4,1612(a5)
    1760:	00a74733          	xor	a4,a4,a0
    1764:	64e7a623          	sw	a4,1612(a5)
    1768:	00008067          	ret

0000176c <f122>:
    176c:	8ffb27b7          	lui	a5,0x8ffb2
    1770:	c4978793          	addi	a5,a5,-951 # 8ffb1c49 <__bss_end+0x8ffac5f9>
    1774:	00f54533          	xor	a0,a0,a5
    1778:	00005737          	lui	a4,0x5
    177c:	64c72783          	lw	a5,1612(a4) # 564c <g_acc>
    1780:	00a7c7b3          	xor	a5,a5,a0
    1784:	64f72623          	sw	a5,1612(a4)
    1788:	00008067          	ret

0000178c <f123>:
    178c:	d8ba17b7          	lui	a5,0xd8ba1
    1790:	92978793          	addi	a5,a5,-1751 # d8ba0929 <__bss_end+0xd8b9b2d9>
    1794:	00f54533          	xor	a0,a0,a5
    1798:	27450513          	addi	a0,a0,628
    179c:	000057b7          	lui	a5,0x5
    17a0:	64c7a703          	lw	a4,1612(a5) # 564c <g_acc>
    17a4:	00a70733          	add	a4,a4,a0
    17a8:	64e7a623          	sw	a4,1612(a5)
    17ac:	64c7a703          	lw	a4,1612(a5)
    17b0:	00a74733          	xor	a4,a4,a0
    17b4:	64e7a623          	sw	a4,1612(a5)
    17b8:	00008067          	ret

000017bc <f124>:
    17bc:	d8b567b7          	lui	a5,0xd8b56
    17c0:	66d78793          	addi	a5,a5,1645 # d8b5666d <__bss_end+0xd8b5101d>
    17c4:	00f54533          	xor	a0,a0,a5
    17c8:	000057b7          	lui	a5,0x5
    17cc:	64c7a703          	lw	a4,1612(a5) # 564c <g_acc>
    17d0:	00a70733          	add	a4,a4,a0
    17d4:	64e7a623          	sw	a4,1612(a5)
    17d8:	64c7a703          	lw	a4,1612(a5)
    17dc:	00a74733          	xor	a4,a4,a0
    17e0:	64e7a623          	sw	a4,1612(a5)
    17e4:	00008067          	ret

000017e8 <f125>:
    17e8:	6f354513          	xori	a0,a0,1779
    17ec:	000057b7          	lui	a5,0x5
    17f0:	64c7a703          	lw	a4,1612(a5) # 564c <g_acc>
    17f4:	00a70733          	add	a4,a4,a0
    17f8:	64e7a623          	sw	a4,1612(a5)
    17fc:	00d51713          	slli	a4,a0,0xd
    1800:	01355513          	srli	a0,a0,0x13
    1804:	00e56533          	or	a0,a0,a4
    1808:	5ef4d737          	lui	a4,0x5ef4d
    180c:	74770713          	addi	a4,a4,1863 # 5ef4d747 <__bss_end+0x5ef480f7>
    1810:	00e54533          	xor	a0,a0,a4
    1814:	64c7a703          	lw	a4,1612(a5)
    1818:	00a70733          	add	a4,a4,a0
    181c:	64e7a623          	sw	a4,1612(a5)
    1820:	64c7a703          	lw	a4,1612(a5)
    1824:	00a74733          	xor	a4,a4,a0
    1828:	64e7a623          	sw	a4,1612(a5)
    182c:	00008067          	ret

00001830 <f126>:
    1830:	b65c67b7          	lui	a5,0xb65c6
    1834:	b5e78793          	addi	a5,a5,-1186 # b65c5b5e <__bss_end+0xb65c050e>
    1838:	00f54533          	xor	a0,a0,a5
    183c:	000057b7          	lui	a5,0x5
    1840:	64c7a703          	lw	a4,1612(a5) # 564c <g_acc>
    1844:	00a70733          	add	a4,a4,a0
    1848:	64e7a623          	sw	a4,1612(a5)
    184c:	c2c50513          	addi	a0,a0,-980
    1850:	64c7a703          	lw	a4,1612(a5)
    1854:	00a74733          	xor	a4,a4,a0
    1858:	64e7a623          	sw	a4,1612(a5)
    185c:	00008067          	ret

00001860 <f127>:
    1860:	b6f137b7          	lui	a5,0xb6f13
    1864:	27678793          	addi	a5,a5,630 # b6f13276 <__bss_end+0xb6f0dc26>
    1868:	00f54533          	xor	a0,a0,a5
    186c:	00c51793          	slli	a5,a0,0xc
    1870:	01455513          	srli	a0,a0,0x14
    1874:	00f56533          	or	a0,a0,a5
    1878:	3c150513          	addi	a0,a0,961
    187c:	00005737          	lui	a4,0x5
    1880:	64c72783          	lw	a5,1612(a4) # 564c <g_acc>
    1884:	00a7c7b3          	xor	a5,a5,a0
    1888:	64f72623          	sw	a5,1612(a4)
    188c:	00008067          	ret

00001890 <f128>:
    1890:	35354793          	xori	a5,a0,851
    1894:	00a55713          	srli	a4,a0,0xa
    1898:	01679513          	slli	a0,a5,0x16
    189c:	00e56533          	or	a0,a0,a4
    18a0:	ee5f47b7          	lui	a5,0xee5f4
    18a4:	56878793          	addi	a5,a5,1384 # ee5f4568 <__bss_end+0xee5eef18>
    18a8:	00f54533          	xor	a0,a0,a5
    18ac:	00005737          	lui	a4,0x5
    18b0:	64c72783          	lw	a5,1612(a4) # 564c <g_acc>
    18b4:	00a7c7b3          	xor	a5,a5,a0
    18b8:	64f72623          	sw	a5,1612(a4)
    18bc:	00008067          	ret

000018c0 <f129>:
    18c0:	42b54513          	xori	a0,a0,1067
    18c4:	00351793          	slli	a5,a0,0x3
    18c8:	01d55513          	srli	a0,a0,0x1d
    18cc:	00f56533          	or	a0,a0,a5
    18d0:	9be50513          	addi	a0,a0,-1602
    18d4:	ff27f7b7          	lui	a5,0xff27f
    18d8:	74478793          	addi	a5,a5,1860 # ff27f744 <__bss_end+0xff27a0f4>
    18dc:	00f54533          	xor	a0,a0,a5
    18e0:	6c050513          	addi	a0,a0,1728
    18e4:	00005737          	lui	a4,0x5
    18e8:	64c72783          	lw	a5,1612(a4) # 564c <g_acc>
    18ec:	00a7c7b3          	xor	a5,a5,a0
    18f0:	64f72623          	sw	a5,1612(a4)
    18f4:	00008067          	ret

000018f8 <f130>:
    18f8:	5d57e7b7          	lui	a5,0x5d57e
    18fc:	9d778793          	addi	a5,a5,-1577 # 5d57d9d7 <__bss_end+0x5d578387>
    1900:	00f54533          	xor	a0,a0,a5
    1904:	7cf50513          	addi	a0,a0,1999
    1908:	00451793          	slli	a5,a0,0x4
    190c:	01c55513          	srli	a0,a0,0x1c
    1910:	00f56533          	or	a0,a0,a5
    1914:	00005737          	lui	a4,0x5
    1918:	64c72783          	lw	a5,1612(a4) # 564c <g_acc>
    191c:	00a7c7b3          	xor	a5,a5,a0
    1920:	64f72623          	sw	a5,1612(a4)
    1924:	00008067          	ret

00001928 <f131>:
    1928:	1b7ad7b7          	lui	a5,0x1b7ad
    192c:	cb878793          	addi	a5,a5,-840 # 1b7accb8 <__bss_end+0x1b7a7668>
    1930:	00f54533          	xor	a0,a0,a5
    1934:	6bd50513          	addi	a0,a0,1725
    1938:	000057b7          	lui	a5,0x5
    193c:	64c7a703          	lw	a4,1612(a5) # 564c <g_acc>
    1940:	00a70733          	add	a4,a4,a0
    1944:	64e7a623          	sw	a4,1612(a5)
    1948:	00351713          	slli	a4,a0,0x3
    194c:	01d55513          	srli	a0,a0,0x1d
    1950:	00e56533          	or	a0,a0,a4
    1954:	64c7a703          	lw	a4,1612(a5)
    1958:	00a74733          	xor	a4,a4,a0
    195c:	64e7a623          	sw	a4,1612(a5)
    1960:	00008067          	ret

00001964 <f132>:
    1964:	196127b7          	lui	a5,0x19612
    1968:	30078793          	addi	a5,a5,768 # 19612300 <__bss_end+0x1960ccb0>
    196c:	00f54533          	xor	a0,a0,a5
    1970:	69a50513          	addi	a0,a0,1690
    1974:	00005737          	lui	a4,0x5
    1978:	64c72783          	lw	a5,1612(a4) # 564c <g_acc>
    197c:	00a7c7b3          	xor	a5,a5,a0
    1980:	64f72623          	sw	a5,1612(a4)
    1984:	00008067          	ret

00001988 <f133>:
    1988:	b0a177b7          	lui	a5,0xb0a17
    198c:	e0278793          	addi	a5,a5,-510 # b0a16e02 <__bss_end+0xb0a117b2>
    1990:	00f54533          	xor	a0,a0,a5
    1994:	8df50513          	addi	a0,a0,-1825
    1998:	000057b7          	lui	a5,0x5
    199c:	64c7a703          	lw	a4,1612(a5) # 564c <g_acc>
    19a0:	00a70733          	add	a4,a4,a0
    19a4:	64e7a623          	sw	a4,1612(a5)
    19a8:	00b51713          	slli	a4,a0,0xb
    19ac:	01555513          	srli	a0,a0,0x15
    19b0:	00e56533          	or	a0,a0,a4
    19b4:	64c7a703          	lw	a4,1612(a5)
    19b8:	00a74733          	xor	a4,a4,a0
    19bc:	64e7a623          	sw	a4,1612(a5)
    19c0:	00008067          	ret

000019c4 <f134>:
    19c4:	22954513          	xori	a0,a0,553
    19c8:	ff850513          	addi	a0,a0,-8
    19cc:	00005737          	lui	a4,0x5
    19d0:	64c72783          	lw	a5,1612(a4) # 564c <g_acc>
    19d4:	00a7c7b3          	xor	a5,a5,a0
    19d8:	64f72623          	sw	a5,1612(a4)
    19dc:	00008067          	ret

000019e0 <f135>:
    19e0:	d6c037b7          	lui	a5,0xd6c03
    19e4:	d0578793          	addi	a5,a5,-763 # d6c02d05 <__bss_end+0xd6bfd6b5>
    19e8:	00f54533          	xor	a0,a0,a5
    19ec:	000057b7          	lui	a5,0x5
    19f0:	64c7a703          	lw	a4,1612(a5) # 564c <g_acc>
    19f4:	00a70733          	add	a4,a4,a0
    19f8:	64e7a623          	sw	a4,1612(a5)
    19fc:	64c7a703          	lw	a4,1612(a5)
    1a00:	00a70733          	add	a4,a4,a0
    1a04:	64e7a623          	sw	a4,1612(a5)
    1a08:	64c7a703          	lw	a4,1612(a5)
    1a0c:	00a70733          	add	a4,a4,a0
    1a10:	64e7a623          	sw	a4,1612(a5)
    1a14:	64c7a703          	lw	a4,1612(a5)
    1a18:	00a74733          	xor	a4,a4,a0
    1a1c:	64e7a623          	sw	a4,1612(a5)
    1a20:	00008067          	ret

00001a24 <f136>:
    1a24:	5b354513          	xori	a0,a0,1459
    1a28:	00005737          	lui	a4,0x5
    1a2c:	64c72783          	lw	a5,1612(a4) # 564c <g_acc>
    1a30:	5fc78793          	addi	a5,a5,1532
    1a34:	00a787b3          	add	a5,a5,a0
    1a38:	64f72623          	sw	a5,1612(a4)
    1a3c:	000017b7          	lui	a5,0x1
    1a40:	9e278793          	addi	a5,a5,-1566 # 9e2 <f044+0x26>
    1a44:	00f50533          	add	a0,a0,a5
    1a48:	64c72783          	lw	a5,1612(a4)
    1a4c:	00a7c7b3          	xor	a5,a5,a0
    1a50:	64f72623          	sw	a5,1612(a4)
    1a54:	00008067          	ret

00001a58 <f137>:
    1a58:	3b6727b7          	lui	a5,0x3b672
    1a5c:	6c778793          	addi	a5,a5,1735 # 3b6726c7 <__bss_end+0x3b66d077>
    1a60:	00f54533          	xor	a0,a0,a5
    1a64:	71950513          	addi	a0,a0,1817
    1a68:	00005737          	lui	a4,0x5
    1a6c:	64c72783          	lw	a5,1612(a4) # 564c <g_acc>
    1a70:	00a7c7b3          	xor	a5,a5,a0
    1a74:	64f72623          	sw	a5,1612(a4)
    1a78:	00008067          	ret

00001a7c <f138>:
    1a7c:	2c200737          	lui	a4,0x2c200
    1a80:	dd170713          	addi	a4,a4,-559 # 2c1ffdd1 <__bss_end+0x2c1fa781>
    1a84:	00e54733          	xor	a4,a0,a4
    1a88:	000057b7          	lui	a5,0x5
    1a8c:	64c7a683          	lw	a3,1612(a5) # 564c <g_acc>
    1a90:	00e686b3          	add	a3,a3,a4
    1a94:	64d7a623          	sw	a3,1612(a5)
    1a98:	64c7a683          	lw	a3,1612(a5)
    1a9c:	00e68733          	add	a4,a3,a4
    1aa0:	64e7a623          	sw	a4,1612(a5)
    1aa4:	b5e6a737          	lui	a4,0xb5e6a
    1aa8:	7b170713          	addi	a4,a4,1969 # b5e6a7b1 <__bss_end+0xb5e65161>
    1aac:	00e54533          	xor	a0,a0,a4
    1ab0:	64c7a703          	lw	a4,1612(a5)
    1ab4:	00a74733          	xor	a4,a4,a0
    1ab8:	64e7a623          	sw	a4,1612(a5)
    1abc:	00008067          	ret

00001ac0 <f139>:
    1ac0:	d16947b7          	lui	a5,0xd1694
    1ac4:	5df78793          	addi	a5,a5,1503 # d16945df <__bss_end+0xd168ef8f>
    1ac8:	00f54533          	xor	a0,a0,a5
    1acc:	00005737          	lui	a4,0x5
    1ad0:	64c72783          	lw	a5,1612(a4) # 564c <g_acc>
    1ad4:	00a7c7b3          	xor	a5,a5,a0
    1ad8:	64f72623          	sw	a5,1612(a4)
    1adc:	00008067          	ret

00001ae0 <f140>:
    1ae0:	4db54513          	xori	a0,a0,1243
    1ae4:	0ae50513          	addi	a0,a0,174
    1ae8:	00455793          	srli	a5,a0,0x4
    1aec:	01c51513          	slli	a0,a0,0x1c
    1af0:	00f56533          	or	a0,a0,a5
    1af4:	01050513          	addi	a0,a0,16
    1af8:	00005737          	lui	a4,0x5
    1afc:	64c72783          	lw	a5,1612(a4) # 564c <g_acc>
    1b00:	00a7c7b3          	xor	a5,a5,a0
    1b04:	64f72623          	sw	a5,1612(a4)
    1b08:	00008067          	ret

00001b0c <f141>:
    1b0c:	03c3c7b7          	lui	a5,0x3c3c
    1b10:	a9f78793          	addi	a5,a5,-1377 # 3c3ba9f <__bss_end+0x3c3644f>
    1b14:	00f54533          	xor	a0,a0,a5
    1b18:	40c50513          	addi	a0,a0,1036
    1b1c:	00005737          	lui	a4,0x5
    1b20:	64c72783          	lw	a5,1612(a4) # 564c <g_acc>
    1b24:	00a7c7b3          	xor	a5,a5,a0
    1b28:	64f72623          	sw	a5,1612(a4)
    1b2c:	00008067          	ret

00001b30 <f142>:
    1b30:	5bb54513          	xori	a0,a0,1467
    1b34:	40f50513          	addi	a0,a0,1039
    1b38:	00005737          	lui	a4,0x5
    1b3c:	64c72783          	lw	a5,1612(a4) # 564c <g_acc>
    1b40:	00a7c7b3          	xor	a5,a5,a0
    1b44:	64f72623          	sw	a5,1612(a4)
    1b48:	00008067          	ret

00001b4c <f143>:
    1b4c:	30b54513          	xori	a0,a0,779
    1b50:	000057b7          	lui	a5,0x5
    1b54:	64c7a703          	lw	a4,1612(a5) # 564c <g_acc>
    1b58:	00a70733          	add	a4,a4,a0
    1b5c:	64e7a623          	sw	a4,1612(a5)
    1b60:	97450513          	addi	a0,a0,-1676
    1b64:	64c7a703          	lw	a4,1612(a5)
    1b68:	00a70733          	add	a4,a4,a0
    1b6c:	64e7a623          	sw	a4,1612(a5)
    1b70:	64c7a703          	lw	a4,1612(a5)
    1b74:	00a74733          	xor	a4,a4,a0
    1b78:	64e7a623          	sw	a4,1612(a5)
    1b7c:	00008067          	ret

00001b80 <f144>:
    1b80:	2d11b7b7          	lui	a5,0x2d11b
    1b84:	a7578793          	addi	a5,a5,-1419 # 2d11aa75 <__bss_end+0x2d115425>
    1b88:	00f54533          	xor	a0,a0,a5
    1b8c:	000057b7          	lui	a5,0x5
    1b90:	64c7a703          	lw	a4,1612(a5) # 564c <g_acc>
    1b94:	00a70733          	add	a4,a4,a0
    1b98:	64e7a623          	sw	a4,1612(a5)
    1b9c:	5d650513          	addi	a0,a0,1494
    1ba0:	64c7a703          	lw	a4,1612(a5)
    1ba4:	00a70733          	add	a4,a4,a0
    1ba8:	64e7a623          	sw	a4,1612(a5)
    1bac:	64c7a703          	lw	a4,1612(a5)
    1bb0:	00a74733          	xor	a4,a4,a0
    1bb4:	64e7a623          	sw	a4,1612(a5)
    1bb8:	00008067          	ret

00001bbc <f145>:
    1bbc:	b09017b7          	lui	a5,0xb0901
    1bc0:	c5578793          	addi	a5,a5,-939 # b0900c55 <__bss_end+0xb08fb605>
    1bc4:	00f54533          	xor	a0,a0,a5
    1bc8:	00f51793          	slli	a5,a0,0xf
    1bcc:	01155513          	srli	a0,a0,0x11
    1bd0:	00f56533          	or	a0,a0,a5
    1bd4:	00005737          	lui	a4,0x5
    1bd8:	64c72783          	lw	a5,1612(a4) # 564c <g_acc>
    1bdc:	00a7c7b3          	xor	a5,a5,a0
    1be0:	64f72623          	sw	a5,1612(a4)
    1be4:	00008067          	ret

00001be8 <f146>:
    1be8:	59254513          	xori	a0,a0,1426
    1bec:	00451793          	slli	a5,a0,0x4
    1bf0:	01c55513          	srli	a0,a0,0x1c
    1bf4:	00f56533          	or	a0,a0,a5
    1bf8:	d3a50513          	addi	a0,a0,-710
    1bfc:	1523f7b7          	lui	a5,0x1523f
    1c00:	01078793          	addi	a5,a5,16 # 1523f010 <__bss_end+0x152399c0>
    1c04:	00f54533          	xor	a0,a0,a5
    1c08:	00005737          	lui	a4,0x5
    1c0c:	64c72783          	lw	a5,1612(a4) # 564c <g_acc>
    1c10:	00a7c7b3          	xor	a5,a5,a0
    1c14:	64f72623          	sw	a5,1612(a4)
    1c18:	00008067          	ret

00001c1c <f147>:
    1c1c:	1485d7b7          	lui	a5,0x1485d
    1c20:	fd478793          	addi	a5,a5,-44 # 1485cfd4 <__bss_end+0x14857984>
    1c24:	00f54533          	xor	a0,a0,a5
    1c28:	00251793          	slli	a5,a0,0x2
    1c2c:	01e55513          	srli	a0,a0,0x1e
    1c30:	00f56533          	or	a0,a0,a5
    1c34:	39250513          	addi	a0,a0,914
    1c38:	00555793          	srli	a5,a0,0x5
    1c3c:	01b51513          	slli	a0,a0,0x1b
    1c40:	00f56533          	or	a0,a0,a5
    1c44:	00005737          	lui	a4,0x5
    1c48:	64c72783          	lw	a5,1612(a4) # 564c <g_acc>
    1c4c:	00a7c7b3          	xor	a5,a5,a0
    1c50:	64f72623          	sw	a5,1612(a4)
    1c54:	00008067          	ret

00001c58 <f148>:
    1c58:	45554513          	xori	a0,a0,1109
    1c5c:	000057b7          	lui	a5,0x5
    1c60:	64c7a703          	lw	a4,1612(a5) # 564c <g_acc>
    1c64:	00a70733          	add	a4,a4,a0
    1c68:	64e7a623          	sw	a4,1612(a5)
    1c6c:	00e55713          	srli	a4,a0,0xe
    1c70:	01251513          	slli	a0,a0,0x12
    1c74:	00e56533          	or	a0,a0,a4
    1c78:	64c7a703          	lw	a4,1612(a5)
    1c7c:	00a74733          	xor	a4,a4,a0
    1c80:	64e7a623          	sw	a4,1612(a5)
    1c84:	00008067          	ret

00001c88 <f149>:
    1c88:	72f527b7          	lui	a5,0x72f52
    1c8c:	bfd78793          	addi	a5,a5,-1027 # 72f51bfd <__bss_end+0x72f4c5ad>
    1c90:	00f54533          	xor	a0,a0,a5
    1c94:	000057b7          	lui	a5,0x5
    1c98:	64c7a703          	lw	a4,1612(a5) # 564c <g_acc>
    1c9c:	00a70733          	add	a4,a4,a0
    1ca0:	64e7a623          	sw	a4,1612(a5)
    1ca4:	7ac50513          	addi	a0,a0,1964
    1ca8:	64c7a703          	lw	a4,1612(a5)
    1cac:	00a74733          	xor	a4,a4,a0
    1cb0:	64e7a623          	sw	a4,1612(a5)
    1cb4:	00008067          	ret

00001cb8 <f150>:
    1cb8:	14754513          	xori	a0,a0,327
    1cbc:	00151793          	slli	a5,a0,0x1
    1cc0:	01f55513          	srli	a0,a0,0x1f
    1cc4:	00f56533          	or	a0,a0,a5
    1cc8:	d6d677b7          	lui	a5,0xd6d67
    1ccc:	16278793          	addi	a5,a5,354 # d6d67162 <__bss_end+0xd6d61b12>
    1cd0:	00f54533          	xor	a0,a0,a5
    1cd4:	00005737          	lui	a4,0x5
    1cd8:	64c72783          	lw	a5,1612(a4) # 564c <g_acc>
    1cdc:	00a7c7b3          	xor	a5,a5,a0
    1ce0:	64f72623          	sw	a5,1612(a4)
    1ce4:	00008067          	ret

00001ce8 <f151>:
    1ce8:	2c754513          	xori	a0,a0,711
    1cec:	00451793          	slli	a5,a0,0x4
    1cf0:	01c55513          	srli	a0,a0,0x1c
    1cf4:	00f56533          	or	a0,a0,a5
    1cf8:	00005737          	lui	a4,0x5
    1cfc:	64c72783          	lw	a5,1612(a4) # 564c <g_acc>
    1d00:	00a7c7b3          	xor	a5,a5,a0
    1d04:	64f72623          	sw	a5,1612(a4)
    1d08:	00008067          	ret

00001d0c <f152>:
    1d0c:	43254513          	xori	a0,a0,1074
    1d10:	00651793          	slli	a5,a0,0x6
    1d14:	01a55513          	srli	a0,a0,0x1a
    1d18:	00f56533          	or	a0,a0,a5
    1d1c:	4ea50513          	addi	a0,a0,1258
    1d20:	00005737          	lui	a4,0x5
    1d24:	64c72783          	lw	a5,1612(a4) # 564c <g_acc>
    1d28:	00a7c7b3          	xor	a5,a5,a0
    1d2c:	64f72623          	sw	a5,1612(a4)
    1d30:	00008067          	ret

00001d34 <f153>:
    1d34:	49854513          	xori	a0,a0,1176
    1d38:	fb450513          	addi	a0,a0,-76
    1d3c:	00151793          	slli	a5,a0,0x1
    1d40:	01f55513          	srli	a0,a0,0x1f
    1d44:	00f56533          	or	a0,a0,a5
    1d48:	00005737          	lui	a4,0x5
    1d4c:	64c72783          	lw	a5,1612(a4) # 564c <g_acc>
    1d50:	00a7c7b3          	xor	a5,a5,a0
    1d54:	64f72623          	sw	a5,1612(a4)
    1d58:	00008067          	ret

00001d5c <f154>:
    1d5c:	628dd7b7          	lui	a5,0x628dd
    1d60:	c7778793          	addi	a5,a5,-905 # 628dcc77 <__bss_end+0x628d7627>
    1d64:	00f54533          	xor	a0,a0,a5
    1d68:	82950513          	addi	a0,a0,-2007
    1d6c:	00005737          	lui	a4,0x5
    1d70:	64c72783          	lw	a5,1612(a4) # 564c <g_acc>
    1d74:	00a7c7b3          	xor	a5,a5,a0
    1d78:	64f72623          	sw	a5,1612(a4)
    1d7c:	00008067          	ret

00001d80 <f155>:
    1d80:	5a354793          	xori	a5,a0,1443
    1d84:	00b55713          	srli	a4,a0,0xb
    1d88:	01579513          	slli	a0,a5,0x15
    1d8c:	00e56533          	or	a0,a0,a4
    1d90:	00005737          	lui	a4,0x5
    1d94:	64c72783          	lw	a5,1612(a4) # 564c <g_acc>
    1d98:	00a7c7b3          	xor	a5,a5,a0
    1d9c:	64f72623          	sw	a5,1612(a4)
    1da0:	00008067          	ret

00001da4 <f156>:
    1da4:	1c154513          	xori	a0,a0,449
    1da8:	cf550513          	addi	a0,a0,-779
    1dac:	00005737          	lui	a4,0x5
    1db0:	64c72783          	lw	a5,1612(a4) # 564c <g_acc>
    1db4:	00a7c7b3          	xor	a5,a5,a0
    1db8:	64f72623          	sw	a5,1612(a4)
    1dbc:	00008067          	ret

00001dc0 <f157>:
    1dc0:	c25937b7          	lui	a5,0xc2593
    1dc4:	79278793          	addi	a5,a5,1938 # c2593792 <__bss_end+0xc258e142>
    1dc8:	00f54533          	xor	a0,a0,a5
    1dcc:	07d50513          	addi	a0,a0,125
    1dd0:	00005737          	lui	a4,0x5
    1dd4:	64c72783          	lw	a5,1612(a4) # 564c <g_acc>
    1dd8:	00a7c7b3          	xor	a5,a5,a0
    1ddc:	64f72623          	sw	a5,1612(a4)
    1de0:	00008067          	ret

00001de4 <f158>:
    1de4:	d1aed7b7          	lui	a5,0xd1aed
    1de8:	6ce78793          	addi	a5,a5,1742 # d1aed6ce <__bss_end+0xd1ae807e>
    1dec:	00f54533          	xor	a0,a0,a5
    1df0:	23750513          	addi	a0,a0,567
    1df4:	00005737          	lui	a4,0x5
    1df8:	64c72783          	lw	a5,1612(a4) # 564c <g_acc>
    1dfc:	00a7c7b3          	xor	a5,a5,a0
    1e00:	64f72623          	sw	a5,1612(a4)
    1e04:	00008067          	ret

00001e08 <f159>:
    1e08:	5e754513          	xori	a0,a0,1511
    1e0c:	000057b7          	lui	a5,0x5
    1e10:	64c7a703          	lw	a4,1612(a5) # 564c <g_acc>
    1e14:	00a70733          	add	a4,a4,a0
    1e18:	64e7a623          	sw	a4,1612(a5)
    1e1c:	0c950513          	addi	a0,a0,201
    1e20:	64c7a703          	lw	a4,1612(a5)
    1e24:	00a74733          	xor	a4,a4,a0
    1e28:	64e7a623          	sw	a4,1612(a5)
    1e2c:	00008067          	ret

00001e30 <f160>:
    1e30:	660157b7          	lui	a5,0x66015
    1e34:	1cd78793          	addi	a5,a5,461 # 660151cd <__bss_end+0x6600fb7d>
    1e38:	00f54533          	xor	a0,a0,a5
    1e3c:	000057b7          	lui	a5,0x5
    1e40:	64c7a703          	lw	a4,1612(a5) # 564c <g_acc>
    1e44:	00a70733          	add	a4,a4,a0
    1e48:	64e7a623          	sw	a4,1612(a5)
    1e4c:	30950513          	addi	a0,a0,777
    1e50:	64c7a703          	lw	a4,1612(a5)
    1e54:	00a74733          	xor	a4,a4,a0
    1e58:	64e7a623          	sw	a4,1612(a5)
    1e5c:	00008067          	ret

00001e60 <f161>:
    1e60:	d2a427b7          	lui	a5,0xd2a42
    1e64:	94d78793          	addi	a5,a5,-1715 # d2a4194d <__bss_end+0xd2a3c2fd>
    1e68:	00f54533          	xor	a0,a0,a5
    1e6c:	00005737          	lui	a4,0x5
    1e70:	64c72783          	lw	a5,1612(a4) # 564c <g_acc>
    1e74:	00a7c7b3          	xor	a5,a5,a0
    1e78:	64f72623          	sw	a5,1612(a4)
    1e7c:	00008067          	ret

00001e80 <f162>:
    1e80:	8d37f7b7          	lui	a5,0x8d37f
    1e84:	eda78793          	addi	a5,a5,-294 # 8d37eeda <__bss_end+0x8d37988a>
    1e88:	00f54533          	xor	a0,a0,a5
    1e8c:	03650513          	addi	a0,a0,54
    1e90:	00005737          	lui	a4,0x5
    1e94:	64c72783          	lw	a5,1612(a4) # 564c <g_acc>
    1e98:	00a7c7b3          	xor	a5,a5,a0
    1e9c:	64f72623          	sw	a5,1612(a4)
    1ea0:	00008067          	ret

00001ea4 <f163>:
    1ea4:	87abc7b7          	lui	a5,0x87abc
    1ea8:	67478793          	addi	a5,a5,1652 # 87abc674 <__bss_end+0x87ab7024>
    1eac:	00f54533          	xor	a0,a0,a5
    1eb0:	00751793          	slli	a5,a0,0x7
    1eb4:	01955513          	srli	a0,a0,0x19
    1eb8:	00f56533          	or	a0,a0,a5
    1ebc:	000057b7          	lui	a5,0x5
    1ec0:	64c7a703          	lw	a4,1612(a5) # 564c <g_acc>
    1ec4:	00a70733          	add	a4,a4,a0
    1ec8:	64e7a623          	sw	a4,1612(a5)
    1ecc:	64c7a703          	lw	a4,1612(a5)
    1ed0:	00a70733          	add	a4,a4,a0
    1ed4:	64e7a623          	sw	a4,1612(a5)
    1ed8:	64c7a703          	lw	a4,1612(a5)
    1edc:	00a74733          	xor	a4,a4,a0
    1ee0:	64e7a623          	sw	a4,1612(a5)
    1ee4:	00008067          	ret

00001ee8 <f164>:
    1ee8:	1a754513          	xori	a0,a0,423
    1eec:	53650513          	addi	a0,a0,1334
    1ef0:	00e51793          	slli	a5,a0,0xe
    1ef4:	01255513          	srli	a0,a0,0x12
    1ef8:	00f56533          	or	a0,a0,a5
    1efc:	d66577b7          	lui	a5,0xd6657
    1f00:	95f78793          	addi	a5,a5,-1697 # d665695f <__bss_end+0xd665130f>
    1f04:	00f54533          	xor	a0,a0,a5
    1f08:	00005737          	lui	a4,0x5
    1f0c:	64c72783          	lw	a5,1612(a4) # 564c <g_acc>
    1f10:	00a7c7b3          	xor	a5,a5,a0
    1f14:	64f72623          	sw	a5,1612(a4)
    1f18:	00008067          	ret

00001f1c <f165>:
    1f1c:	eb0327b7          	lui	a5,0xeb032
    1f20:	16b78793          	addi	a5,a5,363 # eb03216b <__bss_end+0xeb02cb1b>
    1f24:	00f54533          	xor	a0,a0,a5
    1f28:	5a950513          	addi	a0,a0,1449
    1f2c:	00005737          	lui	a4,0x5
    1f30:	64c72783          	lw	a5,1612(a4) # 564c <g_acc>
    1f34:	00a7c7b3          	xor	a5,a5,a0
    1f38:	64f72623          	sw	a5,1612(a4)
    1f3c:	00008067          	ret

00001f40 <f166>:
    1f40:	022be7b7          	lui	a5,0x22be
    1f44:	55b78793          	addi	a5,a5,1371 # 22be55b <__bss_end+0x22b8f0b>
    1f48:	00f54533          	xor	a0,a0,a5
    1f4c:	0df50513          	addi	a0,a0,223
    1f50:	00005737          	lui	a4,0x5
    1f54:	64c72683          	lw	a3,1612(a4) # 564c <g_acc>
    1f58:	01051793          	slli	a5,a0,0x10
    1f5c:	01055613          	srli	a2,a0,0x10
    1f60:	00c7e7b3          	or	a5,a5,a2
    1f64:	00d787b3          	add	a5,a5,a3
    1f68:	64f72623          	sw	a5,1612(a4)
    1f6c:	00a55793          	srli	a5,a0,0xa
    1f70:	01651513          	slli	a0,a0,0x16
    1f74:	00f56533          	or	a0,a0,a5
    1f78:	64c72783          	lw	a5,1612(a4)
    1f7c:	00a7c7b3          	xor	a5,a5,a0
    1f80:	64f72623          	sw	a5,1612(a4)
    1f84:	00008067          	ret

00001f88 <f167>:
    1f88:	af1c77b7          	lui	a5,0xaf1c7
    1f8c:	5e878793          	addi	a5,a5,1512 # af1c75e8 <__bss_end+0xaf1c1f98>
    1f90:	00f54533          	xor	a0,a0,a5
    1f94:	00b55793          	srli	a5,a0,0xb
    1f98:	01551513          	slli	a0,a0,0x15
    1f9c:	00f56533          	or	a0,a0,a5
    1fa0:	00005737          	lui	a4,0x5
    1fa4:	64c72783          	lw	a5,1612(a4) # 564c <g_acc>
    1fa8:	00a7c7b3          	xor	a5,a5,a0
    1fac:	64f72623          	sw	a5,1612(a4)
    1fb0:	00008067          	ret

00001fb4 <f168>:
    1fb4:	000057b7          	lui	a5,0x5
    1fb8:	64c7a683          	lw	a3,1612(a5) # 564c <g_acc>
    1fbc:	3cb54713          	xori	a4,a0,971
    1fc0:	00d70733          	add	a4,a4,a3
    1fc4:	64e7a623          	sw	a4,1612(a5)
    1fc8:	36627737          	lui	a4,0x36627
    1fcc:	a8d70713          	addi	a4,a4,-1395 # 36626a8d <__bss_end+0x3662143d>
    1fd0:	00e54533          	xor	a0,a0,a4
    1fd4:	64c7a703          	lw	a4,1612(a5)
    1fd8:	00a74733          	xor	a4,a4,a0
    1fdc:	64e7a623          	sw	a4,1612(a5)
    1fe0:	00008067          	ret

00001fe4 <f169>:
    1fe4:	43854513          	xori	a0,a0,1080
    1fe8:	25b50513          	addi	a0,a0,603
    1fec:	8453e7b7          	lui	a5,0x8453e
    1ff0:	74378793          	addi	a5,a5,1859 # 8453e743 <__bss_end+0x845390f3>
    1ff4:	00f54533          	xor	a0,a0,a5
    1ff8:	00c51793          	slli	a5,a0,0xc
    1ffc:	01455513          	srli	a0,a0,0x14
    2000:	00f56533          	or	a0,a0,a5
    2004:	00005737          	lui	a4,0x5
    2008:	64c72783          	lw	a5,1612(a4) # 564c <g_acc>
    200c:	00a7c7b3          	xor	a5,a5,a0
    2010:	64f72623          	sw	a5,1612(a4)
    2014:	00008067          	ret

00002018 <f170>:
    2018:	3c12b7b7          	lui	a5,0x3c12b
    201c:	b2478793          	addi	a5,a5,-1244 # 3c12ab24 <__bss_end+0x3c1254d4>
    2020:	00f54533          	xor	a0,a0,a5
    2024:	00155793          	srli	a5,a0,0x1
    2028:	01f51513          	slli	a0,a0,0x1f
    202c:	00f56533          	or	a0,a0,a5
    2030:	fffff7b7          	lui	a5,0xfffff
    2034:	e4078793          	addi	a5,a5,-448 # ffffee40 <__bss_end+0xffff97f0>
    2038:	00f50533          	add	a0,a0,a5
    203c:	00005737          	lui	a4,0x5
    2040:	64c72783          	lw	a5,1612(a4) # 564c <g_acc>
    2044:	00a7c7b3          	xor	a5,a5,a0
    2048:	64f72623          	sw	a5,1612(a4)
    204c:	00008067          	ret

00002050 <f171>:
    2050:	3a654513          	xori	a0,a0,934
    2054:	00955793          	srli	a5,a0,0x9
    2058:	01751513          	slli	a0,a0,0x17
    205c:	00f56533          	or	a0,a0,a5
    2060:	9c8c87b7          	lui	a5,0x9c8c8
    2064:	69878793          	addi	a5,a5,1688 # 9c8c8698 <__bss_end+0x9c8c3048>
    2068:	00f54533          	xor	a0,a0,a5
    206c:	00351793          	slli	a5,a0,0x3
    2070:	01d55513          	srli	a0,a0,0x1d
    2074:	00f56533          	or	a0,a0,a5
    2078:	87a50513          	addi	a0,a0,-1926
    207c:	00005737          	lui	a4,0x5
    2080:	64c72783          	lw	a5,1612(a4) # 564c <g_acc>
    2084:	00a7c7b3          	xor	a5,a5,a0
    2088:	64f72623          	sw	a5,1612(a4)
    208c:	00008067          	ret

00002090 <f172>:
    2090:	23c54513          	xori	a0,a0,572
    2094:	000057b7          	lui	a5,0x5
    2098:	64c7a703          	lw	a4,1612(a5) # 564c <g_acc>
    209c:	00a70733          	add	a4,a4,a0
    20a0:	64e7a623          	sw	a4,1612(a5)
    20a4:	bda50513          	addi	a0,a0,-1062
    20a8:	64c7a703          	lw	a4,1612(a5)
    20ac:	00a74733          	xor	a4,a4,a0
    20b0:	64e7a623          	sw	a4,1612(a5)
    20b4:	00008067          	ret

000020b8 <f173>:
    20b8:	36154513          	xori	a0,a0,865
    20bc:	2c450513          	addi	a0,a0,708
    20c0:	00005737          	lui	a4,0x5
    20c4:	64c72783          	lw	a5,1612(a4) # 564c <g_acc>
    20c8:	00a7c7b3          	xor	a5,a5,a0
    20cc:	64f72623          	sw	a5,1612(a4)
    20d0:	00008067          	ret

000020d4 <f174>:
    20d4:	b280a7b7          	lui	a5,0xb280a
    20d8:	41478793          	addi	a5,a5,1044 # b280a414 <__bss_end+0xb2804dc4>
    20dc:	00f54533          	xor	a0,a0,a5
    20e0:	000057b7          	lui	a5,0x5
    20e4:	64c7a703          	lw	a4,1612(a5) # 564c <g_acc>
    20e8:	00a70733          	add	a4,a4,a0
    20ec:	64e7a623          	sw	a4,1612(a5)
    20f0:	64c7a703          	lw	a4,1612(a5)
    20f4:	00a70733          	add	a4,a4,a0
    20f8:	64e7a623          	sw	a4,1612(a5)
    20fc:	64c7a703          	lw	a4,1612(a5)
    2100:	00a74733          	xor	a4,a4,a0
    2104:	64e7a623          	sw	a4,1612(a5)
    2108:	00008067          	ret

0000210c <f175>:
    210c:	dc5867b7          	lui	a5,0xdc586
    2110:	7a478793          	addi	a5,a5,1956 # dc5867a4 <__bss_end+0xdc581154>
    2114:	00f54533          	xor	a0,a0,a5
    2118:	00151793          	slli	a5,a0,0x1
    211c:	01f55513          	srli	a0,a0,0x1f
    2120:	00f56533          	or	a0,a0,a5
    2124:	db5b27b7          	lui	a5,0xdb5b2
    2128:	ffc78793          	addi	a5,a5,-4 # db5b1ffc <__bss_end+0xdb5ac9ac>
    212c:	00f54533          	xor	a0,a0,a5
    2130:	91550513          	addi	a0,a0,-1771
    2134:	00005737          	lui	a4,0x5
    2138:	64c72783          	lw	a5,1612(a4) # 564c <g_acc>
    213c:	00a7c7b3          	xor	a5,a5,a0
    2140:	64f72623          	sw	a5,1612(a4)
    2144:	00008067          	ret

00002148 <f176>:
    2148:	7cfe27b7          	lui	a5,0x7cfe2
    214c:	a8278793          	addi	a5,a5,-1406 # 7cfe1a82 <__bss_end+0x7cfdc432>
    2150:	00f54533          	xor	a0,a0,a5
    2154:	000057b7          	lui	a5,0x5
    2158:	64c7a703          	lw	a4,1612(a5) # 564c <g_acc>
    215c:	00a70733          	add	a4,a4,a0
    2160:	64e7a623          	sw	a4,1612(a5)
    2164:	64c7a703          	lw	a4,1612(a5)
    2168:	00a74733          	xor	a4,a4,a0
    216c:	64e7a623          	sw	a4,1612(a5)
    2170:	00008067          	ret

00002174 <f177>:
    2174:	76954513          	xori	a0,a0,1897
    2178:	1d350513          	addi	a0,a0,467
    217c:	000057b7          	lui	a5,0x5
    2180:	64c7a703          	lw	a4,1612(a5) # 564c <g_acc>
    2184:	00a70733          	add	a4,a4,a0
    2188:	64e7a623          	sw	a4,1612(a5)
    218c:	369dc737          	lui	a4,0x369dc
    2190:	00e70713          	addi	a4,a4,14 # 369dc00e <__bss_end+0x369d69be>
    2194:	00e54533          	xor	a0,a0,a4
    2198:	64c7a703          	lw	a4,1612(a5)
    219c:	00a74733          	xor	a4,a4,a0
    21a0:	64e7a623          	sw	a4,1612(a5)
    21a4:	00008067          	ret

000021a8 <f178>:
    21a8:	d765b7b7          	lui	a5,0xd765b
    21ac:	cfe78793          	addi	a5,a5,-770 # d765acfe <__bss_end+0xd76556ae>
    21b0:	00f54533          	xor	a0,a0,a5
    21b4:	00a55793          	srli	a5,a0,0xa
    21b8:	01651513          	slli	a0,a0,0x16
    21bc:	00f56533          	or	a0,a0,a5
    21c0:	93550513          	addi	a0,a0,-1739
    21c4:	00551793          	slli	a5,a0,0x5
    21c8:	01b55513          	srli	a0,a0,0x1b
    21cc:	00f56533          	or	a0,a0,a5
    21d0:	00005737          	lui	a4,0x5
    21d4:	64c72783          	lw	a5,1612(a4) # 564c <g_acc>
    21d8:	00a7c7b3          	xor	a5,a5,a0
    21dc:	64f72623          	sw	a5,1612(a4)
    21e0:	00008067          	ret

000021e4 <f179>:
    21e4:	2d154513          	xori	a0,a0,721
    21e8:	eb750513          	addi	a0,a0,-329
    21ec:	00a55793          	srli	a5,a0,0xa
    21f0:	01651513          	slli	a0,a0,0x16
    21f4:	00f56533          	or	a0,a0,a5
    21f8:	26fbb7b7          	lui	a5,0x26fbb
    21fc:	84878793          	addi	a5,a5,-1976 # 26fba848 <__bss_end+0x26fb51f8>
    2200:	00f54533          	xor	a0,a0,a5
    2204:	00005737          	lui	a4,0x5
    2208:	64c72783          	lw	a5,1612(a4) # 564c <g_acc>
    220c:	00a7c7b3          	xor	a5,a5,a0
    2210:	64f72623          	sw	a5,1612(a4)
    2214:	00008067          	ret

00002218 <f180>:
    2218:	61c54513          	xori	a0,a0,1564
    221c:	31e50513          	addi	a0,a0,798
    2220:	00955793          	srli	a5,a0,0x9
    2224:	01751513          	slli	a0,a0,0x17
    2228:	00f56533          	or	a0,a0,a5
    222c:	f4550513          	addi	a0,a0,-187
    2230:	00005737          	lui	a4,0x5
    2234:	64c72783          	lw	a5,1612(a4) # 564c <g_acc>
    2238:	00a7c7b3          	xor	a5,a5,a0
    223c:	64f72623          	sw	a5,1612(a4)
    2240:	00008067          	ret

00002244 <f181>:
    2244:	2b054513          	xori	a0,a0,688
    2248:	00255793          	srli	a5,a0,0x2
    224c:	01e51513          	slli	a0,a0,0x1e
    2250:	00f56533          	or	a0,a0,a5
    2254:	0eb50513          	addi	a0,a0,235
    2258:	00005737          	lui	a4,0x5
    225c:	64c72783          	lw	a5,1612(a4) # 564c <g_acc>
    2260:	00a7c7b3          	xor	a5,a5,a0
    2264:	64f72623          	sw	a5,1612(a4)
    2268:	00008067          	ret

0000226c <f182>:
    226c:	531fd7b7          	lui	a5,0x531fd
    2270:	2fc78793          	addi	a5,a5,764 # 531fd2fc <__bss_end+0x531f7cac>
    2274:	00f54533          	xor	a0,a0,a5
    2278:	00455793          	srli	a5,a0,0x4
    227c:	01c51513          	slli	a0,a0,0x1c
    2280:	00f56533          	or	a0,a0,a5
    2284:	00005737          	lui	a4,0x5
    2288:	64c72783          	lw	a5,1612(a4) # 564c <g_acc>
    228c:	00a7c7b3          	xor	a5,a5,a0
    2290:	64f72623          	sw	a5,1612(a4)
    2294:	00008067          	ret

00002298 <f183>:
    2298:	a5edf7b7          	lui	a5,0xa5edf
    229c:	32178793          	addi	a5,a5,801 # a5edf321 <__bss_end+0xa5ed9cd1>
    22a0:	00f54533          	xor	a0,a0,a5
    22a4:	02150513          	addi	a0,a0,33
    22a8:	00005737          	lui	a4,0x5
    22ac:	64c72783          	lw	a5,1612(a4) # 564c <g_acc>
    22b0:	00a7c7b3          	xor	a5,a5,a0
    22b4:	64f72623          	sw	a5,1612(a4)
    22b8:	00008067          	ret

000022bc <f184>:
    22bc:	22554513          	xori	a0,a0,549
    22c0:	4fa50513          	addi	a0,a0,1274
    22c4:	1c5967b7          	lui	a5,0x1c596
    22c8:	7af78793          	addi	a5,a5,1967 # 1c5967af <__bss_end+0x1c59115f>
    22cc:	00f54533          	xor	a0,a0,a5
    22d0:	000057b7          	lui	a5,0x5
    22d4:	64c7a703          	lw	a4,1612(a5) # 564c <g_acc>
    22d8:	00a70733          	add	a4,a4,a0
    22dc:	64e7a623          	sw	a4,1612(a5)
    22e0:	64c7a703          	lw	a4,1612(a5)
    22e4:	00a70733          	add	a4,a4,a0
    22e8:	64e7a623          	sw	a4,1612(a5)
    22ec:	64c7a703          	lw	a4,1612(a5)
    22f0:	00a74733          	xor	a4,a4,a0
    22f4:	64e7a623          	sw	a4,1612(a5)
    22f8:	00008067          	ret

000022fc <f185>:
    22fc:	3dd54513          	xori	a0,a0,989
    2300:	69b50513          	addi	a0,a0,1691
    2304:	000057b7          	lui	a5,0x5
    2308:	64c7a703          	lw	a4,1612(a5) # 564c <g_acc>
    230c:	00a70733          	add	a4,a4,a0
    2310:	64e7a623          	sw	a4,1612(a5)
    2314:	00d55713          	srli	a4,a0,0xd
    2318:	01351513          	slli	a0,a0,0x13
    231c:	00e56533          	or	a0,a0,a4
    2320:	64c7a703          	lw	a4,1612(a5)
    2324:	00a74733          	xor	a4,a4,a0
    2328:	64e7a623          	sw	a4,1612(a5)
    232c:	00008067          	ret

00002330 <f186>:
    2330:	806a27b7          	lui	a5,0x806a2
    2334:	f7a78793          	addi	a5,a5,-134 # 806a1f7a <__bss_end+0x8069c92a>
    2338:	00f54533          	xor	a0,a0,a5
    233c:	fde50513          	addi	a0,a0,-34
    2340:	00005737          	lui	a4,0x5
    2344:	64c72783          	lw	a5,1612(a4) # 564c <g_acc>
    2348:	00a7c7b3          	xor	a5,a5,a0
    234c:	64f72623          	sw	a5,1612(a4)
    2350:	00008067          	ret

00002354 <f187>:
    2354:	74e54513          	xori	a0,a0,1870
    2358:	4ee50513          	addi	a0,a0,1262
    235c:	00005737          	lui	a4,0x5
    2360:	64c72783          	lw	a5,1612(a4) # 564c <g_acc>
    2364:	00a7c7b3          	xor	a5,a5,a0
    2368:	64f72623          	sw	a5,1612(a4)
    236c:	00008067          	ret

00002370 <f188>:
    2370:	287177b7          	lui	a5,0x28717
    2374:	10978793          	addi	a5,a5,265 # 28717109 <__bss_end+0x28711ab9>
    2378:	00f54533          	xor	a0,a0,a5
    237c:	00b51793          	slli	a5,a0,0xb
    2380:	01555513          	srli	a0,a0,0x15
    2384:	00f56533          	or	a0,a0,a5
    2388:	48050513          	addi	a0,a0,1152
    238c:	00005737          	lui	a4,0x5
    2390:	64c72783          	lw	a5,1612(a4) # 564c <g_acc>
    2394:	00a7c7b3          	xor	a5,a5,a0
    2398:	64f72623          	sw	a5,1612(a4)
    239c:	00008067          	ret

000023a0 <f189>:
    23a0:	74b54513          	xori	a0,a0,1867
    23a4:	000057b7          	lui	a5,0x5
    23a8:	64c7a703          	lw	a4,1612(a5) # 564c <g_acc>
    23ac:	00a70733          	add	a4,a4,a0
    23b0:	64e7a623          	sw	a4,1612(a5)
    23b4:	0b550513          	addi	a0,a0,181
    23b8:	00f51713          	slli	a4,a0,0xf
    23bc:	01155513          	srli	a0,a0,0x11
    23c0:	00e56533          	or	a0,a0,a4
    23c4:	64c7a703          	lw	a4,1612(a5)
    23c8:	00a74733          	xor	a4,a4,a0
    23cc:	64e7a623          	sw	a4,1612(a5)
    23d0:	00008067          	ret

000023d4 <f190>:
    23d4:	4e554513          	xori	a0,a0,1253
    23d8:	000057b7          	lui	a5,0x5
    23dc:	64c7a703          	lw	a4,1612(a5) # 564c <g_acc>
    23e0:	00a70733          	add	a4,a4,a0
    23e4:	64e7a623          	sw	a4,1612(a5)
    23e8:	00e51713          	slli	a4,a0,0xe
    23ec:	01255513          	srli	a0,a0,0x12
    23f0:	00e56533          	or	a0,a0,a4
    23f4:	64c7a703          	lw	a4,1612(a5)
    23f8:	00a74733          	xor	a4,a4,a0
    23fc:	64e7a623          	sw	a4,1612(a5)
    2400:	00008067          	ret

00002404 <f191>:
    2404:	99e0c7b7          	lui	a5,0x99e0c
    2408:	45a78793          	addi	a5,a5,1114 # 99e0c45a <__bss_end+0x99e06e0a>
    240c:	00f54533          	xor	a0,a0,a5
    2410:	66150513          	addi	a0,a0,1633
    2414:	4c0567b7          	lui	a5,0x4c056
    2418:	84e78793          	addi	a5,a5,-1970 # 4c05584e <__bss_end+0x4c0501fe>
    241c:	00f54533          	xor	a0,a0,a5
    2420:	00851793          	slli	a5,a0,0x8
    2424:	01855513          	srli	a0,a0,0x18
    2428:	00f56533          	or	a0,a0,a5
    242c:	7c450513          	addi	a0,a0,1988
    2430:	00005737          	lui	a4,0x5
    2434:	64c72783          	lw	a5,1612(a4) # 564c <g_acc>
    2438:	00a7c7b3          	xor	a5,a5,a0
    243c:	64f72623          	sw	a5,1612(a4)
    2440:	00008067          	ret

00002444 <f192>:
    2444:	11a54513          	xori	a0,a0,282
    2448:	00351793          	slli	a5,a0,0x3
    244c:	01d55513          	srli	a0,a0,0x1d
    2450:	00f56533          	or	a0,a0,a5
    2454:	00005737          	lui	a4,0x5
    2458:	64c72783          	lw	a5,1612(a4) # 564c <g_acc>
    245c:	00a7c7b3          	xor	a5,a5,a0
    2460:	64f72623          	sw	a5,1612(a4)
    2464:	00008067          	ret

00002468 <f193>:
    2468:	12fce7b7          	lui	a5,0x12fce
    246c:	3b078793          	addi	a5,a5,944 # 12fce3b0 <__bss_end+0x12fc8d60>
    2470:	00f54533          	xor	a0,a0,a5
    2474:	1be50513          	addi	a0,a0,446
    2478:	00005737          	lui	a4,0x5
    247c:	64c72783          	lw	a5,1612(a4) # 564c <g_acc>
    2480:	00a7c7b3          	xor	a5,a5,a0
    2484:	64f72623          	sw	a5,1612(a4)
    2488:	00008067          	ret

0000248c <f194>:
    248c:	ebbef7b7          	lui	a5,0xebbef
    2490:	e7378793          	addi	a5,a5,-397 # ebbeee73 <__bss_end+0xebbe9823>
    2494:	00f54533          	xor	a0,a0,a5
    2498:	00151793          	slli	a5,a0,0x1
    249c:	01f55513          	srli	a0,a0,0x1f
    24a0:	00f56533          	or	a0,a0,a5
    24a4:	00005737          	lui	a4,0x5
    24a8:	64c72783          	lw	a5,1612(a4) # 564c <g_acc>
    24ac:	00a7c7b3          	xor	a5,a5,a0
    24b0:	64f72623          	sw	a5,1612(a4)
    24b4:	00008067          	ret

000024b8 <f195>:
    24b8:	17d54513          	xori	a0,a0,381
    24bc:	00e51793          	slli	a5,a0,0xe
    24c0:	01255513          	srli	a0,a0,0x12
    24c4:	00f56533          	or	a0,a0,a5
    24c8:	00005737          	lui	a4,0x5
    24cc:	64c72783          	lw	a5,1612(a4) # 564c <g_acc>
    24d0:	00a7c7b3          	xor	a5,a5,a0
    24d4:	64f72623          	sw	a5,1612(a4)
    24d8:	00008067          	ret

000024dc <f196>:
    24dc:	219d67b7          	lui	a5,0x219d6
    24e0:	4a978793          	addi	a5,a5,1193 # 219d64a9 <__bss_end+0x219d0e59>
    24e4:	00f54533          	xor	a0,a0,a5
    24e8:	000057b7          	lui	a5,0x5
    24ec:	64c7a703          	lw	a4,1612(a5) # 564c <g_acc>
    24f0:	00a70733          	add	a4,a4,a0
    24f4:	64e7a623          	sw	a4,1612(a5)
    24f8:	64c7a703          	lw	a4,1612(a5)
    24fc:	00a74733          	xor	a4,a4,a0
    2500:	64e7a623          	sw	a4,1612(a5)
    2504:	00008067          	ret

00002508 <f197>:
    2508:	5f154513          	xori	a0,a0,1521
    250c:	3b650513          	addi	a0,a0,950
    2510:	00451793          	slli	a5,a0,0x4
    2514:	01c55513          	srli	a0,a0,0x1c
    2518:	00f56533          	or	a0,a0,a5
    251c:	00005737          	lui	a4,0x5
    2520:	64c72783          	lw	a5,1612(a4) # 564c <g_acc>
    2524:	00a7c7b3          	xor	a5,a5,a0
    2528:	64f72623          	sw	a5,1612(a4)
    252c:	00008067          	ret

00002530 <f198>:
    2530:	c483d7b7          	lui	a5,0xc483d
    2534:	93a78793          	addi	a5,a5,-1734 # c483c93a <__bss_end+0xc48372ea>
    2538:	00f54533          	xor	a0,a0,a5
    253c:	b2f50513          	addi	a0,a0,-1233
    2540:	00005737          	lui	a4,0x5
    2544:	64c72783          	lw	a5,1612(a4) # 564c <g_acc>
    2548:	00a7c7b3          	xor	a5,a5,a0
    254c:	64f72623          	sw	a5,1612(a4)
    2550:	00008067          	ret

00002554 <f199>:
    2554:	14854513          	xori	a0,a0,328
    2558:	000057b7          	lui	a5,0x5
    255c:	64c7a703          	lw	a4,1612(a5) # 564c <g_acc>
    2560:	00a70733          	add	a4,a4,a0
    2564:	64e7a623          	sw	a4,1612(a5)
    2568:	64c7a703          	lw	a4,1612(a5)
    256c:	00a74733          	xor	a4,a4,a0
    2570:	64e7a623          	sw	a4,1612(a5)
    2574:	00008067          	ret

00002578 <f200>:
    2578:	62654513          	xori	a0,a0,1574
    257c:	cd850513          	addi	a0,a0,-808
    2580:	00851793          	slli	a5,a0,0x8
    2584:	01855513          	srli	a0,a0,0x18
    2588:	00f56533          	or	a0,a0,a5
    258c:	00005737          	lui	a4,0x5
    2590:	64c72783          	lw	a5,1612(a4) # 564c <g_acc>
    2594:	00a7c7b3          	xor	a5,a5,a0
    2598:	64f72623          	sw	a5,1612(a4)
    259c:	00008067          	ret

000025a0 <f201>:
    25a0:	a66a37b7          	lui	a5,0xa66a3
    25a4:	c3978793          	addi	a5,a5,-967 # a66a2c39 <__bss_end+0xa669d5e9>
    25a8:	00f54533          	xor	a0,a0,a5
    25ac:	7d450513          	addi	a0,a0,2004
    25b0:	9f0fe7b7          	lui	a5,0x9f0fe
    25b4:	b0a78793          	addi	a5,a5,-1270 # 9f0fdb0a <__bss_end+0x9f0f84ba>
    25b8:	00f54533          	xor	a0,a0,a5
    25bc:	b3e50513          	addi	a0,a0,-1218
    25c0:	00005737          	lui	a4,0x5
    25c4:	64c72783          	lw	a5,1612(a4) # 564c <g_acc>
    25c8:	00a7c7b3          	xor	a5,a5,a0
    25cc:	64f72623          	sw	a5,1612(a4)
    25d0:	00008067          	ret

000025d4 <f202>:
    25d4:	fffe27b7          	lui	a5,0xfffe2
    25d8:	4aa78793          	addi	a5,a5,1194 # fffe24aa <__bss_end+0xfffdce5a>
    25dc:	00f54533          	xor	a0,a0,a5
    25e0:	000057b7          	lui	a5,0x5
    25e4:	64c7a703          	lw	a4,1612(a5) # 564c <g_acc>
    25e8:	00a70733          	add	a4,a4,a0
    25ec:	64e7a623          	sw	a4,1612(a5)
    25f0:	64c7a703          	lw	a4,1612(a5)
    25f4:	00a70733          	add	a4,a4,a0
    25f8:	64e7a623          	sw	a4,1612(a5)
    25fc:	00351713          	slli	a4,a0,0x3
    2600:	01d55513          	srli	a0,a0,0x1d
    2604:	00e56533          	or	a0,a0,a4
    2608:	0bb06737          	lui	a4,0xbb06
    260c:	e2b70713          	addi	a4,a4,-469 # bb05e2b <__bss_end+0xbb007db>
    2610:	00e54533          	xor	a0,a0,a4
    2614:	64c7a703          	lw	a4,1612(a5)
    2618:	00a74733          	xor	a4,a4,a0
    261c:	64e7a623          	sw	a4,1612(a5)
    2620:	00008067          	ret

00002624 <f203>:
    2624:	33854513          	xori	a0,a0,824
    2628:	54050513          	addi	a0,a0,1344
    262c:	926667b7          	lui	a5,0x92666
    2630:	b6378793          	addi	a5,a5,-1181 # 92665b63 <__bss_end+0x92660513>
    2634:	00f54533          	xor	a0,a0,a5
    2638:	00005737          	lui	a4,0x5
    263c:	64c72783          	lw	a5,1612(a4) # 564c <g_acc>
    2640:	00a7c7b3          	xor	a5,a5,a0
    2644:	64f72623          	sw	a5,1612(a4)
    2648:	00008067          	ret

0000264c <f204>:
    264c:	c0af37b7          	lui	a5,0xc0af3
    2650:	fb078793          	addi	a5,a5,-80 # c0af2fb0 <__bss_end+0xc0aed960>
    2654:	00f54533          	xor	a0,a0,a5
    2658:	4e750513          	addi	a0,a0,1255
    265c:	00005737          	lui	a4,0x5
    2660:	64c72783          	lw	a5,1612(a4) # 564c <g_acc>
    2664:	00a7c7b3          	xor	a5,a5,a0
    2668:	64f72623          	sw	a5,1612(a4)
    266c:	00008067          	ret

00002670 <f205>:
    2670:	dd8437b7          	lui	a5,0xdd843
    2674:	04c78793          	addi	a5,a5,76 # dd84304c <__bss_end+0xdd83d9fc>
    2678:	00f54533          	xor	a0,a0,a5
    267c:	00f51793          	slli	a5,a0,0xf
    2680:	01155513          	srli	a0,a0,0x11
    2684:	00f56533          	or	a0,a0,a5
    2688:	621267b7          	lui	a5,0x62126
    268c:	83178793          	addi	a5,a5,-1999 # 62125831 <__bss_end+0x621201e1>
    2690:	00f54533          	xor	a0,a0,a5
    2694:	00005737          	lui	a4,0x5
    2698:	64c72783          	lw	a5,1612(a4) # 564c <g_acc>
    269c:	00a7c7b3          	xor	a5,a5,a0
    26a0:	64f72623          	sw	a5,1612(a4)
    26a4:	00008067          	ret

000026a8 <f206>:
    26a8:	259347b7          	lui	a5,0x25934
    26ac:	9f378793          	addi	a5,a5,-1549 # 259339f3 <__bss_end+0x2592e3a3>
    26b0:	00f54533          	xor	a0,a0,a5
    26b4:	00005737          	lui	a4,0x5
    26b8:	64c72783          	lw	a5,1612(a4) # 564c <g_acc>
    26bc:	00a7c7b3          	xor	a5,a5,a0
    26c0:	64f72623          	sw	a5,1612(a4)
    26c4:	00008067          	ret

000026c8 <f207>:
    26c8:	feceb7b7          	lui	a5,0xfeceb
    26cc:	a5e78793          	addi	a5,a5,-1442 # feceaa5e <__bss_end+0xfece540e>
    26d0:	00f54533          	xor	a0,a0,a5
    26d4:	14f50513          	addi	a0,a0,335
    26d8:	00005737          	lui	a4,0x5
    26dc:	64c72783          	lw	a5,1612(a4) # 564c <g_acc>
    26e0:	00a7c7b3          	xor	a5,a5,a0
    26e4:	64f72623          	sw	a5,1612(a4)
    26e8:	00008067          	ret

000026ec <f208>:
    26ec:	686087b7          	lui	a5,0x68608
    26f0:	c8478793          	addi	a5,a5,-892 # 68607c84 <__bss_end+0x68602634>
    26f4:	00f54533          	xor	a0,a0,a5
    26f8:	00005737          	lui	a4,0x5
    26fc:	64c72783          	lw	a5,1612(a4) # 564c <g_acc>
    2700:	00a7c7b3          	xor	a5,a5,a0
    2704:	64f72623          	sw	a5,1612(a4)
    2708:	00008067          	ret

0000270c <f209>:
    270c:	708a67b7          	lui	a5,0x708a6
    2710:	fbc78793          	addi	a5,a5,-68 # 708a5fbc <__bss_end+0x708a096c>
    2714:	00f54533          	xor	a0,a0,a5
    2718:	99350513          	addi	a0,a0,-1645
    271c:	53e917b7          	lui	a5,0x53e91
    2720:	57d78793          	addi	a5,a5,1405 # 53e9157d <__bss_end+0x53e8bf2d>
    2724:	00f54533          	xor	a0,a0,a5
    2728:	00005737          	lui	a4,0x5
    272c:	64c72783          	lw	a5,1612(a4) # 564c <g_acc>
    2730:	00a7c7b3          	xor	a5,a5,a0
    2734:	64f72623          	sw	a5,1612(a4)
    2738:	00008067          	ret

0000273c <f210>:
    273c:	2d654513          	xori	a0,a0,726
    2740:	000057b7          	lui	a5,0x5
    2744:	64c7a703          	lw	a4,1612(a5) # 564c <g_acc>
    2748:	00a70733          	add	a4,a4,a0
    274c:	64e7a623          	sw	a4,1612(a5)
    2750:	64c7a703          	lw	a4,1612(a5)
    2754:	00a74733          	xor	a4,a4,a0
    2758:	64e7a623          	sw	a4,1612(a5)
    275c:	00008067          	ret

00002760 <f211>:
    2760:	d35677b7          	lui	a5,0xd3567
    2764:	cb278793          	addi	a5,a5,-846 # d3566cb2 <__bss_end+0xd3561662>
    2768:	00f54533          	xor	a0,a0,a5
    276c:	13950513          	addi	a0,a0,313
    2770:	00c51793          	slli	a5,a0,0xc
    2774:	01455513          	srli	a0,a0,0x14
    2778:	00f56533          	or	a0,a0,a5
    277c:	58750513          	addi	a0,a0,1415
    2780:	00005737          	lui	a4,0x5
    2784:	64c72783          	lw	a5,1612(a4) # 564c <g_acc>
    2788:	00a7c7b3          	xor	a5,a5,a0
    278c:	64f72623          	sw	a5,1612(a4)
    2790:	00008067          	ret

00002794 <f212>:
    2794:	26954513          	xori	a0,a0,617
    2798:	000057b7          	lui	a5,0x5
    279c:	64c7a703          	lw	a4,1612(a5) # 564c <g_acc>
    27a0:	00a70733          	add	a4,a4,a0
    27a4:	64e7a623          	sw	a4,1612(a5)
    27a8:	00455713          	srli	a4,a0,0x4
    27ac:	01c51513          	slli	a0,a0,0x1c
    27b0:	00e56533          	or	a0,a0,a4
    27b4:	c4750513          	addi	a0,a0,-953
    27b8:	fe772737          	lui	a4,0xfe772
    27bc:	dc570713          	addi	a4,a4,-571 # fe771dc5 <__bss_end+0xfe76c775>
    27c0:	00e54533          	xor	a0,a0,a4
    27c4:	64c7a703          	lw	a4,1612(a5)
    27c8:	00a74733          	xor	a4,a4,a0
    27cc:	64e7a623          	sw	a4,1612(a5)
    27d0:	00008067          	ret

000027d4 <f213>:
    27d4:	4284a7b7          	lui	a5,0x4284a
    27d8:	24378793          	addi	a5,a5,579 # 4284a243 <__bss_end+0x42844bf3>
    27dc:	00f54533          	xor	a0,a0,a5
    27e0:	00c55793          	srli	a5,a0,0xc
    27e4:	01451513          	slli	a0,a0,0x14
    27e8:	00f56533          	or	a0,a0,a5
    27ec:	000057b7          	lui	a5,0x5
    27f0:	64c7a703          	lw	a4,1612(a5) # 564c <g_acc>
    27f4:	00a70733          	add	a4,a4,a0
    27f8:	64e7a623          	sw	a4,1612(a5)
    27fc:	64c7a703          	lw	a4,1612(a5)
    2800:	00a70733          	add	a4,a4,a0
    2804:	64e7a623          	sw	a4,1612(a5)
    2808:	64c7a703          	lw	a4,1612(a5)
    280c:	00a74733          	xor	a4,a4,a0
    2810:	64e7a623          	sw	a4,1612(a5)
    2814:	00008067          	ret

00002818 <f214>:
    2818:	988247b7          	lui	a5,0x98824
    281c:	17b78793          	addi	a5,a5,379 # 9882417b <__bss_end+0x9881eb2b>
    2820:	00f54533          	xor	a0,a0,a5
    2824:	fffff7b7          	lui	a5,0xfffff
    2828:	4fe78793          	addi	a5,a5,1278 # fffff4fe <__bss_end+0xffff9eae>
    282c:	00f50533          	add	a0,a0,a5
    2830:	00005737          	lui	a4,0x5
    2834:	64c72783          	lw	a5,1612(a4) # 564c <g_acc>
    2838:	00a7c7b3          	xor	a5,a5,a0
    283c:	64f72623          	sw	a5,1612(a4)
    2840:	00008067          	ret

00002844 <f215>:
    2844:	d468f7b7          	lui	a5,0xd468f
    2848:	0b878793          	addi	a5,a5,184 # d468f0b8 <__bss_end+0xd4689a68>
    284c:	00f54533          	xor	a0,a0,a5
    2850:	00555793          	srli	a5,a0,0x5
    2854:	01b51513          	slli	a0,a0,0x1b
    2858:	00f56533          	or	a0,a0,a5
    285c:	00005737          	lui	a4,0x5
    2860:	64c72783          	lw	a5,1612(a4) # 564c <g_acc>
    2864:	ec778793          	addi	a5,a5,-313
    2868:	00a787b3          	add	a5,a5,a0
    286c:	64f72623          	sw	a5,1612(a4)
    2870:	1ff50513          	addi	a0,a0,511
    2874:	64c72783          	lw	a5,1612(a4)
    2878:	00a7c7b3          	xor	a5,a5,a0
    287c:	64f72623          	sw	a5,1612(a4)
    2880:	00008067          	ret

00002884 <f216>:
    2884:	c9e007b7          	lui	a5,0xc9e00
    2888:	ba278793          	addi	a5,a5,-1118 # c9dffba2 <__bss_end+0xc9dfa552>
    288c:	00f54533          	xor	a0,a0,a5
    2890:	00d55793          	srli	a5,a0,0xd
    2894:	01351513          	slli	a0,a0,0x13
    2898:	00f56533          	or	a0,a0,a5
    289c:	00005737          	lui	a4,0x5
    28a0:	64c72783          	lw	a5,1612(a4) # 564c <g_acc>
    28a4:	00a7c7b3          	xor	a5,a5,a0
    28a8:	64f72623          	sw	a5,1612(a4)
    28ac:	00008067          	ret

000028b0 <f217>:
    28b0:	5d354513          	xori	a0,a0,1491
    28b4:	000057b7          	lui	a5,0x5
    28b8:	64c7a703          	lw	a4,1612(a5) # 564c <g_acc>
    28bc:	00a70733          	add	a4,a4,a0
    28c0:	64e7a623          	sw	a4,1612(a5)
    28c4:	64c7a703          	lw	a4,1612(a5)
    28c8:	00a74733          	xor	a4,a4,a0
    28cc:	64e7a623          	sw	a4,1612(a5)
    28d0:	00008067          	ret

000028d4 <f218>:
    28d4:	6abf77b7          	lui	a5,0x6abf7
    28d8:	35f78793          	addi	a5,a5,863 # 6abf735f <__bss_end+0x6abf1d0f>
    28dc:	00f54533          	xor	a0,a0,a5
    28e0:	000017b7          	lui	a5,0x1
    28e4:	bb678793          	addi	a5,a5,-1098 # bb6 <f054+0x2>
    28e8:	00f50533          	add	a0,a0,a5
    28ec:	00005737          	lui	a4,0x5
    28f0:	64c72783          	lw	a5,1612(a4) # 564c <g_acc>
    28f4:	00a7c7b3          	xor	a5,a5,a0
    28f8:	64f72623          	sw	a5,1612(a4)
    28fc:	00008067          	ret

00002900 <f219>:
    2900:	9fefb7b7          	lui	a5,0x9fefb
    2904:	1a878793          	addi	a5,a5,424 # 9fefb1a8 <__bss_end+0x9fef5b58>
    2908:	00f54533          	xor	a0,a0,a5
    290c:	01051793          	slli	a5,a0,0x10
    2910:	01055513          	srli	a0,a0,0x10
    2914:	00f56533          	or	a0,a0,a5
    2918:	00005737          	lui	a4,0x5
    291c:	64c72783          	lw	a5,1612(a4) # 564c <g_acc>
    2920:	00a7c7b3          	xor	a5,a5,a0
    2924:	64f72623          	sw	a5,1612(a4)
    2928:	00008067          	ret

0000292c <f220>:
    292c:	2e4f07b7          	lui	a5,0x2e4f0
    2930:	54978793          	addi	a5,a5,1353 # 2e4f0549 <__bss_end+0x2e4eaef9>
    2934:	00f54533          	xor	a0,a0,a5
    2938:	00f51793          	slli	a5,a0,0xf
    293c:	01155513          	srli	a0,a0,0x11
    2940:	00f56533          	or	a0,a0,a5
    2944:	2ef867b7          	lui	a5,0x2ef86
    2948:	fcd78793          	addi	a5,a5,-51 # 2ef85fcd <__bss_end+0x2ef8097d>
    294c:	00f54533          	xor	a0,a0,a5
    2950:	00005737          	lui	a4,0x5
    2954:	64c72783          	lw	a5,1612(a4) # 564c <g_acc>
    2958:	00a7c7b3          	xor	a5,a5,a0
    295c:	64f72623          	sw	a5,1612(a4)
    2960:	00008067          	ret

00002964 <f221>:
    2964:	c731b7b7          	lui	a5,0xc731b
    2968:	e3578793          	addi	a5,a5,-459 # c731ae35 <__bss_end+0xc73157e5>
    296c:	00f54533          	xor	a0,a0,a5
    2970:	00005737          	lui	a4,0x5
    2974:	64c72783          	lw	a5,1612(a4) # 564c <g_acc>
    2978:	00a7c7b3          	xor	a5,a5,a0
    297c:	64f72623          	sw	a5,1612(a4)
    2980:	00008067          	ret

00002984 <f222>:
    2984:	fbbaa7b7          	lui	a5,0xfbbaa
    2988:	f6a78793          	addi	a5,a5,-150 # fbba9f6a <__bss_end+0xfbba491a>
    298c:	00f54533          	xor	a0,a0,a5
    2990:	00251793          	slli	a5,a0,0x2
    2994:	01e55513          	srli	a0,a0,0x1e
    2998:	00f56533          	or	a0,a0,a5
    299c:	00005737          	lui	a4,0x5
    29a0:	64c72783          	lw	a5,1612(a4) # 564c <g_acc>
    29a4:	00a7c7b3          	xor	a5,a5,a0
    29a8:	64f72623          	sw	a5,1612(a4)
    29ac:	00008067          	ret

000029b0 <run_phase_25>:
    29b0:	ff010113          	addi	sp,sp,-16
    29b4:	00112623          	sw	ra,12(sp)
    29b8:	18500513          	li	a0,389
    29bc:	a60ff0ef          	jal	ra,1c1c <f147>
    29c0:	15200513          	li	a0,338
    29c4:	fc1ff0ef          	jal	ra,2984 <f222>
    29c8:	3f200513          	li	a0,1010
    29cc:	b1cff0ef          	jal	ra,1ce8 <f151>
    29d0:	07a00513          	li	a0,122
    29d4:	9acff0ef          	jal	ra,1b80 <f144>
    29d8:	7ac00513          	li	a0,1964
    29dc:	a61fe0ef          	jal	ra,143c <f105>
    29e0:	0f100513          	li	a0,241
    29e4:	ebdfd0ef          	jal	ra,8a0 <f037>
    29e8:	57e00513          	li	a0,1406
    29ec:	82dff0ef          	jal	ra,2218 <f180>
    29f0:	17f00513          	li	a0,383
    29f4:	cf4ff0ef          	jal	ra,1ee8 <f164>
    29f8:	04b00513          	li	a0,75
    29fc:	c34ff0ef          	jal	ra,1e30 <f160>
    2a00:	51000513          	li	a0,1296
    2a04:	ca9fd0ef          	jal	ra,6ac <f027>
    2a08:	27800513          	li	a0,632
    2a0c:	cf9fe0ef          	jal	ra,1704 <f120>
    2a10:	00c12083          	lw	ra,12(sp)
    2a14:	01010113          	addi	sp,sp,16
    2a18:	00008067          	ret

00002a1c <f223>:
    2a1c:	fc4a07b7          	lui	a5,0xfc4a0
    2a20:	dc878793          	addi	a5,a5,-568 # fc49fdc8 <__bss_end+0xfc49a778>
    2a24:	00f54533          	xor	a0,a0,a5
    2a28:	00551793          	slli	a5,a0,0x5
    2a2c:	01b55513          	srli	a0,a0,0x1b
    2a30:	00f56533          	or	a0,a0,a5
    2a34:	00005737          	lui	a4,0x5
    2a38:	64c72783          	lw	a5,1612(a4) # 564c <g_acc>
    2a3c:	00a7c7b3          	xor	a5,a5,a0
    2a40:	64f72623          	sw	a5,1612(a4)
    2a44:	00008067          	ret

00002a48 <f224>:
    2a48:	8001e7b7          	lui	a5,0x8001e
    2a4c:	fdd78793          	addi	a5,a5,-35 # 8001dfdd <__bss_end+0x8001898d>
    2a50:	00f54533          	xor	a0,a0,a5
    2a54:	d6650513          	addi	a0,a0,-666
    2a58:	00005737          	lui	a4,0x5
    2a5c:	64c72783          	lw	a5,1612(a4) # 564c <g_acc>
    2a60:	00a7c7b3          	xor	a5,a5,a0
    2a64:	64f72623          	sw	a5,1612(a4)
    2a68:	00008067          	ret

00002a6c <f225>:
    2a6c:	ca3407b7          	lui	a5,0xca340
    2a70:	da878793          	addi	a5,a5,-600 # ca33fda8 <__bss_end+0xca33a758>
    2a74:	00f54533          	xor	a0,a0,a5
    2a78:	00251793          	slli	a5,a0,0x2
    2a7c:	01e55513          	srli	a0,a0,0x1e
    2a80:	00f56533          	or	a0,a0,a5
    2a84:	00005737          	lui	a4,0x5
    2a88:	64c72783          	lw	a5,1612(a4) # 564c <g_acc>
    2a8c:	00a7c7b3          	xor	a5,a5,a0
    2a90:	64f72623          	sw	a5,1612(a4)
    2a94:	00008067          	ret

00002a98 <f226>:
    2a98:	a85517b7          	lui	a5,0xa8551
    2a9c:	53978793          	addi	a5,a5,1337 # a8551539 <__bss_end+0xa854bee9>
    2aa0:	00f54533          	xor	a0,a0,a5
    2aa4:	5eb50513          	addi	a0,a0,1515
    2aa8:	00005737          	lui	a4,0x5
    2aac:	64c72783          	lw	a5,1612(a4) # 564c <g_acc>
    2ab0:	00a7c7b3          	xor	a5,a5,a0
    2ab4:	64f72623          	sw	a5,1612(a4)
    2ab8:	00008067          	ret

00002abc <f227>:
    2abc:	48a54513          	xori	a0,a0,1162
    2ac0:	c6350513          	addi	a0,a0,-925
    2ac4:	fb5ec7b7          	lui	a5,0xfb5ec
    2ac8:	d1778793          	addi	a5,a5,-745 # fb5ebd17 <__bss_end+0xfb5e66c7>
    2acc:	00f54533          	xor	a0,a0,a5
    2ad0:	00005737          	lui	a4,0x5
    2ad4:	64c72783          	lw	a5,1612(a4) # 564c <g_acc>
    2ad8:	00a7c7b3          	xor	a5,a5,a0
    2adc:	64f72623          	sw	a5,1612(a4)
    2ae0:	00008067          	ret

00002ae4 <f228>:
    2ae4:	2b154513          	xori	a0,a0,689
    2ae8:	00005737          	lui	a4,0x5
    2aec:	64c72783          	lw	a5,1612(a4) # 564c <g_acc>
    2af0:	4f078793          	addi	a5,a5,1264
    2af4:	00a787b3          	add	a5,a5,a0
    2af8:	64f72623          	sw	a5,1612(a4)
    2afc:	e4a50513          	addi	a0,a0,-438
    2b00:	64c72783          	lw	a5,1612(a4)
    2b04:	00a7c7b3          	xor	a5,a5,a0
    2b08:	64f72623          	sw	a5,1612(a4)
    2b0c:	00008067          	ret

00002b10 <f229>:
    2b10:	fbb5b7b7          	lui	a5,0xfbb5b
    2b14:	2a378793          	addi	a5,a5,675 # fbb5b2a3 <__bss_end+0xfbb55c53>
    2b18:	00f54533          	xor	a0,a0,a5
    2b1c:	05850513          	addi	a0,a0,88
    2b20:	9b35d7b7          	lui	a5,0x9b35d
    2b24:	05578793          	addi	a5,a5,85 # 9b35d055 <__bss_end+0x9b357a05>
    2b28:	00f54533          	xor	a0,a0,a5
    2b2c:	00005737          	lui	a4,0x5
    2b30:	64c72783          	lw	a5,1612(a4) # 564c <g_acc>
    2b34:	00a7c7b3          	xor	a5,a5,a0
    2b38:	64f72623          	sw	a5,1612(a4)
    2b3c:	00008067          	ret

00002b40 <run_phase_41>:
    2b40:	ff010113          	addi	sp,sp,-16
    2b44:	00112623          	sw	ra,12(sp)
    2b48:	33e00513          	li	a0,830
    2b4c:	c58fe0ef          	jal	ra,fa4 <f077>
    2b50:	73f00513          	li	a0,1855
    2b54:	ec9ff0ef          	jal	ra,2a1c <f223>
    2b58:	02900513          	li	a0,41
    2b5c:	e28fe0ef          	jal	ra,1184 <f088>
    2b60:	3ed00513          	li	a0,1005
    2b64:	fadff0ef          	jal	ra,2b10 <f229>
    2b68:	6a400513          	li	a0,1700
    2b6c:	eddff0ef          	jal	ra,2a48 <f224>
    2b70:	1db00513          	li	a0,475
    2b74:	bccff0ef          	jal	ra,1f40 <f166>
    2b78:	01900513          	li	a0,25
    2b7c:	f91fd0ef          	jal	ra,b0c <f051>
    2b80:	54700513          	li	a0,1351
    2b84:	cccff0ef          	jal	ra,2050 <f171>
    2b88:	0e800513          	li	a0,232
    2b8c:	939fd0ef          	jal	ra,4c4 <f017>
    2b90:	01100513          	li	a0,17
    2b94:	9e5ff0ef          	jal	ra,2578 <f200>
    2b98:	00c12083          	lw	ra,12(sp)
    2b9c:	01010113          	addi	sp,sp,16
    2ba0:	00008067          	ret

00002ba4 <f230>:
    2ba4:	6c7987b7          	lui	a5,0x6c798
    2ba8:	7d078793          	addi	a5,a5,2000 # 6c7987d0 <__bss_end+0x6c793180>
    2bac:	00f54533          	xor	a0,a0,a5
    2bb0:	000057b7          	lui	a5,0x5
    2bb4:	64c7a703          	lw	a4,1612(a5) # 564c <g_acc>
    2bb8:	00a70733          	add	a4,a4,a0
    2bbc:	64e7a623          	sw	a4,1612(a5)
    2bc0:	00151713          	slli	a4,a0,0x1
    2bc4:	01f55513          	srli	a0,a0,0x1f
    2bc8:	00e56533          	or	a0,a0,a4
    2bcc:	64c7a703          	lw	a4,1612(a5)
    2bd0:	00a74733          	xor	a4,a4,a0
    2bd4:	64e7a623          	sw	a4,1612(a5)
    2bd8:	00008067          	ret

00002bdc <run_phase_14>:
    2bdc:	ff010113          	addi	sp,sp,-16
    2be0:	00112623          	sw	ra,12(sp)
    2be4:	02300513          	li	a0,35
    2be8:	a31fd0ef          	jal	ra,618 <f024>
    2bec:	21400513          	li	a0,532
    2bf0:	fb4fd0ef          	jal	ra,3a4 <f010>
    2bf4:	12200513          	li	a0,290
    2bf8:	a4cfe0ef          	jal	ra,e44 <f069>
    2bfc:	4a900513          	li	a0,1193
    2c00:	95cff0ef          	jal	ra,1d5c <f154>
    2c04:	37a00513          	li	a0,890
    2c08:	f05fd0ef          	jal	ra,b0c <f051>
    2c0c:	5b400513          	li	a0,1460
    2c10:	d55fe0ef          	jal	ra,1964 <f132>
    2c14:	3e400513          	li	a0,996
    2c18:	d50fe0ef          	jal	ra,1168 <f087>
    2c1c:	30400513          	li	a0,772
    2c20:	f85ff0ef          	jal	ra,2ba4 <f230>
    2c24:	75800513          	li	a0,1880
    2c28:	cadff0ef          	jal	ra,28d4 <f218>
    2c2c:	23600513          	li	a0,566
    2c30:	c49fd0ef          	jal	ra,878 <f036>
    2c34:	15100513          	li	a0,337
    2c38:	d2dff0ef          	jal	ra,2964 <f221>
    2c3c:	11f00513          	li	a0,287
    2c40:	ed1ff0ef          	jal	ra,2b10 <f229>
    2c44:	50700513          	li	a0,1287
    2c48:	bfdff0ef          	jal	ra,2844 <f215>
    2c4c:	01900513          	li	a0,25
    2c50:	869ff0ef          	jal	ra,24b8 <f195>
    2c54:	00c12083          	lw	ra,12(sp)
    2c58:	01010113          	addi	sp,sp,16
    2c5c:	00008067          	ret

00002c60 <f231>:
    2c60:	eb9f57b7          	lui	a5,0xeb9f5
    2c64:	b6478793          	addi	a5,a5,-1180 # eb9f4b64 <__bss_end+0xeb9ef514>
    2c68:	00f54533          	xor	a0,a0,a5
    2c6c:	000057b7          	lui	a5,0x5
    2c70:	64c7a703          	lw	a4,1612(a5) # 564c <g_acc>
    2c74:	00a70733          	add	a4,a4,a0
    2c78:	64e7a623          	sw	a4,1612(a5)
    2c7c:	64c7a703          	lw	a4,1612(a5)
    2c80:	00a70733          	add	a4,a4,a0
    2c84:	64e7a623          	sw	a4,1612(a5)
    2c88:	64c7a703          	lw	a4,1612(a5)
    2c8c:	00a74733          	xor	a4,a4,a0
    2c90:	64e7a623          	sw	a4,1612(a5)
    2c94:	00008067          	ret

00002c98 <f232>:
    2c98:	67354513          	xori	a0,a0,1651
    2c9c:	fffff7b7          	lui	a5,0xfffff
    2ca0:	4b578793          	addi	a5,a5,1205 # fffff4b5 <__bss_end+0xffff9e65>
    2ca4:	00f50533          	add	a0,a0,a5
    2ca8:	00005737          	lui	a4,0x5
    2cac:	64c72783          	lw	a5,1612(a4) # 564c <g_acc>
    2cb0:	00a7c7b3          	xor	a5,a5,a0
    2cb4:	64f72623          	sw	a5,1612(a4)
    2cb8:	00008067          	ret

00002cbc <f233>:
    2cbc:	afd5e7b7          	lui	a5,0xafd5e
    2cc0:	8df78793          	addi	a5,a5,-1825 # afd5d8df <__bss_end+0xafd5828f>
    2cc4:	00f54533          	xor	a0,a0,a5
    2cc8:	00155793          	srli	a5,a0,0x1
    2ccc:	01f51513          	slli	a0,a0,0x1f
    2cd0:	00f56533          	or	a0,a0,a5
    2cd4:	000057b7          	lui	a5,0x5
    2cd8:	64c7a703          	lw	a4,1612(a5) # 564c <g_acc>
    2cdc:	00a70733          	add	a4,a4,a0
    2ce0:	64e7a623          	sw	a4,1612(a5)
    2ce4:	64c7a703          	lw	a4,1612(a5)
    2ce8:	00a74733          	xor	a4,a4,a0
    2cec:	64e7a623          	sw	a4,1612(a5)
    2cf0:	00008067          	ret

00002cf4 <f234>:
    2cf4:	67b7d7b7          	lui	a5,0x67b7d
    2cf8:	1cc78793          	addi	a5,a5,460 # 67b7d1cc <__bss_end+0x67b77b7c>
    2cfc:	00f54533          	xor	a0,a0,a5
    2d00:	000057b7          	lui	a5,0x5
    2d04:	64c7a703          	lw	a4,1612(a5) # 564c <g_acc>
    2d08:	00a70733          	add	a4,a4,a0
    2d0c:	64e7a623          	sw	a4,1612(a5)
    2d10:	fffff737          	lui	a4,0xfffff
    2d14:	58570713          	addi	a4,a4,1413 # fffff585 <__bss_end+0xffff9f35>
    2d18:	00e50533          	add	a0,a0,a4
    2d1c:	7f39d737          	lui	a4,0x7f39d
    2d20:	06570713          	addi	a4,a4,101 # 7f39d065 <__bss_end+0x7f397a15>
    2d24:	00e54533          	xor	a0,a0,a4
    2d28:	64c7a703          	lw	a4,1612(a5)
    2d2c:	00a74733          	xor	a4,a4,a0
    2d30:	64e7a623          	sw	a4,1612(a5)
    2d34:	00008067          	ret

00002d38 <run_phase_32>:
    2d38:	ff010113          	addi	sp,sp,-16
    2d3c:	00112623          	sw	ra,12(sp)
    2d40:	47000513          	li	a0,1136
    2d44:	f55ff0ef          	jal	ra,2c98 <f232>
    2d48:	22d00513          	li	a0,557
    2d4c:	8f8fe0ef          	jal	ra,e44 <f069>
    2d50:	6e100513          	li	a0,1761
    2d54:	810fe0ef          	jal	ra,d64 <f064>
    2d58:	11f00513          	li	a0,287
    2d5c:	af4ff0ef          	jal	ra,2050 <f171>
    2d60:	5d000513          	li	a0,1488
    2d64:	d8cfd0ef          	jal	ra,2f0 <f006>
    2d68:	4c700513          	li	a0,1223
    2d6c:	d4dfd0ef          	jal	ra,ab8 <f049>
    2d70:	03100513          	li	a0,49
    2d74:	ea4fe0ef          	jal	ra,1418 <f104>
    2d78:	47600513          	li	a0,1142
    2d7c:	a8dfd0ef          	jal	ra,808 <f034>
    2d80:	19600513          	li	a0,406
    2d84:	f71ff0ef          	jal	ra,2cf4 <f234>
    2d88:	68100513          	li	a0,1665
    2d8c:	db4fe0ef          	jal	ra,1340 <f098>
    2d90:	3ee00513          	li	a0,1006
    2d94:	b0cfe0ef          	jal	ra,10a0 <f082>
    2d98:	12d00513          	li	a0,301
    2d9c:	f4dfd0ef          	jal	ra,ce8 <f061>
    2da0:	59900513          	li	a0,1433
    2da4:	b6dfd0ef          	jal	ra,910 <f040>
    2da8:	09e00513          	li	a0,158
    2dac:	d50ff0ef          	jal	ra,22fc <f185>
    2db0:	00c12083          	lw	ra,12(sp)
    2db4:	01010113          	addi	sp,sp,16
    2db8:	00008067          	ret

00002dbc <f235>:
    2dbc:	16654513          	xori	a0,a0,358
    2dc0:	000057b7          	lui	a5,0x5
    2dc4:	64c7a703          	lw	a4,1612(a5) # 564c <g_acc>
    2dc8:	00a70733          	add	a4,a4,a0
    2dcc:	64e7a623          	sw	a4,1612(a5)
    2dd0:	00351713          	slli	a4,a0,0x3
    2dd4:	01d55513          	srli	a0,a0,0x1d
    2dd8:	00e56533          	or	a0,a0,a4
    2ddc:	64c7a703          	lw	a4,1612(a5)
    2de0:	00a70733          	add	a4,a4,a0
    2de4:	64e7a623          	sw	a4,1612(a5)
    2de8:	64c7a703          	lw	a4,1612(a5)
    2dec:	00a70733          	add	a4,a4,a0
    2df0:	64e7a623          	sw	a4,1612(a5)
    2df4:	64c7a703          	lw	a4,1612(a5)
    2df8:	00a74733          	xor	a4,a4,a0
    2dfc:	64e7a623          	sw	a4,1612(a5)
    2e00:	00008067          	ret

00002e04 <run_phase_38>:
    2e04:	ff010113          	addi	sp,sp,-16
    2e08:	00112623          	sw	ra,12(sp)
    2e0c:	19200513          	li	a0,402
    2e10:	b1dff0ef          	jal	ra,292c <f220>
    2e14:	14900513          	li	a0,329
    2e18:	835ff0ef          	jal	ra,264c <f204>
    2e1c:	1ed00513          	li	a0,493
    2e20:	c75fd0ef          	jal	ra,a94 <f048>
    2e24:	36000513          	li	a0,864
    2e28:	bd4fe0ef          	jal	ra,11fc <f091>
    2e2c:	16400513          	li	a0,356
    2e30:	a55ff0ef          	jal	ra,2884 <f216>
    2e34:	3c500513          	li	a0,965
    2e38:	fb1fd0ef          	jal	ra,de8 <f067>
    2e3c:	1f900513          	li	a0,505
    2e40:	ef5fe0ef          	jal	ra,1d34 <f153>
    2e44:	28b00513          	li	a0,651
    2e48:	f75ff0ef          	jal	ra,2dbc <f235>
    2e4c:	4b200513          	li	a0,1202
    2e50:	85dfd0ef          	jal	ra,6ac <f027>
    2e54:	3a800513          	li	a0,936
    2e58:	d84fd0ef          	jal	ra,3dc <f011>
    2e5c:	55000513          	li	a0,1360
    2e60:	e89fe0ef          	jal	ra,1ce8 <f151>
    2e64:	14900513          	li	a0,329
    2e68:	a49ff0ef          	jal	ra,28b0 <f217>
    2e6c:	73f00513          	li	a0,1855
    2e70:	b55fe0ef          	jal	ra,19c4 <f134>
    2e74:	00c12083          	lw	ra,12(sp)
    2e78:	01010113          	addi	sp,sp,16
    2e7c:	00008067          	ret

00002e80 <f236>:
    2e80:	dbd777b7          	lui	a5,0xdbd77
    2e84:	21b78793          	addi	a5,a5,539 # dbd7721b <__bss_end+0xdbd71bcb>
    2e88:	00f54533          	xor	a0,a0,a5
    2e8c:	00b51793          	slli	a5,a0,0xb
    2e90:	01555513          	srli	a0,a0,0x15
    2e94:	00f56533          	or	a0,a0,a5
    2e98:	ec850513          	addi	a0,a0,-312
    2e9c:	00005737          	lui	a4,0x5
    2ea0:	64c72783          	lw	a5,1612(a4) # 564c <g_acc>
    2ea4:	00a7c7b3          	xor	a5,a5,a0
    2ea8:	64f72623          	sw	a5,1612(a4)
    2eac:	00008067          	ret

00002eb0 <f237>:
    2eb0:	fea1c7b7          	lui	a5,0xfea1c
    2eb4:	57078793          	addi	a5,a5,1392 # fea1c570 <__bss_end+0xfea16f20>
    2eb8:	00f54533          	xor	a0,a0,a5
    2ebc:	d3850513          	addi	a0,a0,-712
    2ec0:	00a55793          	srli	a5,a0,0xa
    2ec4:	01651513          	slli	a0,a0,0x16
    2ec8:	00f56533          	or	a0,a0,a5
    2ecc:	10950513          	addi	a0,a0,265
    2ed0:	000057b7          	lui	a5,0x5
    2ed4:	64c7a703          	lw	a4,1612(a5) # 564c <g_acc>
    2ed8:	00a70733          	add	a4,a4,a0
    2edc:	64e7a623          	sw	a4,1612(a5)
    2ee0:	64c7a703          	lw	a4,1612(a5)
    2ee4:	00a74733          	xor	a4,a4,a0
    2ee8:	64e7a623          	sw	a4,1612(a5)
    2eec:	00008067          	ret

00002ef0 <f238>:
    2ef0:	04954513          	xori	a0,a0,73
    2ef4:	00651793          	slli	a5,a0,0x6
    2ef8:	01a55513          	srli	a0,a0,0x1a
    2efc:	00f56533          	or	a0,a0,a5
    2f00:	4c9377b7          	lui	a5,0x4c937
    2f04:	79d78793          	addi	a5,a5,1949 # 4c93779d <__bss_end+0x4c93214d>
    2f08:	00f54533          	xor	a0,a0,a5
    2f0c:	00c55793          	srli	a5,a0,0xc
    2f10:	01451513          	slli	a0,a0,0x14
    2f14:	00f56533          	or	a0,a0,a5
    2f18:	02050513          	addi	a0,a0,32
    2f1c:	00005737          	lui	a4,0x5
    2f20:	64c72783          	lw	a5,1612(a4) # 564c <g_acc>
    2f24:	00a7c7b3          	xor	a5,a5,a0
    2f28:	64f72623          	sw	a5,1612(a4)
    2f2c:	00008067          	ret

00002f30 <f239>:
    2f30:	05c54513          	xori	a0,a0,92
    2f34:	00651793          	slli	a5,a0,0x6
    2f38:	01a55513          	srli	a0,a0,0x1a
    2f3c:	00f56533          	or	a0,a0,a5
    2f40:	b9750513          	addi	a0,a0,-1129
    2f44:	2f2f27b7          	lui	a5,0x2f2f2
    2f48:	9d778793          	addi	a5,a5,-1577 # 2f2f19d7 <__bss_end+0x2f2ec387>
    2f4c:	00f54533          	xor	a0,a0,a5
    2f50:	00005737          	lui	a4,0x5
    2f54:	64c72783          	lw	a5,1612(a4) # 564c <g_acc>
    2f58:	00a7c7b3          	xor	a5,a5,a0
    2f5c:	64f72623          	sw	a5,1612(a4)
    2f60:	00008067          	ret

00002f64 <run_phase_30>:
    2f64:	ff010113          	addi	sp,sp,-16
    2f68:	00112623          	sw	ra,12(sp)
    2f6c:	51d00513          	li	a0,1309
    2f70:	b9dfd0ef          	jal	ra,b0c <f051>
    2f74:	10100513          	li	a0,257
    2f78:	a21fd0ef          	jal	ra,998 <f043>
    2f7c:	74b00513          	li	a0,1867
    2f80:	c24fd0ef          	jal	ra,3a4 <f010>
    2f84:	1c800513          	li	a0,456
    2f88:	fa9ff0ef          	jal	ra,2f30 <f239>
    2f8c:	6cb00513          	li	a0,1739
    2f90:	d28ff0ef          	jal	ra,24b8 <f195>
    2f94:	46a00513          	li	a0,1130
    2f98:	c8cfd0ef          	jal	ra,424 <f013>
    2f9c:	2a600513          	li	a0,678
    2fa0:	ed5fd0ef          	jal	ra,e74 <f070>
    2fa4:	76b00513          	li	a0,1899
    2fa8:	ea4fe0ef          	jal	ra,164c <f116>
    2fac:	5ce00513          	li	a0,1486
    2fb0:	8b1fe0ef          	jal	ra,1860 <f127>
    2fb4:	75000513          	li	a0,1872
    2fb8:	d40fe0ef          	jal	ra,14f8 <f109>
    2fbc:	1c900513          	li	a0,457
    2fc0:	a00fe0ef          	jal	ra,11c0 <f089>
    2fc4:	00c12083          	lw	ra,12(sp)
    2fc8:	01010113          	addi	sp,sp,16
    2fcc:	00008067          	ret

00002fd0 <f240>:
    2fd0:	68b54513          	xori	a0,a0,1675
    2fd4:	000017b7          	lui	a5,0x1
    2fd8:	c1078793          	addi	a5,a5,-1008 # c10 <f056+0x1c>
    2fdc:	00f50533          	add	a0,a0,a5
    2fe0:	00005737          	lui	a4,0x5
    2fe4:	64c72783          	lw	a5,1612(a4) # 564c <g_acc>
    2fe8:	00a7c7b3          	xor	a5,a5,a0
    2fec:	64f72623          	sw	a5,1612(a4)
    2ff0:	00008067          	ret

00002ff4 <f241>:
    2ff4:	53a54513          	xori	a0,a0,1338
    2ff8:	00b51793          	slli	a5,a0,0xb
    2ffc:	01555513          	srli	a0,a0,0x15
    3000:	00f56533          	or	a0,a0,a5
    3004:	32550513          	addi	a0,a0,805
    3008:	00005737          	lui	a4,0x5
    300c:	64c72783          	lw	a5,1612(a4) # 564c <g_acc>
    3010:	00a7c7b3          	xor	a5,a5,a0
    3014:	64f72623          	sw	a5,1612(a4)
    3018:	00008067          	ret

0000301c <f242>:
    301c:	01a54513          	xori	a0,a0,26
    3020:	000057b7          	lui	a5,0x5
    3024:	64c7a703          	lw	a4,1612(a5) # 564c <g_acc>
    3028:	00a70733          	add	a4,a4,a0
    302c:	64e7a623          	sw	a4,1612(a5)
    3030:	57350513          	addi	a0,a0,1395
    3034:	9c14a737          	lui	a4,0x9c14a
    3038:	50c70713          	addi	a4,a4,1292 # 9c14a50c <__bss_end+0x9c144ebc>
    303c:	00e54533          	xor	a0,a0,a4
    3040:	64c7a703          	lw	a4,1612(a5)
    3044:	00a74733          	xor	a4,a4,a0
    3048:	64e7a623          	sw	a4,1612(a5)
    304c:	00008067          	ret

00003050 <f243>:
    3050:	00005737          	lui	a4,0x5
    3054:	64c72683          	lw	a3,1612(a4) # 564c <g_acc>
    3058:	d31957b7          	lui	a5,0xd3195
    305c:	0c778793          	addi	a5,a5,199 # d31950c7 <__bss_end+0xd318fa77>
    3060:	00f547b3          	xor	a5,a0,a5
    3064:	00d787b3          	add	a5,a5,a3
    3068:	64f72623          	sw	a5,1612(a4)
    306c:	64c72683          	lw	a3,1612(a4)
    3070:	bdf9e7b7          	lui	a5,0xbdf9e
    3074:	bd878793          	addi	a5,a5,-1064 # bdf9dbd8 <__bss_end+0xbdf98588>
    3078:	00f547b3          	xor	a5,a0,a5
    307c:	00d787b3          	add	a5,a5,a3
    3080:	64f72623          	sw	a5,1612(a4)
    3084:	65a677b7          	lui	a5,0x65a67
    3088:	ff478793          	addi	a5,a5,-12 # 65a66ff4 <__bss_end+0x65a619a4>
    308c:	00f54533          	xor	a0,a0,a5
    3090:	64c72783          	lw	a5,1612(a4)
    3094:	00a7c7b3          	xor	a5,a5,a0
    3098:	64f72623          	sw	a5,1612(a4)
    309c:	00008067          	ret

000030a0 <run_phase_37>:
    30a0:	ff010113          	addi	sp,sp,-16
    30a4:	00112623          	sw	ra,12(sp)
    30a8:	7d000513          	li	a0,2000
    30ac:	9c1fd0ef          	jal	ra,a6c <f047>
    30b0:	4f500513          	li	a0,1269
    30b4:	ffcff0ef          	jal	ra,28b0 <f217>
    30b8:	1ce00513          	li	a0,462
    30bc:	bddff0ef          	jal	ra,2c98 <f232>
    30c0:	29a00513          	li	a0,666
    30c4:	f20fd0ef          	jal	ra,7e4 <f033>
    30c8:	61d00513          	li	a0,1565
    30cc:	f18fd0ef          	jal	ra,7e4 <f033>
    30d0:	1f600513          	li	a0,502
    30d4:	f7dff0ef          	jal	ra,3050 <f243>
    30d8:	00500513          	li	a0,5
    30dc:	e25fd0ef          	jal	ra,f00 <f073>
    30e0:	47200513          	li	a0,1138
    30e4:	bd4ff0ef          	jal	ra,24b8 <f195>
    30e8:	2e000513          	li	a0,736
    30ec:	bd1ff0ef          	jal	ra,2cbc <f233>
    30f0:	53d00513          	li	a0,1341
    30f4:	e78fe0ef          	jal	ra,176c <f122>
    30f8:	05f00513          	li	a0,95
    30fc:	86cfe0ef          	jal	ra,1168 <f087>
    3100:	4a100513          	li	a0,1185
    3104:	dccfe0ef          	jal	ra,16d0 <f119>
    3108:	55d00513          	li	a0,1373
    310c:	fecfe0ef          	jal	ra,18f8 <f130>
    3110:	00c12083          	lw	ra,12(sp)
    3114:	01010113          	addi	sp,sp,16
    3118:	00008067          	ret

0000311c <f244>:
    311c:	03f54513          	xori	a0,a0,63
    3120:	88450513          	addi	a0,a0,-1916
    3124:	00b51793          	slli	a5,a0,0xb
    3128:	01555513          	srli	a0,a0,0x15
    312c:	00f56533          	or	a0,a0,a5
    3130:	2c650513          	addi	a0,a0,710
    3134:	00005737          	lui	a4,0x5
    3138:	64c72783          	lw	a5,1612(a4) # 564c <g_acc>
    313c:	00a7c7b3          	xor	a5,a5,a0
    3140:	64f72623          	sw	a5,1612(a4)
    3144:	00008067          	ret

00003148 <run_phase_58>:
    3148:	ff010113          	addi	sp,sp,-16
    314c:	00112623          	sw	ra,12(sp)
    3150:	3b600513          	li	a0,950
    3154:	d98ff0ef          	jal	ra,26ec <f208>
    3158:	68400513          	li	a0,1668
    315c:	be0fd0ef          	jal	ra,53c <f019>
    3160:	78000513          	li	a0,1920
    3164:	c18fe0ef          	jal	ra,157c <f112>
    3168:	65500513          	li	a0,1621
    316c:	fb1ff0ef          	jal	ra,311c <f244>
    3170:	4d100513          	li	a0,1233
    3174:	94cfe0ef          	jal	ra,12c0 <f095>
    3178:	69100513          	li	a0,1681
    317c:	919fd0ef          	jal	ra,a94 <f048>
    3180:	5c200513          	li	a0,1474
    3184:	b50fe0ef          	jal	ra,14d4 <f108>
    3188:	15500513          	li	a0,341
    318c:	d1cff0ef          	jal	ra,26a8 <f206>
    3190:	50000513          	li	a0,1280
    3194:	c29ff0ef          	jal	ra,2dbc <f235>
    3198:	0f200513          	li	a0,242
    319c:	b1dfe0ef          	jal	ra,1cb8 <f150>
    31a0:	7d200513          	li	a0,2002
    31a4:	9c0fe0ef          	jal	ra,1364 <f099>
    31a8:	18a00513          	li	a0,394
    31ac:	b61fe0ef          	jal	ra,1d0c <f152>
    31b0:	7a100513          	li	a0,1953
    31b4:	ed0ff0ef          	jal	ra,2884 <f216>
    31b8:	00c12083          	lw	ra,12(sp)
    31bc:	01010113          	addi	sp,sp,16
    31c0:	00008067          	ret

000031c4 <f245>:
    31c4:	05854513          	xori	a0,a0,88
    31c8:	3cb50513          	addi	a0,a0,971
    31cc:	00005737          	lui	a4,0x5
    31d0:	64c72783          	lw	a5,1612(a4) # 564c <g_acc>
    31d4:	00a7c7b3          	xor	a5,a5,a0
    31d8:	64f72623          	sw	a5,1612(a4)
    31dc:	00008067          	ret

000031e0 <f246>:
    31e0:	28e54513          	xori	a0,a0,654
    31e4:	000017b7          	lui	a5,0x1
    31e8:	86c78793          	addi	a5,a5,-1940 # 86c <f035+0x30>
    31ec:	00f50533          	add	a0,a0,a5
    31f0:	821f67b7          	lui	a5,0x821f6
    31f4:	d0478793          	addi	a5,a5,-764 # 821f5d04 <__bss_end+0x821f06b4>
    31f8:	00f54533          	xor	a0,a0,a5
    31fc:	00005737          	lui	a4,0x5
    3200:	64c72783          	lw	a5,1612(a4) # 564c <g_acc>
    3204:	00a7c7b3          	xor	a5,a5,a0
    3208:	64f72623          	sw	a5,1612(a4)
    320c:	00008067          	ret

00003210 <run_phase_42>:
    3210:	ff010113          	addi	sp,sp,-16
    3214:	00112623          	sw	ra,12(sp)
    3218:	16c00513          	li	a0,364
    321c:	861fe0ef          	jal	ra,1a7c <f138>
    3220:	6cf00513          	li	a0,1743
    3224:	fbdff0ef          	jal	ra,31e0 <f246>
    3228:	38800513          	li	a0,904
    322c:	9f1fe0ef          	jal	ra,1c1c <f147>
    3230:	18400513          	li	a0,388
    3234:	bb1fe0ef          	jal	ra,1de4 <f158>
    3238:	69400513          	li	a0,1684
    323c:	e65fd0ef          	jal	ra,10a0 <f082>
    3240:	7d500513          	li	a0,2005
    3244:	ff5fc0ef          	jal	ra,238 <f002>
    3248:	4d500513          	li	a0,1237
    324c:	cf8fe0ef          	jal	ra,1744 <f121>
    3250:	39d00513          	li	a0,925
    3254:	f9cfd0ef          	jal	ra,9f0 <f045>
    3258:	61600513          	li	a0,1558
    325c:	894fd0ef          	jal	ra,2f0 <f006>
    3260:	54000513          	li	a0,1344
    3264:	855fd0ef          	jal	ra,ab8 <f049>
    3268:	26f00513          	li	a0,623
    326c:	e68fd0ef          	jal	ra,8d4 <f038>
    3270:	6f400513          	li	a0,1780
    3274:	92cff0ef          	jal	ra,23a0 <f189>
    3278:	2e800513          	li	a0,744
    327c:	bd0ff0ef          	jal	ra,264c <f204>
    3280:	00c12083          	lw	ra,12(sp)
    3284:	01010113          	addi	sp,sp,16
    3288:	00008067          	ret

0000328c <f247>:
    328c:	e0c947b7          	lui	a5,0xe0c94
    3290:	95578793          	addi	a5,a5,-1707 # e0c93955 <__bss_end+0xe0c8e305>
    3294:	00f54533          	xor	a0,a0,a5
    3298:	00755793          	srli	a5,a0,0x7
    329c:	01951513          	slli	a0,a0,0x19
    32a0:	00f56533          	or	a0,a0,a5
    32a4:	00005737          	lui	a4,0x5
    32a8:	64c72783          	lw	a5,1612(a4) # 564c <g_acc>
    32ac:	00a7c7b3          	xor	a5,a5,a0
    32b0:	64f72623          	sw	a5,1612(a4)
    32b4:	00008067          	ret

000032b8 <run_phase_36>:
    32b8:	ff010113          	addi	sp,sp,-16
    32bc:	00112623          	sw	ra,12(sp)
    32c0:	77900513          	li	a0,1913
    32c4:	ad8fd0ef          	jal	ra,59c <f021>
    32c8:	1aa00513          	li	a0,426
    32cc:	b49fd0ef          	jal	ra,e14 <f068>
    32d0:	74c00513          	li	a0,1868
    32d4:	fb9ff0ef          	jal	ra,328c <f247>
    32d8:	0ce00513          	li	a0,206
    32dc:	f3dfe0ef          	jal	ra,2218 <f180>
    32e0:	04400513          	li	a0,68
    32e4:	c39fe0ef          	jal	ra,1f1c <f165>
    32e8:	1b100513          	li	a0,433
    32ec:	ca0fe0ef          	jal	ra,178c <f123>
    32f0:	62f00513          	li	a0,1583
    32f4:	ffdfc0ef          	jal	ra,2f0 <f006>
    32f8:	76000513          	li	a0,1888
    32fc:	91cfe0ef          	jal	ra,1418 <f104>
    3300:	1fa00513          	li	a0,506
    3304:	d05fd0ef          	jal	ra,1008 <f079>
    3308:	4e800513          	li	a0,1256
    330c:	be0ff0ef          	jal	ra,26ec <f208>
    3310:	54900513          	li	a0,1353
    3314:	fb9fc0ef          	jal	ra,2cc <f005>
    3318:	57600513          	li	a0,1398
    331c:	850fd0ef          	jal	ra,36c <f009>
    3320:	73400513          	li	a0,1844
    3324:	fecff0ef          	jal	ra,2b10 <f229>
    3328:	00c12083          	lw	ra,12(sp)
    332c:	01010113          	addi	sp,sp,16
    3330:	00008067          	ret

00003334 <f248>:
    3334:	48ede7b7          	lui	a5,0x48ede
    3338:	22978793          	addi	a5,a5,553 # 48ede229 <__bss_end+0x48ed8bd9>
    333c:	00f54533          	xor	a0,a0,a5
    3340:	28450513          	addi	a0,a0,644
    3344:	9a8f07b7          	lui	a5,0x9a8f0
    3348:	ca078793          	addi	a5,a5,-864 # 9a8efca0 <__bss_end+0x9a8ea650>
    334c:	00f54533          	xor	a0,a0,a5
    3350:	000057b7          	lui	a5,0x5
    3354:	64c7a703          	lw	a4,1612(a5) # 564c <g_acc>
    3358:	00a70733          	add	a4,a4,a0
    335c:	64e7a623          	sw	a4,1612(a5)
    3360:	64c7a703          	lw	a4,1612(a5)
    3364:	00a74733          	xor	a4,a4,a0
    3368:	64e7a623          	sw	a4,1612(a5)
    336c:	00008067          	ret

00003370 <f249>:
    3370:	05954513          	xori	a0,a0,89
    3374:	000057b7          	lui	a5,0x5
    3378:	64c7a703          	lw	a4,1612(a5) # 564c <g_acc>
    337c:	00a70733          	add	a4,a4,a0
    3380:	64e7a623          	sw	a4,1612(a5)
    3384:	d3450513          	addi	a0,a0,-716
    3388:	7874a737          	lui	a4,0x7874a
    338c:	2dc70713          	addi	a4,a4,732 # 7874a2dc <__bss_end+0x78744c8c>
    3390:	00e54533          	xor	a0,a0,a4
    3394:	64c7a703          	lw	a4,1612(a5)
    3398:	00a70733          	add	a4,a4,a0
    339c:	64e7a623          	sw	a4,1612(a5)
    33a0:	64c7a703          	lw	a4,1612(a5)
    33a4:	00a74733          	xor	a4,a4,a0
    33a8:	64e7a623          	sw	a4,1612(a5)
    33ac:	00008067          	ret

000033b0 <f250>:
    33b0:	1f5da7b7          	lui	a5,0x1f5da
    33b4:	bc278793          	addi	a5,a5,-1086 # 1f5d9bc2 <__bss_end+0x1f5d4572>
    33b8:	00f54533          	xor	a0,a0,a5
    33bc:	aaa50513          	addi	a0,a0,-1366
    33c0:	b78237b7          	lui	a5,0xb7823
    33c4:	dfd78793          	addi	a5,a5,-515 # b7822dfd <__bss_end+0xb781d7ad>
    33c8:	00f54533          	xor	a0,a0,a5
    33cc:	00005737          	lui	a4,0x5
    33d0:	64c72783          	lw	a5,1612(a4) # 564c <g_acc>
    33d4:	00a7c7b3          	xor	a5,a5,a0
    33d8:	64f72623          	sw	a5,1612(a4)
    33dc:	00008067          	ret

000033e0 <run_phase_05>:
    33e0:	ff010113          	addi	sp,sp,-16
    33e4:	00112623          	sw	ra,12(sp)
    33e8:	3a400513          	li	a0,932
    33ec:	a58fd0ef          	jal	ra,644 <f025>
    33f0:	58200513          	li	a0,1410
    33f4:	fa9fd0ef          	jal	ra,139c <f101>
    33f8:	2a600513          	li	a0,678
    33fc:	b85fd0ef          	jal	ra,f80 <f076>
    3400:	62a00513          	li	a0,1578
    3404:	8b9ff0ef          	jal	ra,2cbc <f233>
    3408:	64200513          	li	a0,1602
    340c:	ad8fd0ef          	jal	ra,6e4 <f028>
    3410:	08800513          	li	a0,136
    3414:	f1dfe0ef          	jal	ra,2330 <f186>
    3418:	6f300513          	li	a0,1779
    341c:	ab4fe0ef          	jal	ra,16d0 <f119>
    3420:	31b00513          	li	a0,795
    3424:	a04fe0ef          	jal	ra,1628 <f115>
    3428:	78100513          	li	a0,1921
    342c:	f85ff0ef          	jal	ra,33b0 <f250>
    3430:	10c00513          	li	a0,268
    3434:	cf8ff0ef          	jal	ra,292c <f220>
    3438:	14b00513          	li	a0,331
    343c:	c29fd0ef          	jal	ra,1064 <f081>
    3440:	2eb00513          	li	a0,747
    3444:	97dfe0ef          	jal	ra,1dc0 <f157>
    3448:	06b00513          	li	a0,107
    344c:	86dfe0ef          	jal	ra,1cb8 <f150>
    3450:	00c12083          	lw	ra,12(sp)
    3454:	01010113          	addi	sp,sp,16
    3458:	00008067          	ret

0000345c <f251>:
    345c:	0b754513          	xori	a0,a0,183
    3460:	e5950513          	addi	a0,a0,-423
    3464:	000057b7          	lui	a5,0x5
    3468:	64c7a703          	lw	a4,1612(a5) # 564c <g_acc>
    346c:	00a70733          	add	a4,a4,a0
    3470:	64e7a623          	sw	a4,1612(a5)
    3474:	64c7a703          	lw	a4,1612(a5)
    3478:	00a74733          	xor	a4,a4,a0
    347c:	64e7a623          	sw	a4,1612(a5)
    3480:	00008067          	ret

00003484 <run_phase_10>:
    3484:	ff010113          	addi	sp,sp,-16
    3488:	00112623          	sw	ra,12(sp)
    348c:	1bd00513          	li	a0,445
    3490:	cd4ff0ef          	jal	ra,2964 <f221>
    3494:	1e800513          	li	a0,488
    3498:	b9dfd0ef          	jal	ra,1034 <f080>
    349c:	50800513          	li	a0,1288
    34a0:	a9cff0ef          	jal	ra,273c <f210>
    34a4:	3b800513          	li	a0,952
    34a8:	e14ff0ef          	jal	ra,2abc <f227>
    34ac:	16a00513          	li	a0,362
    34b0:	fadff0ef          	jal	ra,345c <f251>
    34b4:	04f00513          	li	a0,79
    34b8:	b60ff0ef          	jal	ra,2818 <f214>
    34bc:	4d300513          	li	a0,1235
    34c0:	f98fe0ef          	jal	ra,1c58 <f148>
    34c4:	21b00513          	li	a0,539
    34c8:	ab9fd0ef          	jal	ra,f80 <f076>
    34cc:	35e00513          	li	a0,862
    34d0:	b48ff0ef          	jal	ra,2818 <f214>
    34d4:	50a00513          	li	a0,1290
    34d8:	b45ff0ef          	jal	ra,301c <f242>
    34dc:	00c12083          	lw	ra,12(sp)
    34e0:	01010113          	addi	sp,sp,16
    34e4:	00008067          	ret

000034e8 <f252>:
    34e8:	44854513          	xori	a0,a0,1096
    34ec:	31050513          	addi	a0,a0,784
    34f0:	00851793          	slli	a5,a0,0x8
    34f4:	01855513          	srli	a0,a0,0x18
    34f8:	00f56533          	or	a0,a0,a5
    34fc:	000057b7          	lui	a5,0x5
    3500:	64c7a703          	lw	a4,1612(a5) # 564c <g_acc>
    3504:	00a70733          	add	a4,a4,a0
    3508:	64e7a623          	sw	a4,1612(a5)
    350c:	b9062737          	lui	a4,0xb9062
    3510:	06b70713          	addi	a4,a4,107 # b906206b <__bss_end+0xb905ca1b>
    3514:	00e54533          	xor	a0,a0,a4
    3518:	64c7a703          	lw	a4,1612(a5)
    351c:	00a74733          	xor	a4,a4,a0
    3520:	64e7a623          	sw	a4,1612(a5)
    3524:	00008067          	ret

00003528 <run_phase_34>:
    3528:	ff010113          	addi	sp,sp,-16
    352c:	00112623          	sw	ra,12(sp)
    3530:	4cd00513          	li	a0,1229
    3534:	d84fd0ef          	jal	ra,ab8 <f049>
    3538:	33f00513          	li	a0,831
    353c:	bb4fd0ef          	jal	ra,8f0 <f039>
    3540:	36100513          	li	a0,865
    3544:	df1ff0ef          	jal	ra,3334 <f248>
    3548:	1dd00513          	li	a0,477
    354c:	ca4fd0ef          	jal	ra,9f0 <f045>
    3550:	36d00513          	li	a0,877
    3554:	a7dff0ef          	jal	ra,2fd0 <f240>
    3558:	1cc00513          	li	a0,460
    355c:	c29fd0ef          	jal	ra,1184 <f088>
    3560:	45800513          	li	a0,1112
    3564:	be5fe0ef          	jal	ra,2148 <f176>
    3568:	37f00513          	li	a0,895
    356c:	ed1fd0ef          	jal	ra,143c <f105>
    3570:	5e000513          	li	a0,1504
    3574:	b61fe0ef          	jal	ra,20d4 <f174>
    3578:	00600513          	li	a0,6
    357c:	c65ff0ef          	jal	ra,31e0 <f246>
    3580:	19700513          	li	a0,407
    3584:	f65ff0ef          	jal	ra,34e8 <f252>
    3588:	62700513          	li	a0,1575
    358c:	da9ff0ef          	jal	ra,3334 <f248>
    3590:	37b00513          	li	a0,891
    3594:	e65fd0ef          	jal	ra,13f8 <f103>
    3598:	00c12083          	lw	ra,12(sp)
    359c:	01010113          	addi	sp,sp,16
    35a0:	00008067          	ret

000035a4 <f253>:
    35a4:	4829a7b7          	lui	a5,0x4829a
    35a8:	2ee78793          	addi	a5,a5,750 # 4829a2ee <__bss_end+0x48294c9e>
    35ac:	00f54533          	xor	a0,a0,a5
    35b0:	00951793          	slli	a5,a0,0x9
    35b4:	01755513          	srli	a0,a0,0x17
    35b8:	00f56533          	or	a0,a0,a5
    35bc:	00005737          	lui	a4,0x5
    35c0:	64c72783          	lw	a5,1612(a4) # 564c <g_acc>
    35c4:	00a7c7b3          	xor	a5,a5,a0
    35c8:	64f72623          	sw	a5,1612(a4)
    35cc:	00008067          	ret

000035d0 <f254>:
    35d0:	013977b7          	lui	a5,0x1397
    35d4:	d7978793          	addi	a5,a5,-647 # 1396d79 <__bss_end+0x1391729>
    35d8:	00f54533          	xor	a0,a0,a5
    35dc:	c7650513          	addi	a0,a0,-906
    35e0:	000057b7          	lui	a5,0x5
    35e4:	64c7a703          	lw	a4,1612(a5) # 564c <g_acc>
    35e8:	00a70733          	add	a4,a4,a0
    35ec:	64e7a623          	sw	a4,1612(a5)
    35f0:	64c7a703          	lw	a4,1612(a5)
    35f4:	00a74733          	xor	a4,a4,a0
    35f8:	64e7a623          	sw	a4,1612(a5)
    35fc:	00008067          	ret

00003600 <f255>:
    3600:	4af54513          	xori	a0,a0,1199
    3604:	00451793          	slli	a5,a0,0x4
    3608:	01c55513          	srli	a0,a0,0x1c
    360c:	00f56533          	or	a0,a0,a5
    3610:	00005737          	lui	a4,0x5
    3614:	64c72783          	lw	a5,1612(a4) # 564c <g_acc>
    3618:	00a7c7b3          	xor	a5,a5,a0
    361c:	64f72623          	sw	a5,1612(a4)
    3620:	00008067          	ret

00003624 <f256>:
    3624:	9a1107b7          	lui	a5,0x9a110
    3628:	e3978793          	addi	a5,a5,-455 # 9a10fe39 <__bss_end+0x9a10a7e9>
    362c:	00f54533          	xor	a0,a0,a5
    3630:	000057b7          	lui	a5,0x5
    3634:	64c7a703          	lw	a4,1612(a5) # 564c <g_acc>
    3638:	00a70733          	add	a4,a4,a0
    363c:	64e7a623          	sw	a4,1612(a5)
    3640:	01051713          	slli	a4,a0,0x10
    3644:	01055513          	srli	a0,a0,0x10
    3648:	00e56533          	or	a0,a0,a4
    364c:	64c7a703          	lw	a4,1612(a5)
    3650:	00a70733          	add	a4,a4,a0
    3654:	64e7a623          	sw	a4,1612(a5)
    3658:	64c7a703          	lw	a4,1612(a5)
    365c:	00a74733          	xor	a4,a4,a0
    3660:	64e7a623          	sw	a4,1612(a5)
    3664:	00008067          	ret

00003668 <f257>:
    3668:	574977b7          	lui	a5,0x57497
    366c:	a5078793          	addi	a5,a5,-1456 # 57496a50 <__bss_end+0x57491400>
    3670:	00f54533          	xor	a0,a0,a5
    3674:	8f850513          	addi	a0,a0,-1800
    3678:	00005737          	lui	a4,0x5
    367c:	64c72783          	lw	a5,1612(a4) # 564c <g_acc>
    3680:	00a7c7b3          	xor	a5,a5,a0
    3684:	64f72623          	sw	a5,1612(a4)
    3688:	00008067          	ret

0000368c <run_phase_19>:
    368c:	ff010113          	addi	sp,sp,-16
    3690:	00112623          	sw	ra,12(sp)
    3694:	5e800513          	li	a0,1512
    3698:	d84fe0ef          	jal	ra,1c1c <f147>
    369c:	33900513          	li	a0,825
    36a0:	a19fe0ef          	jal	ra,20b8 <f173>
    36a4:	48e00513          	li	a0,1166
    36a8:	bc5fe0ef          	jal	ra,226c <f182>
    36ac:	4a300513          	li	a0,1187
    36b0:	d74fd0ef          	jal	ra,c24 <f057>
    36b4:	2c200513          	li	a0,706
    36b8:	ff1fe0ef          	jal	ra,26a8 <f206>
    36bc:	4a200513          	li	a0,1186
    36c0:	ea4fd0ef          	jal	ra,d64 <f064>
    36c4:	7c400513          	li	a0,1988
    36c8:	e95fd0ef          	jal	ra,155c <f111>
    36cc:	17300513          	li	a0,371
    36d0:	fd5fd0ef          	jal	ra,16a4 <f118>
    36d4:	47d00513          	li	a0,1149
    36d8:	8bcff0ef          	jal	ra,2794 <f212>
    36dc:	0ed00513          	li	a0,237
    36e0:	f89ff0ef          	jal	ra,3668 <f257>
    36e4:	02b00513          	li	a0,43
    36e8:	a7cfe0ef          	jal	ra,1964 <f132>
    36ec:	00c12083          	lw	ra,12(sp)
    36f0:	01010113          	addi	sp,sp,16
    36f4:	00008067          	ret

000036f8 <f258>:
    36f8:	37554513          	xori	a0,a0,885
    36fc:	000057b7          	lui	a5,0x5
    3700:	64c7a703          	lw	a4,1612(a5) # 564c <g_acc>
    3704:	00a70733          	add	a4,a4,a0
    3708:	64e7a623          	sw	a4,1612(a5)
    370c:	64c7a703          	lw	a4,1612(a5)
    3710:	00a74733          	xor	a4,a4,a0
    3714:	64e7a623          	sw	a4,1612(a5)
    3718:	00008067          	ret

0000371c <f259>:
    371c:	54154513          	xori	a0,a0,1345
    3720:	0b350513          	addi	a0,a0,179
    3724:	000057b7          	lui	a5,0x5
    3728:	64c7a703          	lw	a4,1612(a5) # 564c <g_acc>
    372c:	00a70733          	add	a4,a4,a0
    3730:	64e7a623          	sw	a4,1612(a5)
    3734:	64c7a703          	lw	a4,1612(a5)
    3738:	00a74733          	xor	a4,a4,a0
    373c:	64e7a623          	sw	a4,1612(a5)
    3740:	00008067          	ret

00003744 <f260>:
    3744:	930077b7          	lui	a5,0x93007
    3748:	a9478793          	addi	a5,a5,-1388 # 93006a94 <__bss_end+0x93001444>
    374c:	00f54533          	xor	a0,a0,a5
    3750:	ef550513          	addi	a0,a0,-267
    3754:	000057b7          	lui	a5,0x5
    3758:	64c7a703          	lw	a4,1612(a5) # 564c <g_acc>
    375c:	00a70733          	add	a4,a4,a0
    3760:	64e7a623          	sw	a4,1612(a5)
    3764:	64c7a703          	lw	a4,1612(a5)
    3768:	00a74733          	xor	a4,a4,a0
    376c:	64e7a623          	sw	a4,1612(a5)
    3770:	00008067          	ret

00003774 <f261>:
    3774:	54a7f7b7          	lui	a5,0x54a7f
    3778:	81378793          	addi	a5,a5,-2029 # 54a7e813 <__bss_end+0x54a791c3>
    377c:	00f54533          	xor	a0,a0,a5
    3780:	00751793          	slli	a5,a0,0x7
    3784:	01955513          	srli	a0,a0,0x19
    3788:	00f56533          	or	a0,a0,a5
    378c:	00005737          	lui	a4,0x5
    3790:	64c72783          	lw	a5,1612(a4) # 564c <g_acc>
    3794:	00a7c7b3          	xor	a5,a5,a0
    3798:	64f72623          	sw	a5,1612(a4)
    379c:	00008067          	ret

000037a0 <f262>:
    37a0:	5bc54513          	xori	a0,a0,1468
    37a4:	1b650513          	addi	a0,a0,438
    37a8:	00005737          	lui	a4,0x5
    37ac:	64c72783          	lw	a5,1612(a4) # 564c <g_acc>
    37b0:	00a7c7b3          	xor	a5,a5,a0
    37b4:	64f72623          	sw	a5,1612(a4)
    37b8:	00008067          	ret

000037bc <f263>:
    37bc:	62254513          	xori	a0,a0,1570
    37c0:	21f50513          	addi	a0,a0,543
    37c4:	353bb7b7          	lui	a5,0x353bb
    37c8:	2b778793          	addi	a5,a5,695 # 353bb2b7 <__bss_end+0x353b5c67>
    37cc:	00f54533          	xor	a0,a0,a5
    37d0:	00005737          	lui	a4,0x5
    37d4:	64c72783          	lw	a5,1612(a4) # 564c <g_acc>
    37d8:	00a7c7b3          	xor	a5,a5,a0
    37dc:	64f72623          	sw	a5,1612(a4)
    37e0:	00008067          	ret

000037e4 <f264>:
    37e4:	74b54513          	xori	a0,a0,1867
    37e8:	c7c50513          	addi	a0,a0,-900
    37ec:	00751793          	slli	a5,a0,0x7
    37f0:	01955513          	srli	a0,a0,0x19
    37f4:	00f56533          	or	a0,a0,a5
    37f8:	00005737          	lui	a4,0x5
    37fc:	64c72783          	lw	a5,1612(a4) # 564c <g_acc>
    3800:	00a7c7b3          	xor	a5,a5,a0
    3804:	64f72623          	sw	a5,1612(a4)
    3808:	00008067          	ret

0000380c <f265>:
    380c:	658b37b7          	lui	a5,0x658b3
    3810:	85c78793          	addi	a5,a5,-1956 # 658b285c <__bss_end+0x658ad20c>
    3814:	00f54533          	xor	a0,a0,a5
    3818:	00005737          	lui	a4,0x5
    381c:	64c72783          	lw	a5,1612(a4) # 564c <g_acc>
    3820:	00a7c7b3          	xor	a5,a5,a0
    3824:	64f72623          	sw	a5,1612(a4)
    3828:	00008067          	ret

0000382c <f266>:
    382c:	4622a7b7          	lui	a5,0x4622a
    3830:	40378793          	addi	a5,a5,1027 # 4622a403 <__bss_end+0x46224db3>
    3834:	00f54533          	xor	a0,a0,a5
    3838:	000057b7          	lui	a5,0x5
    383c:	64c7a703          	lw	a4,1612(a5) # 564c <g_acc>
    3840:	00a70733          	add	a4,a4,a0
    3844:	64e7a623          	sw	a4,1612(a5)
    3848:	00a55713          	srli	a4,a0,0xa
    384c:	01651513          	slli	a0,a0,0x16
    3850:	00e56533          	or	a0,a0,a4
    3854:	94450513          	addi	a0,a0,-1724
    3858:	64c7a703          	lw	a4,1612(a5)
    385c:	00a74733          	xor	a4,a4,a0
    3860:	64e7a623          	sw	a4,1612(a5)
    3864:	00008067          	ret

00003868 <run_phase_47>:
    3868:	ff010113          	addi	sp,sp,-16
    386c:	00112623          	sw	ra,12(sp)
    3870:	53300513          	li	a0,1331
    3874:	fa5fe0ef          	jal	ra,2818 <f214>
    3878:	59300513          	li	a0,1427
    387c:	fb1ff0ef          	jal	ra,382c <f266>
    3880:	38c00513          	li	a0,908
    3884:	c75fd0ef          	jal	ra,14f8 <f109>
    3888:	0bb00513          	li	a0,187
    388c:	b30fe0ef          	jal	ra,1bbc <f145>
    3890:	70c00513          	li	a0,1804
    3894:	a24fd0ef          	jal	ra,ab8 <f049>
    3898:	1f600513          	li	a0,502
    389c:	fddfc0ef          	jal	ra,878 <f036>
    38a0:	68c00513          	li	a0,1676
    38a4:	975fe0ef          	jal	ra,2218 <f180>
    38a8:	31600513          	li	a0,790
    38ac:	e99ff0ef          	jal	ra,3744 <f260>
    38b0:	17600513          	li	a0,374
    38b4:	ed9fd0ef          	jal	ra,178c <f123>
    38b8:	34400513          	li	a0,836
    38bc:	c00ff0ef          	jal	ra,2cbc <f233>
    38c0:	4c600513          	li	a0,1222
    38c4:	e70fd0ef          	jal	ra,f34 <f074>
    38c8:	00c12083          	lw	ra,12(sp)
    38cc:	01010113          	addi	sp,sp,16
    38d0:	00008067          	ret

000038d4 <f267>:
    38d4:	3d854513          	xori	a0,a0,984
    38d8:	d6050513          	addi	a0,a0,-672
    38dc:	00005737          	lui	a4,0x5
    38e0:	64c72783          	lw	a5,1612(a4) # 564c <g_acc>
    38e4:	00a7c7b3          	xor	a5,a5,a0
    38e8:	64f72623          	sw	a5,1612(a4)
    38ec:	00008067          	ret

000038f0 <run_phase_51>:
    38f0:	ff010113          	addi	sp,sp,-16
    38f4:	00112623          	sw	ra,12(sp)
    38f8:	78500513          	li	a0,1925
    38fc:	a45fd0ef          	jal	ra,1340 <f098>
    3900:	6d300513          	li	a0,1747
    3904:	fd1ff0ef          	jal	ra,38d4 <f267>
    3908:	5f100513          	li	a0,1521
    390c:	98cff0ef          	jal	ra,2a98 <f226>
    3910:	40700513          	li	a0,1031
    3914:	925fc0ef          	jal	ra,238 <f002>
    3918:	06300513          	li	a0,99
    391c:	900ff0ef          	jal	ra,2a1c <f223>
    3920:	11b00513          	li	a0,283
    3924:	e21ff0ef          	jal	ra,3744 <f260>
    3928:	43d00513          	li	a0,1085
    392c:	eecfe0ef          	jal	ra,2018 <f170>
    3930:	4ac00513          	li	a0,1196
    3934:	fb4fd0ef          	jal	ra,10e8 <f084>
    3938:	33700513          	li	a0,823
    393c:	fbdfd0ef          	jal	ra,18f8 <f130>
    3940:	10400513          	li	a0,260
    3944:	955fe0ef          	jal	ra,2298 <f183>
    3948:	03300513          	li	a0,51
    394c:	aadfd0ef          	jal	ra,13f8 <f103>
    3950:	00c12083          	lw	ra,12(sp)
    3954:	01010113          	addi	sp,sp,16
    3958:	00008067          	ret

0000395c <f268>:
    395c:	15cf97b7          	lui	a5,0x15cf9
    3960:	76878793          	addi	a5,a5,1896 # 15cf9768 <__bss_end+0x15cf4118>
    3964:	00f54533          	xor	a0,a0,a5
    3968:	11350513          	addi	a0,a0,275
    396c:	00005737          	lui	a4,0x5
    3970:	64c72783          	lw	a5,1612(a4) # 564c <g_acc>
    3974:	00a7c7b3          	xor	a5,a5,a0
    3978:	64f72623          	sw	a5,1612(a4)
    397c:	00008067          	ret

00003980 <f269>:
    3980:	25c54513          	xori	a0,a0,604
    3984:	00455793          	srli	a5,a0,0x4
    3988:	01c51513          	slli	a0,a0,0x1c
    398c:	00f56533          	or	a0,a0,a5
    3990:	e6cdc7b7          	lui	a5,0xe6cdc
    3994:	ef278793          	addi	a5,a5,-270 # e6cdbef2 <__bss_end+0xe6cd68a2>
    3998:	00f54533          	xor	a0,a0,a5
    399c:	00d55793          	srli	a5,a0,0xd
    39a0:	01351513          	slli	a0,a0,0x13
    39a4:	00f56533          	or	a0,a0,a5
    39a8:	000057b7          	lui	a5,0x5
    39ac:	64c7a703          	lw	a4,1612(a5) # 564c <g_acc>
    39b0:	00a70733          	add	a4,a4,a0
    39b4:	64e7a623          	sw	a4,1612(a5)
    39b8:	64c7a703          	lw	a4,1612(a5)
    39bc:	00a74733          	xor	a4,a4,a0
    39c0:	64e7a623          	sw	a4,1612(a5)
    39c4:	00008067          	ret

000039c8 <run_phase_28>:
    39c8:	ff010113          	addi	sp,sp,-16
    39cc:	00112623          	sw	ra,12(sp)
    39d0:	1ee00513          	li	a0,494
    39d4:	e60fd0ef          	jal	ra,1034 <f080>
    39d8:	08000513          	li	a0,128
    39dc:	848fe0ef          	jal	ra,1a24 <f136>
    39e0:	37600513          	li	a0,886
    39e4:	c60fd0ef          	jal	ra,e44 <f069>
    39e8:	71500513          	li	a0,1813
    39ec:	a15fc0ef          	jal	ra,400 <f012>
    39f0:	2a300513          	li	a0,675
    39f4:	e9dfd0ef          	jal	ra,1890 <f128>
    39f8:	59000513          	li	a0,1424
    39fc:	ac0ff0ef          	jal	ra,2cbc <f233>
    3a00:	78400513          	li	a0,1924
    3a04:	fc1fd0ef          	jal	ra,19c4 <f134>
    3a08:	78b00513          	li	a0,1931
    3a0c:	909fc0ef          	jal	ra,314 <f007>
    3a10:	1f800513          	li	a0,504
    3a14:	e29fc0ef          	jal	ra,83c <f035>
    3a18:	5a600513          	li	a0,1446
    3a1c:	f65ff0ef          	jal	ra,3980 <f269>
    3a20:	20900513          	li	a0,521
    3a24:	ecdfc0ef          	jal	ra,8f0 <f039>
    3a28:	54400513          	li	a0,1348
    3a2c:	ddcfd0ef          	jal	ra,1008 <f079>
    3a30:	00c12083          	lw	ra,12(sp)
    3a34:	01010113          	addi	sp,sp,16
    3a38:	00008067          	ret

00003a3c <run_phase_13>:
    3a3c:	ff010113          	addi	sp,sp,-16
    3a40:	00112623          	sw	ra,12(sp)
    3a44:	39d00513          	li	a0,925
    3a48:	bc0fe0ef          	jal	ra,1e08 <f159>
    3a4c:	46700513          	li	a0,1127
    3a50:	a85fd0ef          	jal	ra,14d4 <f108>
    3a54:	47000513          	li	a0,1136
    3a58:	8bdfc0ef          	jal	ra,314 <f007>
    3a5c:	62b00513          	li	a0,1579
    3a60:	d44fd0ef          	jal	ra,fa4 <f077>
    3a64:	35e00513          	li	a0,862
    3a68:	efdfe0ef          	jal	ra,2964 <f221>
    3a6c:	04900513          	li	a0,73
    3a70:	f11ff0ef          	jal	ra,3980 <f269>
    3a74:	1f300513          	li	a0,499
    3a78:	c31fe0ef          	jal	ra,26a8 <f206>
    3a7c:	35500513          	li	a0,853
    3a80:	b94fd0ef          	jal	ra,e14 <f068>
    3a84:	6f200513          	li	a0,1778
    3a88:	ea5fe0ef          	jal	ra,292c <f220>
    3a8c:	4bd00513          	li	a0,1213
    3a90:	cb5fd0ef          	jal	ra,1744 <f121>
    3a94:	58f00513          	li	a0,1423
    3a98:	b65fc0ef          	jal	ra,5fc <f023>
    3a9c:	61200513          	li	a0,1554
    3aa0:	8d1ff0ef          	jal	ra,3370 <f249>
    3aa4:	13100513          	li	a0,305
    3aa8:	d9dfe0ef          	jal	ra,2844 <f215>
    3aac:	00c12083          	lw	ra,12(sp)
    3ab0:	01010113          	addi	sp,sp,16
    3ab4:	00008067          	ret

00003ab8 <f270>:
    3ab8:	28b857b7          	lui	a5,0x28b85
    3abc:	e9478793          	addi	a5,a5,-364 # 28b84e94 <__bss_end+0x28b7f844>
    3ac0:	00f54533          	xor	a0,a0,a5
    3ac4:	81e50513          	addi	a0,a0,-2018
    3ac8:	000057b7          	lui	a5,0x5
    3acc:	64c7a703          	lw	a4,1612(a5) # 564c <g_acc>
    3ad0:	00a70733          	add	a4,a4,a0
    3ad4:	64e7a623          	sw	a4,1612(a5)
    3ad8:	64c7a703          	lw	a4,1612(a5)
    3adc:	00a74733          	xor	a4,a4,a0
    3ae0:	64e7a623          	sw	a4,1612(a5)
    3ae4:	00008067          	ret

00003ae8 <run_phase_29>:
    3ae8:	ff010113          	addi	sp,sp,-16
    3aec:	00112623          	sw	ra,12(sp)
    3af0:	1b200513          	li	a0,434
    3af4:	b0dff0ef          	jal	ra,3600 <f255>
    3af8:	6f100513          	li	a0,1777
    3afc:	845fc0ef          	jal	ra,340 <f008>
    3b00:	4ce00513          	li	a0,1230
    3b04:	be9fe0ef          	jal	ra,26ec <f208>
    3b08:	70000513          	li	a0,1792
    3b0c:	fadff0ef          	jal	ra,3ab8 <f270>
    3b10:	20300513          	li	a0,515
    3b14:	a08fd0ef          	jal	ra,d1c <f062>
    3b18:	01500513          	li	a0,21
    3b1c:	a89ff0ef          	jal	ra,35a4 <f253>
    3b20:	67c00513          	li	a0,1660
    3b24:	f49fc0ef          	jal	ra,a6c <f047>
    3b28:	3bb00513          	li	a0,955
    3b2c:	c2cfd0ef          	jal	ra,f58 <f075>
    3b30:	0a700513          	li	a0,167
    3b34:	954fe0ef          	jal	ra,1c88 <f149>
    3b38:	22700513          	li	a0,551
    3b3c:	e45ff0ef          	jal	ra,3980 <f269>
    3b40:	68f00513          	li	a0,1679
    3b44:	b6cfd0ef          	jal	ra,eb0 <f071>
    3b48:	00c12083          	lw	ra,12(sp)
    3b4c:	01010113          	addi	sp,sp,16
    3b50:	00008067          	ret

00003b54 <run_phase_12>:
    3b54:	ff010113          	addi	sp,sp,-16
    3b58:	00112623          	sw	ra,12(sp)
    3b5c:	42000513          	li	a0,1056
    3b60:	b11fd0ef          	jal	ra,1670 <f117>
    3b64:	3d800513          	li	a0,984
    3b68:	f7dfe0ef          	jal	ra,2ae4 <f228>
    3b6c:	0d600513          	li	a0,214
    3b70:	dedff0ef          	jal	ra,395c <f268>
    3b74:	77d00513          	li	a0,1917
    3b78:	8d0fd0ef          	jal	ra,c48 <f058>
    3b7c:	26400513          	li	a0,612
    3b80:	e60fd0ef          	jal	ra,11e0 <f090>
    3b84:	7ec00513          	li	a0,2028
    3b88:	e74fd0ef          	jal	ra,11fc <f091>
    3b8c:	66f00513          	li	a0,1647
    3b90:	a14fe0ef          	jal	ra,1da4 <f156>
    3b94:	3d600513          	li	a0,982
    3b98:	d61fd0ef          	jal	ra,18f8 <f130>
    3b9c:	19d00513          	li	a0,413
    3ba0:	d35fc0ef          	jal	ra,8d4 <f038>
    3ba4:	6ff00513          	li	a0,1791
    3ba8:	afdfd0ef          	jal	ra,16a4 <f118>
    3bac:	1f100513          	li	a0,497
    3bb0:	f09ff0ef          	jal	ra,3ab8 <f270>
    3bb4:	60000513          	li	a0,1536
    3bb8:	9edff0ef          	jal	ra,35a4 <f253>
    3bbc:	22400513          	li	a0,548
    3bc0:	a59fc0ef          	jal	ra,618 <f024>
    3bc4:	00c12083          	lw	ra,12(sp)
    3bc8:	01010113          	addi	sp,sp,16
    3bcc:	00008067          	ret

00003bd0 <f271>:
    3bd0:	386297b7          	lui	a5,0x38629
    3bd4:	3c078793          	addi	a5,a5,960 # 386293c0 <__bss_end+0x38623d70>
    3bd8:	00f54533          	xor	a0,a0,a5
    3bdc:	85050513          	addi	a0,a0,-1968
    3be0:	7f1467b7          	lui	a5,0x7f146
    3be4:	c2478793          	addi	a5,a5,-988 # 7f145c24 <__bss_end+0x7f1405d4>
    3be8:	00f54533          	xor	a0,a0,a5
    3bec:	00a55793          	srli	a5,a0,0xa
    3bf0:	01651513          	slli	a0,a0,0x16
    3bf4:	00f56533          	or	a0,a0,a5
    3bf8:	00005737          	lui	a4,0x5
    3bfc:	64c72783          	lw	a5,1612(a4) # 564c <g_acc>
    3c00:	00a7c7b3          	xor	a5,a5,a0
    3c04:	64f72623          	sw	a5,1612(a4)
    3c08:	00008067          	ret

00003c0c <run_phase_20>:
    3c0c:	ff010113          	addi	sp,sp,-16
    3c10:	00112623          	sw	ra,12(sp)
    3c14:	1c800513          	li	a0,456
    3c18:	b04fe0ef          	jal	ra,1f1c <f165>
    3c1c:	18200513          	li	a0,386
    3c20:	825fe0ef          	jal	ra,2444 <f192>
    3c24:	71600513          	li	a0,1814
    3c28:	f4dfc0ef          	jal	ra,b74 <f053>
    3c2c:	40100513          	li	a0,1025
    3c30:	b74fd0ef          	jal	ra,fa4 <f077>
    3c34:	6a500513          	li	a0,1701
    3c38:	d3cfe0ef          	jal	ra,2174 <f177>
    3c3c:	08a00513          	li	a0,138
    3c40:	df8fc0ef          	jal	ra,238 <f002>
    3c44:	23d00513          	li	a0,573
    3c48:	f89ff0ef          	jal	ra,3bd0 <f271>
    3c4c:	66800513          	li	a0,1640
    3c50:	fd4fc0ef          	jal	ra,424 <f013>
    3c54:	4b200513          	li	a0,1202
    3c58:	ab5fe0ef          	jal	ra,270c <f209>
    3c5c:	66e00513          	li	a0,1646
    3c60:	9c5fe0ef          	jal	ra,2624 <f203>
    3c64:	73d00513          	li	a0,1853
    3c68:	c89fc0ef          	jal	ra,8f0 <f039>
    3c6c:	00e00513          	li	a0,14
    3c70:	bcdfc0ef          	jal	ra,83c <f035>
    3c74:	51800513          	li	a0,1304
    3c78:	b08fd0ef          	jal	ra,f80 <f076>
    3c7c:	3a100513          	li	a0,929
    3c80:	900fd0ef          	jal	ra,d80 <f065>
    3c84:	00c12083          	lw	ra,12(sp)
    3c88:	01010113          	addi	sp,sp,16
    3c8c:	00008067          	ret

00003c90 <f272>:
    3c90:	23fff7b7          	lui	a5,0x23fff
    3c94:	24078793          	addi	a5,a5,576 # 23fff240 <__bss_end+0x23ff9bf0>
    3c98:	00f54533          	xor	a0,a0,a5
    3c9c:	00005737          	lui	a4,0x5
    3ca0:	64c72783          	lw	a5,1612(a4) # 564c <g_acc>
    3ca4:	49278793          	addi	a5,a5,1170
    3ca8:	00a787b3          	add	a5,a5,a0
    3cac:	64f72623          	sw	a5,1612(a4)
    3cb0:	4ff50513          	addi	a0,a0,1279
    3cb4:	75a997b7          	lui	a5,0x75a99
    3cb8:	7c778793          	addi	a5,a5,1991 # 75a997c7 <__bss_end+0x75a94177>
    3cbc:	00f54533          	xor	a0,a0,a5
    3cc0:	64c72783          	lw	a5,1612(a4)
    3cc4:	00a7c7b3          	xor	a5,a5,a0
    3cc8:	64f72623          	sw	a5,1612(a4)
    3ccc:	00008067          	ret

00003cd0 <run_phase_04>:
    3cd0:	ff010113          	addi	sp,sp,-16
    3cd4:	00112623          	sw	ra,12(sp)
    3cd8:	54000513          	li	a0,1344
    3cdc:	fb5ff0ef          	jal	ra,3c90 <f272>
    3ce0:	28c00513          	li	a0,652
    3ce4:	d75fd0ef          	jal	ra,1a58 <f137>
    3ce8:	2be00513          	li	a0,702
    3cec:	b99fe0ef          	jal	ra,2884 <f216>
    3cf0:	68d00513          	li	a0,1677
    3cf4:	a59fc0ef          	jal	ra,74c <f030>
    3cf8:	0de00513          	li	a0,222
    3cfc:	fe0fe0ef          	jal	ra,24dc <f196>
    3d00:	21500513          	li	a0,533
    3d04:	cddfd0ef          	jal	ra,19e0 <f135>
    3d08:	7e600513          	li	a0,2022
    3d0c:	ab9fc0ef          	jal	ra,7c4 <f032>
    3d10:	59200513          	li	a0,1426
    3d14:	cb0ff0ef          	jal	ra,31c4 <f245>
    3d18:	66800513          	li	a0,1640
    3d1c:	d79fc0ef          	jal	ra,a94 <f048>
    3d20:	07a00513          	li	a0,122
    3d24:	ca4fc0ef          	jal	ra,1c8 <f000>
    3d28:	4f000513          	li	a0,1264
    3d2c:	f5dfd0ef          	jal	ra,1c88 <f149>
    3d30:	40700513          	li	a0,1031
    3d34:	9b1fc0ef          	jal	ra,6e4 <f028>
    3d38:	00c12083          	lw	ra,12(sp)
    3d3c:	01010113          	addi	sp,sp,16
    3d40:	00008067          	ret

00003d44 <f273>:
    3d44:	06854513          	xori	a0,a0,104
    3d48:	00655793          	srli	a5,a0,0x6
    3d4c:	01a51513          	slli	a0,a0,0x1a
    3d50:	00f56533          	or	a0,a0,a5
    3d54:	00005737          	lui	a4,0x5
    3d58:	64c72783          	lw	a5,1612(a4) # 564c <g_acc>
    3d5c:	00a7c7b3          	xor	a5,a5,a0
    3d60:	64f72623          	sw	a5,1612(a4)
    3d64:	00008067          	ret

00003d68 <f274>:
    3d68:	365387b7          	lui	a5,0x36538
    3d6c:	03b78793          	addi	a5,a5,59 # 3653803b <__bss_end+0x365329eb>
    3d70:	00f54533          	xor	a0,a0,a5
    3d74:	45e50513          	addi	a0,a0,1118
    3d78:	00005737          	lui	a4,0x5
    3d7c:	64c72783          	lw	a5,1612(a4) # 564c <g_acc>
    3d80:	00a7c7b3          	xor	a5,a5,a0
    3d84:	64f72623          	sw	a5,1612(a4)
    3d88:	00008067          	ret

00003d8c <f275>:
    3d8c:	dee9c7b7          	lui	a5,0xdee9c
    3d90:	cff78793          	addi	a5,a5,-769 # dee9bcff <__bss_end+0xdee966af>
    3d94:	00f54533          	xor	a0,a0,a5
    3d98:	00b51793          	slli	a5,a0,0xb
    3d9c:	01555513          	srli	a0,a0,0x15
    3da0:	00f56533          	or	a0,a0,a5
    3da4:	00005737          	lui	a4,0x5
    3da8:	64c72783          	lw	a5,1612(a4) # 564c <g_acc>
    3dac:	00a7c7b3          	xor	a5,a5,a0
    3db0:	64f72623          	sw	a5,1612(a4)
    3db4:	00008067          	ret

00003db8 <run_phase_23>:
    3db8:	ff010113          	addi	sp,sp,-16
    3dbc:	00112623          	sw	ra,12(sp)
    3dc0:	21300513          	li	a0,531
    3dc4:	9d9fc0ef          	jal	ra,79c <f031>
    3dc8:	0c300513          	li	a0,195
    3dcc:	92dff0ef          	jal	ra,36f8 <f258>
    3dd0:	0f000513          	li	a0,240
    3dd4:	c98fe0ef          	jal	ra,226c <f182>
    3dd8:	55b00513          	li	a0,1371
    3ddc:	e28fe0ef          	jal	ra,2404 <f191>
    3de0:	59d00513          	li	a0,1437
    3de4:	fe8fc0ef          	jal	ra,5cc <f022>
    3de8:	6d900513          	li	a0,1753
    3dec:	b20fe0ef          	jal	ra,210c <f175>
    3df0:	54000513          	li	a0,1344
    3df4:	af4fd0ef          	jal	ra,10e8 <f084>
    3df8:	49900513          	li	a0,1177
    3dfc:	f91ff0ef          	jal	ra,3d8c <f275>
    3e00:	4e700513          	li	a0,1255
    3e04:	bb9fc0ef          	jal	ra,9bc <f044>
    3e08:	20f00513          	li	a0,527
    3e0c:	865fe0ef          	jal	ra,2670 <f205>
    3e10:	00c12083          	lw	ra,12(sp)
    3e14:	01010113          	addi	sp,sp,16
    3e18:	00008067          	ret

00003e1c <f276>:
    3e1c:	2985d7b7          	lui	a5,0x2985d
    3e20:	90778793          	addi	a5,a5,-1785 # 2985c907 <__bss_end+0x298572b7>
    3e24:	00f54533          	xor	a0,a0,a5
    3e28:	4e950513          	addi	a0,a0,1257
    3e2c:	00005737          	lui	a4,0x5
    3e30:	64c72783          	lw	a5,1612(a4) # 564c <g_acc>
    3e34:	00a7c7b3          	xor	a5,a5,a0
    3e38:	64f72623          	sw	a5,1612(a4)
    3e3c:	00008067          	ret

00003e40 <run_phase_01>:
    3e40:	ff010113          	addi	sp,sp,-16
    3e44:	00112623          	sw	ra,12(sp)
    3e48:	67a00513          	li	a0,1658
    3e4c:	bfdfe0ef          	jal	ra,2a48 <f224>
    3e50:	70100513          	li	a0,1793
    3e54:	e18fc0ef          	jal	ra,46c <f015>
    3e58:	22700513          	li	a0,551
    3e5c:	e00ff0ef          	jal	ra,345c <f251>
    3e60:	21800513          	li	a0,536
    3e64:	f98fc0ef          	jal	ra,5fc <f023>
    3e68:	34500513          	li	a0,837
    3e6c:	dddfc0ef          	jal	ra,c48 <f058>
    3e70:	5b800513          	li	a0,1464
    3e74:	f30ff0ef          	jal	ra,35a4 <f253>
    3e78:	76a00513          	li	a0,1898
    3e7c:	a9cfd0ef          	jal	ra,1118 <f085>
    3e80:	0bb00513          	li	a0,187
    3e84:	db8fd0ef          	jal	ra,143c <f105>
    3e88:	02000513          	li	a0,32
    3e8c:	864ff0ef          	jal	ra,2ef0 <f238>
    3e90:	0fd00513          	li	a0,253
    3e94:	f89ff0ef          	jal	ra,3e1c <f276>
    3e98:	21100513          	li	a0,529
    3e9c:	c25fd0ef          	jal	ra,1ac0 <f139>
    3ea0:	2ec00513          	li	a0,748
    3ea4:	8e4fe0ef          	jal	ra,1f88 <f167>
    3ea8:	00c12083          	lw	ra,12(sp)
    3eac:	01010113          	addi	sp,sp,16
    3eb0:	00008067          	ret

00003eb4 <f277>:
    3eb4:	00b54513          	xori	a0,a0,11
    3eb8:	7f350513          	addi	a0,a0,2035
    3ebc:	00005737          	lui	a4,0x5
    3ec0:	64c72783          	lw	a5,1612(a4) # 564c <g_acc>
    3ec4:	00a7c7b3          	xor	a5,a5,a0
    3ec8:	64f72623          	sw	a5,1612(a4)
    3ecc:	00008067          	ret

00003ed0 <run_phase_63>:
    3ed0:	ff010113          	addi	sp,sp,-16
    3ed4:	00112623          	sw	ra,12(sp)
    3ed8:	76f00513          	li	a0,1903
    3edc:	ae1fc0ef          	jal	ra,9bc <f044>
    3ee0:	70100513          	li	a0,1793
    3ee4:	8d9fd0ef          	jal	ra,17bc <f124>
    3ee8:	7c900513          	li	a0,1993
    3eec:	d09fc0ef          	jal	ra,bf4 <f056>
    3ef0:	12f00513          	li	a0,303
    3ef4:	f30fe0ef          	jal	ra,2624 <f203>
    3ef8:	37800513          	li	a0,888
    3efc:	ee9fd0ef          	jal	ra,1de4 <f158>
    3f00:	6a600513          	li	a0,1702
    3f04:	de5fc0ef          	jal	ra,ce8 <f061>
    3f08:	7f700513          	li	a0,2039
    3f0c:	c34fc0ef          	jal	ra,340 <f008>
    3f10:	34200513          	li	a0,834
    3f14:	b30fe0ef          	jal	ra,2244 <f181>
    3f18:	33800513          	li	a0,824
    3f1c:	c54fe0ef          	jal	ra,2370 <f188>
    3f20:	72800513          	li	a0,1832
    3f24:	f84fe0ef          	jal	ra,26a8 <f206>
    3f28:	18a00513          	li	a0,394
    3f2c:	d99fc0ef          	jal	ra,cc4 <f060>
    3f30:	37600513          	li	a0,886
    3f34:	b88fe0ef          	jal	ra,22bc <f184>
    3f38:	00b00513          	li	a0,11
    3f3c:	f79ff0ef          	jal	ra,3eb4 <f277>
    3f40:	1f600513          	li	a0,502
    3f44:	991fe0ef          	jal	ra,28d4 <f218>
    3f48:	00c12083          	lw	ra,12(sp)
    3f4c:	01010113          	addi	sp,sp,16
    3f50:	00008067          	ret

00003f54 <run_phase_24>:
    3f54:	ff010113          	addi	sp,sp,-16
    3f58:	00112623          	sw	ra,12(sp)
    3f5c:	17e00513          	li	a0,382
    3f60:	c3cfd0ef          	jal	ra,139c <f101>
    3f64:	23200513          	li	a0,562
    3f68:	949fe0ef          	jal	ra,28b0 <f217>
    3f6c:	3d200513          	li	a0,978
    3f70:	ed5fc0ef          	jal	ra,e44 <f069>
    3f74:	6fd00513          	li	a0,1789
    3f78:	eb9fd0ef          	jal	ra,1e30 <f160>
    3f7c:	00b00513          	li	a0,11
    3f80:	8f9fc0ef          	jal	ra,878 <f036>
    3f84:	31e00513          	li	a0,798
    3f88:	a35fc0ef          	jal	ra,9bc <f044>
    3f8c:	7e500513          	li	a0,2021
    3f90:	e98fd0ef          	jal	ra,1628 <f115>
    3f94:	7d700513          	li	a0,2007
    3f98:	89cfd0ef          	jal	ra,1034 <f080>
    3f9c:	34f00513          	li	a0,847
    3fa0:	8d9fc0ef          	jal	ra,878 <f036>
    3fa4:	16b00513          	li	a0,363
    3fa8:	df8fe0ef          	jal	ra,25a0 <f201>
    3fac:	4c300513          	li	a0,1219
    3fb0:	835ff0ef          	jal	ra,37e4 <f264>
    3fb4:	26900513          	li	a0,617
    3fb8:	d7dfd0ef          	jal	ra,1d34 <f153>
    3fbc:	72900513          	li	a0,1833
    3fc0:	ef5ff0ef          	jal	ra,3eb4 <f277>
    3fc4:	00c12083          	lw	ra,12(sp)
    3fc8:	01010113          	addi	sp,sp,16
    3fcc:	00008067          	ret

00003fd0 <f278>:
    3fd0:	206147b7          	lui	a5,0x20614
    3fd4:	bd378793          	addi	a5,a5,-1069 # 20613bd3 <__bss_end+0x2060e583>
    3fd8:	00f54533          	xor	a0,a0,a5
    3fdc:	00005737          	lui	a4,0x5
    3fe0:	64c72783          	lw	a5,1612(a4) # 564c <g_acc>
    3fe4:	00a7c7b3          	xor	a5,a5,a0
    3fe8:	64f72623          	sw	a5,1612(a4)
    3fec:	00008067          	ret

00003ff0 <run_phase_44>:
    3ff0:	ff010113          	addi	sp,sp,-16
    3ff4:	00112623          	sw	ra,12(sp)
    3ff8:	4ff00513          	li	a0,1279
    3ffc:	969fd0ef          	jal	ra,1964 <f132>
    4000:	08a00513          	li	a0,138
    4004:	839fc0ef          	jal	ra,83c <f035>
    4008:	78000513          	li	a0,1920
    400c:	9f0fd0ef          	jal	ra,11fc <f091>
    4010:	47600513          	li	a0,1142
    4014:	fbdff0ef          	jal	ra,3fd0 <f278>
    4018:	68a00513          	li	a0,1674
    401c:	aa0fe0ef          	jal	ra,22bc <f184>
    4020:	0d800513          	li	a0,216
    4024:	88dfe0ef          	jal	ra,28b0 <f217>
    4028:	40a00513          	li	a0,1034
    402c:	b08ff0ef          	jal	ra,3334 <f248>
    4030:	74600513          	li	a0,1862
    4034:	925fc0ef          	jal	ra,958 <f042>
    4038:	00900513          	li	a0,9
    403c:	9f1fc0ef          	jal	ra,a2c <f046>
    4040:	4b500513          	li	a0,1205
    4044:	f3dfc0ef          	jal	ra,f80 <f076>
    4048:	23a00513          	li	a0,570
    404c:	d80fc0ef          	jal	ra,5cc <f022>
    4050:	5ee00513          	li	a0,1518
    4054:	d65fc0ef          	jal	ra,db8 <f066>
    4058:	00c12083          	lw	ra,12(sp)
    405c:	01010113          	addi	sp,sp,16
    4060:	00008067          	ret

00004064 <f279>:
    4064:	4ee497b7          	lui	a5,0x4ee49
    4068:	1d778793          	addi	a5,a5,471 # 4ee491d7 <__bss_end+0x4ee43b87>
    406c:	00f54533          	xor	a0,a0,a5
    4070:	000057b7          	lui	a5,0x5
    4074:	64c7a703          	lw	a4,1612(a5) # 564c <g_acc>
    4078:	00a70733          	add	a4,a4,a0
    407c:	64e7a623          	sw	a4,1612(a5)
    4080:	64c7a703          	lw	a4,1612(a5)
    4084:	00a74733          	xor	a4,a4,a0
    4088:	64e7a623          	sw	a4,1612(a5)
    408c:	00008067          	ret

00004090 <run_phase_17>:
    4090:	ff010113          	addi	sp,sp,-16
    4094:	00112623          	sw	ra,12(sp)
    4098:	65b00513          	li	a0,1627
    409c:	d58fd0ef          	jal	ra,15f4 <f114>
    40a0:	1be00513          	li	a0,446
    40a4:	b45fd0ef          	jal	ra,1be8 <f146>
    40a8:	64300513          	li	a0,1603
    40ac:	d54ff0ef          	jal	ra,3600 <f255>
    40b0:	4ff00513          	li	a0,1279
    40b4:	fc4fc0ef          	jal	ra,878 <f036>
    40b8:	32a00513          	li	a0,810
    40bc:	ee4ff0ef          	jal	ra,37a0 <f262>
    40c0:	13c00513          	li	a0,316
    40c4:	aacfe0ef          	jal	ra,2370 <f188>
    40c8:	71300513          	li	a0,1811
    40cc:	e50ff0ef          	jal	ra,371c <f259>
    40d0:	19200513          	li	a0,402
    40d4:	f91ff0ef          	jal	ra,4064 <f279>
    40d8:	54100513          	li	a0,1345
    40dc:	c19fe0ef          	jal	ra,2cf4 <f234>
    40e0:	6da00513          	li	a0,1754
    40e4:	e60fd0ef          	jal	ra,1744 <f121>
    40e8:	1e300513          	li	a0,483
    40ec:	9acfe0ef          	jal	ra,2298 <f183>
    40f0:	00c12083          	lw	ra,12(sp)
    40f4:	01010113          	addi	sp,sp,16
    40f8:	00008067          	ret

000040fc <f280>:
    40fc:	63dab7b7          	lui	a5,0x63dab
    4100:	c7978793          	addi	a5,a5,-903 # 63daac79 <__bss_end+0x63da5629>
    4104:	00f54533          	xor	a0,a0,a5
    4108:	94d50513          	addi	a0,a0,-1715
    410c:	c7b3f7b7          	lui	a5,0xc7b3f
    4110:	d7778793          	addi	a5,a5,-649 # c7b3ed77 <__bss_end+0xc7b39727>
    4114:	00f54533          	xor	a0,a0,a5
    4118:	00005737          	lui	a4,0x5
    411c:	64c72783          	lw	a5,1612(a4) # 564c <g_acc>
    4120:	00a7c7b3          	xor	a5,a5,a0
    4124:	64f72623          	sw	a5,1612(a4)
    4128:	00008067          	ret

0000412c <run_phase_15>:
    412c:	ff010113          	addi	sp,sp,-16
    4130:	00112623          	sw	ra,12(sp)
    4134:	11b00513          	li	a0,283
    4138:	cadfd0ef          	jal	ra,1de4 <f158>
    413c:	59d00513          	li	a0,1437
    4140:	c05ff0ef          	jal	ra,3d44 <f273>
    4144:	05b00513          	li	a0,91
    4148:	8a9fc0ef          	jal	ra,9f0 <f045>
    414c:	7b800513          	li	a0,1976
    4150:	fb0fe0ef          	jal	ra,2900 <f219>
    4154:	42f00513          	li	a0,1071
    4158:	dd9fe0ef          	jal	ra,2f30 <f239>
    415c:	49300513          	li	a0,1171
    4160:	e40ff0ef          	jal	ra,37a0 <f262>
    4164:	70c00513          	li	a0,1804
    4168:	ff0fc0ef          	jal	ra,958 <f042>
    416c:	79c00513          	li	a0,1948
    4170:	a00ff0ef          	jal	ra,3370 <f249>
    4174:	34d00513          	li	a0,845
    4178:	e6dfd0ef          	jal	ra,1fe4 <f169>
    417c:	08500513          	li	a0,133
    4180:	d48fe0ef          	jal	ra,26c8 <f207>
    4184:	3c900513          	li	a0,969
    4188:	f75ff0ef          	jal	ra,40fc <f280>
    418c:	00c12083          	lw	ra,12(sp)
    4190:	01010113          	addi	sp,sp,16
    4194:	00008067          	ret

00004198 <f281>:
    4198:	2252d7b7          	lui	a5,0x2252d
    419c:	f2478793          	addi	a5,a5,-220 # 2252cf24 <__bss_end+0x225278d4>
    41a0:	00f54533          	xor	a0,a0,a5
    41a4:	6ad50513          	addi	a0,a0,1709
    41a8:	00005737          	lui	a4,0x5
    41ac:	64c72783          	lw	a5,1612(a4) # 564c <g_acc>
    41b0:	00a7c7b3          	xor	a5,a5,a0
    41b4:	64f72623          	sw	a5,1612(a4)
    41b8:	00008067          	ret

000041bc <run_phase_35>:
    41bc:	ff010113          	addi	sp,sp,-16
    41c0:	00112623          	sw	ra,12(sp)
    41c4:	7e800513          	li	a0,2024
    41c8:	8a5fe0ef          	jal	ra,2a6c <f225>
    41cc:	20b00513          	li	a0,523
    41d0:	b6cfc0ef          	jal	ra,53c <f019>
    41d4:	72300513          	li	a0,1827
    41d8:	c24fc0ef          	jal	ra,5fc <f023>
    41dc:	66b00513          	li	a0,1643
    41e0:	ddcff0ef          	jal	ra,37bc <f263>
    41e4:	52800513          	li	a0,1320
    41e8:	cfcfc0ef          	jal	ra,6e4 <f028>
    41ec:	26900513          	li	a0,617
    41f0:	8ccfe0ef          	jal	ra,22bc <f184>
    41f4:	10800513          	li	a0,264
    41f8:	b08fc0ef          	jal	ra,500 <f018>
    41fc:	39e00513          	li	a0,926
    4200:	940fc0ef          	jal	ra,340 <f008>
    4204:	64300513          	li	a0,1603
    4208:	ae0ff0ef          	jal	ra,34e8 <f252>
    420c:	14300513          	li	a0,323
    4210:	f89ff0ef          	jal	ra,4198 <f281>
    4214:	78900513          	li	a0,1929
    4218:	b88fe0ef          	jal	ra,25a0 <f201>
    421c:	21e00513          	li	a0,542
    4220:	960fd0ef          	jal	ra,1380 <f100>
    4224:	1ad00513          	li	a0,429
    4228:	86cfc0ef          	jal	ra,294 <f004>
    422c:	00c12083          	lw	ra,12(sp)
    4230:	01010113          	addi	sp,sp,16
    4234:	00008067          	ret

00004238 <run_phase_18>:
    4238:	ff010113          	addi	sp,sp,-16
    423c:	00112623          	sw	ra,12(sp)
    4240:	5e700513          	li	a0,1511
    4244:	ca1fc0ef          	jal	ra,ee4 <f072>
    4248:	0ab00513          	li	a0,171
    424c:	f4dff0ef          	jal	ra,4198 <f281>
    4250:	77b00513          	li	a0,1915
    4254:	c1cfe0ef          	jal	ra,2670 <f205>
    4258:	3cf00513          	li	a0,975
    425c:	a2dfd0ef          	jal	ra,1c88 <f149>
    4260:	11d00513          	li	a0,285
    4264:	af8fd0ef          	jal	ra,155c <f111>
    4268:	2c700513          	li	a0,711
    426c:	ea1fd0ef          	jal	ra,210c <f175>
    4270:	7fb00513          	li	a0,2043
    4274:	d00ff0ef          	jal	ra,3774 <f261>
    4278:	31200513          	li	a0,786
    427c:	bf9fc0ef          	jal	ra,e74 <f070>
    4280:	21d00513          	li	a0,541
    4284:	ed4fc0ef          	jal	ra,958 <f042>
    4288:	6d100513          	li	a0,1745
    428c:	fe0fe0ef          	jal	ra,2a6c <f225>
    4290:	41600513          	li	a0,1046
    4294:	8b5fc0ef          	jal	ra,b48 <f052>
    4298:	5a000513          	li	a0,1440
    429c:	be5fd0ef          	jal	ra,1e80 <f162>
    42a0:	64e00513          	li	a0,1614
    42a4:	fb9fb0ef          	jal	ra,25c <f003>
    42a8:	76500513          	li	a0,1893
    42ac:	a71fc0ef          	jal	ra,d1c <f062>
    42b0:	00c12083          	lw	ra,12(sp)
    42b4:	01010113          	addi	sp,sp,16
    42b8:	00008067          	ret

000042bc <f282>:
    42bc:	6e054513          	xori	a0,a0,1760
    42c0:	2e050513          	addi	a0,a0,736
    42c4:	000057b7          	lui	a5,0x5
    42c8:	64c7a703          	lw	a4,1612(a5) # 564c <g_acc>
    42cc:	00a70733          	add	a4,a4,a0
    42d0:	64e7a623          	sw	a4,1612(a5)
    42d4:	64c7a703          	lw	a4,1612(a5)
    42d8:	00a74733          	xor	a4,a4,a0
    42dc:	64e7a623          	sw	a4,1612(a5)
    42e0:	00008067          	ret

000042e4 <run_phase_50>:
    42e4:	ff010113          	addi	sp,sp,-16
    42e8:	00112623          	sw	ra,12(sp)
    42ec:	4f400513          	li	a0,1268
    42f0:	ff4fe0ef          	jal	ra,2ae4 <f228>
    42f4:	5a900513          	li	a0,1449
    42f8:	adcfe0ef          	jal	ra,25d4 <f202>
    42fc:	07a00513          	li	a0,122
    4300:	834ff0ef          	jal	ra,3334 <f248>
    4304:	00000513          	li	a0,0
    4308:	dccff0ef          	jal	ra,38d4 <f267>
    430c:	31900513          	li	a0,793
    4310:	ee9fb0ef          	jal	ra,1f8 <f001>
    4314:	0d700513          	li	a0,215
    4318:	a60fe0ef          	jal	ra,2578 <f200>
    431c:	6cb00513          	li	a0,1739
    4320:	b91fe0ef          	jal	ra,2eb0 <f237>
    4324:	1f500513          	li	a0,501
    4328:	a90fd0ef          	jal	ra,15b8 <f113>
    432c:	2ea00513          	li	a0,746
    4330:	dfcfe0ef          	jal	ra,292c <f220>
    4334:	71b00513          	li	a0,1819
    4338:	c5cfe0ef          	jal	ra,2794 <f212>
    433c:	44000513          	li	a0,1088
    4340:	9a9fc0ef          	jal	ra,ce8 <f061>
    4344:	7f200513          	li	a0,2034
    4348:	f75ff0ef          	jal	ra,42bc <f282>
    434c:	7b800513          	li	a0,1976
    4350:	93cfe0ef          	jal	ra,248c <f194>
    4354:	1bb00513          	li	a0,443
    4358:	da5ff0ef          	jal	ra,40fc <f280>
    435c:	00c12083          	lw	ra,12(sp)
    4360:	01010113          	addi	sp,sp,16
    4364:	00008067          	ret

00004368 <f283>:
    4368:	6fd2a7b7          	lui	a5,0x6fd2a
    436c:	92d78793          	addi	a5,a5,-1747 # 6fd2992d <__bss_end+0x6fd242dd>
    4370:	00f54533          	xor	a0,a0,a5
    4374:	fffff7b7          	lui	a5,0xfffff
    4378:	14c78793          	addi	a5,a5,332 # fffff14c <__bss_end+0xffff9afc>
    437c:	00f50533          	add	a0,a0,a5
    4380:	db2ed7b7          	lui	a5,0xdb2ed
    4384:	71478793          	addi	a5,a5,1812 # db2ed714 <__bss_end+0xdb2e80c4>
    4388:	00f54533          	xor	a0,a0,a5
    438c:	00005737          	lui	a4,0x5
    4390:	64c72783          	lw	a5,1612(a4) # 564c <g_acc>
    4394:	00a7c7b3          	xor	a5,a5,a0
    4398:	64f72623          	sw	a5,1612(a4)
    439c:	00008067          	ret

000043a0 <run_phase_39>:
    43a0:	ff010113          	addi	sp,sp,-16
    43a4:	00112623          	sw	ra,12(sp)
    43a8:	53d00513          	li	a0,1341
    43ac:	a0dfc0ef          	jal	ra,db8 <f066>
    43b0:	17b00513          	li	a0,379
    43b4:	da4fc0ef          	jal	ra,958 <f042>
    43b8:	31c00513          	li	a0,796
    43bc:	db9fd0ef          	jal	ra,2174 <f177>
    43c0:	74f00513          	li	a0,1871
    43c4:	cf5fd0ef          	jal	ra,20b8 <f173>
    43c8:	20300513          	li	a0,515
    43cc:	f9dff0ef          	jal	ra,4368 <f283>
    43d0:	64a00513          	li	a0,1610
    43d4:	d75fd0ef          	jal	ra,2148 <f176>
    43d8:	72d00513          	li	a0,1837
    43dc:	b98ff0ef          	jal	ra,3774 <f261>
    43e0:	5f800513          	li	a0,1528
    43e4:	fb9fc0ef          	jal	ra,139c <f101>
    43e8:	4b300513          	li	a0,1203
    43ec:	fb8fe0ef          	jal	ra,2ba4 <f230>
    43f0:	1d300513          	li	a0,467
    43f4:	f79fb0ef          	jal	ra,36c <f009>
    43f8:	00c12083          	lw	ra,12(sp)
    43fc:	01010113          	addi	sp,sp,16
    4400:	00008067          	ret

00004404 <f284>:
    4404:	a5cdd7b7          	lui	a5,0xa5cdd
    4408:	64d78793          	addi	a5,a5,1613 # a5cdd64d <__bss_end+0xa5cd7ffd>
    440c:	00f54533          	xor	a0,a0,a5
    4410:	000057b7          	lui	a5,0x5
    4414:	64c7a703          	lw	a4,1612(a5) # 564c <g_acc>
    4418:	00a70733          	add	a4,a4,a0
    441c:	64e7a623          	sw	a4,1612(a5)
    4420:	64c7a703          	lw	a4,1612(a5)
    4424:	00a70733          	add	a4,a4,a0
    4428:	64e7a623          	sw	a4,1612(a5)
    442c:	64c7a703          	lw	a4,1612(a5)
    4430:	00a74733          	xor	a4,a4,a0
    4434:	64e7a623          	sw	a4,1612(a5)
    4438:	00008067          	ret

0000443c <f285>:
    443c:	3b754513          	xori	a0,a0,951
    4440:	5d150513          	addi	a0,a0,1489
    4444:	00951793          	slli	a5,a0,0x9
    4448:	01755513          	srli	a0,a0,0x17
    444c:	00f56533          	or	a0,a0,a5
    4450:	00005737          	lui	a4,0x5
    4454:	64c72783          	lw	a5,1612(a4) # 564c <g_acc>
    4458:	00a7c7b3          	xor	a5,a5,a0
    445c:	64f72623          	sw	a5,1612(a4)
    4460:	00008067          	ret

00004464 <run_phase_40>:
    4464:	ff010113          	addi	sp,sp,-16
    4468:	00112623          	sw	ra,12(sp)
    446c:	1d000513          	li	a0,464
    4470:	ba8fe0ef          	jal	ra,2818 <f214>
    4474:	2df00513          	li	a0,735
    4478:	958ff0ef          	jal	ra,35d0 <f254>
    447c:	5ec00513          	li	a0,1516
    4480:	869fd0ef          	jal	ra,1ce8 <f151>
    4484:	0b600513          	li	a0,182
    4488:	fb5ff0ef          	jal	ra,443c <f285>
    448c:	31f00513          	li	a0,799
    4490:	be8fc0ef          	jal	ra,878 <f036>
    4494:	11a00513          	li	a0,282
    4498:	cb1fd0ef          	jal	ra,2148 <f176>
    449c:	5d100513          	li	a0,1489
    44a0:	d8cfc0ef          	jal	ra,a2c <f046>
    44a4:	27b00513          	li	a0,635
    44a8:	a04fc0ef          	jal	ra,6ac <f027>
    44ac:	7bf00513          	li	a0,1983
    44b0:	ac4ff0ef          	jal	ra,3774 <f261>
    44b4:	38b00513          	li	a0,907
    44b8:	8e4fc0ef          	jal	ra,59c <f021>
    44bc:	00c12083          	lw	ra,12(sp)
    44c0:	01010113          	addi	sp,sp,16
    44c4:	00008067          	ret

000044c8 <f286>:
    44c8:	dc23b7b7          	lui	a5,0xdc23b
    44cc:	e1478793          	addi	a5,a5,-492 # dc23ae14 <__bss_end+0xdc2357c4>
    44d0:	00f54533          	xor	a0,a0,a5
    44d4:	00d51793          	slli	a5,a0,0xd
    44d8:	01355513          	srli	a0,a0,0x13
    44dc:	00f56533          	or	a0,a0,a5
    44e0:	00005737          	lui	a4,0x5
    44e4:	64c72783          	lw	a5,1612(a4) # 564c <g_acc>
    44e8:	00a7c7b3          	xor	a5,a5,a0
    44ec:	64f72623          	sw	a5,1612(a4)
    44f0:	00008067          	ret

000044f4 <run_phase_54>:
    44f4:	ff010113          	addi	sp,sp,-16
    44f8:	00112623          	sw	ra,12(sp)
    44fc:	31100513          	li	a0,785
    4500:	944fc0ef          	jal	ra,644 <f025>
    4504:	51000513          	li	a0,1296
    4508:	ab4fd0ef          	jal	ra,17bc <f124>
    450c:	5dd00513          	li	a0,1501
    4510:	fb9ff0ef          	jal	ra,44c8 <f286>
    4514:	79a00513          	li	a0,1946
    4518:	aacfc0ef          	jal	ra,7c4 <f032>
    451c:	0ca00513          	li	a0,202
    4520:	b40fd0ef          	jal	ra,1860 <f127>
    4524:	38200513          	li	a0,898
    4528:	a38fe0ef          	jal	ra,2760 <f211>
    452c:	1d300513          	li	a0,467
    4530:	d4cfd0ef          	jal	ra,1a7c <f138>
    4534:	00a00513          	li	a0,10
    4538:	eb0fd0ef          	jal	ra,1be8 <f146>
    453c:	5b800513          	li	a0,1464
    4540:	e95fd0ef          	jal	ra,23d4 <f190>
    4544:	17f00513          	li	a0,383
    4548:	c51ff0ef          	jal	ra,4198 <f281>
    454c:	74300513          	li	a0,1859
    4550:	9f1fd0ef          	jal	ra,1f40 <f166>
    4554:	00c12083          	lw	ra,12(sp)
    4558:	01010113          	addi	sp,sp,16
    455c:	00008067          	ret

00004560 <f287>:
    4560:	8be137b7          	lui	a5,0x8be13
    4564:	0f078793          	addi	a5,a5,240 # 8be130f0 <__bss_end+0x8be0daa0>
    4568:	00f54533          	xor	a0,a0,a5
    456c:	00005737          	lui	a4,0x5
    4570:	64c72783          	lw	a5,1612(a4) # 564c <g_acc>
    4574:	00a7c7b3          	xor	a5,a5,a0
    4578:	64f72623          	sw	a5,1612(a4)
    457c:	00008067          	ret

00004580 <run_phase_62>:
    4580:	ff010113          	addi	sp,sp,-16
    4584:	00112623          	sw	ra,12(sp)
    4588:	44b00513          	li	a0,1099
    458c:	fdcff0ef          	jal	ra,3d68 <f274>
    4590:	65900513          	li	a0,1625
    4594:	e28fd0ef          	jal	ra,1bbc <f145>
    4598:	0c800513          	li	a0,200
    459c:	dacfc0ef          	jal	ra,b48 <f052>
    45a0:	00700513          	li	a0,7
    45a4:	8d4fc0ef          	jal	ra,678 <f026>
    45a8:	4ed00513          	li	a0,1261
    45ac:	8c4fd0ef          	jal	ra,1670 <f117>
    45b0:	5cb00513          	li	a0,1483
    45b4:	a9dfd0ef          	jal	ra,2050 <f171>
    45b8:	31000513          	li	a0,784
    45bc:	c0dfb0ef          	jal	ra,1c8 <f000>
    45c0:	42900513          	li	a0,1065
    45c4:	90cfd0ef          	jal	ra,16d0 <f119>
    45c8:	43700513          	li	a0,1079
    45cc:	f95ff0ef          	jal	ra,4560 <f287>
    45d0:	00600513          	li	a0,6
    45d4:	facfd0ef          	jal	ra,1d80 <f155>
    45d8:	7d800513          	li	a0,2008
    45dc:	848ff0ef          	jal	ra,3624 <f256>
    45e0:	28d00513          	li	a0,653
    45e4:	f60ff0ef          	jal	ra,3d44 <f273>
    45e8:	61b00513          	li	a0,1563
    45ec:	920fe0ef          	jal	ra,270c <f209>
    45f0:	6a300513          	li	a0,1699
    45f4:	e31fb0ef          	jal	ra,424 <f013>
    45f8:	00c12083          	lw	ra,12(sp)
    45fc:	01010113          	addi	sp,sp,16
    4600:	00008067          	ret

00004604 <run_phase_60>:
    4604:	ff010113          	addi	sp,sp,-16
    4608:	00112623          	sw	ra,12(sp)
    460c:	7e800513          	li	a0,2024
    4610:	eb9ff0ef          	jal	ra,44c8 <f286>
    4614:	71000513          	li	a0,1808
    4618:	80cfe0ef          	jal	ra,2624 <f203>
    461c:	39000513          	li	a0,912
    4620:	cb8fc0ef          	jal	ra,ad8 <f050>
    4624:	38900513          	li	a0,905
    4628:	a50fc0ef          	jal	ra,878 <f036>
    462c:	73c00513          	li	a0,1852
    4630:	e5dfd0ef          	jal	ra,248c <f194>
    4634:	43700513          	li	a0,1079
    4638:	ac0fd0ef          	jal	ra,18f8 <f130>
    463c:	48b00513          	li	a0,1163
    4640:	bb9fb0ef          	jal	ra,1f8 <f001>
    4644:	03d00513          	li	a0,61
    4648:	e15fe0ef          	jal	ra,345c <f251>
    464c:	36c00513          	li	a0,876
    4650:	f11ff0ef          	jal	ra,4560 <f287>
    4654:	45300513          	li	a0,1107
    4658:	c69fc0ef          	jal	ra,12c0 <f095>
    465c:	4c300513          	li	a0,1219
    4660:	914ff0ef          	jal	ra,3774 <f261>
    4664:	6f000513          	li	a0,1776
    4668:	a58fd0ef          	jal	ra,18c0 <f129>
    466c:	6f500513          	li	a0,1781
    4670:	ecdfb0ef          	jal	ra,53c <f019>
    4674:	4e300513          	li	a0,1251
    4678:	ab4fc0ef          	jal	ra,92c <f041>
    467c:	00c12083          	lw	ra,12(sp)
    4680:	01010113          	addi	sp,sp,16
    4684:	00008067          	ret

00004688 <run_phase_56>:
    4688:	ff010113          	addi	sp,sp,-16
    468c:	00112623          	sw	ra,12(sp)
    4690:	14700513          	li	a0,327
    4694:	8b0ff0ef          	jal	ra,3744 <f260>
    4698:	0ec00513          	li	a0,236
    469c:	c94fd0ef          	jal	ra,1b30 <f142>
    46a0:	4e200513          	li	a0,1250
    46a4:	8fcff0ef          	jal	ra,37a0 <f262>
    46a8:	1ea00513          	li	a0,490
    46ac:	ed4fc0ef          	jal	ra,d80 <f065>
    46b0:	40500513          	li	a0,1029
    46b4:	814fe0ef          	jal	ra,26c8 <f207>
    46b8:	3c900513          	li	a0,969
    46bc:	f58fc0ef          	jal	ra,e14 <f068>
    46c0:	61400513          	li	a0,1556
    46c4:	e9dff0ef          	jal	ra,4560 <f287>
    46c8:	3a900513          	li	a0,937
    46cc:	9c4fd0ef          	jal	ra,1890 <f128>
    46d0:	1cb00513          	li	a0,459
    46d4:	c9dfe0ef          	jal	ra,3370 <f249>
    46d8:	1e300513          	li	a0,483
    46dc:	840ff0ef          	jal	ra,371c <f259>
    46e0:	6df00513          	li	a0,1759
    46e4:	ef1fd0ef          	jal	ra,25d4 <f202>
    46e8:	00c12083          	lw	ra,12(sp)
    46ec:	01010113          	addi	sp,sp,16
    46f0:	00008067          	ret

000046f4 <run_phase_48>:
    46f4:	ff010113          	addi	sp,sp,-16
    46f8:	00112623          	sw	ra,12(sp)
    46fc:	30000513          	li	a0,768
    4700:	c71fe0ef          	jal	ra,3370 <f249>
    4704:	36a00513          	li	a0,874
    4708:	8b4ff0ef          	jal	ra,37bc <f263>
    470c:	26e00513          	li	a0,622
    4710:	fd5fb0ef          	jal	ra,6e4 <f028>
    4714:	61800513          	li	a0,1560
    4718:	b04fe0ef          	jal	ra,2a1c <f223>
    471c:	7cc00513          	li	a0,1996
    4720:	e41ff0ef          	jal	ra,4560 <f287>
    4724:	46c00513          	li	a0,1132
    4728:	dadfc0ef          	jal	ra,14d4 <f108>
    472c:	2f700513          	li	a0,759
    4730:	a94fd0ef          	jal	ra,19c4 <f134>
    4734:	21200513          	li	a0,530
    4738:	e29ff0ef          	jal	ra,4560 <f287>
    473c:	77a00513          	li	a0,1914
    4740:	aa5fd0ef          	jal	ra,21e4 <f179>
    4744:	2b800513          	li	a0,696
    4748:	eddfe0ef          	jal	ra,3624 <f256>
    474c:	0eb00513          	li	a0,235
    4750:	d19fd0ef          	jal	ra,2468 <f193>
    4754:	58100513          	li	a0,1409
    4758:	d64fe0ef          	jal	ra,2cbc <f233>
    475c:	75000513          	li	a0,1872
    4760:	ec9fc0ef          	jal	ra,1628 <f115>
    4764:	00c12083          	lw	ra,12(sp)
    4768:	01010113          	addi	sp,sp,16
    476c:	00008067          	ret

00004770 <f288>:
    4770:	1d554513          	xori	a0,a0,469
    4774:	56750513          	addi	a0,a0,1383
    4778:	497c27b7          	lui	a5,0x497c2
    477c:	e6978793          	addi	a5,a5,-407 # 497c1e69 <__bss_end+0x497bc819>
    4780:	00f54533          	xor	a0,a0,a5
    4784:	000057b7          	lui	a5,0x5
    4788:	64c7a703          	lw	a4,1612(a5) # 564c <g_acc>
    478c:	00a70733          	add	a4,a4,a0
    4790:	64e7a623          	sw	a4,1612(a5)
    4794:	af650513          	addi	a0,a0,-1290
    4798:	64c7a703          	lw	a4,1612(a5)
    479c:	00a74733          	xor	a4,a4,a0
    47a0:	64e7a623          	sw	a4,1612(a5)
    47a4:	00008067          	ret

000047a8 <run_phase_16>:
    47a8:	ff010113          	addi	sp,sp,-16
    47ac:	00112623          	sw	ra,12(sp)
    47b0:	1f700513          	li	a0,503
    47b4:	c65fc0ef          	jal	ra,1418 <f104>
    47b8:	23600513          	li	a0,566
    47bc:	c8cfc0ef          	jal	ra,c48 <f058>
    47c0:	53800513          	li	a0,1336
    47c4:	ce1fb0ef          	jal	ra,4a4 <f016>
    47c8:	31900513          	li	a0,793
    47cc:	accfe0ef          	jal	ra,2a98 <f226>
    47d0:	19000513          	li	a0,400
    47d4:	9acff0ef          	jal	ra,3980 <f269>
    47d8:	1b000513          	li	a0,432
    47dc:	850ff0ef          	jal	ra,382c <f266>
    47e0:	28c00513          	li	a0,652
    47e4:	bbdfd0ef          	jal	ra,23a0 <f189>
    47e8:	2e300513          	li	a0,739
    47ec:	bb5fd0ef          	jal	ra,23a0 <f189>
    47f0:	6e600513          	li	a0,1766
    47f4:	e01fc0ef          	jal	ra,15f4 <f114>
    47f8:	74d00513          	li	a0,1869
    47fc:	bb8fc0ef          	jal	ra,bb4 <f054>
    4800:	09e00513          	li	a0,158
    4804:	f6dff0ef          	jal	ra,4770 <f288>
    4808:	4e400513          	li	a0,1252
    480c:	8b9fc0ef          	jal	ra,10c4 <f083>
    4810:	5ef00513          	li	a0,1519
    4814:	d54ff0ef          	jal	ra,3d68 <f274>
    4818:	00c12083          	lw	ra,12(sp)
    481c:	01010113          	addi	sp,sp,16
    4820:	00008067          	ret

00004824 <f289>:
    4824:	285327b7          	lui	a5,0x28532
    4828:	d6278793          	addi	a5,a5,-670 # 28531d62 <__bss_end+0x2852c712>
    482c:	00f54533          	xor	a0,a0,a5
    4830:	000057b7          	lui	a5,0x5
    4834:	64c7a703          	lw	a4,1612(a5) # 564c <g_acc>
    4838:	00a70733          	add	a4,a4,a0
    483c:	64e7a623          	sw	a4,1612(a5)
    4840:	7af50513          	addi	a0,a0,1967
    4844:	64c7a703          	lw	a4,1612(a5)
    4848:	00a74733          	xor	a4,a4,a0
    484c:	64e7a623          	sw	a4,1612(a5)
    4850:	00008067          	ret

00004854 <run_phase_57>:
    4854:	ff010113          	addi	sp,sp,-16
    4858:	00112623          	sw	ra,12(sp)
    485c:	01700513          	li	a0,23
    4860:	f85fe0ef          	jal	ra,37e4 <f264>
    4864:	6df00513          	li	a0,1759
    4868:	e18fe0ef          	jal	ra,2e80 <f236>
    486c:	46f00513          	li	a0,1135
    4870:	a81fb0ef          	jal	ra,2f0 <f006>
    4874:	7b600513          	li	a0,1974
    4878:	cddfd0ef          	jal	ra,2554 <f199>
    487c:	2e800513          	li	a0,744
    4880:	a60fd0ef          	jal	ra,1ae0 <f140>
    4884:	15c00513          	li	a0,348
    4888:	f2cfd0ef          	jal	ra,1fb4 <f168>
    488c:	76400513          	li	a0,1892
    4890:	b75ff0ef          	jal	ra,4404 <f284>
    4894:	67e00513          	li	a0,1662
    4898:	961fb0ef          	jal	ra,1f8 <f001>
    489c:	7ad00513          	li	a0,1965
    48a0:	f85ff0ef          	jal	ra,4824 <f289>
    48a4:	54400513          	li	a0,1348
    48a8:	ee5fc0ef          	jal	ra,178c <f123>
    48ac:	14800513          	li	a0,328
    48b0:	a10fd0ef          	jal	ra,1ac0 <f139>
    48b4:	6f100513          	li	a0,1777
    48b8:	cd4ff0ef          	jal	ra,3d8c <f275>
    48bc:	6a400513          	li	a0,1700
    48c0:	ee1fe0ef          	jal	ra,37a0 <f262>
    48c4:	44700513          	li	a0,1095
    48c8:	b51fc0ef          	jal	ra,1418 <f104>
    48cc:	00c12083          	lw	ra,12(sp)
    48d0:	01010113          	addi	sp,sp,16
    48d4:	00008067          	ret

000048d8 <run_phase_43>:
    48d8:	ff010113          	addi	sp,sp,-16
    48dc:	00112623          	sw	ra,12(sp)
    48e0:	68a00513          	li	a0,1674
    48e4:	855fc0ef          	jal	ra,1138 <f086>
    48e8:	58c00513          	li	a0,1420
    48ec:	be9fc0ef          	jal	ra,14d4 <f108>
    48f0:	58000513          	li	a0,1408
    48f4:	f9dfc0ef          	jal	ra,1890 <f128>
    48f8:	6b700513          	li	a0,1719
    48fc:	eedfc0ef          	jal	ra,17e8 <f125>
    4900:	66400513          	li	a0,1636
    4904:	da0fd0ef          	jal	ra,1ea4 <f163>
    4908:	40d00513          	li	a0,1037
    490c:	9d1fc0ef          	jal	ra,12dc <f096>
    4910:	4d700513          	li	a0,1239
    4914:	984fe0ef          	jal	ra,2a98 <f226>
    4918:	59b00513          	li	a0,1435
    491c:	fddfc0ef          	jal	ra,18f8 <f130>
    4920:	3d900513          	li	a0,985
    4924:	e71fd0ef          	jal	ra,2794 <f212>
    4928:	62700513          	li	a0,1575
    492c:	ca1fb0ef          	jal	ra,5cc <f022>
    4930:	53100513          	li	a0,1329
    4934:	ef1ff0ef          	jal	ra,4824 <f289>
    4938:	00c12083          	lw	ra,12(sp)
    493c:	01010113          	addi	sp,sp,16
    4940:	00008067          	ret

00004944 <f290>:
    4944:	351657b7          	lui	a5,0x35165
    4948:	46d78793          	addi	a5,a5,1133 # 3516546d <__bss_end+0x3515fe1d>
    494c:	00f54533          	xor	a0,a0,a5
    4950:	00b55793          	srli	a5,a0,0xb
    4954:	01551513          	slli	a0,a0,0x15
    4958:	00f56533          	or	a0,a0,a5
    495c:	00005737          	lui	a4,0x5
    4960:	64c72783          	lw	a5,1612(a4) # 564c <g_acc>
    4964:	00a7c7b3          	xor	a5,a5,a0
    4968:	64f72623          	sw	a5,1612(a4)
    496c:	00008067          	ret

00004970 <run_phase_46>:
    4970:	ff010113          	addi	sp,sp,-16
    4974:	00112623          	sw	ra,12(sp)
    4978:	32400513          	li	a0,804
    497c:	b05fc0ef          	jal	ra,1480 <f106>
    4980:	01000513          	li	a0,16
    4984:	9edfd0ef          	jal	ra,2370 <f188>
    4988:	6df00513          	li	a0,1759
    498c:	830fc0ef          	jal	ra,9bc <f044>
    4990:	49700513          	li	a0,1175
    4994:	d79fd0ef          	jal	ra,270c <f209>
    4998:	76400513          	li	a0,1892
    499c:	cddfb0ef          	jal	ra,678 <f026>
    49a0:	23900513          	li	a0,569
    49a4:	f6dfb0ef          	jal	ra,910 <f040>
    49a8:	6c000513          	li	a0,1728
    49ac:	9f9fb0ef          	jal	ra,3a4 <f010>
    49b0:	32200513          	li	a0,802
    49b4:	f91ff0ef          	jal	ra,4944 <f290>
    49b8:	05d00513          	li	a0,93
    49bc:	e94fd0ef          	jal	ra,2050 <f171>
    49c0:	69700513          	li	a0,1687
    49c4:	e81fd0ef          	jal	ra,2844 <f215>
    49c8:	4e300513          	li	a0,1251
    49cc:	a59fb0ef          	jal	ra,424 <f013>
    49d0:	2b000513          	li	a0,688
    49d4:	95cfd0ef          	jal	ra,1b30 <f142>
    49d8:	79900513          	li	a0,1945
    49dc:	fccfd0ef          	jal	ra,21a8 <f178>
    49e0:	00c12083          	lw	ra,12(sp)
    49e4:	01010113          	addi	sp,sp,16
    49e8:	00008067          	ret

000049ec <run_phase_27>:
    49ec:	ff010113          	addi	sp,sp,-16
    49f0:	00112623          	sw	ra,12(sp)
    49f4:	60000513          	li	a0,1536
    49f8:	9d8ff0ef          	jal	ra,3bd0 <f271>
    49fc:	6c400513          	li	a0,1732
    4a00:	f45ff0ef          	jal	ra,4944 <f290>
    4a04:	1d100513          	li	a0,465
    4a08:	ae0fc0ef          	jal	ra,ce8 <f061>
    4a0c:	32300513          	li	a0,803
    4a10:	d3dfb0ef          	jal	ra,74c <f030>
    4a14:	52300513          	li	a0,1315
    4a18:	e00fd0ef          	jal	ra,2018 <f170>
    4a1c:	1f700513          	li	a0,503
    4a20:	b81fd0ef          	jal	ra,25a0 <f201>
    4a24:	26100513          	li	a0,609
    4a28:	ef4fe0ef          	jal	ra,311c <f244>
    4a2c:	2a400513          	li	a0,676
    4a30:	d95fb0ef          	jal	ra,7c4 <f032>
    4a34:	5c900513          	li	a0,1481
    4a38:	cc8fc0ef          	jal	ra,f00 <f073>
    4a3c:	2e800513          	li	a0,744
    4a40:	b91fe0ef          	jal	ra,35d0 <f254>
    4a44:	16500513          	li	a0,357
    4a48:	8e9fd0ef          	jal	ra,2330 <f186>
    4a4c:	5d100513          	li	a0,1489
    4a50:	98dfb0ef          	jal	ra,3dc <f011>
    4a54:	4ef00513          	li	a0,1263
    4a58:	ec0fc0ef          	jal	ra,1118 <f085>
    4a5c:	00c12083          	lw	ra,12(sp)
    4a60:	01010113          	addi	sp,sp,16
    4a64:	00008067          	ret

00004a68 <f291>:
    4a68:	8a0c57b7          	lui	a5,0x8a0c5
    4a6c:	35478793          	addi	a5,a5,852 # 8a0c5354 <__bss_end+0x8a0bfd04>
    4a70:	00f54533          	xor	a0,a0,a5
    4a74:	b9750513          	addi	a0,a0,-1129
    4a78:	00005737          	lui	a4,0x5
    4a7c:	64c72783          	lw	a5,1612(a4) # 564c <g_acc>
    4a80:	00a7c7b3          	xor	a5,a5,a0
    4a84:	64f72623          	sw	a5,1612(a4)
    4a88:	00008067          	ret

00004a8c <run_phase_52>:
    4a8c:	ff010113          	addi	sp,sp,-16
    4a90:	00112623          	sw	ra,12(sp)
    4a94:	2a900513          	li	a0,681
    4a98:	db8fe0ef          	jal	ra,3050 <f243>
    4a9c:	54100513          	li	a0,1345
    4aa0:	83dfc0ef          	jal	ra,12dc <f096>
    4aa4:	41600513          	li	a0,1046
    4aa8:	ff1fd0ef          	jal	ra,2a98 <f226>
    4aac:	29d00513          	li	a0,669
    4ab0:	808fc0ef          	jal	ra,ab8 <f049>
    4ab4:	3b600513          	li	a0,950
    4ab8:	aedfe0ef          	jal	ra,35a4 <f253>
    4abc:	12d00513          	li	a0,301
    4ac0:	c5cfd0ef          	jal	ra,1f1c <f165>
    4ac4:	16c00513          	li	a0,364
    4ac8:	efcfe0ef          	jal	ra,31c4 <f245>
    4acc:	19c00513          	li	a0,412
    4ad0:	895fc0ef          	jal	ra,1364 <f099>
    4ad4:	1e000513          	li	a0,480
    4ad8:	d4dff0ef          	jal	ra,4824 <f289>
    4adc:	72d00513          	li	a0,1837
    4ae0:	9b0ff0ef          	jal	ra,3c90 <f272>
    4ae4:	65600513          	li	a0,1622
    4ae8:	955ff0ef          	jal	ra,443c <f285>
    4aec:	39f00513          	li	a0,927
    4af0:	ce5fd0ef          	jal	ra,27d4 <f213>
    4af4:	06e00513          	li	a0,110
    4af8:	f71ff0ef          	jal	ra,4a68 <f291>
    4afc:	00c12083          	lw	ra,12(sp)
    4b00:	01010113          	addi	sp,sp,16
    4b04:	00008067          	ret

00004b08 <run_phase_31>:
    4b08:	ff010113          	addi	sp,sp,-16
    4b0c:	00112623          	sw	ra,12(sp)
    4b10:	77500513          	li	a0,1909
    4b14:	ad0fd0ef          	jal	ra,1de4 <f158>
    4b18:	57b00513          	li	a0,1403
    4b1c:	a9cfc0ef          	jal	ra,db8 <f066>
    4b20:	46300513          	li	a0,1123
    4b24:	f45ff0ef          	jal	ra,4a68 <f291>
    4b28:	31600513          	li	a0,790
    4b2c:	8a4ff0ef          	jal	ra,3bd0 <f271>
    4b30:	7e200513          	li	a0,2018
    4b34:	87dfe0ef          	jal	ra,33b0 <f250>
    4b38:	2f200513          	li	a0,754
    4b3c:	f81fd0ef          	jal	ra,2abc <f227>
    4b40:	03500513          	li	a0,53
    4b44:	b85fd0ef          	jal	ra,26c8 <f207>
    4b48:	66200513          	li	a0,1634
    4b4c:	a89fd0ef          	jal	ra,25d4 <f202>
    4b50:	75900513          	li	a0,1881
    4b54:	f10fc0ef          	jal	ra,1264 <f093>
    4b58:	04c00513          	li	a0,76
    4b5c:	c6cfc0ef          	jal	ra,fc8 <f078>
    4b60:	00c12083          	lw	ra,12(sp)
    4b64:	01010113          	addi	sp,sp,16
    4b68:	00008067          	ret

00004b6c <run_phase_26>:
    4b6c:	ff010113          	addi	sp,sp,-16
    4b70:	00112623          	sw	ra,12(sp)
    4b74:	77a00513          	li	a0,1914
    4b78:	8d1fb0ef          	jal	ra,448 <f014>
    4b7c:	14a00513          	li	a0,330
    4b80:	c9cfe0ef          	jal	ra,301c <f242>
    4b84:	65f00513          	li	a0,1631
    4b88:	bbdfc0ef          	jal	ra,1744 <f121>
    4b8c:	53e00513          	li	a0,1342
    4b90:	845fc0ef          	jal	ra,13d4 <f102>
    4b94:	7d500513          	li	a0,2005
    4b98:	ed1ff0ef          	jal	ra,4a68 <f291>
    4b9c:	54600513          	li	a0,1350
    4ba0:	b7cfd0ef          	jal	ra,1f1c <f165>
    4ba4:	43c00513          	li	a0,1084
    4ba8:	b40fd0ef          	jal	ra,1ee8 <f164>
    4bac:	1af00513          	li	a0,431
    4bb0:	db5fc0ef          	jal	ra,1964 <f132>
    4bb4:	64700513          	li	a0,1607
    4bb8:	aa8fd0ef          	jal	ra,1e60 <f161>
    4bbc:	30500513          	li	a0,773
    4bc0:	dc5fd0ef          	jal	ra,2984 <f222>
    4bc4:	00c12083          	lw	ra,12(sp)
    4bc8:	01010113          	addi	sp,sp,16
    4bcc:	00008067          	ret

00004bd0 <run_phase_08>:
    4bd0:	ff010113          	addi	sp,sp,-16
    4bd4:	00112623          	sw	ra,12(sp)
    4bd8:	22c00513          	li	a0,556
    4bdc:	bd8fd0ef          	jal	ra,1fb4 <f168>
    4be0:	0f400513          	li	a0,244
    4be4:	c05fc0ef          	jal	ra,17e8 <f125>
    4be8:	5fa00513          	li	a0,1530
    4bec:	ae5fc0ef          	jal	ra,16d0 <f119>
    4bf0:	42000513          	li	a0,1056
    4bf4:	8b1fb0ef          	jal	ra,4a4 <f016>
    4bf8:	4a200513          	li	a0,1186
    4bfc:	e6dff0ef          	jal	ra,4a68 <f291>
    4c00:	7b200513          	li	a0,1970
    4c04:	f0cfc0ef          	jal	ra,1310 <f097>
    4c08:	0c200513          	li	a0,194
    4c0c:	f24fd0ef          	jal	ra,2330 <f186>
    4c10:	0f000513          	li	a0,240
    4c14:	874fc0ef          	jal	ra,c88 <f059>
    4c18:	64600513          	li	a0,1606
    4c1c:	c18fc0ef          	jal	ra,1034 <f080>
    4c20:	2a500513          	li	a0,677
    4c24:	bd0fe0ef          	jal	ra,2ff4 <f241>
    4c28:	28900513          	li	a0,649
    4c2c:	b11fd0ef          	jal	ra,273c <f210>
    4c30:	7c700513          	li	a0,1991
    4c34:	f0cfb0ef          	jal	ra,340 <f008>
    4c38:	56500513          	li	a0,1381
    4c3c:	bf8fc0ef          	jal	ra,1034 <f080>
    4c40:	00c12083          	lw	ra,12(sp)
    4c44:	01010113          	addi	sp,sp,16
    4c48:	00008067          	ret

00004c4c <f292>:
    4c4c:	42a677b7          	lui	a5,0x42a67
    4c50:	d8578793          	addi	a5,a5,-635 # 42a66d85 <__bss_end+0x42a61735>
    4c54:	00f54533          	xor	a0,a0,a5
    4c58:	00751793          	slli	a5,a0,0x7
    4c5c:	01955513          	srli	a0,a0,0x19
    4c60:	00f56533          	or	a0,a0,a5
    4c64:	00005737          	lui	a4,0x5
    4c68:	64c72783          	lw	a5,1612(a4) # 564c <g_acc>
    4c6c:	00a7c7b3          	xor	a5,a5,a0
    4c70:	64f72623          	sw	a5,1612(a4)
    4c74:	00008067          	ret

00004c78 <run_phase_61>:
    4c78:	ff010113          	addi	sp,sp,-16
    4c7c:	00112623          	sw	ra,12(sp)
    4c80:	6d600513          	li	a0,1750
    4c84:	c1dfb0ef          	jal	ra,8a0 <f037>
    4c88:	6cd00513          	li	a0,1741
    4c8c:	9edfb0ef          	jal	ra,678 <f026>
    4c90:	5e800513          	li	a0,1512
    4c94:	e79fb0ef          	jal	ra,b0c <f051>
    4c98:	2b800513          	li	a0,696
    4c9c:	fb1ff0ef          	jal	ra,4c4c <f292>
    4ca0:	7dc00513          	li	a0,2012
    4ca4:	c55fc0ef          	jal	ra,18f8 <f130>
    4ca8:	01200513          	li	a0,18
    4cac:	b85fc0ef          	jal	ra,1830 <f126>
    4cb0:	5bb00513          	li	a0,1467
    4cb4:	a68fd0ef          	jal	ra,1f1c <f165>
    4cb8:	22d00513          	li	a0,557
    4cbc:	d88fd0ef          	jal	ra,2244 <f181>
    4cc0:	38300513          	li	a0,899
    4cc4:	870fd0ef          	jal	ra,1d34 <f153>
    4cc8:	17200513          	li	a0,370
    4ccc:	b98ff0ef          	jal	ra,4064 <f279>
    4cd0:	51b00513          	li	a0,1307
    4cd4:	db8fc0ef          	jal	ra,128c <f094>
    4cd8:	51300513          	li	a0,1299
    4cdc:	a69fe0ef          	jal	ra,3744 <f260>
    4ce0:	49900513          	li	a0,1177
    4ce4:	ef0fc0ef          	jal	ra,13d4 <f102>
    4ce8:	00c12083          	lw	ra,12(sp)
    4cec:	01010113          	addi	sp,sp,16
    4cf0:	00008067          	ret

00004cf4 <run_phase_55>:
    4cf4:	ff010113          	addi	sp,sp,-16
    4cf8:	00112623          	sw	ra,12(sp)
    4cfc:	4aa00513          	li	a0,1194
    4d00:	979fb0ef          	jal	ra,678 <f026>
    4d04:	0e800513          	li	a0,232
    4d08:	b25fe0ef          	jal	ra,382c <f266>
    4d0c:	71700513          	li	a0,1815
    4d10:	ff0fb0ef          	jal	ra,500 <f018>
    4d14:	38400513          	li	a0,900
    4d18:	f35ff0ef          	jal	ra,4c4c <f292>
    4d1c:	27d00513          	li	a0,637
    4d20:	b05ff0ef          	jal	ra,4824 <f289>
    4d24:	2fe00513          	li	a0,766
    4d28:	cf5fd0ef          	jal	ra,2a1c <f223>
    4d2c:	20300513          	li	a0,515
    4d30:	c2dfe0ef          	jal	ra,395c <f268>
    4d34:	04e00513          	li	a0,78
    4d38:	9ddfb0ef          	jal	ra,714 <f029>
    4d3c:	1f800513          	li	a0,504
    4d40:	8dcff0ef          	jal	ra,3e1c <f276>
    4d44:	2e700513          	li	a0,743
    4d48:	fc0fd0ef          	jal	ra,2508 <f197>
    4d4c:	0bf00513          	li	a0,191
    4d50:	d6cff0ef          	jal	ra,42bc <f282>
    4d54:	0ff00513          	li	a0,255
    4d58:	f70ff0ef          	jal	ra,44c8 <f286>
    4d5c:	68e00513          	li	a0,1678
    4d60:	b64fc0ef          	jal	ra,10c4 <f083>
    4d64:	6b600513          	li	a0,1718
    4d68:	d71fb0ef          	jal	ra,ad8 <f050>
    4d6c:	00c12083          	lw	ra,12(sp)
    4d70:	01010113          	addi	sp,sp,16
    4d74:	00008067          	ret

00004d78 <run_phase_45>:
    4d78:	ff010113          	addi	sp,sp,-16
    4d7c:	00112623          	sw	ra,12(sp)
    4d80:	61100513          	li	a0,1553
    4d84:	d90fb0ef          	jal	ra,314 <f007>
    4d88:	50200513          	li	a0,1282
    4d8c:	ce0fd0ef          	jal	ra,226c <f182>
    4d90:	74d00513          	li	a0,1869
    4d94:	f54fe0ef          	jal	ra,34e8 <f252>
    4d98:	75700513          	li	a0,1879
    4d9c:	c28fe0ef          	jal	ra,31c4 <f245>
    4da0:	3c600513          	li	a0,966
    4da4:	be5fc0ef          	jal	ra,1988 <f133>
    4da8:	4ad00513          	li	a0,1197
    4dac:	e25fe0ef          	jal	ra,3bd0 <f271>
    4db0:	51200513          	li	a0,1298
    4db4:	e99ff0ef          	jal	ra,4c4c <f292>
    4db8:	71600513          	li	a0,1814
    4dbc:	f20fd0ef          	jal	ra,24dc <f196>
    4dc0:	1e200513          	li	a0,482
    4dc4:	fbdfb0ef          	jal	ra,d80 <f065>
    4dc8:	34c00513          	li	a0,844
    4dcc:	f3cfd0ef          	jal	ra,2508 <f197>
    4dd0:	75a00513          	li	a0,1882
    4dd4:	ce8fd0ef          	jal	ra,22bc <f184>
    4dd8:	30d00513          	li	a0,781
    4ddc:	b89fc0ef          	jal	ra,1964 <f132>
    4de0:	00c12083          	lw	ra,12(sp)
    4de4:	01010113          	addi	sp,sp,16
    4de8:	00008067          	ret

00004dec <run_phase_02>:
    4dec:	ff010113          	addi	sp,sp,-16
    4df0:	00112623          	sw	ra,12(sp)
    4df4:	66700513          	li	a0,1639
    4df8:	cf8fb0ef          	jal	ra,2f0 <f006>
    4dfc:	7e700513          	li	a0,2023
    4e00:	880fd0ef          	jal	ra,1e80 <f162>
    4e04:	3f000513          	li	a0,1008
    4e08:	e34fc0ef          	jal	ra,143c <f105>
    4e0c:	0f600513          	li	a0,246
    4e10:	b1dfb0ef          	jal	ra,92c <f041>
    4e14:	12a00513          	li	a0,298
    4e18:	c0dfc0ef          	jal	ra,1a24 <f136>
    4e1c:	22400513          	li	a0,548
    4e20:	fe0fe0ef          	jal	ra,3600 <f255>
    4e24:	3d000513          	li	a0,976
    4e28:	c98fc0ef          	jal	ra,12c0 <f095>
    4e2c:	5f300513          	li	a0,1523
    4e30:	e1dff0ef          	jal	ra,4c4c <f292>
    4e34:	0f300513          	li	a0,243
    4e38:	e29fd0ef          	jal	ra,2c60 <f231>
    4e3c:	06b00513          	li	a0,107
    4e40:	b59fb0ef          	jal	ra,998 <f043>
    4e44:	07300513          	li	a0,115
    4e48:	9c5fe0ef          	jal	ra,380c <f265>
    4e4c:	64a00513          	li	a0,1610
    4e50:	8b0fc0ef          	jal	ra,f00 <f073>
    4e54:	00c12083          	lw	ra,12(sp)
    4e58:	01010113          	addi	sp,sp,16
    4e5c:	00008067          	ret

00004e60 <f293>:
    4e60:	23c54513          	xori	a0,a0,572
    4e64:	000057b7          	lui	a5,0x5
    4e68:	64c7a703          	lw	a4,1612(a5) # 564c <g_acc>
    4e6c:	00a70733          	add	a4,a4,a0
    4e70:	64e7a623          	sw	a4,1612(a5)
    4e74:	64c7a703          	lw	a4,1612(a5)
    4e78:	00a74733          	xor	a4,a4,a0
    4e7c:	64e7a623          	sw	a4,1612(a5)
    4e80:	00008067          	ret

00004e84 <run_phase_33>:
    4e84:	ff010113          	addi	sp,sp,-16
    4e88:	00112623          	sw	ra,12(sp)
    4e8c:	45b00513          	li	a0,1115
    4e90:	d74ff0ef          	jal	ra,4404 <f284>
    4e94:	62900513          	li	a0,1577
    4e98:	df1fc0ef          	jal	ra,1c88 <f149>
    4e9c:	3d800513          	li	a0,984
    4ea0:	ca9fb0ef          	jal	ra,b48 <f052>
    4ea4:	2db00513          	li	a0,731
    4ea8:	dc4fb0ef          	jal	ra,46c <f015>
    4eac:	3e800513          	li	a0,1000
    4eb0:	e45fd0ef          	jal	ra,2cf4 <f234>
    4eb4:	6e700513          	li	a0,1767
    4eb8:	b40fb0ef          	jal	ra,1f8 <f001>
    4ebc:	6b900513          	li	a0,1721
    4ec0:	ff5fe0ef          	jal	ra,3eb4 <f277>
    4ec4:	01300513          	li	a0,19
    4ec8:	83dfc0ef          	jal	ra,1704 <f120>
    4ecc:	7b900513          	li	a0,1977
    4ed0:	af5fc0ef          	jal	ra,19c4 <f134>
    4ed4:	3d200513          	li	a0,978
    4ed8:	90cfd0ef          	jal	ra,1fe4 <f169>
    4edc:	41500513          	li	a0,1045
    4ee0:	f81ff0ef          	jal	ra,4e60 <f293>
    4ee4:	3c400513          	li	a0,964
    4ee8:	da1fb0ef          	jal	ra,c88 <f059>
    4eec:	3c200513          	li	a0,962
    4ef0:	855fc0ef          	jal	ra,1744 <f121>
    4ef4:	00c12083          	lw	ra,12(sp)
    4ef8:	01010113          	addi	sp,sp,16
    4efc:	00008067          	ret

00004f00 <run_phase_03>:
    4f00:	ff010113          	addi	sp,sp,-16
    4f04:	00112623          	sw	ra,12(sp)
    4f08:	69700513          	li	a0,1687
    4f0c:	a51fe0ef          	jal	ra,395c <f268>
    4f10:	2d900513          	li	a0,729
    4f14:	e88fb0ef          	jal	ra,59c <f021>
    4f18:	16d00513          	li	a0,365
    4f1c:	b40fb0ef          	jal	ra,25c <f003>
    4f20:	48700513          	li	a0,1159
    4f24:	a65fc0ef          	jal	ra,1988 <f133>
    4f28:	71400513          	li	a0,1812
    4f2c:	b94fc0ef          	jal	ra,12c0 <f095>
    4f30:	5ff00513          	li	a0,1535
    4f34:	80cfd0ef          	jal	ra,1f40 <f166>
    4f38:	3e100513          	li	a0,993
    4f3c:	f79fe0ef          	jal	ra,3eb4 <f277>
    4f40:	29900513          	li	a0,665
    4f44:	82dff0ef          	jal	ra,4770 <f288>
    4f48:	67400513          	li	a0,1652
    4f4c:	904fe0ef          	jal	ra,3050 <f243>
    4f50:	2bf00513          	li	a0,703
    4f54:	b91fd0ef          	jal	ra,2ae4 <f228>
    4f58:	0b700513          	li	a0,183
    4f5c:	f05ff0ef          	jal	ra,4e60 <f293>
    4f60:	00c12083          	lw	ra,12(sp)
    4f64:	01010113          	addi	sp,sp,16
    4f68:	00008067          	ret

00004f6c <f294>:
    4f6c:	74b087b7          	lui	a5,0x74b08
    4f70:	ed878793          	addi	a5,a5,-296 # 74b07ed8 <__bss_end+0x74b02888>
    4f74:	00f54533          	xor	a0,a0,a5
    4f78:	00005737          	lui	a4,0x5
    4f7c:	64c72783          	lw	a5,1612(a4) # 564c <g_acc>
    4f80:	28178793          	addi	a5,a5,641
    4f84:	00a787b3          	add	a5,a5,a0
    4f88:	64f72623          	sw	a5,1612(a4)
    4f8c:	1af50513          	addi	a0,a0,431
    4f90:	64c72783          	lw	a5,1612(a4)
    4f94:	00a7c7b3          	xor	a5,a5,a0
    4f98:	64f72623          	sw	a5,1612(a4)
    4f9c:	00008067          	ret

00004fa0 <run_phase_22>:
    4fa0:	ff010113          	addi	sp,sp,-16
    4fa4:	00112623          	sw	ra,12(sp)
    4fa8:	67d00513          	li	a0,1661
    4fac:	ec4fd0ef          	jal	ra,2670 <f205>
    4fb0:	02e00513          	li	a0,46
    4fb4:	ad8fe0ef          	jal	ra,328c <f247>
    4fb8:	1bf00513          	li	a0,447
    4fbc:	fe0fb0ef          	jal	ra,79c <f031>
    4fc0:	0e000513          	li	a0,224
    4fc4:	8a0ff0ef          	jal	ra,4064 <f279>
    4fc8:	74800513          	li	a0,1864
    4fcc:	c10fb0ef          	jal	ra,3dc <f011>
    4fd0:	29400513          	li	a0,660
    4fd4:	f99ff0ef          	jal	ra,4f6c <f294>
    4fd8:	07800513          	li	a0,120
    4fdc:	ba5fc0ef          	jal	ra,1b80 <f144>
    4fe0:	74200513          	li	a0,1858
    4fe4:	c41fb0ef          	jal	ra,c24 <f057>
    4fe8:	5d200513          	li	a0,1490
    4fec:	d44fc0ef          	jal	ra,1530 <f110>
    4ff0:	05c00513          	li	a0,92
    4ff4:	971fc0ef          	jal	ra,1964 <f132>
    4ff8:	04e00513          	li	a0,78
    4ffc:	98dfc0ef          	jal	ra,1988 <f133>
    5000:	4ed00513          	li	a0,1261
    5004:	ad8fc0ef          	jal	ra,12dc <f096>
    5008:	45c00513          	li	a0,1116
    500c:	b3dfb0ef          	jal	ra,b48 <f052>
    5010:	25600513          	li	a0,598
    5014:	d48fc0ef          	jal	ra,155c <f111>
    5018:	00c12083          	lw	ra,12(sp)
    501c:	01010113          	addi	sp,sp,16
    5020:	00008067          	ret

00005024 <f295>:
    5024:	c7a7d7b7          	lui	a5,0xc7a7d
    5028:	6f078793          	addi	a5,a5,1776 # c7a7d6f0 <__bss_end+0xc7a780a0>
    502c:	00f54533          	xor	a0,a0,a5
    5030:	00005737          	lui	a4,0x5
    5034:	64c72783          	lw	a5,1612(a4) # 564c <g_acc>
    5038:	00a7c7b3          	xor	a5,a5,a0
    503c:	64f72623          	sw	a5,1612(a4)
    5040:	00008067          	ret

00005044 <run_phase_21>:
    5044:	ff010113          	addi	sp,sp,-16
    5048:	00112623          	sw	ra,12(sp)
    504c:	68100513          	li	a0,1665
    5050:	fd5ff0ef          	jal	ra,5024 <f295>
    5054:	23e00513          	li	a0,574
    5058:	e59fb0ef          	jal	ra,eb0 <f071>
    505c:	35600513          	li	a0,854
    5060:	ca0fb0ef          	jal	ra,500 <f018>
    5064:	2dc00513          	li	a0,732
    5068:	86dfd0ef          	jal	ra,28d4 <f218>
    506c:	0f600513          	li	a0,246
    5070:	865fe0ef          	jal	ra,38d4 <f267>
    5074:	5a300513          	li	a0,1443
    5078:	ea4fe0ef          	jal	ra,371c <f259>
    507c:	2ae00513          	li	a0,686
    5080:	af5fb0ef          	jal	ra,b74 <f053>
    5084:	1d100513          	li	a0,465
    5088:	b78fb0ef          	jal	ra,400 <f012>
    508c:	7c900513          	li	a0,1993
    5090:	a49fb0ef          	jal	ra,ad8 <f050>
    5094:	37b00513          	li	a0,891
    5098:	819fd0ef          	jal	ra,28b0 <f217>
    509c:	00c12083          	lw	ra,12(sp)
    50a0:	01010113          	addi	sp,sp,16
    50a4:	00008067          	ret

000050a8 <run_phase_11>:
    50a8:	ff010113          	addi	sp,sp,-16
    50ac:	00112623          	sw	ra,12(sp)
    50b0:	0d400513          	li	a0,212
    50b4:	d55fc0ef          	jal	ra,1e08 <f159>
    50b8:	66100513          	li	a0,1633
    50bc:	c85fb0ef          	jal	ra,d40 <f063>
    50c0:	6cf00513          	li	a0,1743
    50c4:	d88fc0ef          	jal	ra,164c <f116>
    50c8:	02c00513          	li	a0,44
    50cc:	ed0fb0ef          	jal	ra,79c <f031>
    50d0:	6c300513          	li	a0,1731
    50d4:	d9cfc0ef          	jal	ra,1670 <f117>
    50d8:	62f00513          	li	a0,1583
    50dc:	d70fd0ef          	jal	ra,264c <f204>
    50e0:	30a00513          	li	a0,778
    50e4:	b88fb0ef          	jal	ra,46c <f015>
    50e8:	22600513          	li	a0,550
    50ec:	905fb0ef          	jal	ra,9f0 <f045>
    50f0:	3b200513          	li	a0,946
    50f4:	f31ff0ef          	jal	ra,5024 <f295>
    50f8:	32300513          	li	a0,803
    50fc:	c34fd0ef          	jal	ra,2530 <f198>
    5100:	71600513          	li	a0,1814
    5104:	918fc0ef          	jal	ra,121c <f092>
    5108:	4b400513          	li	a0,1204
    510c:	acdfb0ef          	jal	ra,bd8 <f055>
    5110:	3ce00513          	li	a0,974
    5114:	b28ff0ef          	jal	ra,443c <f285>
    5118:	3a500513          	li	a0,933
    511c:	c71fe0ef          	jal	ra,3d8c <f275>
    5120:	00c12083          	lw	ra,12(sp)
    5124:	01010113          	addi	sp,sp,16
    5128:	00008067          	ret

0000512c <f296>:
    512c:	74c6b7b7          	lui	a5,0x74c6b
    5130:	9cf78793          	addi	a5,a5,-1585 # 74c6a9cf <__bss_end+0x74c6537f>
    5134:	00f54533          	xor	a0,a0,a5
    5138:	22550513          	addi	a0,a0,549
    513c:	00005737          	lui	a4,0x5
    5140:	64c72783          	lw	a5,1612(a4) # 564c <g_acc>
    5144:	00a7c7b3          	xor	a5,a5,a0
    5148:	64f72623          	sw	a5,1612(a4)
    514c:	00008067          	ret

00005150 <run_phase_00>:
    5150:	ff010113          	addi	sp,sp,-16
    5154:	00112623          	sw	ra,12(sp)
    5158:	01e00513          	li	a0,30
    515c:	989fd0ef          	jal	ra,2ae4 <f228>
    5160:	1ec00513          	li	a0,492
    5164:	bb9fb0ef          	jal	ra,d1c <f062>
    5168:	74400513          	li	a0,1860
    516c:	c88fc0ef          	jal	ra,15f4 <f114>
    5170:	37b00513          	li	a0,891
    5174:	8d5fd0ef          	jal	ra,2a48 <f224>
    5178:	38300513          	li	a0,899
    517c:	ce5ff0ef          	jal	ra,4e60 <f293>
    5180:	42000513          	li	a0,1056
    5184:	e4dfe0ef          	jal	ra,3fd0 <f278>
    5188:	5b800513          	li	a0,1464
    518c:	9dcff0ef          	jal	ra,4368 <f283>
    5190:	18300513          	li	a0,387
    5194:	8d9fb0ef          	jal	ra,a6c <f047>
    5198:	79900513          	li	a0,1945
    519c:	b94fd0ef          	jal	ra,2530 <f198>
    51a0:	7de00513          	li	a0,2014
    51a4:	bb0fd0ef          	jal	ra,2554 <f199>
    51a8:	44400513          	li	a0,1092
    51ac:	f81ff0ef          	jal	ra,512c <f296>
    51b0:	6c800513          	li	a0,1736
    51b4:	b81fc0ef          	jal	ra,1d34 <f153>
    51b8:	00c12083          	lw	ra,12(sp)
    51bc:	01010113          	addi	sp,sp,16
    51c0:	00008067          	ret

000051c4 <f297>:
    51c4:	26e54513          	xori	a0,a0,622
    51c8:	84850513          	addi	a0,a0,-1976
    51cc:	00005737          	lui	a4,0x5
    51d0:	64c72783          	lw	a5,1612(a4) # 564c <g_acc>
    51d4:	00a7c7b3          	xor	a5,a5,a0
    51d8:	64f72623          	sw	a5,1612(a4)
    51dc:	00008067          	ret

000051e0 <run_phase_59>:
    51e0:	ff010113          	addi	sp,sp,-16
    51e4:	00112623          	sw	ra,12(sp)
    51e8:	67e00513          	li	a0,1662
    51ec:	8adfd0ef          	jal	ra,2a98 <f226>
    51f0:	18300513          	li	a0,387
    51f4:	fd1ff0ef          	jal	ra,51c4 <f297>
    51f8:	17a00513          	li	a0,378
    51fc:	f4dfc0ef          	jal	ra,2148 <f176>
    5200:	28700513          	li	a0,647
    5204:	890fb0ef          	jal	ra,294 <f004>
    5208:	18800513          	li	a0,392
    520c:	c55ff0ef          	jal	ra,4e60 <f293>
    5210:	78700513          	li	a0,1927
    5214:	b4cfb0ef          	jal	ra,560 <f020>
    5218:	33a00513          	li	a0,826
    521c:	b84fd0ef          	jal	ra,25a0 <f201>
    5220:	31200513          	li	a0,786
    5224:	e41fe0ef          	jal	ra,4064 <f279>
    5228:	06500513          	li	a0,101
    522c:	a40fb0ef          	jal	ra,46c <f015>
    5230:	75800513          	li	a0,1880
    5234:	94cfc0ef          	jal	ra,1380 <f100>
    5238:	34300513          	li	a0,835
    523c:	911fc0ef          	jal	ra,1b4c <f143>
    5240:	4a600513          	li	a0,1190
    5244:	89dfc0ef          	jal	ra,1ae0 <f140>
    5248:	00c12083          	lw	ra,12(sp)
    524c:	01010113          	addi	sp,sp,16
    5250:	00008067          	ret

00005254 <run_phase_09>:
    5254:	ff010113          	addi	sp,sp,-16
    5258:	00112623          	sw	ra,12(sp)
    525c:	0e800513          	li	a0,232
    5260:	e31fc0ef          	jal	ra,2090 <f172>
    5264:	2f100513          	li	a0,753
    5268:	96cfd0ef          	jal	ra,23d4 <f190>
    526c:	23300513          	li	a0,563
    5270:	eb8fc0ef          	jal	ra,1928 <f131>
    5274:	18300513          	li	a0,387
    5278:	fa1fc0ef          	jal	ra,2218 <f180>
    527c:	4e900513          	li	a0,1257
    5280:	b1cfb0ef          	jal	ra,59c <f021>
    5284:	72400513          	li	a0,1828
    5288:	dadfb0ef          	jal	ra,1034 <f080>
    528c:	07a00513          	li	a0,122
    5290:	f35ff0ef          	jal	ra,51c4 <f297>
    5294:	25b00513          	li	a0,603
    5298:	8d4fb0ef          	jal	ra,36c <f009>
    529c:	46f00513          	li	a0,1135
    52a0:	8d0fe0ef          	jal	ra,3370 <f249>
    52a4:	08300513          	li	a0,131
    52a8:	c75fc0ef          	jal	ra,1f1c <f165>
    52ac:	00c12083          	lw	ra,12(sp)
    52b0:	01010113          	addi	sp,sp,16
    52b4:	00008067          	ret

000052b8 <f298>:
    52b8:	095d77b7          	lui	a5,0x95d7
    52bc:	f5078793          	addi	a5,a5,-176 # 95d6f50 <__bss_end+0x95d1900>
    52c0:	00f54533          	xor	a0,a0,a5
    52c4:	000057b7          	lui	a5,0x5
    52c8:	64c7a703          	lw	a4,1612(a5) # 564c <g_acc>
    52cc:	00a70733          	add	a4,a4,a0
    52d0:	64e7a623          	sw	a4,1612(a5)
    52d4:	00d51713          	slli	a4,a0,0xd
    52d8:	01355513          	srli	a0,a0,0x13
    52dc:	00e56533          	or	a0,a0,a4
    52e0:	32550513          	addi	a0,a0,805
    52e4:	6eabe737          	lui	a4,0x6eabe
    52e8:	cc870713          	addi	a4,a4,-824 # 6eabdcc8 <__bss_end+0x6eab8678>
    52ec:	00e54533          	xor	a0,a0,a4
    52f0:	64c7a703          	lw	a4,1612(a5)
    52f4:	00a74733          	xor	a4,a4,a0
    52f8:	64e7a623          	sw	a4,1612(a5)
    52fc:	00008067          	ret

00005300 <run_phase_53>:
    5300:	ff010113          	addi	sp,sp,-16
    5304:	00112623          	sw	ra,12(sp)
    5308:	5f800513          	li	a0,1528
    530c:	ff1fc0ef          	jal	ra,22fc <f185>
    5310:	37400513          	li	a0,884
    5314:	934fb0ef          	jal	ra,448 <f014>
    5318:	18e00513          	li	a0,398
    531c:	cecfb0ef          	jal	ra,808 <f034>
    5320:	1cd00513          	li	a0,461
    5324:	af4fb0ef          	jal	ra,618 <f024>
    5328:	74c00513          	li	a0,1868
    532c:	999fb0ef          	jal	ra,cc4 <f060>
    5330:	0d600513          	li	a0,214
    5334:	955fc0ef          	jal	ra,1c88 <f149>
    5338:	1ab00513          	li	a0,427
    533c:	de1fd0ef          	jal	ra,311c <f244>
    5340:	20c00513          	li	a0,524
    5344:	f75ff0ef          	jal	ra,52b8 <f298>
    5348:	3fc00513          	li	a0,1020
    534c:	a54fd0ef          	jal	ra,25a0 <f201>
    5350:	24f00513          	li	a0,591
    5354:	f64fe0ef          	jal	ra,3ab8 <f270>
    5358:	74400513          	li	a0,1860
    535c:	a20fc0ef          	jal	ra,157c <f112>
    5360:	7c000513          	li	a0,1984
    5364:	86dfe0ef          	jal	ra,3bd0 <f271>
    5368:	71100513          	li	a0,1809
    536c:	dfdfb0ef          	jal	ra,1168 <f087>
    5370:	00c12083          	lw	ra,12(sp)
    5374:	01010113          	addi	sp,sp,16
    5378:	00008067          	ret

0000537c <f299>:
    537c:	45054513          	xori	a0,a0,1104
    5380:	000057b7          	lui	a5,0x5
    5384:	64c7a703          	lw	a4,1612(a5) # 564c <g_acc>
    5388:	00a70733          	add	a4,a4,a0
    538c:	64e7a623          	sw	a4,1612(a5)
    5390:	64c7a703          	lw	a4,1612(a5)
    5394:	00a70733          	add	a4,a4,a0
    5398:	64e7a623          	sw	a4,1612(a5)
    539c:	00b55713          	srli	a4,a0,0xb
    53a0:	01551513          	slli	a0,a0,0x15
    53a4:	00e56533          	or	a0,a0,a4
    53a8:	64c7a703          	lw	a4,1612(a5)
    53ac:	00a70733          	add	a4,a4,a0
    53b0:	64e7a623          	sw	a4,1612(a5)
    53b4:	64c7a703          	lw	a4,1612(a5)
    53b8:	00a74733          	xor	a4,a4,a0
    53bc:	64e7a623          	sw	a4,1612(a5)
    53c0:	00008067          	ret

000053c4 <run_phase_49>:
    53c4:	ff010113          	addi	sp,sp,-16
    53c8:	00112623          	sw	ra,12(sp)
    53cc:	50600513          	li	a0,1286
    53d0:	a39fc0ef          	jal	ra,1e08 <f159>
    53d4:	06f00513          	li	a0,111
    53d8:	fa5ff0ef          	jal	ra,537c <f299>
    53dc:	74800513          	li	a0,1864
    53e0:	e01fb0ef          	jal	ra,11e0 <f090>
    53e4:	1fc00513          	li	a0,508
    53e8:	bdcfb0ef          	jal	ra,7c4 <f032>
    53ec:	60a00513          	li	a0,1546
    53f0:	9f9fb0ef          	jal	ra,de8 <f067>
    53f4:	7e300513          	li	a0,2019
    53f8:	f88fc0ef          	jal	ra,1b80 <f144>
    53fc:	39100513          	li	a0,913
    5400:	a24fe0ef          	jal	ra,3624 <f256>
    5404:	22400513          	li	a0,548
    5408:	cf0fc0ef          	jal	ra,18f8 <f130>
    540c:	4e300513          	li	a0,1251
    5410:	e5cfd0ef          	jal	ra,2a6c <f225>
    5414:	35900513          	li	a0,857
    5418:	da9fb0ef          	jal	ra,11c0 <f089>
    541c:	09900513          	li	a0,153
    5420:	e4cfb0ef          	jal	ra,a6c <f047>
    5424:	5f400513          	li	a0,1524
    5428:	e35fa0ef          	jal	ra,25c <f003>
    542c:	39f00513          	li	a0,927
    5430:	bb4fb0ef          	jal	ra,7e4 <f033>
    5434:	1dc00513          	li	a0,476
    5438:	f1dfc0ef          	jal	ra,2354 <f187>
    543c:	00c12083          	lw	ra,12(sp)
    5440:	01010113          	addi	sp,sp,16
    5444:	00008067          	ret

00005448 <run_phase_07>:
    5448:	ff010113          	addi	sp,sp,-16
    544c:	00112623          	sw	ra,12(sp)
    5450:	3a900513          	li	a0,937
    5454:	b51fb0ef          	jal	ra,fa4 <f077>
    5458:	6b300513          	li	a0,1715
    545c:	9f0fc0ef          	jal	ra,164c <f116>
    5460:	32200513          	li	a0,802
    5464:	a1dfd0ef          	jal	ra,2e80 <f236>
    5468:	0aa00513          	li	a0,170
    546c:	f11ff0ef          	jal	ra,537c <f299>
    5470:	01b00513          	li	a0,27
    5474:	830fc0ef          	jal	ra,14a4 <f107>
    5478:	03600513          	li	a0,54
    547c:	98dfc0ef          	jal	ra,1e08 <f159>
    5480:	08b00513          	li	a0,139
    5484:	bcdfc0ef          	jal	ra,2050 <f171>
    5488:	4aa00513          	li	a0,1194
    548c:	e2dff0ef          	jal	ra,52b8 <f298>
    5490:	3df00513          	li	a0,991
    5494:	ed5fe0ef          	jal	ra,4368 <f283>
    5498:	1dc00513          	li	a0,476
    549c:	f5dfb0ef          	jal	ra,13f8 <f103>
    54a0:	20900513          	li	a0,521
    54a4:	8ddfb0ef          	jal	ra,d80 <f065>
    54a8:	01f00513          	li	a0,31
    54ac:	e60fc0ef          	jal	ra,1b0c <f141>
    54b0:	3c300513          	li	a0,963
    54b4:	961fb0ef          	jal	ra,e14 <f068>
    54b8:	0dc00513          	li	a0,220
    54bc:	c19fc0ef          	jal	ra,20d4 <f174>
    54c0:	00c12083          	lw	ra,12(sp)
    54c4:	01010113          	addi	sp,sp,16
    54c8:	00008067          	ret

000054cc <run_phase_06>:
    54cc:	ff010113          	addi	sp,sp,-16
    54d0:	00112623          	sw	ra,12(sp)
    54d4:	29000513          	li	a0,656
    54d8:	858fc0ef          	jal	ra,1530 <f110>
    54dc:	68d00513          	li	a0,1677
    54e0:	be0fc0ef          	jal	ra,18c0 <f129>
    54e4:	1d100513          	li	a0,465
    54e8:	e95ff0ef          	jal	ra,537c <f299>
    54ec:	50100513          	li	a0,1281
    54f0:	9c5fe0ef          	jal	ra,3eb4 <f277>
    54f4:	40900513          	li	a0,1033
    54f8:	fe5fc0ef          	jal	ra,24dc <f196>
    54fc:	4dd00513          	li	a0,1245
    5500:	d19fc0ef          	jal	ra,2218 <f180>
    5504:	74d00513          	li	a0,1869
    5508:	898fd0ef          	jal	ra,25a0 <f201>
    550c:	5bd00513          	li	a0,1469
    5510:	fb5fa0ef          	jal	ra,4c4 <f017>
    5514:	1a800513          	li	a0,424
    5518:	e8cfd0ef          	jal	ra,2ba4 <f230>
    551c:	02d00513          	li	a0,45
    5520:	df1fb0ef          	jal	ra,1310 <f097>
    5524:	66e00513          	li	a0,1646
    5528:	865fe0ef          	jal	ra,3d8c <f275>
    552c:	41300513          	li	a0,1043
    5530:	aa4fd0ef          	jal	ra,27d4 <f213>
    5534:	7f800513          	li	a0,2040
    5538:	a14fb0ef          	jal	ra,74c <f030>
    553c:	00c12083          	lw	ra,12(sp)
    5540:	01010113          	addi	sp,sp,16
    5544:	00008067          	ret
