
D:/shared/engineering/C-Trace/examples/kv260/tgc5b2_rvcfi/sw/rvcfi_core0.elf:     file format elf32-littleriscv


Disassembly of section .text:

00000000 <_start>:

	.section .text.start
	.globl _start

_start:
	li    sp, 0x0000F000             /* stack near top of 64 KiB RAM */
       0:	0000f137          	lui	sp,0xf

	/* Zero .bss: the flat image carries no .bss, and on hardware the RAM
	 * keeps its previous content across runs — without this, globals start
	 * with stale values. */
	la    t0, __bss_start
       4:	00007297          	auipc	t0,0x7
       8:	bc428293          	addi	t0,t0,-1084 # 6bc8 <rv_actcap_issued>
	la    t1, __bss_end
       c:	00007317          	auipc	t1,0x7
      10:	bc830313          	addi	t1,t1,-1080 # 6bd4 <__bss_end>
1:	bgeu  t0, t1, 2f
      14:	0062f863          	bgeu	t0,t1,24 <_start+0x24>
	sw    zero, 0(t0)
      18:	0002a023          	sw	zero,0(t0)
	addi  t0, t0, 4
      1c:	00428293          	addi	t0,t0,4
	j     1b
      20:	ff5ff06f          	j	14 <_start+0x14>

2:	call  main
      24:	008000ef          	jal	ra,2c <main>

00000028 <halt>:

halt:
	j     halt                       /* park — testbench stops on the stable PC */
      28:	0000006f          	j	28 <halt>

0000002c <main>:
		__asm__ __volatile__("" ::: "memory");
	}
}

int main(void)
{
      2c:	fa010113          	addi	sp,sp,-96 # efa0 <__bss_end+0x83cc>
	unsigned i, idx;

	/* Wait for the host to publish a valid control area. URAM comes up with
	 * whatever the previous run left, so "looks plausible" is not enough --
	 * the magic is the only thing that says the host has been here. */
	while (SH->magic != RV_MAGIC) {
      30:	525656b7          	lui	a3,0x52565
{
      34:	04112e23          	sw	ra,92(sp)
      38:	04812c23          	sw	s0,88(sp)
      3c:	04912a23          	sw	s1,84(sp)
      40:	05212823          	sw	s2,80(sp)
      44:	05312623          	sw	s3,76(sp)
      48:	05412423          	sw	s4,72(sp)
      4c:	05512223          	sw	s5,68(sp)
      50:	05612023          	sw	s6,64(sp)
      54:	03712e23          	sw	s7,60(sp)
      58:	03812c23          	sw	s8,56(sp)
      5c:	03912a23          	sw	s9,52(sp)
      60:	03a12823          	sw	s10,48(sp)
      64:	03b12623          	sw	s11,44(sp)
	while (SH->magic != RV_MAGIC) {
      68:	30000737          	lui	a4,0x30000
      6c:	34868693          	addi	a3,a3,840 # 52565348 <__bss_end+0x5255e774>
      70:	00072783          	lw	a5,0(a4) # 30000000 <__bss_end+0x2fff942c>
      74:	fed79ee3          	bne	a5,a3,70 <main+0x44>
		/* uninstrumented spin */
	}

	mode     = SH->mode;
      78:	00472903          	lw	s2,4(a4)
	iters    = SH->iters;
      7c:	00872a03          	lw	s4,8(a4)
	pace_div = SH->pace_div;
      80:	00c72d83          	lw	s11,12(a4)
	seed     = SH->seed + (unsigned)RV_CORE;   /* different order per core */
      84:	01472d03          	lw	s10,20(a4)
	cfi_off  = SH->cfi_off;
      88:	01872783          	lw	a5,24(a4)
	cap_every = SH->cap_every;
      8c:	01c72983          	lw	s3,28(a4)
	cfi_off  = SH->cfi_off;
      90:	00f12423          	sw	a5,8(sp)

	SH->result[RV_CORE].done       = 0u;
      94:	18072023          	sw	zero,384(a4)
	SH->result[RV_CORE].iters_done = 0u;
      98:	18072223          	sw	zero,388(a4)
	rv_local_sum    = 0u;
      9c:	000077b7          	lui	a5,0x7
      a0:	bc07a823          	sw	zero,-1072(a5) # 6bd0 <rv_local_sum>
	rv_private      = 0u;
      a4:	000077b7          	lui	a5,0x7
      a8:	bc07a623          	sw	zero,-1076(a5) # 6bcc <rv_private>
	rv_actcap_issued = 0u;
      ac:	000077b7          	lui	a5,0x7
      b0:	bc07a423          	sw	zero,-1080(a5) # 6bc8 <rv_actcap_issued>

	/* Start barrier: both cores are released by separate CONTROL bits and
	 * therefore at slightly different times. Without this they would not
	 * overlap at the start, and the first transactions -- the ones a short
	 * burst capture actually contains -- would never contend. */
	while (SH->go == 0u) {
      b4:	30000737          	lui	a4,0x30000
      b8:	01072783          	lw	a5,16(a4) # 30000010 <__bss_end+0x2fff943c>
      bc:	fe078ee3          	beqz	a5,b8 <main+0x8c>
      c0:	00007637          	lui	a2,0x7
	RV_CON[0] = (unsigned char)c;
}

static inline void rv_puts(const char *s)
{
	while (*s) rv_putc(*s++);
      c4:	06800593          	li	a1,104
      c8:	9c860613          	addi	a2,a2,-1592 # 69c8 <__modsi3+0x30>
	while (RV_CON[0] == 0u) {
      cc:	400007b7          	lui	a5,0x40000
	while (*s) rv_putc(*s++);
      d0:	00160613          	addi	a2,a2,1
	while (RV_CON[0] == 0u) {
      d4:	1007a703          	lw	a4,256(a5) # 40000100 <__bss_end+0x3fff952c>
      d8:	fe070ee3          	beqz	a4,d4 <main+0xa8>
	RV_CON[0] = (unsigned char)c;
      dc:	10b7a023          	sw	a1,256(a5)
	while (*s) rv_putc(*s++);
      e0:	00064583          	lbu	a1,0(a2)
      e4:	fe0596e3          	bnez	a1,d0 <main+0xa4>
	while (RV_CON[0] == 0u) {
      e8:	400007b7          	lui	a5,0x40000
      ec:	1007a703          	lw	a4,256(a5) # 40000100 <__bss_end+0x3fff952c>
      f0:	10078693          	addi	a3,a5,256
      f4:	fe070ce3          	beqz	a4,ec <main+0xc0>
	RV_CON[0] = (unsigned char)c;
      f8:	03000793          	li	a5,48
      fc:	00f6a023          	sw	a5,0(a3)
	while (RV_CON[0] == 0u) {
     100:	400007b7          	lui	a5,0x40000
     104:	1007a703          	lw	a4,256(a5) # 40000100 <__bss_end+0x3fff952c>
     108:	fe070ee3          	beqz	a4,104 <main+0xd8>
	RV_CON[0] = (unsigned char)c;
     10c:	00a00713          	li	a4,10
     110:	10e7a023          	sw	a4,256(a5)
}

/* Non-blocking: -1 if nothing is waiting. */
static inline int rv_getc(void)
{
	unsigned v = RV_CON[2];
     114:	1087a703          	lw	a4,264(a5)
	while (RV_CON[0] == 0u) {
     118:	400007b7          	lui	a5,0x40000
	return (v & 0x80000000u) ? (int)(v & 0xFFu) : -1;
     11c:	00075e63          	bgez	a4,138 <main+0x10c>
     120:	0ff77613          	andi	a2,a4,255
	while (RV_CON[0] == 0u) {
     124:	1007a703          	lw	a4,256(a5) # 40000100 <__bss_end+0x3fff952c>
     128:	fe070ee3          	beqz	a4,124 <main+0xf8>
	RV_CON[0] = (unsigned char)c;
     12c:	10c7a023          	sw	a2,256(a5)
	unsigned v = RV_CON[2];
     130:	1087a703          	lw	a4,264(a5)
	return (v & 0x80000000u) ? (int)(v & 0xFFu) : -1;
     134:	fe0746e3          	bltz	a4,120 <main+0xf4>
		while ((ch = rv_getc()) >= 0) {
			rv_putc((char)ch);
		}
	}

	for (i = 0; i < iters; i++) {
     138:	0e0a0863          	beqz	s4,228 <main+0x1fc>
		/* RV_MODE_CFI_SKIP: corrupt the dispatch index once, midway. The
		 * call goes through a function-pointer table, so this is a genuine
		 * forward-edge CFI violation: control arrives at a target the call
		 * site never legitimately reaches, and the checkpoint sequence says
		 * so even though no memory is corrupted and nothing crashes. */
		if (mode == RV_MODE_CFI_SKIP && i == (iters / 2u)) {
     13c:	001a5793          	srli	a5,s4,0x1
     140:	00f12223          	sw	a5,4(sp)
		rv_table[idx]();

		/* Software instrumentation with a runtime payload, spread across
		 * the run rather than clustered at the start. */
		if (cap_every != 0u && (i % cap_every) == 0u && (idx % 4u) == 0u) {
			rv_cap_table[(idx / 4u) % RV_N_CAP]();
     144:	000077b7          	lui	a5,0x7
     148:	00007b37          	lui	s6,0x7
	*s = (*s * 1664525u) + 1013904223u;
     14c:	3c6efab7          	lui	s5,0x3c6ef
			rv_cap_table[(idx / 4u) % RV_N_CAP]();
     150:	9d478793          	addi	a5,a5,-1580 # 69d4 <rv_cap_table>
		if (mode == RV_MODE_CFI_SKIP && i == (iters / 2u)) {
     154:	00000493          	li	s1,0
     158:	a38b0b13          	addi	s6,s6,-1480 # 6a38 <rv_table>
	*s = (*s * 1664525u) + 1013904223u;
     15c:	35fa8a93          	addi	s5,s5,863 # 3c6ef35f <__bss_end+0x3c6e878b>
		if (mode == RV_MODE_CFI_SKIP && i == (iters / 2u)) {
     160:	00400c13          	li	s8,4

		/* RV_MODE_LOCK_ORDER: take two locks in opposite order per core.
		 * No deadlock is provoked here -- the point is that the ORDER GRAPH
		 * is cyclic, which a runtime monitor can see in a run that happened
		 * to go well. That is the whole idea of runtime verification. */
		if (mode == RV_MODE_LOCK_ORDER) {
     164:	00300c93          	li	s9,3
			rv_cap_table[(idx / 4u) % RV_N_CAP]();
     168:	00f12623          	sw	a5,12(sp)
			rv_lock_order();
		}

		SH->result[RV_CORE].iters_done = i + 1u;
     16c:	30000bb7          	lui	s7,0x30000
	*s = (*s * 1664525u) + 1013904223u;
     170:	002d1713          	slli	a4,s10,0x2
     174:	01a707b3          	add	a5,a4,s10
     178:	00679713          	slli	a4,a5,0x6
     17c:	40f70733          	sub	a4,a4,a5
     180:	00271713          	slli	a4,a4,0x2
     184:	01a70733          	add	a4,a4,s10
     188:	00571793          	slli	a5,a4,0x5
     18c:	00f707b3          	add	a5,a4,a5
     190:	00379793          	slli	a5,a5,0x3
     194:	01a787b3          	add	a5,a5,s10
     198:	00279713          	slli	a4,a5,0x2
     19c:	00e787b3          	add	a5,a5,a4
     1a0:	01578d33          	add	s10,a5,s5
		idx = lcg(&seed) % RV_N_FUNCS;
     1a4:	06400593          	li	a1,100
     1a8:	000d0513          	mv	a0,s10
     1ac:	7b8060ef          	jal	ra,6964 <__umodsi3>
     1b0:	00050413          	mv	s0,a0
		if (mode == RV_MODE_CFI_SKIP && i == (iters / 2u)) {
     1b4:	0f890463          	beq	s2,s8,29c <main+0x270>
		rv_table[idx]();
     1b8:	00251793          	slli	a5,a0,0x2
     1bc:	00fb07b3          	add	a5,s6,a5
     1c0:	0007a783          	lw	a5,0(a5)
     1c4:	000780e7          	jalr	a5
		if (cap_every != 0u && (i % cap_every) == 0u && (idx % 4u) == 0u) {
     1c8:	02098863          	beqz	s3,1f8 <main+0x1cc>
     1cc:	00098593          	mv	a1,s3
     1d0:	00048513          	mv	a0,s1
     1d4:	790060ef          	jal	ra,6964 <__umodsi3>
     1d8:	00347793          	andi	a5,s0,3
     1dc:	00f567b3          	or	a5,a0,a5
     1e0:	00079c63          	bnez	a5,1f8 <main+0x1cc>
			rv_cap_table[(idx / 4u) % RV_N_CAP]();
     1e4:	00c12703          	lw	a4,12(sp)
     1e8:	ffc47793          	andi	a5,s0,-4
     1ec:	00f707b3          	add	a5,a4,a5
     1f0:	0007a783          	lw	a5,0(a5)
     1f4:	000780e7          	jalr	a5
		if (mode == RV_MODE_LOCK_ORDER) {
     1f8:	0d990c63          	beq	s2,s9,2d0 <main+0x2a4>
		SH->result[RV_CORE].iters_done = i + 1u;
     1fc:	00148493          	addi	s1,s1,1
     200:	189ba223          	sw	s1,388(s7) # 30000184 <__bss_end+0x2fff95b0>
	for (i = 0; i < n; i++) {
     204:	00012e23          	sw	zero,28(sp)
     208:	01c12783          	lw	a5,28(sp)
     20c:	01b7fc63          	bgeu	a5,s11,224 <main+0x1f8>
     210:	01c12783          	lw	a5,28(sp)
     214:	00178793          	addi	a5,a5,1
     218:	00f12e23          	sw	a5,28(sp)
     21c:	01c12783          	lw	a5,28(sp)
     220:	ffb7e8e3          	bltu	a5,s11,210 <main+0x1e4>
	for (i = 0; i < iters; i++) {
     224:	f54496e3          	bne	s1,s4,170 <main+0x144>
		pace(pace_div);
	}

	SH->result[RV_CORE].local_sum     = rv_local_sum;
     228:	000077b7          	lui	a5,0x7
     22c:	bd07a703          	lw	a4,-1072(a5) # 6bd0 <rv_local_sum>
     230:	300007b7          	lui	a5,0x30000
	SH->result[RV_CORE].acct_snapshot = SH->balance;
	SH->result[RV_CORE].actcap_issued = rv_actcap_issued;
	SH->result[RV_CORE].done          = RV_DONE_MAGIC;

	return 0;   /* crt0 parks in a halt loop: a stable PC the bench detects */
}
     234:	05c12083          	lw	ra,92(sp)
	SH->result[RV_CORE].local_sum     = rv_local_sum;
     238:	18e7a423          	sw	a4,392(a5) # 30000188 <__bss_end+0x2fff95b4>
	SH->result[RV_CORE].local_count   = iters;
     23c:	1947a623          	sw	s4,396(a5)
	SH->result[RV_CORE].acct_snapshot = SH->balance;
     240:	0607a703          	lw	a4,96(a5)
}
     244:	05812403          	lw	s0,88(sp)
     248:	05412483          	lw	s1,84(sp)
	SH->result[RV_CORE].acct_snapshot = SH->balance;
     24c:	18e7a823          	sw	a4,400(a5)
	SH->result[RV_CORE].actcap_issued = rv_actcap_issued;
     250:	00007737          	lui	a4,0x7
     254:	bc872703          	lw	a4,-1080(a4) # 6bc8 <rv_actcap_issued>
}
     258:	05012903          	lw	s2,80(sp)
     25c:	04c12983          	lw	s3,76(sp)
	SH->result[RV_CORE].actcap_issued = rv_actcap_issued;
     260:	18e7aa23          	sw	a4,404(a5)
	SH->result[RV_CORE].done          = RV_DONE_MAGIC;
     264:	0e0de737          	lui	a4,0xe0de
     268:	a7a70713          	addi	a4,a4,-1414 # e0dda7a <__bss_end+0xe0d6ea6>
     26c:	18e7a023          	sw	a4,384(a5)
}
     270:	04812a03          	lw	s4,72(sp)
     274:	04412a83          	lw	s5,68(sp)
     278:	04012b03          	lw	s6,64(sp)
     27c:	03c12b83          	lw	s7,60(sp)
     280:	03812c03          	lw	s8,56(sp)
     284:	03412c83          	lw	s9,52(sp)
     288:	03012d03          	lw	s10,48(sp)
     28c:	02c12d83          	lw	s11,44(sp)
     290:	00000513          	li	a0,0
     294:	06010113          	addi	sp,sp,96
     298:	00008067          	ret
		if (mode == RV_MODE_CFI_SKIP && i == (iters / 2u)) {
     29c:	00412783          	lw	a5,4(sp)
     2a0:	00979c63          	bne	a5,s1,2b8 <main+0x28c>
			idx = (idx + cfi_off) % RV_N_FUNCS;
     2a4:	00812783          	lw	a5,8(sp)
     2a8:	06400593          	li	a1,100
     2ac:	00a78533          	add	a0,a5,a0
     2b0:	6b4060ef          	jal	ra,6964 <__umodsi3>
     2b4:	00050413          	mv	s0,a0
		rv_table[idx]();
     2b8:	00241793          	slli	a5,s0,0x2
     2bc:	00fb07b3          	add	a5,s6,a5
     2c0:	0007a783          	lw	a5,0(a5)
     2c4:	000780e7          	jalr	a5
		if (cap_every != 0u && (i % cap_every) == 0u && (idx % 4u) == 0u) {
     2c8:	f00992e3          	bnez	s3,1cc <main+0x1a0>
     2cc:	f31ff06f          	j	1fc <main+0x1d0>
			rv_lock_order();
     2d0:	588060ef          	jal	ra,6858 <rv_lock_order>
     2d4:	f29ff06f          	j	1fc <main+0x1d0>

000002d8 <rv_t000>:
unsigned rv_local_sum;
unsigned rv_private;
unsigned rv_actcap_issued;

void rv_t000(void)
{
     2d8:	fe010113          	addi	sp,sp,-32
     2dc:	00112e23          	sw	ra,28(sp)
     2e0:	00812c23          	sw	s0,24(sp)
     2e4:	00912a23          	sw	s1,20(sp)
     2e8:	01212823          	sw	s2,16(sp)
     2ec:	01312623          	sw	s3,12(sp)
     2f0:	01412423          	sw	s4,8(sp)

000002f4 <rvs_0>:
	unsigned h, t, p;

	RV_MARK(0);
     2f4:	00000013          	nop
	RV_LD(h, &SH->ring_head, 1);
     2f8:	30000437          	lui	s0,0x30000
     2fc:	08040a13          	addi	s4,s0,128 # 30000080 <__bss_end+0x2fff94ac>

00000300 <rvs_1>:
     300:	000a2983          	lw	s3,0(s4)
	RV_LD(t, &SH->ring_tail, 2);
     304:	08440913          	addi	s2,s0,132

00000308 <rvs_2>:
     308:	00092903          	lw	s2,0(s2)

0000030c <rvs_7>:
	RV_MARK(7);
     30c:	00000013          	nop
	if (((h + 1u) % RV_RING_SLOTS) != t) {
     310:	03c00593          	li	a1,60
     314:	00198513          	addi	a0,s3,1
     318:	64c060ef          	jal	ra,6964 <__umodsi3>
     31c:	07250663          	beq	a0,s2,388 <rvs_9+0x24>
		RV_ST(&SH->ring[h % RV_RING_SLOTS], h + 0u, 3);
     320:	00050493          	mv	s1,a0
     324:	03c00593          	li	a1,60
     328:	00098513          	mv	a0,s3
     32c:	638060ef          	jal	ra,6964 <__umodsi3>
     330:	00251513          	slli	a0,a0,0x2
     334:	09040413          	addi	s0,s0,144
     338:	00850433          	add	s0,a0,s0

0000033c <rvs_3>:
     33c:	01342023          	sw	s3,0(s0)

00000340 <rvs_4>:
		RV_ST(&SH->ring_head, (h + 1u) % RV_RING_SLOTS, 4);
     340:	009a2023          	sw	s1,0(s4)
	} else {
		SH->ring_drops++;
	}
	RV_LD(p, &rv_private, 5);
     344:	000077b7          	lui	a5,0x7
     348:	bcc78793          	addi	a5,a5,-1076 # 6bcc <rv_private>

0000034c <rvs_5>:
     34c:	0007a703          	lw	a4,0(a5)
	RV_ST(&rv_private, p + 1u, 6);
     350:	00170693          	addi	a3,a4,1

00000354 <rvs_6>:
     354:	00d7a023          	sw	a3,0(a5)
	RV_ST(&SH->seq, p, 8);
     358:	300007b7          	lui	a5,0x30000
     35c:	06c78793          	addi	a5,a5,108 # 3000006c <__bss_end+0x2fff9498>

00000360 <rvs_8>:
     360:	00e7a023          	sw	a4,0(a5)

00000364 <rvs_9>:
	RV_MARK(9);
     364:	00000013          	nop
}
     368:	01c12083          	lw	ra,28(sp)
     36c:	01812403          	lw	s0,24(sp)
     370:	01412483          	lw	s1,20(sp)
     374:	01012903          	lw	s2,16(sp)
     378:	00c12983          	lw	s3,12(sp)
     37c:	00812a03          	lw	s4,8(sp)
     380:	02010113          	addi	sp,sp,32
     384:	00008067          	ret
		SH->ring_drops++;
     388:	08842783          	lw	a5,136(s0)
     38c:	00178793          	addi	a5,a5,1
     390:	08f42423          	sw	a5,136(s0)
     394:	fb1ff06f          	j	344 <rvs_4+0x4>

00000398 <rv_t000_cap>:
void rv_t000_cap(void)
{
	unsigned w;
	/* The tag is COMPUTED here -- an ACT-ST trigger could only ever carry
	 * the constant its table entry was loaded with. */
	w = RV_ACT_WORD(RV_ACT_CMD_DAQ_PC_CURR, RV_ACT_SINK_AXIS,
     398:	30000537          	lui	a0,0x30000
     39c:	08052703          	lw	a4,128(a0) # 30000080 <__bss_end+0x2fff94ac>
     3a0:	200007b7          	lui	a5,0x20000
     3a4:	f0078613          	addi	a2,a5,-256 # 1fffff00 <__bss_end+0x1fff932c>
     3a8:	00871713          	slli	a4,a4,0x8
     3ac:	e00006b7          	lui	a3,0xe0000
     3b0:	00c77733          	and	a4,a4,a2
     3b4:	04168693          	addi	a3,a3,65 # e0000041 <__bss_end+0xdfff946d>
	                RV_TAG_VALUE(SH->ring_head & RV_VALUE_MASK));
	RV_ACTCAP_AT(10, w);
     3b8:	400005b7          	lui	a1,0x40000
	w = RV_ACT_WORD(RV_ACT_CMD_DAQ_PC_CURR, RV_ACT_SINK_AXIS,
     3bc:	00d76733          	or	a4,a4,a3

000003c0 <rvs_10>:
	RV_ACTCAP_AT(10, w);
     3c0:	00e5a023          	sw	a4,0(a1) # 40000000 <__bss_end+0x3fff942c>
     3c4:	00000013          	nop
     3c8:	00000013          	nop
     3cc:	00000013          	nop
     3d0:	00000013          	nop
     3d4:	00000013          	nop
     3d8:	00000013          	nop
	w = RV_ACT_WORD(RV_ACT_CMD_DAQ_PC_CURR, RV_ACT_SINK_AXIS,
     3dc:	06052783          	lw	a5,96(a0)
     3e0:	00879793          	slli	a5,a5,0x8
     3e4:	00c7f7b3          	and	a5,a5,a2
     3e8:	00d7e7b3          	or	a5,a5,a3

000003ec <rvs_11>:
	                RV_TAG_VALUE(SH->balance & RV_VALUE_MASK));
	RV_ACTCAP_AT(11, w);
     3ec:	00f5a023          	sw	a5,0(a1)
     3f0:	00000013          	nop
     3f4:	00000013          	nop
     3f8:	00000013          	nop
     3fc:	00000013          	nop
     400:	00000013          	nop
     404:	00000013          	nop
	rv_actcap_issued += 2u;
     408:	00007737          	lui	a4,0x7
     40c:	bc872783          	lw	a5,-1080(a4) # 6bc8 <rv_actcap_issued>
     410:	00278793          	addi	a5,a5,2
     414:	bcf72423          	sw	a5,-1080(a4)
}
     418:	00008067          	ret

0000041c <rv_t001>:

void rv_t001(void)
{
     41c:	fe010113          	addi	sp,sp,-32
     420:	00112e23          	sw	ra,28(sp)
     424:	00812c23          	sw	s0,24(sp)
     428:	00912a23          	sw	s1,20(sp)
     42c:	01212823          	sw	s2,16(sp)
     430:	01312623          	sw	s3,12(sp)
     434:	01412423          	sw	s4,8(sp)
     438:	01512223          	sw	s5,4(sp)

0000043c <rvs_12>:
	unsigned h, t, p;

	RV_MARK(12);
     43c:	00000013          	nop
	RV_LD(h, &SH->ring_head, 13);
     440:	30000437          	lui	s0,0x30000
     444:	08040993          	addi	s3,s0,128 # 30000080 <__bss_end+0x2fff94ac>

00000448 <rvs_13>:
     448:	0009aa83          	lw	s5,0(s3)
	RV_LD(t, &SH->ring_tail, 14);
     44c:	08440913          	addi	s2,s0,132

00000450 <rvs_14>:
     450:	00092903          	lw	s2,0(s2)

00000454 <rvs_19>:
	RV_MARK(19);
     454:	00000013          	nop
	if (((h + 1u) % RV_RING_SLOTS) != t) {
     458:	001a8a13          	addi	s4,s5,1
     45c:	03c00593          	li	a1,60
     460:	000a0513          	mv	a0,s4
     464:	500060ef          	jal	ra,6964 <__umodsi3>
     468:	07250863          	beq	a0,s2,4d8 <rvs_21+0x28>
		RV_ST(&SH->ring[h % RV_RING_SLOTS], h + 1u, 15);
     46c:	00050493          	mv	s1,a0
     470:	03c00593          	li	a1,60
     474:	000a8513          	mv	a0,s5
     478:	4ec060ef          	jal	ra,6964 <__umodsi3>
     47c:	00251513          	slli	a0,a0,0x2
     480:	09040413          	addi	s0,s0,144
     484:	00850433          	add	s0,a0,s0

00000488 <rvs_15>:
     488:	01442023          	sw	s4,0(s0)

0000048c <rvs_16>:
		RV_ST(&SH->ring_head, (h + 1u) % RV_RING_SLOTS, 16);
     48c:	0099a023          	sw	s1,0(s3)
	} else {
		SH->ring_drops++;
	}
	RV_LD(p, &rv_private, 17);
     490:	000077b7          	lui	a5,0x7
     494:	bcc78793          	addi	a5,a5,-1076 # 6bcc <rv_private>

00000498 <rvs_17>:
     498:	0007a703          	lw	a4,0(a5)
	RV_ST(&rv_private, p + 1u, 18);
     49c:	00170693          	addi	a3,a4,1

000004a0 <rvs_18>:
     4a0:	00d7a023          	sw	a3,0(a5)
	RV_ST(&SH->seq, p, 20);
     4a4:	300007b7          	lui	a5,0x30000
     4a8:	06c78793          	addi	a5,a5,108 # 3000006c <__bss_end+0x2fff9498>

000004ac <rvs_20>:
     4ac:	00e7a023          	sw	a4,0(a5)

000004b0 <rvs_21>:
	RV_MARK(21);
     4b0:	00000013          	nop
}
     4b4:	01c12083          	lw	ra,28(sp)
     4b8:	01812403          	lw	s0,24(sp)
     4bc:	01412483          	lw	s1,20(sp)
     4c0:	01012903          	lw	s2,16(sp)
     4c4:	00c12983          	lw	s3,12(sp)
     4c8:	00812a03          	lw	s4,8(sp)
     4cc:	00412a83          	lw	s5,4(sp)
     4d0:	02010113          	addi	sp,sp,32
     4d4:	00008067          	ret
		SH->ring_drops++;
     4d8:	08842783          	lw	a5,136(s0)
     4dc:	00178793          	addi	a5,a5,1
     4e0:	08f42423          	sw	a5,136(s0)
     4e4:	fadff06f          	j	490 <rvs_16+0x4>

000004e8 <rv_t002>:

void rv_t002(void)
{
     4e8:	fe010113          	addi	sp,sp,-32
     4ec:	00112e23          	sw	ra,28(sp)
     4f0:	00812c23          	sw	s0,24(sp)
     4f4:	00912a23          	sw	s1,20(sp)
     4f8:	01212823          	sw	s2,16(sp)
     4fc:	01312623          	sw	s3,12(sp)
     500:	01412423          	sw	s4,8(sp)

00000504 <rvs_22>:
	unsigned h, t, p;

	RV_MARK(22);
     504:	00000013          	nop
	RV_LD(h, &SH->ring_head, 23);
     508:	30000437          	lui	s0,0x30000
     50c:	08040a13          	addi	s4,s0,128 # 30000080 <__bss_end+0x2fff94ac>

00000510 <rvs_23>:
     510:	000a2903          	lw	s2,0(s4)
	RV_LD(t, &SH->ring_tail, 24);
     514:	08440993          	addi	s3,s0,132

00000518 <rvs_24>:
     518:	0009a983          	lw	s3,0(s3)

0000051c <rvs_29>:
	RV_MARK(29);
     51c:	00000013          	nop
	if (((h + 1u) % RV_RING_SLOTS) != t) {
     520:	03c00593          	li	a1,60
     524:	00190513          	addi	a0,s2,1
     528:	43c060ef          	jal	ra,6964 <__umodsi3>
     52c:	07350863          	beq	a0,s3,59c <rvs_31+0x24>
		RV_ST(&SH->ring[h % RV_RING_SLOTS], h + 2u, 25);
     530:	00050493          	mv	s1,a0
     534:	03c00593          	li	a1,60
     538:	00090513          	mv	a0,s2
     53c:	428060ef          	jal	ra,6964 <__umodsi3>
     540:	00251513          	slli	a0,a0,0x2
     544:	09040413          	addi	s0,s0,144
     548:	00850433          	add	s0,a0,s0
     54c:	00290913          	addi	s2,s2,2

00000550 <rvs_25>:
     550:	01242023          	sw	s2,0(s0)

00000554 <rvs_26>:
		RV_ST(&SH->ring_head, (h + 1u) % RV_RING_SLOTS, 26);
     554:	009a2023          	sw	s1,0(s4)
	} else {
		SH->ring_drops++;
	}
	RV_LD(p, &rv_private, 27);
     558:	000077b7          	lui	a5,0x7
     55c:	bcc78793          	addi	a5,a5,-1076 # 6bcc <rv_private>

00000560 <rvs_27>:
     560:	0007a703          	lw	a4,0(a5)
	RV_ST(&rv_private, p + 1u, 28);
     564:	00170693          	addi	a3,a4,1

00000568 <rvs_28>:
     568:	00d7a023          	sw	a3,0(a5)
	RV_ST(&SH->seq, p, 30);
     56c:	300007b7          	lui	a5,0x30000
     570:	06c78793          	addi	a5,a5,108 # 3000006c <__bss_end+0x2fff9498>

00000574 <rvs_30>:
     574:	00e7a023          	sw	a4,0(a5)

00000578 <rvs_31>:
	RV_MARK(31);
     578:	00000013          	nop
}
     57c:	01c12083          	lw	ra,28(sp)
     580:	01812403          	lw	s0,24(sp)
     584:	01412483          	lw	s1,20(sp)
     588:	01012903          	lw	s2,16(sp)
     58c:	00c12983          	lw	s3,12(sp)
     590:	00812a03          	lw	s4,8(sp)
     594:	02010113          	addi	sp,sp,32
     598:	00008067          	ret
		SH->ring_drops++;
     59c:	08842783          	lw	a5,136(s0)
     5a0:	00178793          	addi	a5,a5,1
     5a4:	08f42423          	sw	a5,136(s0)
     5a8:	fb1ff06f          	j	558 <rvs_26+0x4>

000005ac <rv_t003>:

void rv_t003(void)
{
	unsigned v, c, lk;
	unsigned use_lock = (SH->mode != RV_MODE_RACE_OPEN);
     5ac:	30000737          	lui	a4,0x30000
     5b0:	00472603          	lw	a2,4(a4) # 30000004 <__bss_end+0x2fff9430>
	/* RV_MODE_RACE_WRONG_LOCK: each core takes a DIFFERENT lock, so both
	 * believe they are protected and neither excludes the other. */
	lk = (SH->mode == RV_MODE_RACE_WRONG_LOCK) ? 0u : 0u;
     5b4:	00472783          	lw	a5,4(a4)

000005b8 <rvs_32>:

	RV_MARK(32);
     5b8:	00000013          	nop
	if (use_lock) {
     5bc:	00100693          	li	a3,1
     5c0:	04d60a63          	beq	a2,a3,614 <rvs_34+0x2c>
		RV_ACQUIRE(lk, 0u, 1u, 33, 34);
     5c4:	02070793          	addi	a5,a4,32

000005c8 <rvs_33>:
     5c8:	00d7a023          	sw	a3,0(a5)
     5cc:	300007b7          	lui	a5,0x30000
     5d0:	02d72423          	sw	a3,40(a4)
     5d4:	00c0006f          	j	5e0 <rvs_33+0x18>
     5d8:	0287a703          	lw	a4,40(a5) # 30000028 <__bss_end+0x2fff9454>
     5dc:	00d71663          	bne	a4,a3,5e8 <rvs_34>
     5e0:	0247a703          	lw	a4,36(a5)
     5e4:	fe071ae3          	bnez	a4,5d8 <rvs_33+0x10>

000005e8 <rvs_34>:
     5e8:	00000013          	nop
     5ec:	a80027b7          	lui	a5,0xa8002
     5f0:	40000737          	lui	a4,0x40000
     5f4:	24178793          	addi	a5,a5,577 # a8002241 <__bss_end+0xa7ffb66d>
     5f8:	00f72023          	sw	a5,0(a4) # 40000000 <__bss_end+0x3fff942c>
     5fc:	00000013          	nop
     600:	00000013          	nop
     604:	00000013          	nop
     608:	00000013          	nop
     60c:	00000013          	nop
     610:	00000013          	nop
	}
	RV_LD(v, &SH->balance, 35);
     614:	30000737          	lui	a4,0x30000
     618:	06070693          	addi	a3,a4,96 # 30000060 <__bss_end+0x2fff948c>

0000061c <rvs_35>:
     61c:	0006a783          	lw	a5,0(a3)
	v += 4u;
     620:	00478793          	addi	a5,a5,4

00000624 <rvs_36>:
	RV_ST(&SH->balance, v, 36);
     624:	00f6a023          	sw	a5,0(a3)
	RV_LD(c, &SH->count, 37);
     628:	06470593          	addi	a1,a4,100

0000062c <rvs_37>:
     62c:	0005a683          	lw	a3,0(a1)
	RV_ST(&SH->count, c + 1u, 38);
     630:	00168513          	addi	a0,a3,1

00000634 <rvs_38>:
     634:	00a5a023          	sw	a0,0(a1)
	RV_ST(&SH->checksum, (c ^ v) + 3u, 39);
     638:	00d7c7b3          	xor	a5,a5,a3
     63c:	00378793          	addi	a5,a5,3
     640:	06870693          	addi	a3,a4,104

00000644 <rvs_39>:
     644:	00f6a023          	sw	a5,0(a3)
	if (use_lock) {
     648:	00100793          	li	a5,1
     64c:	02f60c63          	beq	a2,a5,684 <rvs_41>
		RV_RELEASE(lk, 0u, 40);
     650:	02070713          	addi	a4,a4,32
     654:	00000793          	li	a5,0

00000658 <rvs_40>:
     658:	00f72023          	sw	a5,0(a4)
     65c:	b00037b7          	lui	a5,0xb0003
     660:	40000737          	lui	a4,0x40000
     664:	84178793          	addi	a5,a5,-1983 # b0002841 <__bss_end+0xafffbc6d>
     668:	00f72023          	sw	a5,0(a4) # 40000000 <__bss_end+0x3fff942c>
     66c:	00000013          	nop
     670:	00000013          	nop
     674:	00000013          	nop
     678:	00000013          	nop
     67c:	00000013          	nop
     680:	00000013          	nop

00000684 <rvs_41>:
	}
	RV_MARK(41);
     684:	00000013          	nop
	rv_local_sum += 4u;
     688:	00007737          	lui	a4,0x7
     68c:	bd072783          	lw	a5,-1072(a4) # 6bd0 <rv_local_sum>
     690:	00478793          	addi	a5,a5,4
     694:	bcf72823          	sw	a5,-1072(a4)
}
     698:	00008067          	ret

0000069c <rv_t004>:

void rv_t004(void)
{
	unsigned v, c, lk;
	unsigned use_lock = (SH->mode != RV_MODE_RACE_OPEN);
     69c:	30000737          	lui	a4,0x30000
     6a0:	00472603          	lw	a2,4(a4) # 30000004 <__bss_end+0x2fff9430>
	/* RV_MODE_RACE_WRONG_LOCK: each core takes a DIFFERENT lock, so both
	 * believe they are protected and neither excludes the other. */
	lk = (SH->mode == RV_MODE_RACE_WRONG_LOCK) ? 0u : 0u;
     6a4:	00472783          	lw	a5,4(a4)

000006a8 <rvs_42>:

	RV_MARK(42);
     6a8:	00000013          	nop
	if (use_lock) {
     6ac:	00100693          	li	a3,1
     6b0:	04d60a63          	beq	a2,a3,704 <rvs_44+0x2c>
		RV_ACQUIRE(lk, 0u, 1u, 43, 44);
     6b4:	02070793          	addi	a5,a4,32

000006b8 <rvs_43>:
     6b8:	00d7a023          	sw	a3,0(a5)
     6bc:	300007b7          	lui	a5,0x30000
     6c0:	02d72423          	sw	a3,40(a4)
     6c4:	00c0006f          	j	6d0 <rvs_43+0x18>
     6c8:	0287a703          	lw	a4,40(a5) # 30000028 <__bss_end+0x2fff9454>
     6cc:	00d71663          	bne	a4,a3,6d8 <rvs_44>
     6d0:	0247a703          	lw	a4,36(a5)
     6d4:	fe071ae3          	bnez	a4,6c8 <rvs_43+0x10>

000006d8 <rvs_44>:
     6d8:	00000013          	nop
     6dc:	a80037b7          	lui	a5,0xa8003
     6e0:	40000737          	lui	a4,0x40000
     6e4:	c4178793          	addi	a5,a5,-959 # a8002c41 <__bss_end+0xa7ffc06d>
     6e8:	00f72023          	sw	a5,0(a4) # 40000000 <__bss_end+0x3fff942c>
     6ec:	00000013          	nop
     6f0:	00000013          	nop
     6f4:	00000013          	nop
     6f8:	00000013          	nop
     6fc:	00000013          	nop
     700:	00000013          	nop
	}
	RV_LD(v, &SH->balance, 45);
     704:	30000737          	lui	a4,0x30000
     708:	06070693          	addi	a3,a4,96 # 30000060 <__bss_end+0x2fff948c>

0000070c <rvs_45>:
     70c:	0006a783          	lw	a5,0(a3)
	v += 5u;
     710:	00578793          	addi	a5,a5,5

00000714 <rvs_46>:
	RV_ST(&SH->balance, v, 46);
     714:	00f6a023          	sw	a5,0(a3)
	RV_LD(c, &SH->count, 47);
     718:	06470593          	addi	a1,a4,100

0000071c <rvs_47>:
     71c:	0005a683          	lw	a3,0(a1)
	RV_ST(&SH->count, c + 1u, 48);
     720:	00168513          	addi	a0,a3,1

00000724 <rvs_48>:
     724:	00a5a023          	sw	a0,0(a1)
	RV_ST(&SH->checksum, (c ^ v) + 4u, 49);
     728:	00d7c7b3          	xor	a5,a5,a3
     72c:	00478793          	addi	a5,a5,4
     730:	06870693          	addi	a3,a4,104

00000734 <rvs_49>:
     734:	00f6a023          	sw	a5,0(a3)
	if (use_lock) {
     738:	00100793          	li	a5,1
     73c:	02f60c63          	beq	a2,a5,774 <rvs_51>
		RV_RELEASE(lk, 0u, 50);
     740:	02070713          	addi	a4,a4,32
     744:	00000793          	li	a5,0

00000748 <rvs_50>:
     748:	00f72023          	sw	a5,0(a4)
     74c:	b00037b7          	lui	a5,0xb0003
     750:	40000737          	lui	a4,0x40000
     754:	24178793          	addi	a5,a5,577 # b0003241 <__bss_end+0xafffc66d>
     758:	00f72023          	sw	a5,0(a4) # 40000000 <__bss_end+0x3fff942c>
     75c:	00000013          	nop
     760:	00000013          	nop
     764:	00000013          	nop
     768:	00000013          	nop
     76c:	00000013          	nop
     770:	00000013          	nop

00000774 <rvs_51>:
	}
	RV_MARK(51);
     774:	00000013          	nop
	rv_local_sum += 5u;
     778:	00007737          	lui	a4,0x7
     77c:	bd072783          	lw	a5,-1072(a4) # 6bd0 <rv_local_sum>
     780:	00578793          	addi	a5,a5,5
     784:	bcf72823          	sw	a5,-1072(a4)
}
     788:	00008067          	ret

0000078c <rv_t004_cap>:
void rv_t004_cap(void)
{
	unsigned w;
	/* The tag is COMPUTED here -- an ACT-ST trigger could only ever carry
	 * the constant its table entry was loaded with. */
	w = RV_ACT_WORD(RV_ACT_CMD_DAQ_PC_CURR, RV_ACT_SINK_AXIS,
     78c:	30000537          	lui	a0,0x30000
     790:	08052703          	lw	a4,128(a0) # 30000080 <__bss_end+0x2fff94ac>
     794:	200007b7          	lui	a5,0x20000
     798:	f0078613          	addi	a2,a5,-256 # 1fffff00 <__bss_end+0x1fff932c>
     79c:	00871713          	slli	a4,a4,0x8
     7a0:	e00006b7          	lui	a3,0xe0000
     7a4:	00c77733          	and	a4,a4,a2
     7a8:	04168693          	addi	a3,a3,65 # e0000041 <__bss_end+0xdfff946d>
	                RV_TAG_VALUE(SH->ring_head & RV_VALUE_MASK));
	RV_ACTCAP_AT(52, w);
     7ac:	400005b7          	lui	a1,0x40000
	w = RV_ACT_WORD(RV_ACT_CMD_DAQ_PC_CURR, RV_ACT_SINK_AXIS,
     7b0:	00d76733          	or	a4,a4,a3

000007b4 <rvs_52>:
	RV_ACTCAP_AT(52, w);
     7b4:	00e5a023          	sw	a4,0(a1) # 40000000 <__bss_end+0x3fff942c>
     7b8:	00000013          	nop
     7bc:	00000013          	nop
     7c0:	00000013          	nop
     7c4:	00000013          	nop
     7c8:	00000013          	nop
     7cc:	00000013          	nop
	w = RV_ACT_WORD(RV_ACT_CMD_DAQ_PC_CURR, RV_ACT_SINK_AXIS,
     7d0:	06052783          	lw	a5,96(a0)
     7d4:	00879793          	slli	a5,a5,0x8
     7d8:	00c7f7b3          	and	a5,a5,a2
     7dc:	00d7e7b3          	or	a5,a5,a3

000007e0 <rvs_53>:
	                RV_TAG_VALUE(SH->balance & RV_VALUE_MASK));
	RV_ACTCAP_AT(53, w);
     7e0:	00f5a023          	sw	a5,0(a1)
     7e4:	00000013          	nop
     7e8:	00000013          	nop
     7ec:	00000013          	nop
     7f0:	00000013          	nop
     7f4:	00000013          	nop
     7f8:	00000013          	nop
	rv_actcap_issued += 2u;
     7fc:	00007737          	lui	a4,0x7
     800:	bc872783          	lw	a5,-1080(a4) # 6bc8 <rv_actcap_issued>
     804:	00278793          	addi	a5,a5,2
     808:	bcf72423          	sw	a5,-1080(a4)
}
     80c:	00008067          	ret

00000810 <rv_t005>:

void rv_t005(void)
{
	unsigned v, c, lk;
	unsigned use_lock = (SH->mode != RV_MODE_RACE_OPEN);
     810:	30000737          	lui	a4,0x30000
     814:	00472603          	lw	a2,4(a4) # 30000004 <__bss_end+0x2fff9430>
	/* RV_MODE_RACE_WRONG_LOCK: each core takes a DIFFERENT lock, so both
	 * believe they are protected and neither excludes the other. */
	lk = (SH->mode == RV_MODE_RACE_WRONG_LOCK) ? 0u : 0u;
     818:	00472783          	lw	a5,4(a4)

0000081c <rvs_54>:

	RV_MARK(54);
     81c:	00000013          	nop
	if (use_lock) {
     820:	00100693          	li	a3,1
     824:	04d60a63          	beq	a2,a3,878 <rvs_56+0x2c>
		RV_ACQUIRE(lk, 0u, 1u, 55, 56);
     828:	02070793          	addi	a5,a4,32

0000082c <rvs_55>:
     82c:	00d7a023          	sw	a3,0(a5)
     830:	300007b7          	lui	a5,0x30000
     834:	02d72423          	sw	a3,40(a4)
     838:	00c0006f          	j	844 <rvs_55+0x18>
     83c:	0287a703          	lw	a4,40(a5) # 30000028 <__bss_end+0x2fff9454>
     840:	00d71663          	bne	a4,a3,84c <rvs_56>
     844:	0247a703          	lw	a4,36(a5)
     848:	fe071ae3          	bnez	a4,83c <rvs_55+0x10>

0000084c <rvs_56>:
     84c:	00000013          	nop
     850:	a80047b7          	lui	a5,0xa8004
     854:	40000737          	lui	a4,0x40000
     858:	84178793          	addi	a5,a5,-1983 # a8003841 <__bss_end+0xa7ffcc6d>
     85c:	00f72023          	sw	a5,0(a4) # 40000000 <__bss_end+0x3fff942c>
     860:	00000013          	nop
     864:	00000013          	nop
     868:	00000013          	nop
     86c:	00000013          	nop
     870:	00000013          	nop
     874:	00000013          	nop
	}
	RV_LD(v, &SH->balance, 57);
     878:	30000737          	lui	a4,0x30000
     87c:	06070693          	addi	a3,a4,96 # 30000060 <__bss_end+0x2fff948c>

00000880 <rvs_57>:
     880:	0006a783          	lw	a5,0(a3)
	v += 6u;
     884:	00678793          	addi	a5,a5,6

00000888 <rvs_58>:
	RV_ST(&SH->balance, v, 58);
     888:	00f6a023          	sw	a5,0(a3)
	RV_LD(c, &SH->count, 59);
     88c:	06470593          	addi	a1,a4,100

00000890 <rvs_59>:
     890:	0005a683          	lw	a3,0(a1)
	RV_ST(&SH->count, c + 1u, 60);
     894:	00168513          	addi	a0,a3,1

00000898 <rvs_60>:
     898:	00a5a023          	sw	a0,0(a1)
	RV_ST(&SH->checksum, (c ^ v) + 5u, 61);
     89c:	00d7c7b3          	xor	a5,a5,a3
     8a0:	00578793          	addi	a5,a5,5
     8a4:	06870693          	addi	a3,a4,104

000008a8 <rvs_61>:
     8a8:	00f6a023          	sw	a5,0(a3)
	if (use_lock) {
     8ac:	00100793          	li	a5,1
     8b0:	02f60c63          	beq	a2,a5,8e8 <rvs_63>
		RV_RELEASE(lk, 0u, 62);
     8b4:	02070713          	addi	a4,a4,32
     8b8:	00000793          	li	a5,0

000008bc <rvs_62>:
     8bc:	00f72023          	sw	a5,0(a4)
     8c0:	b00047b7          	lui	a5,0xb0004
     8c4:	40000737          	lui	a4,0x40000
     8c8:	e4178793          	addi	a5,a5,-447 # b0003e41 <__bss_end+0xafffd26d>
     8cc:	00f72023          	sw	a5,0(a4) # 40000000 <__bss_end+0x3fff942c>
     8d0:	00000013          	nop
     8d4:	00000013          	nop
     8d8:	00000013          	nop
     8dc:	00000013          	nop
     8e0:	00000013          	nop
     8e4:	00000013          	nop

000008e8 <rvs_63>:
	}
	RV_MARK(63);
     8e8:	00000013          	nop
	rv_local_sum += 6u;
     8ec:	00007737          	lui	a4,0x7
     8f0:	bd072783          	lw	a5,-1072(a4) # 6bd0 <rv_local_sum>
     8f4:	00678793          	addi	a5,a5,6
     8f8:	bcf72823          	sw	a5,-1072(a4)
}
     8fc:	00008067          	ret

00000900 <rv_t006>:

void rv_t006(void)
{
	unsigned v, c, lk;
	unsigned use_lock = (SH->mode != RV_MODE_RACE_OPEN);
     900:	30000737          	lui	a4,0x30000
     904:	00472603          	lw	a2,4(a4) # 30000004 <__bss_end+0x2fff9430>
	/* RV_MODE_RACE_WRONG_LOCK: each core takes a DIFFERENT lock, so both
	 * believe they are protected and neither excludes the other. */
	lk = (SH->mode == RV_MODE_RACE_WRONG_LOCK) ? 0u : 0u;
     908:	00472783          	lw	a5,4(a4)

0000090c <rvs_64>:

	RV_MARK(64);
     90c:	00000013          	nop
	if (use_lock) {
     910:	00100693          	li	a3,1
     914:	04d60a63          	beq	a2,a3,968 <rvs_66+0x2c>
		RV_ACQUIRE(lk, 0u, 1u, 65, 66);
     918:	02070793          	addi	a5,a4,32

0000091c <rvs_65>:
     91c:	00d7a023          	sw	a3,0(a5)
     920:	300007b7          	lui	a5,0x30000
     924:	02d72423          	sw	a3,40(a4)
     928:	00c0006f          	j	934 <rvs_65+0x18>
     92c:	0287a703          	lw	a4,40(a5) # 30000028 <__bss_end+0x2fff9454>
     930:	00d71663          	bne	a4,a3,93c <rvs_66>
     934:	0247a703          	lw	a4,36(a5)
     938:	fe071ae3          	bnez	a4,92c <rvs_65+0x10>

0000093c <rvs_66>:
     93c:	00000013          	nop
     940:	a80047b7          	lui	a5,0xa8004
     944:	40000737          	lui	a4,0x40000
     948:	24178793          	addi	a5,a5,577 # a8004241 <__bss_end+0xa7ffd66d>
     94c:	00f72023          	sw	a5,0(a4) # 40000000 <__bss_end+0x3fff942c>
     950:	00000013          	nop
     954:	00000013          	nop
     958:	00000013          	nop
     95c:	00000013          	nop
     960:	00000013          	nop
     964:	00000013          	nop
	}
	RV_LD(v, &SH->balance, 67);
     968:	30000737          	lui	a4,0x30000
     96c:	06070693          	addi	a3,a4,96 # 30000060 <__bss_end+0x2fff948c>

00000970 <rvs_67>:
     970:	0006a783          	lw	a5,0(a3)
	v += 7u;
     974:	00778793          	addi	a5,a5,7

00000978 <rvs_68>:
	RV_ST(&SH->balance, v, 68);
     978:	00f6a023          	sw	a5,0(a3)
	RV_LD(c, &SH->count, 69);
     97c:	06470593          	addi	a1,a4,100

00000980 <rvs_69>:
     980:	0005a683          	lw	a3,0(a1)
	RV_ST(&SH->count, c + 1u, 70);
     984:	00168513          	addi	a0,a3,1

00000988 <rvs_70>:
     988:	00a5a023          	sw	a0,0(a1)
	RV_ST(&SH->checksum, (c ^ v) + 6u, 71);
     98c:	00d7c7b3          	xor	a5,a5,a3
     990:	00678793          	addi	a5,a5,6
     994:	06870693          	addi	a3,a4,104

00000998 <rvs_71>:
     998:	00f6a023          	sw	a5,0(a3)
	if (use_lock) {
     99c:	00100793          	li	a5,1
     9a0:	02f60c63          	beq	a2,a5,9d8 <rvs_73>
		RV_RELEASE(lk, 0u, 72);
     9a4:	02070713          	addi	a4,a4,32
     9a8:	00000793          	li	a5,0

000009ac <rvs_72>:
     9ac:	00f72023          	sw	a5,0(a4)
     9b0:	b00057b7          	lui	a5,0xb0005
     9b4:	40000737          	lui	a4,0x40000
     9b8:	84178793          	addi	a5,a5,-1983 # b0004841 <__bss_end+0xafffdc6d>
     9bc:	00f72023          	sw	a5,0(a4) # 40000000 <__bss_end+0x3fff942c>
     9c0:	00000013          	nop
     9c4:	00000013          	nop
     9c8:	00000013          	nop
     9cc:	00000013          	nop
     9d0:	00000013          	nop
     9d4:	00000013          	nop

000009d8 <rvs_73>:
	}
	RV_MARK(73);
     9d8:	00000013          	nop
	rv_local_sum += 7u;
     9dc:	00007737          	lui	a4,0x7
     9e0:	bd072783          	lw	a5,-1072(a4) # 6bd0 <rv_local_sum>
     9e4:	00778793          	addi	a5,a5,7
     9e8:	bcf72823          	sw	a5,-1072(a4)
}
     9ec:	00008067          	ret

000009f0 <rv_t007>:

void rv_t007(void)
{
	unsigned v, c, lk;
	unsigned use_lock = (SH->mode != RV_MODE_RACE_OPEN);
     9f0:	30000737          	lui	a4,0x30000
     9f4:	00472603          	lw	a2,4(a4) # 30000004 <__bss_end+0x2fff9430>
	/* RV_MODE_RACE_WRONG_LOCK: each core takes a DIFFERENT lock, so both
	 * believe they are protected and neither excludes the other. */
	lk = (SH->mode == RV_MODE_RACE_WRONG_LOCK) ? 0u : 0u;
     9f8:	00472783          	lw	a5,4(a4)

000009fc <rvs_74>:

	RV_MARK(74);
     9fc:	00000013          	nop
	if (use_lock) {
     a00:	00100693          	li	a3,1
     a04:	04d60a63          	beq	a2,a3,a58 <rvs_76+0x2c>
		RV_ACQUIRE(lk, 0u, 1u, 75, 76);
     a08:	02070793          	addi	a5,a4,32

00000a0c <rvs_75>:
     a0c:	00d7a023          	sw	a3,0(a5)
     a10:	300007b7          	lui	a5,0x30000
     a14:	02d72423          	sw	a3,40(a4)
     a18:	00c0006f          	j	a24 <rvs_75+0x18>
     a1c:	0287a703          	lw	a4,40(a5) # 30000028 <__bss_end+0x2fff9454>
     a20:	00d71663          	bne	a4,a3,a2c <rvs_76>
     a24:	0247a703          	lw	a4,36(a5)
     a28:	fe071ae3          	bnez	a4,a1c <rvs_75+0x10>

00000a2c <rvs_76>:
     a2c:	00000013          	nop
     a30:	a80057b7          	lui	a5,0xa8005
     a34:	40000737          	lui	a4,0x40000
     a38:	c4178793          	addi	a5,a5,-959 # a8004c41 <__bss_end+0xa7ffe06d>
     a3c:	00f72023          	sw	a5,0(a4) # 40000000 <__bss_end+0x3fff942c>
     a40:	00000013          	nop
     a44:	00000013          	nop
     a48:	00000013          	nop
     a4c:	00000013          	nop
     a50:	00000013          	nop
     a54:	00000013          	nop
	}
	RV_LD(v, &SH->balance, 77);
     a58:	30000737          	lui	a4,0x30000
     a5c:	06070693          	addi	a3,a4,96 # 30000060 <__bss_end+0x2fff948c>

00000a60 <rvs_77>:
     a60:	0006a783          	lw	a5,0(a3)
	v += 1u;
     a64:	00178793          	addi	a5,a5,1

00000a68 <rvs_78>:
	RV_ST(&SH->balance, v, 78);
     a68:	00f6a023          	sw	a5,0(a3)
	RV_LD(c, &SH->count, 79);
     a6c:	06470593          	addi	a1,a4,100

00000a70 <rvs_79>:
     a70:	0005a683          	lw	a3,0(a1)
	RV_ST(&SH->count, c + 1u, 80);
     a74:	00168513          	addi	a0,a3,1

00000a78 <rvs_80>:
     a78:	00a5a023          	sw	a0,0(a1)
	RV_ST(&SH->checksum, (c ^ v) + 7u, 81);
     a7c:	00d7c7b3          	xor	a5,a5,a3
     a80:	00778793          	addi	a5,a5,7
     a84:	06870693          	addi	a3,a4,104

00000a88 <rvs_81>:
     a88:	00f6a023          	sw	a5,0(a3)
	if (use_lock) {
     a8c:	00100793          	li	a5,1
     a90:	02f60c63          	beq	a2,a5,ac8 <rvs_83>
		RV_RELEASE(lk, 0u, 82);
     a94:	02070713          	addi	a4,a4,32
     a98:	00000793          	li	a5,0

00000a9c <rvs_82>:
     a9c:	00f72023          	sw	a5,0(a4)
     aa0:	b00057b7          	lui	a5,0xb0005
     aa4:	40000737          	lui	a4,0x40000
     aa8:	24178793          	addi	a5,a5,577 # b0005241 <__bss_end+0xafffe66d>
     aac:	00f72023          	sw	a5,0(a4) # 40000000 <__bss_end+0x3fff942c>
     ab0:	00000013          	nop
     ab4:	00000013          	nop
     ab8:	00000013          	nop
     abc:	00000013          	nop
     ac0:	00000013          	nop
     ac4:	00000013          	nop

00000ac8 <rvs_83>:
	}
	RV_MARK(83);
     ac8:	00000013          	nop
	rv_local_sum += 1u;
     acc:	00007737          	lui	a4,0x7
     ad0:	bd072783          	lw	a5,-1072(a4) # 6bd0 <rv_local_sum>
     ad4:	00178793          	addi	a5,a5,1
     ad8:	bcf72823          	sw	a5,-1072(a4)
}
     adc:	00008067          	ret

00000ae0 <rv_t008>:

void rv_t008(void)
{
	unsigned v, c, lk;
	unsigned use_lock = (SH->mode != RV_MODE_RACE_OPEN);
     ae0:	30000737          	lui	a4,0x30000
     ae4:	00472603          	lw	a2,4(a4) # 30000004 <__bss_end+0x2fff9430>
	/* RV_MODE_RACE_WRONG_LOCK: each core takes a DIFFERENT lock, so both
	 * believe they are protected and neither excludes the other. */
	lk = (SH->mode == RV_MODE_RACE_WRONG_LOCK) ? 0u : 0u;
     ae8:	00472783          	lw	a5,4(a4)

00000aec <rvs_84>:

	RV_MARK(84);
     aec:	00000013          	nop
	if (use_lock) {
     af0:	00100693          	li	a3,1
     af4:	04d60a63          	beq	a2,a3,b48 <rvs_86+0x2c>
		RV_ACQUIRE(lk, 0u, 1u, 85, 86);
     af8:	02070793          	addi	a5,a4,32

00000afc <rvs_85>:
     afc:	00d7a023          	sw	a3,0(a5)
     b00:	300007b7          	lui	a5,0x30000
     b04:	02d72423          	sw	a3,40(a4)
     b08:	00c0006f          	j	b14 <rvs_85+0x18>
     b0c:	0287a703          	lw	a4,40(a5) # 30000028 <__bss_end+0x2fff9454>
     b10:	00d71663          	bne	a4,a3,b1c <rvs_86>
     b14:	0247a703          	lw	a4,36(a5)
     b18:	fe071ae3          	bnez	a4,b0c <rvs_85+0x10>

00000b1c <rvs_86>:
     b1c:	00000013          	nop
     b20:	a80057b7          	lui	a5,0xa8005
     b24:	40000737          	lui	a4,0x40000
     b28:	64178793          	addi	a5,a5,1601 # a8005641 <__bss_end+0xa7ffea6d>
     b2c:	00f72023          	sw	a5,0(a4) # 40000000 <__bss_end+0x3fff942c>
     b30:	00000013          	nop
     b34:	00000013          	nop
     b38:	00000013          	nop
     b3c:	00000013          	nop
     b40:	00000013          	nop
     b44:	00000013          	nop
	}
	RV_LD(v, &SH->balance, 87);
     b48:	30000737          	lui	a4,0x30000
     b4c:	06070693          	addi	a3,a4,96 # 30000060 <__bss_end+0x2fff948c>

00000b50 <rvs_87>:
     b50:	0006a783          	lw	a5,0(a3)
	v += 2u;
     b54:	00278793          	addi	a5,a5,2

00000b58 <rvs_88>:
	RV_ST(&SH->balance, v, 88);
     b58:	00f6a023          	sw	a5,0(a3)
	RV_LD(c, &SH->count, 89);
     b5c:	06470593          	addi	a1,a4,100

00000b60 <rvs_89>:
     b60:	0005a683          	lw	a3,0(a1)
	RV_ST(&SH->count, c + 1u, 90);
     b64:	00168513          	addi	a0,a3,1

00000b68 <rvs_90>:
     b68:	00a5a023          	sw	a0,0(a1)
	RV_ST(&SH->checksum, (c ^ v) + 8u, 91);
     b6c:	00d7c7b3          	xor	a5,a5,a3
     b70:	00878793          	addi	a5,a5,8
     b74:	06870693          	addi	a3,a4,104

00000b78 <rvs_91>:
     b78:	00f6a023          	sw	a5,0(a3)
	if (use_lock) {
     b7c:	00100793          	li	a5,1
     b80:	02f60c63          	beq	a2,a5,bb8 <rvs_93>
		RV_RELEASE(lk, 0u, 92);
     b84:	02070713          	addi	a4,a4,32
     b88:	00000793          	li	a5,0

00000b8c <rvs_92>:
     b8c:	00f72023          	sw	a5,0(a4)
     b90:	b00067b7          	lui	a5,0xb0006
     b94:	40000737          	lui	a4,0x40000
     b98:	c4178793          	addi	a5,a5,-959 # b0005c41 <__bss_end+0xaffff06d>
     b9c:	00f72023          	sw	a5,0(a4) # 40000000 <__bss_end+0x3fff942c>
     ba0:	00000013          	nop
     ba4:	00000013          	nop
     ba8:	00000013          	nop
     bac:	00000013          	nop
     bb0:	00000013          	nop
     bb4:	00000013          	nop

00000bb8 <rvs_93>:
	}
	RV_MARK(93);
     bb8:	00000013          	nop
	rv_local_sum += 2u;
     bbc:	00007737          	lui	a4,0x7
     bc0:	bd072783          	lw	a5,-1072(a4) # 6bd0 <rv_local_sum>
     bc4:	00278793          	addi	a5,a5,2
     bc8:	bcf72823          	sw	a5,-1072(a4)
}
     bcc:	00008067          	ret

00000bd0 <rv_t008_cap>:
void rv_t008_cap(void)
{
	unsigned w;
	/* The tag is COMPUTED here -- an ACT-ST trigger could only ever carry
	 * the constant its table entry was loaded with. */
	w = RV_ACT_WORD(RV_ACT_CMD_DAQ_PC_CURR, RV_ACT_SINK_AXIS,
     bd0:	30000537          	lui	a0,0x30000
     bd4:	08052703          	lw	a4,128(a0) # 30000080 <__bss_end+0x2fff94ac>
     bd8:	200007b7          	lui	a5,0x20000
     bdc:	f0078613          	addi	a2,a5,-256 # 1fffff00 <__bss_end+0x1fff932c>
     be0:	00871713          	slli	a4,a4,0x8
     be4:	e00006b7          	lui	a3,0xe0000
     be8:	00c77733          	and	a4,a4,a2
     bec:	04168693          	addi	a3,a3,65 # e0000041 <__bss_end+0xdfff946d>
	                RV_TAG_VALUE(SH->ring_head & RV_VALUE_MASK));
	RV_ACTCAP_AT(94, w);
     bf0:	400005b7          	lui	a1,0x40000
	w = RV_ACT_WORD(RV_ACT_CMD_DAQ_PC_CURR, RV_ACT_SINK_AXIS,
     bf4:	00d76733          	or	a4,a4,a3

00000bf8 <rvs_94>:
	RV_ACTCAP_AT(94, w);
     bf8:	00e5a023          	sw	a4,0(a1) # 40000000 <__bss_end+0x3fff942c>
     bfc:	00000013          	nop
     c00:	00000013          	nop
     c04:	00000013          	nop
     c08:	00000013          	nop
     c0c:	00000013          	nop
     c10:	00000013          	nop
	w = RV_ACT_WORD(RV_ACT_CMD_DAQ_PC_CURR, RV_ACT_SINK_AXIS,
     c14:	06052783          	lw	a5,96(a0)
     c18:	00879793          	slli	a5,a5,0x8
     c1c:	00c7f7b3          	and	a5,a5,a2
     c20:	00d7e7b3          	or	a5,a5,a3

00000c24 <rvs_95>:
	                RV_TAG_VALUE(SH->balance & RV_VALUE_MASK));
	RV_ACTCAP_AT(95, w);
     c24:	00f5a023          	sw	a5,0(a1)
     c28:	00000013          	nop
     c2c:	00000013          	nop
     c30:	00000013          	nop
     c34:	00000013          	nop
     c38:	00000013          	nop
     c3c:	00000013          	nop
	rv_actcap_issued += 2u;
     c40:	00007737          	lui	a4,0x7
     c44:	bc872783          	lw	a5,-1080(a4) # 6bc8 <rv_actcap_issued>
     c48:	00278793          	addi	a5,a5,2
     c4c:	bcf72423          	sw	a5,-1080(a4)
}
     c50:	00008067          	ret

00000c54 <rv_t009>:

void rv_t009(void)
{
	unsigned v, c, lk;
	unsigned use_lock = (SH->mode != RV_MODE_RACE_OPEN);
     c54:	30000737          	lui	a4,0x30000
     c58:	00472603          	lw	a2,4(a4) # 30000004 <__bss_end+0x2fff9430>
	/* RV_MODE_RACE_WRONG_LOCK: each core takes a DIFFERENT lock, so both
	 * believe they are protected and neither excludes the other. */
	lk = (SH->mode == RV_MODE_RACE_WRONG_LOCK) ? 0u : 0u;
     c5c:	00472783          	lw	a5,4(a4)

00000c60 <rvs_96>:

	RV_MARK(96);
     c60:	00000013          	nop
	if (use_lock) {
     c64:	00100693          	li	a3,1
     c68:	04d60a63          	beq	a2,a3,cbc <rvs_98+0x2c>
		RV_ACQUIRE(lk, 0u, 1u, 97, 98);
     c6c:	02070793          	addi	a5,a4,32

00000c70 <rvs_97>:
     c70:	00d7a023          	sw	a3,0(a5)
     c74:	300007b7          	lui	a5,0x30000
     c78:	02d72423          	sw	a3,40(a4)
     c7c:	00c0006f          	j	c88 <rvs_97+0x18>
     c80:	0287a703          	lw	a4,40(a5) # 30000028 <__bss_end+0x2fff9454>
     c84:	00d71663          	bne	a4,a3,c90 <rvs_98>
     c88:	0247a703          	lw	a4,36(a5)
     c8c:	fe071ae3          	bnez	a4,c80 <rvs_97+0x10>

00000c90 <rvs_98>:
     c90:	00000013          	nop
     c94:	a80067b7          	lui	a5,0xa8006
     c98:	40000737          	lui	a4,0x40000
     c9c:	24178793          	addi	a5,a5,577 # a8006241 <__bss_end+0xa7fff66d>
     ca0:	00f72023          	sw	a5,0(a4) # 40000000 <__bss_end+0x3fff942c>
     ca4:	00000013          	nop
     ca8:	00000013          	nop
     cac:	00000013          	nop
     cb0:	00000013          	nop
     cb4:	00000013          	nop
     cb8:	00000013          	nop
	}
	RV_LD(v, &SH->balance, 99);
     cbc:	30000737          	lui	a4,0x30000
     cc0:	06070693          	addi	a3,a4,96 # 30000060 <__bss_end+0x2fff948c>

00000cc4 <rvs_99>:
     cc4:	0006a783          	lw	a5,0(a3)
	v += 3u;
     cc8:	00378793          	addi	a5,a5,3

00000ccc <rvs_100>:
	RV_ST(&SH->balance, v, 100);
     ccc:	00f6a023          	sw	a5,0(a3)
	RV_LD(c, &SH->count, 101);
     cd0:	06470593          	addi	a1,a4,100

00000cd4 <rvs_101>:
     cd4:	0005a683          	lw	a3,0(a1)
	RV_ST(&SH->count, c + 1u, 102);
     cd8:	00168513          	addi	a0,a3,1

00000cdc <rvs_102>:
     cdc:	00a5a023          	sw	a0,0(a1)
	RV_ST(&SH->checksum, (c ^ v) + 9u, 103);
     ce0:	00d7c7b3          	xor	a5,a5,a3
     ce4:	00978793          	addi	a5,a5,9
     ce8:	06870693          	addi	a3,a4,104

00000cec <rvs_103>:
     cec:	00f6a023          	sw	a5,0(a3)
	if (use_lock) {
     cf0:	00100793          	li	a5,1
     cf4:	02f60c63          	beq	a2,a5,d2c <rvs_105>
		RV_RELEASE(lk, 0u, 104);
     cf8:	02070713          	addi	a4,a4,32
     cfc:	00000793          	li	a5,0

00000d00 <rvs_104>:
     d00:	00f72023          	sw	a5,0(a4)
     d04:	b00077b7          	lui	a5,0xb0007
     d08:	40000737          	lui	a4,0x40000
     d0c:	84178793          	addi	a5,a5,-1983 # b0006841 <__bss_end+0xaffffc6d>
     d10:	00f72023          	sw	a5,0(a4) # 40000000 <__bss_end+0x3fff942c>
     d14:	00000013          	nop
     d18:	00000013          	nop
     d1c:	00000013          	nop
     d20:	00000013          	nop
     d24:	00000013          	nop
     d28:	00000013          	nop

00000d2c <rvs_105>:
	}
	RV_MARK(105);
     d2c:	00000013          	nop
	rv_local_sum += 3u;
     d30:	00007737          	lui	a4,0x7
     d34:	bd072783          	lw	a5,-1072(a4) # 6bd0 <rv_local_sum>
     d38:	00378793          	addi	a5,a5,3
     d3c:	bcf72823          	sw	a5,-1072(a4)
}
     d40:	00008067          	ret

00000d44 <rv_t010>:

void rv_t010(void)
{
     d44:	fe010113          	addi	sp,sp,-32
     d48:	00112e23          	sw	ra,28(sp)
     d4c:	00812c23          	sw	s0,24(sp)
     d50:	00912a23          	sw	s1,20(sp)
     d54:	01212823          	sw	s2,16(sp)
     d58:	01312623          	sw	s3,12(sp)
     d5c:	01412423          	sw	s4,8(sp)

00000d60 <rvs_106>:
	unsigned h, t, p;

	RV_MARK(106);
     d60:	00000013          	nop
	RV_LD(h, &SH->ring_head, 107);
     d64:	30000437          	lui	s0,0x30000
     d68:	08040a13          	addi	s4,s0,128 # 30000080 <__bss_end+0x2fff94ac>

00000d6c <rvs_107>:
     d6c:	000a2903          	lw	s2,0(s4)
	RV_LD(t, &SH->ring_tail, 108);
     d70:	08440993          	addi	s3,s0,132

00000d74 <rvs_108>:
     d74:	0009a983          	lw	s3,0(s3)

00000d78 <rvs_113>:
	RV_MARK(113);
     d78:	00000013          	nop
	if (((h + 1u) % RV_RING_SLOTS) != t) {
     d7c:	03c00593          	li	a1,60
     d80:	00190513          	addi	a0,s2,1
     d84:	3e1050ef          	jal	ra,6964 <__umodsi3>
     d88:	07350863          	beq	a0,s3,df8 <rvs_115+0x24>
		RV_ST(&SH->ring[h % RV_RING_SLOTS], h + 10u, 109);
     d8c:	00050493          	mv	s1,a0
     d90:	03c00593          	li	a1,60
     d94:	00090513          	mv	a0,s2
     d98:	3cd050ef          	jal	ra,6964 <__umodsi3>
     d9c:	00251513          	slli	a0,a0,0x2
     da0:	09040413          	addi	s0,s0,144
     da4:	00850433          	add	s0,a0,s0
     da8:	00a90913          	addi	s2,s2,10

00000dac <rvs_109>:
     dac:	01242023          	sw	s2,0(s0)

00000db0 <rvs_110>:
		RV_ST(&SH->ring_head, (h + 1u) % RV_RING_SLOTS, 110);
     db0:	009a2023          	sw	s1,0(s4)
	} else {
		SH->ring_drops++;
	}
	RV_LD(p, &rv_private, 111);
     db4:	000077b7          	lui	a5,0x7
     db8:	bcc78793          	addi	a5,a5,-1076 # 6bcc <rv_private>

00000dbc <rvs_111>:
     dbc:	0007a703          	lw	a4,0(a5)
	RV_ST(&rv_private, p + 1u, 112);
     dc0:	00170693          	addi	a3,a4,1

00000dc4 <rvs_112>:
     dc4:	00d7a023          	sw	a3,0(a5)
	RV_ST(&SH->seq, p, 114);
     dc8:	300007b7          	lui	a5,0x30000
     dcc:	06c78793          	addi	a5,a5,108 # 3000006c <__bss_end+0x2fff9498>

00000dd0 <rvs_114>:
     dd0:	00e7a023          	sw	a4,0(a5)

00000dd4 <rvs_115>:
	RV_MARK(115);
     dd4:	00000013          	nop
}
     dd8:	01c12083          	lw	ra,28(sp)
     ddc:	01812403          	lw	s0,24(sp)
     de0:	01412483          	lw	s1,20(sp)
     de4:	01012903          	lw	s2,16(sp)
     de8:	00c12983          	lw	s3,12(sp)
     dec:	00812a03          	lw	s4,8(sp)
     df0:	02010113          	addi	sp,sp,32
     df4:	00008067          	ret
		SH->ring_drops++;
     df8:	08842783          	lw	a5,136(s0)
     dfc:	00178793          	addi	a5,a5,1
     e00:	08f42423          	sw	a5,136(s0)
     e04:	fb1ff06f          	j	db4 <rvs_110+0x4>

00000e08 <rv_t011>:

void rv_t011(void)
{
     e08:	fe010113          	addi	sp,sp,-32
     e0c:	00112e23          	sw	ra,28(sp)
     e10:	00812c23          	sw	s0,24(sp)
     e14:	00912a23          	sw	s1,20(sp)
     e18:	01212823          	sw	s2,16(sp)
     e1c:	01312623          	sw	s3,12(sp)
     e20:	01412423          	sw	s4,8(sp)

00000e24 <rvs_116>:
	unsigned h, t, p;

	RV_MARK(116);
     e24:	00000013          	nop
	RV_LD(h, &SH->ring_head, 117);
     e28:	30000437          	lui	s0,0x30000
     e2c:	08040a13          	addi	s4,s0,128 # 30000080 <__bss_end+0x2fff94ac>

00000e30 <rvs_117>:
     e30:	000a2903          	lw	s2,0(s4)
	RV_LD(t, &SH->ring_tail, 118);
     e34:	08440993          	addi	s3,s0,132

00000e38 <rvs_118>:
     e38:	0009a983          	lw	s3,0(s3)

00000e3c <rvs_123>:
	RV_MARK(123);
     e3c:	00000013          	nop
	if (((h + 1u) % RV_RING_SLOTS) != t) {
     e40:	03c00593          	li	a1,60
     e44:	00190513          	addi	a0,s2,1
     e48:	31d050ef          	jal	ra,6964 <__umodsi3>
     e4c:	07350863          	beq	a0,s3,ebc <rvs_125+0x24>
		RV_ST(&SH->ring[h % RV_RING_SLOTS], h + 11u, 119);
     e50:	00050493          	mv	s1,a0
     e54:	03c00593          	li	a1,60
     e58:	00090513          	mv	a0,s2
     e5c:	309050ef          	jal	ra,6964 <__umodsi3>
     e60:	00251513          	slli	a0,a0,0x2
     e64:	09040413          	addi	s0,s0,144
     e68:	00850433          	add	s0,a0,s0
     e6c:	00b90913          	addi	s2,s2,11

00000e70 <rvs_119>:
     e70:	01242023          	sw	s2,0(s0)

00000e74 <rvs_120>:
		RV_ST(&SH->ring_head, (h + 1u) % RV_RING_SLOTS, 120);
     e74:	009a2023          	sw	s1,0(s4)
	} else {
		SH->ring_drops++;
	}
	RV_LD(p, &rv_private, 121);
     e78:	000077b7          	lui	a5,0x7
     e7c:	bcc78793          	addi	a5,a5,-1076 # 6bcc <rv_private>

00000e80 <rvs_121>:
     e80:	0007a703          	lw	a4,0(a5)
	RV_ST(&rv_private, p + 1u, 122);
     e84:	00170693          	addi	a3,a4,1

00000e88 <rvs_122>:
     e88:	00d7a023          	sw	a3,0(a5)
	RV_ST(&SH->seq, p, 124);
     e8c:	300007b7          	lui	a5,0x30000
     e90:	06c78793          	addi	a5,a5,108 # 3000006c <__bss_end+0x2fff9498>

00000e94 <rvs_124>:
     e94:	00e7a023          	sw	a4,0(a5)

00000e98 <rvs_125>:
	RV_MARK(125);
     e98:	00000013          	nop
}
     e9c:	01c12083          	lw	ra,28(sp)
     ea0:	01812403          	lw	s0,24(sp)
     ea4:	01412483          	lw	s1,20(sp)
     ea8:	01012903          	lw	s2,16(sp)
     eac:	00c12983          	lw	s3,12(sp)
     eb0:	00812a03          	lw	s4,8(sp)
     eb4:	02010113          	addi	sp,sp,32
     eb8:	00008067          	ret
		SH->ring_drops++;
     ebc:	08842783          	lw	a5,136(s0)
     ec0:	00178793          	addi	a5,a5,1
     ec4:	08f42423          	sw	a5,136(s0)
     ec8:	fb1ff06f          	j	e78 <rvs_120+0x4>

00000ecc <rv_t012>:

void rv_t012(void)
{
     ecc:	fe010113          	addi	sp,sp,-32
     ed0:	00112e23          	sw	ra,28(sp)
     ed4:	00812c23          	sw	s0,24(sp)
     ed8:	00912a23          	sw	s1,20(sp)
     edc:	01212823          	sw	s2,16(sp)
     ee0:	01312623          	sw	s3,12(sp)
     ee4:	01412423          	sw	s4,8(sp)

00000ee8 <rvs_126>:
	unsigned h, t, p;

	RV_MARK(126);
     ee8:	00000013          	nop
	RV_LD(h, &SH->ring_head, 127);
     eec:	30000437          	lui	s0,0x30000
     ef0:	08040a13          	addi	s4,s0,128 # 30000080 <__bss_end+0x2fff94ac>

00000ef4 <rvs_127>:
     ef4:	000a2903          	lw	s2,0(s4)
	RV_LD(t, &SH->ring_tail, 128);
     ef8:	08440993          	addi	s3,s0,132

00000efc <rvs_128>:
     efc:	0009a983          	lw	s3,0(s3)

00000f00 <rvs_133>:
	RV_MARK(133);
     f00:	00000013          	nop
	if (((h + 1u) % RV_RING_SLOTS) != t) {
     f04:	03c00593          	li	a1,60
     f08:	00190513          	addi	a0,s2,1
     f0c:	259050ef          	jal	ra,6964 <__umodsi3>
     f10:	07350863          	beq	a0,s3,f80 <rvs_135+0x24>
		RV_ST(&SH->ring[h % RV_RING_SLOTS], h + 12u, 129);
     f14:	00050493          	mv	s1,a0
     f18:	03c00593          	li	a1,60
     f1c:	00090513          	mv	a0,s2
     f20:	245050ef          	jal	ra,6964 <__umodsi3>
     f24:	00251513          	slli	a0,a0,0x2
     f28:	09040413          	addi	s0,s0,144
     f2c:	00850433          	add	s0,a0,s0
     f30:	00c90913          	addi	s2,s2,12

00000f34 <rvs_129>:
     f34:	01242023          	sw	s2,0(s0)

00000f38 <rvs_130>:
		RV_ST(&SH->ring_head, (h + 1u) % RV_RING_SLOTS, 130);
     f38:	009a2023          	sw	s1,0(s4)
	} else {
		SH->ring_drops++;
	}
	RV_LD(p, &rv_private, 131);
     f3c:	000077b7          	lui	a5,0x7
     f40:	bcc78793          	addi	a5,a5,-1076 # 6bcc <rv_private>

00000f44 <rvs_131>:
     f44:	0007a703          	lw	a4,0(a5)
	RV_ST(&rv_private, p + 1u, 132);
     f48:	00170693          	addi	a3,a4,1

00000f4c <rvs_132>:
     f4c:	00d7a023          	sw	a3,0(a5)
	RV_ST(&SH->seq, p, 134);
     f50:	300007b7          	lui	a5,0x30000
     f54:	06c78793          	addi	a5,a5,108 # 3000006c <__bss_end+0x2fff9498>

00000f58 <rvs_134>:
     f58:	00e7a023          	sw	a4,0(a5)

00000f5c <rvs_135>:
	RV_MARK(135);
     f5c:	00000013          	nop
}
     f60:	01c12083          	lw	ra,28(sp)
     f64:	01812403          	lw	s0,24(sp)
     f68:	01412483          	lw	s1,20(sp)
     f6c:	01012903          	lw	s2,16(sp)
     f70:	00c12983          	lw	s3,12(sp)
     f74:	00812a03          	lw	s4,8(sp)
     f78:	02010113          	addi	sp,sp,32
     f7c:	00008067          	ret
		SH->ring_drops++;
     f80:	08842783          	lw	a5,136(s0)
     f84:	00178793          	addi	a5,a5,1
     f88:	08f42423          	sw	a5,136(s0)
     f8c:	fb1ff06f          	j	f3c <rvs_130+0x4>

00000f90 <rv_t012_cap>:
void rv_t012_cap(void)
{
	unsigned w;
	/* The tag is COMPUTED here -- an ACT-ST trigger could only ever carry
	 * the constant its table entry was loaded with. */
	w = RV_ACT_WORD(RV_ACT_CMD_DAQ_PC_CURR, RV_ACT_SINK_AXIS,
     f90:	30000537          	lui	a0,0x30000
     f94:	08052703          	lw	a4,128(a0) # 30000080 <__bss_end+0x2fff94ac>
     f98:	200007b7          	lui	a5,0x20000
     f9c:	f0078613          	addi	a2,a5,-256 # 1fffff00 <__bss_end+0x1fff932c>
     fa0:	00871713          	slli	a4,a4,0x8
     fa4:	e00006b7          	lui	a3,0xe0000
     fa8:	00c77733          	and	a4,a4,a2
     fac:	04168693          	addi	a3,a3,65 # e0000041 <__bss_end+0xdfff946d>
	                RV_TAG_VALUE(SH->ring_head & RV_VALUE_MASK));
	RV_ACTCAP_AT(136, w);
     fb0:	400005b7          	lui	a1,0x40000
	w = RV_ACT_WORD(RV_ACT_CMD_DAQ_PC_CURR, RV_ACT_SINK_AXIS,
     fb4:	00d76733          	or	a4,a4,a3

00000fb8 <rvs_136>:
	RV_ACTCAP_AT(136, w);
     fb8:	00e5a023          	sw	a4,0(a1) # 40000000 <__bss_end+0x3fff942c>
     fbc:	00000013          	nop
     fc0:	00000013          	nop
     fc4:	00000013          	nop
     fc8:	00000013          	nop
     fcc:	00000013          	nop
     fd0:	00000013          	nop
	w = RV_ACT_WORD(RV_ACT_CMD_DAQ_PC_CURR, RV_ACT_SINK_AXIS,
     fd4:	06052783          	lw	a5,96(a0)
     fd8:	00879793          	slli	a5,a5,0x8
     fdc:	00c7f7b3          	and	a5,a5,a2
     fe0:	00d7e7b3          	or	a5,a5,a3

00000fe4 <rvs_137>:
	                RV_TAG_VALUE(SH->balance & RV_VALUE_MASK));
	RV_ACTCAP_AT(137, w);
     fe4:	00f5a023          	sw	a5,0(a1)
     fe8:	00000013          	nop
     fec:	00000013          	nop
     ff0:	00000013          	nop
     ff4:	00000013          	nop
     ff8:	00000013          	nop
     ffc:	00000013          	nop
	rv_actcap_issued += 2u;
    1000:	00007737          	lui	a4,0x7
    1004:	bc872783          	lw	a5,-1080(a4) # 6bc8 <rv_actcap_issued>
    1008:	00278793          	addi	a5,a5,2
    100c:	bcf72423          	sw	a5,-1080(a4)
}
    1010:	00008067          	ret

00001014 <rv_t013>:

void rv_t013(void)
{
	unsigned v, c, lk;
	unsigned use_lock = (SH->mode != RV_MODE_RACE_OPEN);
    1014:	30000737          	lui	a4,0x30000
    1018:	00472603          	lw	a2,4(a4) # 30000004 <__bss_end+0x2fff9430>
	/* RV_MODE_RACE_WRONG_LOCK: each core takes a DIFFERENT lock, so both
	 * believe they are protected and neither excludes the other. */
	lk = (SH->mode == RV_MODE_RACE_WRONG_LOCK) ? 0u : 0u;
    101c:	00472783          	lw	a5,4(a4)

00001020 <rvs_138>:

	RV_MARK(138);
    1020:	00000013          	nop
	if (use_lock) {
    1024:	00100693          	li	a3,1
    1028:	04d60a63          	beq	a2,a3,107c <rvs_140+0x2c>
		RV_ACQUIRE(lk, 0u, 1u, 139, 140);
    102c:	02070793          	addi	a5,a4,32

00001030 <rvs_139>:
    1030:	00d7a023          	sw	a3,0(a5)
    1034:	300007b7          	lui	a5,0x30000
    1038:	02d72423          	sw	a3,40(a4)
    103c:	00c0006f          	j	1048 <rvs_139+0x18>
    1040:	0287a703          	lw	a4,40(a5) # 30000028 <__bss_end+0x2fff9454>
    1044:	00d71663          	bne	a4,a3,1050 <rvs_140>
    1048:	0247a703          	lw	a4,36(a5)
    104c:	fe071ae3          	bnez	a4,1040 <rvs_139+0x10>

00001050 <rvs_140>:
    1050:	00000013          	nop
    1054:	a80097b7          	lui	a5,0xa8009
    1058:	40000737          	lui	a4,0x40000
    105c:	c4178793          	addi	a5,a5,-959 # a8008c41 <__bss_end+0xa800206d>
    1060:	00f72023          	sw	a5,0(a4) # 40000000 <__bss_end+0x3fff942c>
    1064:	00000013          	nop
    1068:	00000013          	nop
    106c:	00000013          	nop
    1070:	00000013          	nop
    1074:	00000013          	nop
    1078:	00000013          	nop
	}
	RV_LD(v, &SH->balance, 141);
    107c:	30000737          	lui	a4,0x30000
    1080:	06070693          	addi	a3,a4,96 # 30000060 <__bss_end+0x2fff948c>

00001084 <rvs_141>:
    1084:	0006a783          	lw	a5,0(a3)
	v += 7u;
    1088:	00778793          	addi	a5,a5,7

0000108c <rvs_142>:
	RV_ST(&SH->balance, v, 142);
    108c:	00f6a023          	sw	a5,0(a3)
	RV_LD(c, &SH->count, 143);
    1090:	06470593          	addi	a1,a4,100

00001094 <rvs_143>:
    1094:	0005a683          	lw	a3,0(a1)
	RV_ST(&SH->count, c + 1u, 144);
    1098:	00168513          	addi	a0,a3,1

0000109c <rvs_144>:
    109c:	00a5a023          	sw	a0,0(a1)
	RV_ST(&SH->checksum, (c ^ v) + 13u, 145);
    10a0:	00d7c7b3          	xor	a5,a5,a3
    10a4:	00d78793          	addi	a5,a5,13
    10a8:	06870693          	addi	a3,a4,104

000010ac <rvs_145>:
    10ac:	00f6a023          	sw	a5,0(a3)
	if (use_lock) {
    10b0:	00100793          	li	a5,1
    10b4:	02f60c63          	beq	a2,a5,10ec <rvs_147>
		RV_RELEASE(lk, 0u, 146);
    10b8:	02070713          	addi	a4,a4,32
    10bc:	00000793          	li	a5,0

000010c0 <rvs_146>:
    10c0:	00f72023          	sw	a5,0(a4)
    10c4:	b00097b7          	lui	a5,0xb0009
    10c8:	40000737          	lui	a4,0x40000
    10cc:	24178793          	addi	a5,a5,577 # b0009241 <__bss_end+0xb000266d>
    10d0:	00f72023          	sw	a5,0(a4) # 40000000 <__bss_end+0x3fff942c>
    10d4:	00000013          	nop
    10d8:	00000013          	nop
    10dc:	00000013          	nop
    10e0:	00000013          	nop
    10e4:	00000013          	nop
    10e8:	00000013          	nop

000010ec <rvs_147>:
	}
	RV_MARK(147);
    10ec:	00000013          	nop
	rv_local_sum += 7u;
    10f0:	00007737          	lui	a4,0x7
    10f4:	bd072783          	lw	a5,-1072(a4) # 6bd0 <rv_local_sum>
    10f8:	00778793          	addi	a5,a5,7
    10fc:	bcf72823          	sw	a5,-1072(a4)
}
    1100:	00008067          	ret

00001104 <rv_t014>:

void rv_t014(void)
{
	unsigned v, c, lk;
	unsigned use_lock = (SH->mode != RV_MODE_RACE_OPEN);
    1104:	30000737          	lui	a4,0x30000
    1108:	00472603          	lw	a2,4(a4) # 30000004 <__bss_end+0x2fff9430>
	/* RV_MODE_RACE_WRONG_LOCK: each core takes a DIFFERENT lock, so both
	 * believe they are protected and neither excludes the other. */
	lk = (SH->mode == RV_MODE_RACE_WRONG_LOCK) ? 0u : 0u;
    110c:	00472783          	lw	a5,4(a4)

00001110 <rvs_148>:

	RV_MARK(148);
    1110:	00000013          	nop
	if (use_lock) {
    1114:	00100693          	li	a3,1
    1118:	04d60a63          	beq	a2,a3,116c <rvs_150+0x2c>
		RV_ACQUIRE(lk, 0u, 1u, 149, 150);
    111c:	02070793          	addi	a5,a4,32

00001120 <rvs_149>:
    1120:	00d7a023          	sw	a3,0(a5)
    1124:	300007b7          	lui	a5,0x30000
    1128:	02d72423          	sw	a3,40(a4)
    112c:	00c0006f          	j	1138 <rvs_149+0x18>
    1130:	0287a703          	lw	a4,40(a5) # 30000028 <__bss_end+0x2fff9454>
    1134:	00d71663          	bne	a4,a3,1140 <rvs_150>
    1138:	0247a703          	lw	a4,36(a5)
    113c:	fe071ae3          	bnez	a4,1130 <rvs_149+0x10>

00001140 <rvs_150>:
    1140:	00000013          	nop
    1144:	a80097b7          	lui	a5,0xa8009
    1148:	40000737          	lui	a4,0x40000
    114c:	64178793          	addi	a5,a5,1601 # a8009641 <__bss_end+0xa8002a6d>
    1150:	00f72023          	sw	a5,0(a4) # 40000000 <__bss_end+0x3fff942c>
    1154:	00000013          	nop
    1158:	00000013          	nop
    115c:	00000013          	nop
    1160:	00000013          	nop
    1164:	00000013          	nop
    1168:	00000013          	nop
	}
	RV_LD(v, &SH->balance, 151);
    116c:	30000737          	lui	a4,0x30000
    1170:	06070693          	addi	a3,a4,96 # 30000060 <__bss_end+0x2fff948c>

00001174 <rvs_151>:
    1174:	0006a783          	lw	a5,0(a3)
	v += 1u;
    1178:	00178793          	addi	a5,a5,1

0000117c <rvs_152>:
	RV_ST(&SH->balance, v, 152);
    117c:	00f6a023          	sw	a5,0(a3)
	RV_LD(c, &SH->count, 153);
    1180:	06470593          	addi	a1,a4,100

00001184 <rvs_153>:
    1184:	0005a683          	lw	a3,0(a1)
	RV_ST(&SH->count, c + 1u, 154);
    1188:	00168513          	addi	a0,a3,1

0000118c <rvs_154>:
    118c:	00a5a023          	sw	a0,0(a1)
	RV_ST(&SH->checksum, (c ^ v) + 14u, 155);
    1190:	00d7c7b3          	xor	a5,a5,a3
    1194:	00e78793          	addi	a5,a5,14
    1198:	06870693          	addi	a3,a4,104

0000119c <rvs_155>:
    119c:	00f6a023          	sw	a5,0(a3)
	if (use_lock) {
    11a0:	00100793          	li	a5,1
    11a4:	02f60c63          	beq	a2,a5,11dc <rvs_157>
		RV_RELEASE(lk, 0u, 156);
    11a8:	02070713          	addi	a4,a4,32
    11ac:	00000793          	li	a5,0

000011b0 <rvs_156>:
    11b0:	00f72023          	sw	a5,0(a4)
    11b4:	b000a7b7          	lui	a5,0xb000a
    11b8:	40000737          	lui	a4,0x40000
    11bc:	c4178793          	addi	a5,a5,-959 # b0009c41 <__bss_end+0xb000306d>
    11c0:	00f72023          	sw	a5,0(a4) # 40000000 <__bss_end+0x3fff942c>
    11c4:	00000013          	nop
    11c8:	00000013          	nop
    11cc:	00000013          	nop
    11d0:	00000013          	nop
    11d4:	00000013          	nop
    11d8:	00000013          	nop

000011dc <rvs_157>:
	}
	RV_MARK(157);
    11dc:	00000013          	nop
	rv_local_sum += 1u;
    11e0:	00007737          	lui	a4,0x7
    11e4:	bd072783          	lw	a5,-1072(a4) # 6bd0 <rv_local_sum>
    11e8:	00178793          	addi	a5,a5,1
    11ec:	bcf72823          	sw	a5,-1072(a4)
}
    11f0:	00008067          	ret

000011f4 <rv_t015>:

void rv_t015(void)
{
	unsigned v, c, lk;
	unsigned use_lock = (SH->mode != RV_MODE_RACE_OPEN);
    11f4:	30000737          	lui	a4,0x30000
    11f8:	00472603          	lw	a2,4(a4) # 30000004 <__bss_end+0x2fff9430>
	/* RV_MODE_RACE_WRONG_LOCK: each core takes a DIFFERENT lock, so both
	 * believe they are protected and neither excludes the other. */
	lk = (SH->mode == RV_MODE_RACE_WRONG_LOCK) ? 0u : 0u;
    11fc:	00472783          	lw	a5,4(a4)

00001200 <rvs_158>:

	RV_MARK(158);
    1200:	00000013          	nop
	if (use_lock) {
    1204:	00100693          	li	a3,1
    1208:	04d60a63          	beq	a2,a3,125c <rvs_160+0x2c>
		RV_ACQUIRE(lk, 0u, 1u, 159, 160);
    120c:	02070793          	addi	a5,a4,32

00001210 <rvs_159>:
    1210:	00d7a023          	sw	a3,0(a5)
    1214:	300007b7          	lui	a5,0x30000
    1218:	02d72423          	sw	a3,40(a4)
    121c:	00c0006f          	j	1228 <rvs_159+0x18>
    1220:	0287a703          	lw	a4,40(a5) # 30000028 <__bss_end+0x2fff9454>
    1224:	00d71663          	bne	a4,a3,1230 <rvs_160>
    1228:	0247a703          	lw	a4,36(a5)
    122c:	fe071ae3          	bnez	a4,1220 <rvs_159+0x10>

00001230 <rvs_160>:
    1230:	00000013          	nop
    1234:	a800a7b7          	lui	a5,0xa800a
    1238:	40000737          	lui	a4,0x40000
    123c:	04178793          	addi	a5,a5,65 # a800a041 <__bss_end+0xa800346d>
    1240:	00f72023          	sw	a5,0(a4) # 40000000 <__bss_end+0x3fff942c>
    1244:	00000013          	nop
    1248:	00000013          	nop
    124c:	00000013          	nop
    1250:	00000013          	nop
    1254:	00000013          	nop
    1258:	00000013          	nop
	}
	RV_LD(v, &SH->balance, 161);
    125c:	30000737          	lui	a4,0x30000
    1260:	06070693          	addi	a3,a4,96 # 30000060 <__bss_end+0x2fff948c>

00001264 <rvs_161>:
    1264:	0006a783          	lw	a5,0(a3)
	v += 2u;
    1268:	00278793          	addi	a5,a5,2

0000126c <rvs_162>:
	RV_ST(&SH->balance, v, 162);
    126c:	00f6a023          	sw	a5,0(a3)
	RV_LD(c, &SH->count, 163);
    1270:	06470593          	addi	a1,a4,100

00001274 <rvs_163>:
    1274:	0005a683          	lw	a3,0(a1)
	RV_ST(&SH->count, c + 1u, 164);
    1278:	00168513          	addi	a0,a3,1

0000127c <rvs_164>:
    127c:	00a5a023          	sw	a0,0(a1)
	RV_ST(&SH->checksum, (c ^ v) + 15u, 165);
    1280:	00d7c7b3          	xor	a5,a5,a3
    1284:	00f78793          	addi	a5,a5,15
    1288:	06870693          	addi	a3,a4,104

0000128c <rvs_165>:
    128c:	00f6a023          	sw	a5,0(a3)
	if (use_lock) {
    1290:	00100793          	li	a5,1
    1294:	02f60c63          	beq	a2,a5,12cc <rvs_167>
		RV_RELEASE(lk, 0u, 166);
    1298:	02070713          	addi	a4,a4,32
    129c:	00000793          	li	a5,0

000012a0 <rvs_166>:
    12a0:	00f72023          	sw	a5,0(a4)
    12a4:	b000a7b7          	lui	a5,0xb000a
    12a8:	40000737          	lui	a4,0x40000
    12ac:	64178793          	addi	a5,a5,1601 # b000a641 <__bss_end+0xb0003a6d>
    12b0:	00f72023          	sw	a5,0(a4) # 40000000 <__bss_end+0x3fff942c>
    12b4:	00000013          	nop
    12b8:	00000013          	nop
    12bc:	00000013          	nop
    12c0:	00000013          	nop
    12c4:	00000013          	nop
    12c8:	00000013          	nop

000012cc <rvs_167>:
	}
	RV_MARK(167);
    12cc:	00000013          	nop
	rv_local_sum += 2u;
    12d0:	00007737          	lui	a4,0x7
    12d4:	bd072783          	lw	a5,-1072(a4) # 6bd0 <rv_local_sum>
    12d8:	00278793          	addi	a5,a5,2
    12dc:	bcf72823          	sw	a5,-1072(a4)
}
    12e0:	00008067          	ret

000012e4 <rv_t016>:

void rv_t016(void)
{
	unsigned v, c, lk;
	unsigned use_lock = (SH->mode != RV_MODE_RACE_OPEN);
    12e4:	30000737          	lui	a4,0x30000
    12e8:	00472603          	lw	a2,4(a4) # 30000004 <__bss_end+0x2fff9430>
	/* RV_MODE_RACE_WRONG_LOCK: each core takes a DIFFERENT lock, so both
	 * believe they are protected and neither excludes the other. */
	lk = (SH->mode == RV_MODE_RACE_WRONG_LOCK) ? 0u : 0u;
    12ec:	00472783          	lw	a5,4(a4)

000012f0 <rvs_168>:

	RV_MARK(168);
    12f0:	00000013          	nop
	if (use_lock) {
    12f4:	00100693          	li	a3,1
    12f8:	04d60a63          	beq	a2,a3,134c <rvs_170+0x2c>
		RV_ACQUIRE(lk, 0u, 1u, 169, 170);
    12fc:	02070793          	addi	a5,a4,32

00001300 <rvs_169>:
    1300:	00d7a023          	sw	a3,0(a5)
    1304:	300007b7          	lui	a5,0x30000
    1308:	02d72423          	sw	a3,40(a4)
    130c:	00c0006f          	j	1318 <rvs_169+0x18>
    1310:	0287a703          	lw	a4,40(a5) # 30000028 <__bss_end+0x2fff9454>
    1314:	00d71663          	bne	a4,a3,1320 <rvs_170>
    1318:	0247a703          	lw	a4,36(a5)
    131c:	fe071ae3          	bnez	a4,1310 <rvs_169+0x10>

00001320 <rvs_170>:
    1320:	00000013          	nop
    1324:	a800b7b7          	lui	a5,0xa800b
    1328:	40000737          	lui	a4,0x40000
    132c:	a4178793          	addi	a5,a5,-1471 # a800aa41 <__bss_end+0xa8003e6d>
    1330:	00f72023          	sw	a5,0(a4) # 40000000 <__bss_end+0x3fff942c>
    1334:	00000013          	nop
    1338:	00000013          	nop
    133c:	00000013          	nop
    1340:	00000013          	nop
    1344:	00000013          	nop
    1348:	00000013          	nop
	}
	RV_LD(v, &SH->balance, 171);
    134c:	30000737          	lui	a4,0x30000
    1350:	06070693          	addi	a3,a4,96 # 30000060 <__bss_end+0x2fff948c>

00001354 <rvs_171>:
    1354:	0006a783          	lw	a5,0(a3)
	v += 3u;
    1358:	00378793          	addi	a5,a5,3

0000135c <rvs_172>:
	RV_ST(&SH->balance, v, 172);
    135c:	00f6a023          	sw	a5,0(a3)
	RV_LD(c, &SH->count, 173);
    1360:	06470593          	addi	a1,a4,100

00001364 <rvs_173>:
    1364:	0005a683          	lw	a3,0(a1)
	RV_ST(&SH->count, c + 1u, 174);
    1368:	00168513          	addi	a0,a3,1

0000136c <rvs_174>:
    136c:	00a5a023          	sw	a0,0(a1)
	RV_ST(&SH->checksum, (c ^ v) + 16u, 175);
    1370:	00d7c7b3          	xor	a5,a5,a3
    1374:	01078793          	addi	a5,a5,16
    1378:	06870693          	addi	a3,a4,104

0000137c <rvs_175>:
    137c:	00f6a023          	sw	a5,0(a3)
	if (use_lock) {
    1380:	00100793          	li	a5,1
    1384:	02f60c63          	beq	a2,a5,13bc <rvs_177>
		RV_RELEASE(lk, 0u, 176);
    1388:	02070713          	addi	a4,a4,32
    138c:	00000793          	li	a5,0

00001390 <rvs_176>:
    1390:	00f72023          	sw	a5,0(a4)
    1394:	b000b7b7          	lui	a5,0xb000b
    1398:	40000737          	lui	a4,0x40000
    139c:	04178793          	addi	a5,a5,65 # b000b041 <__bss_end+0xb000446d>
    13a0:	00f72023          	sw	a5,0(a4) # 40000000 <__bss_end+0x3fff942c>
    13a4:	00000013          	nop
    13a8:	00000013          	nop
    13ac:	00000013          	nop
    13b0:	00000013          	nop
    13b4:	00000013          	nop
    13b8:	00000013          	nop

000013bc <rvs_177>:
	}
	RV_MARK(177);
    13bc:	00000013          	nop
	rv_local_sum += 3u;
    13c0:	00007737          	lui	a4,0x7
    13c4:	bd072783          	lw	a5,-1072(a4) # 6bd0 <rv_local_sum>
    13c8:	00378793          	addi	a5,a5,3
    13cc:	bcf72823          	sw	a5,-1072(a4)
}
    13d0:	00008067          	ret

000013d4 <rv_t016_cap>:
void rv_t016_cap(void)
{
	unsigned w;
	/* The tag is COMPUTED here -- an ACT-ST trigger could only ever carry
	 * the constant its table entry was loaded with. */
	w = RV_ACT_WORD(RV_ACT_CMD_DAQ_PC_CURR, RV_ACT_SINK_AXIS,
    13d4:	30000537          	lui	a0,0x30000
    13d8:	08052703          	lw	a4,128(a0) # 30000080 <__bss_end+0x2fff94ac>
    13dc:	200007b7          	lui	a5,0x20000
    13e0:	f0078613          	addi	a2,a5,-256 # 1fffff00 <__bss_end+0x1fff932c>
    13e4:	00871713          	slli	a4,a4,0x8
    13e8:	e00006b7          	lui	a3,0xe0000
    13ec:	00c77733          	and	a4,a4,a2
    13f0:	04168693          	addi	a3,a3,65 # e0000041 <__bss_end+0xdfff946d>
	                RV_TAG_VALUE(SH->ring_head & RV_VALUE_MASK));
	RV_ACTCAP_AT(178, w);
    13f4:	400005b7          	lui	a1,0x40000
	w = RV_ACT_WORD(RV_ACT_CMD_DAQ_PC_CURR, RV_ACT_SINK_AXIS,
    13f8:	00d76733          	or	a4,a4,a3

000013fc <rvs_178>:
	RV_ACTCAP_AT(178, w);
    13fc:	00e5a023          	sw	a4,0(a1) # 40000000 <__bss_end+0x3fff942c>
    1400:	00000013          	nop
    1404:	00000013          	nop
    1408:	00000013          	nop
    140c:	00000013          	nop
    1410:	00000013          	nop
    1414:	00000013          	nop
	w = RV_ACT_WORD(RV_ACT_CMD_DAQ_PC_CURR, RV_ACT_SINK_AXIS,
    1418:	06052783          	lw	a5,96(a0)
    141c:	00879793          	slli	a5,a5,0x8
    1420:	00c7f7b3          	and	a5,a5,a2
    1424:	00d7e7b3          	or	a5,a5,a3

00001428 <rvs_179>:
	                RV_TAG_VALUE(SH->balance & RV_VALUE_MASK));
	RV_ACTCAP_AT(179, w);
    1428:	00f5a023          	sw	a5,0(a1)
    142c:	00000013          	nop
    1430:	00000013          	nop
    1434:	00000013          	nop
    1438:	00000013          	nop
    143c:	00000013          	nop
    1440:	00000013          	nop
	rv_actcap_issued += 2u;
    1444:	00007737          	lui	a4,0x7
    1448:	bc872783          	lw	a5,-1080(a4) # 6bc8 <rv_actcap_issued>
    144c:	00278793          	addi	a5,a5,2
    1450:	bcf72423          	sw	a5,-1080(a4)
}
    1454:	00008067          	ret

00001458 <rv_t017>:

void rv_t017(void)
{
	unsigned v, c, lk;
	unsigned use_lock = (SH->mode != RV_MODE_RACE_OPEN);
    1458:	30000737          	lui	a4,0x30000
    145c:	00472603          	lw	a2,4(a4) # 30000004 <__bss_end+0x2fff9430>
	/* RV_MODE_RACE_WRONG_LOCK: each core takes a DIFFERENT lock, so both
	 * believe they are protected and neither excludes the other. */
	lk = (SH->mode == RV_MODE_RACE_WRONG_LOCK) ? 0u : 0u;
    1460:	00472783          	lw	a5,4(a4)

00001464 <rvs_180>:

	RV_MARK(180);
    1464:	00000013          	nop
	if (use_lock) {
    1468:	00100693          	li	a3,1
    146c:	04d60a63          	beq	a2,a3,14c0 <rvs_182+0x2c>
		RV_ACQUIRE(lk, 0u, 1u, 181, 182);
    1470:	02070793          	addi	a5,a4,32

00001474 <rvs_181>:
    1474:	00d7a023          	sw	a3,0(a5)
    1478:	300007b7          	lui	a5,0x30000
    147c:	02d72423          	sw	a3,40(a4)
    1480:	00c0006f          	j	148c <rvs_181+0x18>
    1484:	0287a703          	lw	a4,40(a5) # 30000028 <__bss_end+0x2fff9454>
    1488:	00d71663          	bne	a4,a3,1494 <rvs_182>
    148c:	0247a703          	lw	a4,36(a5)
    1490:	fe071ae3          	bnez	a4,1484 <rvs_181+0x10>

00001494 <rvs_182>:
    1494:	00000013          	nop
    1498:	a800b7b7          	lui	a5,0xa800b
    149c:	40000737          	lui	a4,0x40000
    14a0:	64178793          	addi	a5,a5,1601 # a800b641 <__bss_end+0xa8004a6d>
    14a4:	00f72023          	sw	a5,0(a4) # 40000000 <__bss_end+0x3fff942c>
    14a8:	00000013          	nop
    14ac:	00000013          	nop
    14b0:	00000013          	nop
    14b4:	00000013          	nop
    14b8:	00000013          	nop
    14bc:	00000013          	nop
	}
	RV_LD(v, &SH->balance, 183);
    14c0:	30000737          	lui	a4,0x30000
    14c4:	06070693          	addi	a3,a4,96 # 30000060 <__bss_end+0x2fff948c>

000014c8 <rvs_183>:
    14c8:	0006a783          	lw	a5,0(a3)
	v += 4u;
    14cc:	00478793          	addi	a5,a5,4

000014d0 <rvs_184>:
	RV_ST(&SH->balance, v, 184);
    14d0:	00f6a023          	sw	a5,0(a3)
	RV_LD(c, &SH->count, 185);
    14d4:	06470593          	addi	a1,a4,100

000014d8 <rvs_185>:
    14d8:	0005a683          	lw	a3,0(a1)
	RV_ST(&SH->count, c + 1u, 186);
    14dc:	00168513          	addi	a0,a3,1

000014e0 <rvs_186>:
    14e0:	00a5a023          	sw	a0,0(a1)
	RV_ST(&SH->checksum, (c ^ v) + 17u, 187);
    14e4:	00d7c7b3          	xor	a5,a5,a3
    14e8:	01178793          	addi	a5,a5,17
    14ec:	06870693          	addi	a3,a4,104

000014f0 <rvs_187>:
    14f0:	00f6a023          	sw	a5,0(a3)
	if (use_lock) {
    14f4:	00100793          	li	a5,1
    14f8:	02f60c63          	beq	a2,a5,1530 <rvs_189>
		RV_RELEASE(lk, 0u, 188);
    14fc:	02070713          	addi	a4,a4,32
    1500:	00000793          	li	a5,0

00001504 <rvs_188>:
    1504:	00f72023          	sw	a5,0(a4)
    1508:	b000c7b7          	lui	a5,0xb000c
    150c:	40000737          	lui	a4,0x40000
    1510:	c4178793          	addi	a5,a5,-959 # b000bc41 <__bss_end+0xb000506d>
    1514:	00f72023          	sw	a5,0(a4) # 40000000 <__bss_end+0x3fff942c>
    1518:	00000013          	nop
    151c:	00000013          	nop
    1520:	00000013          	nop
    1524:	00000013          	nop
    1528:	00000013          	nop
    152c:	00000013          	nop

00001530 <rvs_189>:
	}
	RV_MARK(189);
    1530:	00000013          	nop
	rv_local_sum += 4u;
    1534:	00007737          	lui	a4,0x7
    1538:	bd072783          	lw	a5,-1072(a4) # 6bd0 <rv_local_sum>
    153c:	00478793          	addi	a5,a5,4
    1540:	bcf72823          	sw	a5,-1072(a4)
}
    1544:	00008067          	ret

00001548 <rv_t018>:

void rv_t018(void)
{
	unsigned v, c, lk;
	unsigned use_lock = (SH->mode != RV_MODE_RACE_OPEN);
    1548:	30000737          	lui	a4,0x30000
    154c:	00472603          	lw	a2,4(a4) # 30000004 <__bss_end+0x2fff9430>
	/* RV_MODE_RACE_WRONG_LOCK: each core takes a DIFFERENT lock, so both
	 * believe they are protected and neither excludes the other. */
	lk = (SH->mode == RV_MODE_RACE_WRONG_LOCK) ? 0u : 0u;
    1550:	00472783          	lw	a5,4(a4)

00001554 <rvs_190>:

	RV_MARK(190);
    1554:	00000013          	nop
	if (use_lock) {
    1558:	00100693          	li	a3,1
    155c:	04d60a63          	beq	a2,a3,15b0 <rvs_192+0x2c>
		RV_ACQUIRE(lk, 0u, 1u, 191, 192);
    1560:	02070793          	addi	a5,a4,32

00001564 <rvs_191>:
    1564:	00d7a023          	sw	a3,0(a5)
    1568:	300007b7          	lui	a5,0x30000
    156c:	02d72423          	sw	a3,40(a4)
    1570:	00c0006f          	j	157c <rvs_191+0x18>
    1574:	0287a703          	lw	a4,40(a5) # 30000028 <__bss_end+0x2fff9454>
    1578:	00d71663          	bne	a4,a3,1584 <rvs_192>
    157c:	0247a703          	lw	a4,36(a5)
    1580:	fe071ae3          	bnez	a4,1574 <rvs_191+0x10>

00001584 <rvs_192>:
    1584:	00000013          	nop
    1588:	a800c7b7          	lui	a5,0xa800c
    158c:	40000737          	lui	a4,0x40000
    1590:	04178793          	addi	a5,a5,65 # a800c041 <__bss_end+0xa800546d>
    1594:	00f72023          	sw	a5,0(a4) # 40000000 <__bss_end+0x3fff942c>
    1598:	00000013          	nop
    159c:	00000013          	nop
    15a0:	00000013          	nop
    15a4:	00000013          	nop
    15a8:	00000013          	nop
    15ac:	00000013          	nop
	}
	RV_LD(v, &SH->balance, 193);
    15b0:	30000737          	lui	a4,0x30000
    15b4:	06070693          	addi	a3,a4,96 # 30000060 <__bss_end+0x2fff948c>

000015b8 <rvs_193>:
    15b8:	0006a783          	lw	a5,0(a3)
	v += 5u;
    15bc:	00578793          	addi	a5,a5,5

000015c0 <rvs_194>:
	RV_ST(&SH->balance, v, 194);
    15c0:	00f6a023          	sw	a5,0(a3)
	RV_LD(c, &SH->count, 195);
    15c4:	06470593          	addi	a1,a4,100

000015c8 <rvs_195>:
    15c8:	0005a683          	lw	a3,0(a1)
	RV_ST(&SH->count, c + 1u, 196);
    15cc:	00168513          	addi	a0,a3,1

000015d0 <rvs_196>:
    15d0:	00a5a023          	sw	a0,0(a1)
	RV_ST(&SH->checksum, (c ^ v) + 18u, 197);
    15d4:	00d7c7b3          	xor	a5,a5,a3
    15d8:	01278793          	addi	a5,a5,18
    15dc:	06870693          	addi	a3,a4,104

000015e0 <rvs_197>:
    15e0:	00f6a023          	sw	a5,0(a3)
	if (use_lock) {
    15e4:	00100793          	li	a5,1
    15e8:	02f60c63          	beq	a2,a5,1620 <rvs_199>
		RV_RELEASE(lk, 0u, 198);
    15ec:	02070713          	addi	a4,a4,32
    15f0:	00000793          	li	a5,0

000015f4 <rvs_198>:
    15f4:	00f72023          	sw	a5,0(a4)
    15f8:	b000c7b7          	lui	a5,0xb000c
    15fc:	40000737          	lui	a4,0x40000
    1600:	64178793          	addi	a5,a5,1601 # b000c641 <__bss_end+0xb0005a6d>
    1604:	00f72023          	sw	a5,0(a4) # 40000000 <__bss_end+0x3fff942c>
    1608:	00000013          	nop
    160c:	00000013          	nop
    1610:	00000013          	nop
    1614:	00000013          	nop
    1618:	00000013          	nop
    161c:	00000013          	nop

00001620 <rvs_199>:
	}
	RV_MARK(199);
    1620:	00000013          	nop
	rv_local_sum += 5u;
    1624:	00007737          	lui	a4,0x7
    1628:	bd072783          	lw	a5,-1072(a4) # 6bd0 <rv_local_sum>
    162c:	00578793          	addi	a5,a5,5
    1630:	bcf72823          	sw	a5,-1072(a4)
}
    1634:	00008067          	ret

00001638 <rv_t019>:

void rv_t019(void)
{
	unsigned v, c, lk;
	unsigned use_lock = (SH->mode != RV_MODE_RACE_OPEN);
    1638:	30000737          	lui	a4,0x30000
    163c:	00472603          	lw	a2,4(a4) # 30000004 <__bss_end+0x2fff9430>
	/* RV_MODE_RACE_WRONG_LOCK: each core takes a DIFFERENT lock, so both
	 * believe they are protected and neither excludes the other. */
	lk = (SH->mode == RV_MODE_RACE_WRONG_LOCK) ? 0u : 0u;
    1640:	00472783          	lw	a5,4(a4)

00001644 <rvs_200>:

	RV_MARK(200);
    1644:	00000013          	nop
	if (use_lock) {
    1648:	00100693          	li	a3,1
    164c:	04d60a63          	beq	a2,a3,16a0 <rvs_202+0x2c>
		RV_ACQUIRE(lk, 0u, 1u, 201, 202);
    1650:	02070793          	addi	a5,a4,32

00001654 <rvs_201>:
    1654:	00d7a023          	sw	a3,0(a5)
    1658:	300007b7          	lui	a5,0x30000
    165c:	02d72423          	sw	a3,40(a4)
    1660:	00c0006f          	j	166c <rvs_201+0x18>
    1664:	0287a703          	lw	a4,40(a5) # 30000028 <__bss_end+0x2fff9454>
    1668:	00d71663          	bne	a4,a3,1674 <rvs_202>
    166c:	0247a703          	lw	a4,36(a5)
    1670:	fe071ae3          	bnez	a4,1664 <rvs_201+0x10>

00001674 <rvs_202>:
    1674:	00000013          	nop
    1678:	a800d7b7          	lui	a5,0xa800d
    167c:	40000737          	lui	a4,0x40000
    1680:	a4178793          	addi	a5,a5,-1471 # a800ca41 <__bss_end+0xa8005e6d>
    1684:	00f72023          	sw	a5,0(a4) # 40000000 <__bss_end+0x3fff942c>
    1688:	00000013          	nop
    168c:	00000013          	nop
    1690:	00000013          	nop
    1694:	00000013          	nop
    1698:	00000013          	nop
    169c:	00000013          	nop
	}
	RV_LD(v, &SH->balance, 203);
    16a0:	30000737          	lui	a4,0x30000
    16a4:	06070693          	addi	a3,a4,96 # 30000060 <__bss_end+0x2fff948c>

000016a8 <rvs_203>:
    16a8:	0006a783          	lw	a5,0(a3)
	v += 6u;
    16ac:	00678793          	addi	a5,a5,6

000016b0 <rvs_204>:
	RV_ST(&SH->balance, v, 204);
    16b0:	00f6a023          	sw	a5,0(a3)
	RV_LD(c, &SH->count, 205);
    16b4:	06470593          	addi	a1,a4,100

000016b8 <rvs_205>:
    16b8:	0005a683          	lw	a3,0(a1)
	RV_ST(&SH->count, c + 1u, 206);
    16bc:	00168513          	addi	a0,a3,1

000016c0 <rvs_206>:
    16c0:	00a5a023          	sw	a0,0(a1)
	RV_ST(&SH->checksum, (c ^ v) + 19u, 207);
    16c4:	00d7c7b3          	xor	a5,a5,a3
    16c8:	01378793          	addi	a5,a5,19
    16cc:	06870693          	addi	a3,a4,104

000016d0 <rvs_207>:
    16d0:	00f6a023          	sw	a5,0(a3)
	if (use_lock) {
    16d4:	00100793          	li	a5,1
    16d8:	02f60c63          	beq	a2,a5,1710 <rvs_209>
		RV_RELEASE(lk, 0u, 208);
    16dc:	02070713          	addi	a4,a4,32
    16e0:	00000793          	li	a5,0

000016e4 <rvs_208>:
    16e4:	00f72023          	sw	a5,0(a4)
    16e8:	b000d7b7          	lui	a5,0xb000d
    16ec:	40000737          	lui	a4,0x40000
    16f0:	04178793          	addi	a5,a5,65 # b000d041 <__bss_end+0xb000646d>
    16f4:	00f72023          	sw	a5,0(a4) # 40000000 <__bss_end+0x3fff942c>
    16f8:	00000013          	nop
    16fc:	00000013          	nop
    1700:	00000013          	nop
    1704:	00000013          	nop
    1708:	00000013          	nop
    170c:	00000013          	nop

00001710 <rvs_209>:
	}
	RV_MARK(209);
    1710:	00000013          	nop
	rv_local_sum += 6u;
    1714:	00007737          	lui	a4,0x7
    1718:	bd072783          	lw	a5,-1072(a4) # 6bd0 <rv_local_sum>
    171c:	00678793          	addi	a5,a5,6
    1720:	bcf72823          	sw	a5,-1072(a4)
}
    1724:	00008067          	ret

00001728 <rv_t020>:

void rv_t020(void)
{
    1728:	fe010113          	addi	sp,sp,-32
    172c:	00112e23          	sw	ra,28(sp)
    1730:	00812c23          	sw	s0,24(sp)
    1734:	00912a23          	sw	s1,20(sp)
    1738:	01212823          	sw	s2,16(sp)
    173c:	01312623          	sw	s3,12(sp)
    1740:	01412423          	sw	s4,8(sp)

00001744 <rvs_210>:
	unsigned h, t, p;

	RV_MARK(210);
    1744:	00000013          	nop
	RV_LD(h, &SH->ring_head, 211);
    1748:	30000437          	lui	s0,0x30000
    174c:	08040a13          	addi	s4,s0,128 # 30000080 <__bss_end+0x2fff94ac>

00001750 <rvs_211>:
    1750:	000a2903          	lw	s2,0(s4)
	RV_LD(t, &SH->ring_tail, 212);
    1754:	08440993          	addi	s3,s0,132

00001758 <rvs_212>:
    1758:	0009a983          	lw	s3,0(s3)

0000175c <rvs_217>:
	RV_MARK(217);
    175c:	00000013          	nop
	if (((h + 1u) % RV_RING_SLOTS) != t) {
    1760:	03c00593          	li	a1,60
    1764:	00190513          	addi	a0,s2,1
    1768:	1fc050ef          	jal	ra,6964 <__umodsi3>
    176c:	07350863          	beq	a0,s3,17dc <rvs_219+0x24>
		RV_ST(&SH->ring[h % RV_RING_SLOTS], h + 20u, 213);
    1770:	00050493          	mv	s1,a0
    1774:	03c00593          	li	a1,60
    1778:	00090513          	mv	a0,s2
    177c:	1e8050ef          	jal	ra,6964 <__umodsi3>
    1780:	00251513          	slli	a0,a0,0x2
    1784:	09040413          	addi	s0,s0,144
    1788:	00850433          	add	s0,a0,s0
    178c:	01490913          	addi	s2,s2,20

00001790 <rvs_213>:
    1790:	01242023          	sw	s2,0(s0)

00001794 <rvs_214>:
		RV_ST(&SH->ring_head, (h + 1u) % RV_RING_SLOTS, 214);
    1794:	009a2023          	sw	s1,0(s4)
	} else {
		SH->ring_drops++;
	}
	RV_LD(p, &rv_private, 215);
    1798:	000077b7          	lui	a5,0x7
    179c:	bcc78793          	addi	a5,a5,-1076 # 6bcc <rv_private>

000017a0 <rvs_215>:
    17a0:	0007a703          	lw	a4,0(a5)
	RV_ST(&rv_private, p + 1u, 216);
    17a4:	00170693          	addi	a3,a4,1

000017a8 <rvs_216>:
    17a8:	00d7a023          	sw	a3,0(a5)
	RV_ST(&SH->seq, p, 218);
    17ac:	300007b7          	lui	a5,0x30000
    17b0:	06c78793          	addi	a5,a5,108 # 3000006c <__bss_end+0x2fff9498>

000017b4 <rvs_218>:
    17b4:	00e7a023          	sw	a4,0(a5)

000017b8 <rvs_219>:
	RV_MARK(219);
    17b8:	00000013          	nop
}
    17bc:	01c12083          	lw	ra,28(sp)
    17c0:	01812403          	lw	s0,24(sp)
    17c4:	01412483          	lw	s1,20(sp)
    17c8:	01012903          	lw	s2,16(sp)
    17cc:	00c12983          	lw	s3,12(sp)
    17d0:	00812a03          	lw	s4,8(sp)
    17d4:	02010113          	addi	sp,sp,32
    17d8:	00008067          	ret
		SH->ring_drops++;
    17dc:	08842783          	lw	a5,136(s0)
    17e0:	00178793          	addi	a5,a5,1
    17e4:	08f42423          	sw	a5,136(s0)
    17e8:	fb1ff06f          	j	1798 <rvs_214+0x4>

000017ec <rv_t020_cap>:
void rv_t020_cap(void)
{
	unsigned w;
	/* The tag is COMPUTED here -- an ACT-ST trigger could only ever carry
	 * the constant its table entry was loaded with. */
	w = RV_ACT_WORD(RV_ACT_CMD_DAQ_PC_CURR, RV_ACT_SINK_AXIS,
    17ec:	30000537          	lui	a0,0x30000
    17f0:	08052703          	lw	a4,128(a0) # 30000080 <__bss_end+0x2fff94ac>
    17f4:	200007b7          	lui	a5,0x20000
    17f8:	f0078613          	addi	a2,a5,-256 # 1fffff00 <__bss_end+0x1fff932c>
    17fc:	00871713          	slli	a4,a4,0x8
    1800:	e00006b7          	lui	a3,0xe0000
    1804:	00c77733          	and	a4,a4,a2
    1808:	04168693          	addi	a3,a3,65 # e0000041 <__bss_end+0xdfff946d>
	                RV_TAG_VALUE(SH->ring_head & RV_VALUE_MASK));
	RV_ACTCAP_AT(220, w);
    180c:	400005b7          	lui	a1,0x40000
	w = RV_ACT_WORD(RV_ACT_CMD_DAQ_PC_CURR, RV_ACT_SINK_AXIS,
    1810:	00d76733          	or	a4,a4,a3

00001814 <rvs_220>:
	RV_ACTCAP_AT(220, w);
    1814:	00e5a023          	sw	a4,0(a1) # 40000000 <__bss_end+0x3fff942c>
    1818:	00000013          	nop
    181c:	00000013          	nop
    1820:	00000013          	nop
    1824:	00000013          	nop
    1828:	00000013          	nop
    182c:	00000013          	nop
	w = RV_ACT_WORD(RV_ACT_CMD_DAQ_PC_CURR, RV_ACT_SINK_AXIS,
    1830:	06052783          	lw	a5,96(a0)
    1834:	00879793          	slli	a5,a5,0x8
    1838:	00c7f7b3          	and	a5,a5,a2
    183c:	00d7e7b3          	or	a5,a5,a3

00001840 <rvs_221>:
	                RV_TAG_VALUE(SH->balance & RV_VALUE_MASK));
	RV_ACTCAP_AT(221, w);
    1840:	00f5a023          	sw	a5,0(a1)
    1844:	00000013          	nop
    1848:	00000013          	nop
    184c:	00000013          	nop
    1850:	00000013          	nop
    1854:	00000013          	nop
    1858:	00000013          	nop
	rv_actcap_issued += 2u;
    185c:	00007737          	lui	a4,0x7
    1860:	bc872783          	lw	a5,-1080(a4) # 6bc8 <rv_actcap_issued>
    1864:	00278793          	addi	a5,a5,2
    1868:	bcf72423          	sw	a5,-1080(a4)
}
    186c:	00008067          	ret

00001870 <rv_t021>:

void rv_t021(void)
{
    1870:	fe010113          	addi	sp,sp,-32
    1874:	00112e23          	sw	ra,28(sp)
    1878:	00812c23          	sw	s0,24(sp)
    187c:	00912a23          	sw	s1,20(sp)
    1880:	01212823          	sw	s2,16(sp)
    1884:	01312623          	sw	s3,12(sp)
    1888:	01412423          	sw	s4,8(sp)

0000188c <rvs_222>:
	unsigned h, t, p;

	RV_MARK(222);
    188c:	00000013          	nop
	RV_LD(h, &SH->ring_head, 223);
    1890:	30000437          	lui	s0,0x30000
    1894:	08040a13          	addi	s4,s0,128 # 30000080 <__bss_end+0x2fff94ac>

00001898 <rvs_223>:
    1898:	000a2903          	lw	s2,0(s4)
	RV_LD(t, &SH->ring_tail, 224);
    189c:	08440993          	addi	s3,s0,132

000018a0 <rvs_224>:
    18a0:	0009a983          	lw	s3,0(s3)

000018a4 <rvs_229>:
	RV_MARK(229);
    18a4:	00000013          	nop
	if (((h + 1u) % RV_RING_SLOTS) != t) {
    18a8:	03c00593          	li	a1,60
    18ac:	00190513          	addi	a0,s2,1
    18b0:	0b4050ef          	jal	ra,6964 <__umodsi3>
    18b4:	07350863          	beq	a0,s3,1924 <rvs_231+0x24>
		RV_ST(&SH->ring[h % RV_RING_SLOTS], h + 21u, 225);
    18b8:	00050493          	mv	s1,a0
    18bc:	03c00593          	li	a1,60
    18c0:	00090513          	mv	a0,s2
    18c4:	0a0050ef          	jal	ra,6964 <__umodsi3>
    18c8:	00251513          	slli	a0,a0,0x2
    18cc:	09040413          	addi	s0,s0,144
    18d0:	00850433          	add	s0,a0,s0
    18d4:	01590913          	addi	s2,s2,21

000018d8 <rvs_225>:
    18d8:	01242023          	sw	s2,0(s0)

000018dc <rvs_226>:
		RV_ST(&SH->ring_head, (h + 1u) % RV_RING_SLOTS, 226);
    18dc:	009a2023          	sw	s1,0(s4)
	} else {
		SH->ring_drops++;
	}
	RV_LD(p, &rv_private, 227);
    18e0:	000077b7          	lui	a5,0x7
    18e4:	bcc78793          	addi	a5,a5,-1076 # 6bcc <rv_private>

000018e8 <rvs_227>:
    18e8:	0007a703          	lw	a4,0(a5)
	RV_ST(&rv_private, p + 1u, 228);
    18ec:	00170693          	addi	a3,a4,1

000018f0 <rvs_228>:
    18f0:	00d7a023          	sw	a3,0(a5)
	RV_ST(&SH->seq, p, 230);
    18f4:	300007b7          	lui	a5,0x30000
    18f8:	06c78793          	addi	a5,a5,108 # 3000006c <__bss_end+0x2fff9498>

000018fc <rvs_230>:
    18fc:	00e7a023          	sw	a4,0(a5)

00001900 <rvs_231>:
	RV_MARK(231);
    1900:	00000013          	nop
}
    1904:	01c12083          	lw	ra,28(sp)
    1908:	01812403          	lw	s0,24(sp)
    190c:	01412483          	lw	s1,20(sp)
    1910:	01012903          	lw	s2,16(sp)
    1914:	00c12983          	lw	s3,12(sp)
    1918:	00812a03          	lw	s4,8(sp)
    191c:	02010113          	addi	sp,sp,32
    1920:	00008067          	ret
		SH->ring_drops++;
    1924:	08842783          	lw	a5,136(s0)
    1928:	00178793          	addi	a5,a5,1
    192c:	08f42423          	sw	a5,136(s0)
    1930:	fb1ff06f          	j	18e0 <rvs_226+0x4>

00001934 <rv_t022>:

void rv_t022(void)
{
    1934:	fe010113          	addi	sp,sp,-32
    1938:	00112e23          	sw	ra,28(sp)
    193c:	00812c23          	sw	s0,24(sp)
    1940:	00912a23          	sw	s1,20(sp)
    1944:	01212823          	sw	s2,16(sp)
    1948:	01312623          	sw	s3,12(sp)
    194c:	01412423          	sw	s4,8(sp)

00001950 <rvs_232>:
	unsigned h, t, p;

	RV_MARK(232);
    1950:	00000013          	nop
	RV_LD(h, &SH->ring_head, 233);
    1954:	30000437          	lui	s0,0x30000
    1958:	08040a13          	addi	s4,s0,128 # 30000080 <__bss_end+0x2fff94ac>

0000195c <rvs_233>:
    195c:	000a2903          	lw	s2,0(s4)
	RV_LD(t, &SH->ring_tail, 234);
    1960:	08440993          	addi	s3,s0,132

00001964 <rvs_234>:
    1964:	0009a983          	lw	s3,0(s3)

00001968 <rvs_239>:
	RV_MARK(239);
    1968:	00000013          	nop
	if (((h + 1u) % RV_RING_SLOTS) != t) {
    196c:	03c00593          	li	a1,60
    1970:	00190513          	addi	a0,s2,1
    1974:	7f1040ef          	jal	ra,6964 <__umodsi3>
    1978:	07350863          	beq	a0,s3,19e8 <rvs_241+0x24>
		RV_ST(&SH->ring[h % RV_RING_SLOTS], h + 22u, 235);
    197c:	00050493          	mv	s1,a0
    1980:	03c00593          	li	a1,60
    1984:	00090513          	mv	a0,s2
    1988:	7dd040ef          	jal	ra,6964 <__umodsi3>
    198c:	00251513          	slli	a0,a0,0x2
    1990:	09040413          	addi	s0,s0,144
    1994:	00850433          	add	s0,a0,s0
    1998:	01690913          	addi	s2,s2,22

0000199c <rvs_235>:
    199c:	01242023          	sw	s2,0(s0)

000019a0 <rvs_236>:
		RV_ST(&SH->ring_head, (h + 1u) % RV_RING_SLOTS, 236);
    19a0:	009a2023          	sw	s1,0(s4)
	} else {
		SH->ring_drops++;
	}
	RV_LD(p, &rv_private, 237);
    19a4:	000077b7          	lui	a5,0x7
    19a8:	bcc78793          	addi	a5,a5,-1076 # 6bcc <rv_private>

000019ac <rvs_237>:
    19ac:	0007a703          	lw	a4,0(a5)
	RV_ST(&rv_private, p + 1u, 238);
    19b0:	00170693          	addi	a3,a4,1

000019b4 <rvs_238>:
    19b4:	00d7a023          	sw	a3,0(a5)
	RV_ST(&SH->seq, p, 240);
    19b8:	300007b7          	lui	a5,0x30000
    19bc:	06c78793          	addi	a5,a5,108 # 3000006c <__bss_end+0x2fff9498>

000019c0 <rvs_240>:
    19c0:	00e7a023          	sw	a4,0(a5)

000019c4 <rvs_241>:
	RV_MARK(241);
    19c4:	00000013          	nop
}
    19c8:	01c12083          	lw	ra,28(sp)
    19cc:	01812403          	lw	s0,24(sp)
    19d0:	01412483          	lw	s1,20(sp)
    19d4:	01012903          	lw	s2,16(sp)
    19d8:	00c12983          	lw	s3,12(sp)
    19dc:	00812a03          	lw	s4,8(sp)
    19e0:	02010113          	addi	sp,sp,32
    19e4:	00008067          	ret
		SH->ring_drops++;
    19e8:	08842783          	lw	a5,136(s0)
    19ec:	00178793          	addi	a5,a5,1
    19f0:	08f42423          	sw	a5,136(s0)
    19f4:	fb1ff06f          	j	19a4 <rvs_236+0x4>

000019f8 <rv_t023>:

void rv_t023(void)
{
	unsigned v, c, lk;
	unsigned use_lock = (SH->mode != RV_MODE_RACE_OPEN);
    19f8:	30000737          	lui	a4,0x30000
    19fc:	00472603          	lw	a2,4(a4) # 30000004 <__bss_end+0x2fff9430>
	/* RV_MODE_RACE_WRONG_LOCK: each core takes a DIFFERENT lock, so both
	 * believe they are protected and neither excludes the other. */
	lk = (SH->mode == RV_MODE_RACE_WRONG_LOCK) ? 0u : 0u;
    1a00:	00472783          	lw	a5,4(a4)

00001a04 <rvs_242>:

	RV_MARK(242);
    1a04:	00000013          	nop
	if (use_lock) {
    1a08:	00100693          	li	a3,1
    1a0c:	04d60a63          	beq	a2,a3,1a60 <rvs_244+0x2c>
		RV_ACQUIRE(lk, 0u, 1u, 243, 244);
    1a10:	02070793          	addi	a5,a4,32

00001a14 <rvs_243>:
    1a14:	00d7a023          	sw	a3,0(a5)
    1a18:	300007b7          	lui	a5,0x30000
    1a1c:	02d72423          	sw	a3,40(a4)
    1a20:	00c0006f          	j	1a2c <rvs_243+0x18>
    1a24:	0287a703          	lw	a4,40(a5) # 30000028 <__bss_end+0x2fff9454>
    1a28:	00d71663          	bne	a4,a3,1a34 <rvs_244>
    1a2c:	0247a703          	lw	a4,36(a5)
    1a30:	fe071ae3          	bnez	a4,1a24 <rvs_243+0x10>

00001a34 <rvs_244>:
    1a34:	00000013          	nop
    1a38:	a800f7b7          	lui	a5,0xa800f
    1a3c:	40000737          	lui	a4,0x40000
    1a40:	44178793          	addi	a5,a5,1089 # a800f441 <__bss_end+0xa800886d>
    1a44:	00f72023          	sw	a5,0(a4) # 40000000 <__bss_end+0x3fff942c>
    1a48:	00000013          	nop
    1a4c:	00000013          	nop
    1a50:	00000013          	nop
    1a54:	00000013          	nop
    1a58:	00000013          	nop
    1a5c:	00000013          	nop
	}
	RV_LD(v, &SH->balance, 245);
    1a60:	30000737          	lui	a4,0x30000
    1a64:	06070693          	addi	a3,a4,96 # 30000060 <__bss_end+0x2fff948c>

00001a68 <rvs_245>:
    1a68:	0006a783          	lw	a5,0(a3)
	v += 3u;
    1a6c:	00378793          	addi	a5,a5,3

00001a70 <rvs_246>:
	RV_ST(&SH->balance, v, 246);
    1a70:	00f6a023          	sw	a5,0(a3)
	RV_LD(c, &SH->count, 247);
    1a74:	06470593          	addi	a1,a4,100

00001a78 <rvs_247>:
    1a78:	0005a683          	lw	a3,0(a1)
	RV_ST(&SH->count, c + 1u, 248);
    1a7c:	00168513          	addi	a0,a3,1

00001a80 <rvs_248>:
    1a80:	00a5a023          	sw	a0,0(a1)
	RV_ST(&SH->checksum, (c ^ v) + 23u, 249);
    1a84:	00d7c7b3          	xor	a5,a5,a3
    1a88:	01778793          	addi	a5,a5,23
    1a8c:	06870693          	addi	a3,a4,104

00001a90 <rvs_249>:
    1a90:	00f6a023          	sw	a5,0(a3)
	if (use_lock) {
    1a94:	00100793          	li	a5,1
    1a98:	02f60c63          	beq	a2,a5,1ad0 <rvs_251>
		RV_RELEASE(lk, 0u, 250);
    1a9c:	02070713          	addi	a4,a4,32
    1aa0:	00000793          	li	a5,0

00001aa4 <rvs_250>:
    1aa4:	00f72023          	sw	a5,0(a4)
    1aa8:	b00107b7          	lui	a5,0xb0010
    1aac:	40000737          	lui	a4,0x40000
    1ab0:	a4178793          	addi	a5,a5,-1471 # b000fa41 <__bss_end+0xb0008e6d>
    1ab4:	00f72023          	sw	a5,0(a4) # 40000000 <__bss_end+0x3fff942c>
    1ab8:	00000013          	nop
    1abc:	00000013          	nop
    1ac0:	00000013          	nop
    1ac4:	00000013          	nop
    1ac8:	00000013          	nop
    1acc:	00000013          	nop

00001ad0 <rvs_251>:
	}
	RV_MARK(251);
    1ad0:	00000013          	nop
	rv_local_sum += 3u;
    1ad4:	00007737          	lui	a4,0x7
    1ad8:	bd072783          	lw	a5,-1072(a4) # 6bd0 <rv_local_sum>
    1adc:	00378793          	addi	a5,a5,3
    1ae0:	bcf72823          	sw	a5,-1072(a4)
}
    1ae4:	00008067          	ret

00001ae8 <rv_t024>:

void rv_t024(void)
{
	unsigned v, c, lk;
	unsigned use_lock = (SH->mode != RV_MODE_RACE_OPEN);
    1ae8:	30000737          	lui	a4,0x30000
    1aec:	00472603          	lw	a2,4(a4) # 30000004 <__bss_end+0x2fff9430>
	/* RV_MODE_RACE_WRONG_LOCK: each core takes a DIFFERENT lock, so both
	 * believe they are protected and neither excludes the other. */
	lk = (SH->mode == RV_MODE_RACE_WRONG_LOCK) ? 0u : 0u;
    1af0:	00472783          	lw	a5,4(a4)

00001af4 <rvs_252>:

	RV_MARK(252);
    1af4:	00000013          	nop
	if (use_lock) {
    1af8:	00100693          	li	a3,1
    1afc:	04d60a63          	beq	a2,a3,1b50 <rvs_254+0x2c>
		RV_ACQUIRE(lk, 0u, 1u, 253, 254);
    1b00:	02070793          	addi	a5,a4,32

00001b04 <rvs_253>:
    1b04:	00d7a023          	sw	a3,0(a5)
    1b08:	300007b7          	lui	a5,0x30000
    1b0c:	02d72423          	sw	a3,40(a4)
    1b10:	00c0006f          	j	1b1c <rvs_253+0x18>
    1b14:	0287a703          	lw	a4,40(a5) # 30000028 <__bss_end+0x2fff9454>
    1b18:	00d71663          	bne	a4,a3,1b24 <rvs_254>
    1b1c:	0247a703          	lw	a4,36(a5)
    1b20:	fe071ae3          	bnez	a4,1b14 <rvs_253+0x10>

00001b24 <rvs_254>:
    1b24:	00000013          	nop
    1b28:	a80107b7          	lui	a5,0xa8010
    1b2c:	40000737          	lui	a4,0x40000
    1b30:	e4178793          	addi	a5,a5,-447 # a800fe41 <__bss_end+0xa800926d>
    1b34:	00f72023          	sw	a5,0(a4) # 40000000 <__bss_end+0x3fff942c>
    1b38:	00000013          	nop
    1b3c:	00000013          	nop
    1b40:	00000013          	nop
    1b44:	00000013          	nop
    1b48:	00000013          	nop
    1b4c:	00000013          	nop
	}
	RV_LD(v, &SH->balance, 255);
    1b50:	30000737          	lui	a4,0x30000
    1b54:	06070693          	addi	a3,a4,96 # 30000060 <__bss_end+0x2fff948c>

00001b58 <rvs_255>:
    1b58:	0006a783          	lw	a5,0(a3)
	v += 4u;
    1b5c:	00478793          	addi	a5,a5,4

00001b60 <rvs_256>:
	RV_ST(&SH->balance, v, 256);
    1b60:	00f6a023          	sw	a5,0(a3)
	RV_LD(c, &SH->count, 257);
    1b64:	06470593          	addi	a1,a4,100

00001b68 <rvs_257>:
    1b68:	0005a683          	lw	a3,0(a1)
	RV_ST(&SH->count, c + 1u, 258);
    1b6c:	00168513          	addi	a0,a3,1

00001b70 <rvs_258>:
    1b70:	00a5a023          	sw	a0,0(a1)
	RV_ST(&SH->checksum, (c ^ v) + 24u, 259);
    1b74:	00d7c7b3          	xor	a5,a5,a3
    1b78:	01878793          	addi	a5,a5,24
    1b7c:	06870693          	addi	a3,a4,104

00001b80 <rvs_259>:
    1b80:	00f6a023          	sw	a5,0(a3)
	if (use_lock) {
    1b84:	00100793          	li	a5,1
    1b88:	02f60c63          	beq	a2,a5,1bc0 <rvs_261>
		RV_RELEASE(lk, 0u, 260);
    1b8c:	02070713          	addi	a4,a4,32
    1b90:	00000793          	li	a5,0

00001b94 <rvs_260>:
    1b94:	00f72023          	sw	a5,0(a4)
    1b98:	b00107b7          	lui	a5,0xb0010
    1b9c:	40000737          	lui	a4,0x40000
    1ba0:	44178793          	addi	a5,a5,1089 # b0010441 <__bss_end+0xb000986d>
    1ba4:	00f72023          	sw	a5,0(a4) # 40000000 <__bss_end+0x3fff942c>
    1ba8:	00000013          	nop
    1bac:	00000013          	nop
    1bb0:	00000013          	nop
    1bb4:	00000013          	nop
    1bb8:	00000013          	nop
    1bbc:	00000013          	nop

00001bc0 <rvs_261>:
	}
	RV_MARK(261);
    1bc0:	00000013          	nop
	rv_local_sum += 4u;
    1bc4:	00007737          	lui	a4,0x7
    1bc8:	bd072783          	lw	a5,-1072(a4) # 6bd0 <rv_local_sum>
    1bcc:	00478793          	addi	a5,a5,4
    1bd0:	bcf72823          	sw	a5,-1072(a4)
}
    1bd4:	00008067          	ret

00001bd8 <rv_t024_cap>:
void rv_t024_cap(void)
{
	unsigned w;
	/* The tag is COMPUTED here -- an ACT-ST trigger could only ever carry
	 * the constant its table entry was loaded with. */
	w = RV_ACT_WORD(RV_ACT_CMD_DAQ_PC_CURR, RV_ACT_SINK_AXIS,
    1bd8:	30000537          	lui	a0,0x30000
    1bdc:	08052703          	lw	a4,128(a0) # 30000080 <__bss_end+0x2fff94ac>
    1be0:	200007b7          	lui	a5,0x20000
    1be4:	f0078613          	addi	a2,a5,-256 # 1fffff00 <__bss_end+0x1fff932c>
    1be8:	00871713          	slli	a4,a4,0x8
    1bec:	e00006b7          	lui	a3,0xe0000
    1bf0:	00c77733          	and	a4,a4,a2
    1bf4:	04168693          	addi	a3,a3,65 # e0000041 <__bss_end+0xdfff946d>
	                RV_TAG_VALUE(SH->ring_head & RV_VALUE_MASK));
	RV_ACTCAP_AT(262, w);
    1bf8:	400005b7          	lui	a1,0x40000
	w = RV_ACT_WORD(RV_ACT_CMD_DAQ_PC_CURR, RV_ACT_SINK_AXIS,
    1bfc:	00d76733          	or	a4,a4,a3

00001c00 <rvs_262>:
	RV_ACTCAP_AT(262, w);
    1c00:	00e5a023          	sw	a4,0(a1) # 40000000 <__bss_end+0x3fff942c>
    1c04:	00000013          	nop
    1c08:	00000013          	nop
    1c0c:	00000013          	nop
    1c10:	00000013          	nop
    1c14:	00000013          	nop
    1c18:	00000013          	nop
	w = RV_ACT_WORD(RV_ACT_CMD_DAQ_PC_CURR, RV_ACT_SINK_AXIS,
    1c1c:	06052783          	lw	a5,96(a0)
    1c20:	00879793          	slli	a5,a5,0x8
    1c24:	00c7f7b3          	and	a5,a5,a2
    1c28:	00d7e7b3          	or	a5,a5,a3

00001c2c <rvs_263>:
	                RV_TAG_VALUE(SH->balance & RV_VALUE_MASK));
	RV_ACTCAP_AT(263, w);
    1c2c:	00f5a023          	sw	a5,0(a1)
    1c30:	00000013          	nop
    1c34:	00000013          	nop
    1c38:	00000013          	nop
    1c3c:	00000013          	nop
    1c40:	00000013          	nop
    1c44:	00000013          	nop
	rv_actcap_issued += 2u;
    1c48:	00007737          	lui	a4,0x7
    1c4c:	bc872783          	lw	a5,-1080(a4) # 6bc8 <rv_actcap_issued>
    1c50:	00278793          	addi	a5,a5,2
    1c54:	bcf72423          	sw	a5,-1080(a4)
}
    1c58:	00008067          	ret

00001c5c <rv_t025>:

void rv_t025(void)
{
	unsigned v, c, lk;
	unsigned use_lock = (SH->mode != RV_MODE_RACE_OPEN);
    1c5c:	30000737          	lui	a4,0x30000
    1c60:	00472603          	lw	a2,4(a4) # 30000004 <__bss_end+0x2fff9430>
	/* RV_MODE_RACE_WRONG_LOCK: each core takes a DIFFERENT lock, so both
	 * believe they are protected and neither excludes the other. */
	lk = (SH->mode == RV_MODE_RACE_WRONG_LOCK) ? 0u : 0u;
    1c64:	00472783          	lw	a5,4(a4)

00001c68 <rvs_264>:

	RV_MARK(264);
    1c68:	00000013          	nop
	if (use_lock) {
    1c6c:	00100693          	li	a3,1
    1c70:	04d60a63          	beq	a2,a3,1cc4 <rvs_266+0x2c>
		RV_ACQUIRE(lk, 0u, 1u, 265, 266);
    1c74:	02070793          	addi	a5,a4,32

00001c78 <rvs_265>:
    1c78:	00d7a023          	sw	a3,0(a5)
    1c7c:	300007b7          	lui	a5,0x30000
    1c80:	02d72423          	sw	a3,40(a4)
    1c84:	00c0006f          	j	1c90 <rvs_265+0x18>
    1c88:	0287a703          	lw	a4,40(a5) # 30000028 <__bss_end+0x2fff9454>
    1c8c:	00d71663          	bne	a4,a3,1c98 <rvs_266>
    1c90:	0247a703          	lw	a4,36(a5)
    1c94:	fe071ae3          	bnez	a4,1c88 <rvs_265+0x10>

00001c98 <rvs_266>:
    1c98:	00000013          	nop
    1c9c:	a80117b7          	lui	a5,0xa8011
    1ca0:	40000737          	lui	a4,0x40000
    1ca4:	a4178793          	addi	a5,a5,-1471 # a8010a41 <__bss_end+0xa8009e6d>
    1ca8:	00f72023          	sw	a5,0(a4) # 40000000 <__bss_end+0x3fff942c>
    1cac:	00000013          	nop
    1cb0:	00000013          	nop
    1cb4:	00000013          	nop
    1cb8:	00000013          	nop
    1cbc:	00000013          	nop
    1cc0:	00000013          	nop
	}
	RV_LD(v, &SH->balance, 267);
    1cc4:	30000737          	lui	a4,0x30000
    1cc8:	06070693          	addi	a3,a4,96 # 30000060 <__bss_end+0x2fff948c>

00001ccc <rvs_267>:
    1ccc:	0006a783          	lw	a5,0(a3)
	v += 5u;
    1cd0:	00578793          	addi	a5,a5,5

00001cd4 <rvs_268>:
	RV_ST(&SH->balance, v, 268);
    1cd4:	00f6a023          	sw	a5,0(a3)
	RV_LD(c, &SH->count, 269);
    1cd8:	06470593          	addi	a1,a4,100

00001cdc <rvs_269>:
    1cdc:	0005a683          	lw	a3,0(a1)
	RV_ST(&SH->count, c + 1u, 270);
    1ce0:	00168513          	addi	a0,a3,1

00001ce4 <rvs_270>:
    1ce4:	00a5a023          	sw	a0,0(a1)
	RV_ST(&SH->checksum, (c ^ v) + 25u, 271);
    1ce8:	00d7c7b3          	xor	a5,a5,a3
    1cec:	01978793          	addi	a5,a5,25
    1cf0:	06870693          	addi	a3,a4,104

00001cf4 <rvs_271>:
    1cf4:	00f6a023          	sw	a5,0(a3)
	if (use_lock) {
    1cf8:	00100793          	li	a5,1
    1cfc:	02f60c63          	beq	a2,a5,1d34 <rvs_273>
		RV_RELEASE(lk, 0u, 272);
    1d00:	02070713          	addi	a4,a4,32
    1d04:	00000793          	li	a5,0

00001d08 <rvs_272>:
    1d08:	00f72023          	sw	a5,0(a4)
    1d0c:	b00117b7          	lui	a5,0xb0011
    1d10:	40000737          	lui	a4,0x40000
    1d14:	04178793          	addi	a5,a5,65 # b0011041 <__bss_end+0xb000a46d>
    1d18:	00f72023          	sw	a5,0(a4) # 40000000 <__bss_end+0x3fff942c>
    1d1c:	00000013          	nop
    1d20:	00000013          	nop
    1d24:	00000013          	nop
    1d28:	00000013          	nop
    1d2c:	00000013          	nop
    1d30:	00000013          	nop

00001d34 <rvs_273>:
	}
	RV_MARK(273);
    1d34:	00000013          	nop
	rv_local_sum += 5u;
    1d38:	00007737          	lui	a4,0x7
    1d3c:	bd072783          	lw	a5,-1072(a4) # 6bd0 <rv_local_sum>
    1d40:	00578793          	addi	a5,a5,5
    1d44:	bcf72823          	sw	a5,-1072(a4)
}
    1d48:	00008067          	ret

00001d4c <rv_t026>:

void rv_t026(void)
{
	unsigned v, c, lk;
	unsigned use_lock = (SH->mode != RV_MODE_RACE_OPEN);
    1d4c:	30000737          	lui	a4,0x30000
    1d50:	00472603          	lw	a2,4(a4) # 30000004 <__bss_end+0x2fff9430>
	/* RV_MODE_RACE_WRONG_LOCK: each core takes a DIFFERENT lock, so both
	 * believe they are protected and neither excludes the other. */
	lk = (SH->mode == RV_MODE_RACE_WRONG_LOCK) ? 0u : 0u;
    1d54:	00472783          	lw	a5,4(a4)

00001d58 <rvs_274>:

	RV_MARK(274);
    1d58:	00000013          	nop
	if (use_lock) {
    1d5c:	00100693          	li	a3,1
    1d60:	04d60a63          	beq	a2,a3,1db4 <rvs_276+0x2c>
		RV_ACQUIRE(lk, 0u, 1u, 275, 276);
    1d64:	02070793          	addi	a5,a4,32

00001d68 <rvs_275>:
    1d68:	00d7a023          	sw	a3,0(a5)
    1d6c:	300007b7          	lui	a5,0x30000
    1d70:	02d72423          	sw	a3,40(a4)
    1d74:	00c0006f          	j	1d80 <rvs_275+0x18>
    1d78:	0287a703          	lw	a4,40(a5) # 30000028 <__bss_end+0x2fff9454>
    1d7c:	00d71663          	bne	a4,a3,1d88 <rvs_276>
    1d80:	0247a703          	lw	a4,36(a5)
    1d84:	fe071ae3          	bnez	a4,1d78 <rvs_275+0x10>

00001d88 <rvs_276>:
    1d88:	00000013          	nop
    1d8c:	a80117b7          	lui	a5,0xa8011
    1d90:	40000737          	lui	a4,0x40000
    1d94:	44178793          	addi	a5,a5,1089 # a8011441 <__bss_end+0xa800a86d>
    1d98:	00f72023          	sw	a5,0(a4) # 40000000 <__bss_end+0x3fff942c>
    1d9c:	00000013          	nop
    1da0:	00000013          	nop
    1da4:	00000013          	nop
    1da8:	00000013          	nop
    1dac:	00000013          	nop
    1db0:	00000013          	nop
	}
	RV_LD(v, &SH->balance, 277);
    1db4:	30000737          	lui	a4,0x30000
    1db8:	06070693          	addi	a3,a4,96 # 30000060 <__bss_end+0x2fff948c>

00001dbc <rvs_277>:
    1dbc:	0006a783          	lw	a5,0(a3)
	v += 6u;
    1dc0:	00678793          	addi	a5,a5,6

00001dc4 <rvs_278>:
	RV_ST(&SH->balance, v, 278);
    1dc4:	00f6a023          	sw	a5,0(a3)
	RV_LD(c, &SH->count, 279);
    1dc8:	06470593          	addi	a1,a4,100

00001dcc <rvs_279>:
    1dcc:	0005a683          	lw	a3,0(a1)
	RV_ST(&SH->count, c + 1u, 280);
    1dd0:	00168513          	addi	a0,a3,1

00001dd4 <rvs_280>:
    1dd4:	00a5a023          	sw	a0,0(a1)
	RV_ST(&SH->checksum, (c ^ v) + 26u, 281);
    1dd8:	00d7c7b3          	xor	a5,a5,a3
    1ddc:	01a78793          	addi	a5,a5,26
    1de0:	06870693          	addi	a3,a4,104

00001de4 <rvs_281>:
    1de4:	00f6a023          	sw	a5,0(a3)
	if (use_lock) {
    1de8:	00100793          	li	a5,1
    1dec:	02f60c63          	beq	a2,a5,1e24 <rvs_283>
		RV_RELEASE(lk, 0u, 282);
    1df0:	02070713          	addi	a4,a4,32
    1df4:	00000793          	li	a5,0

00001df8 <rvs_282>:
    1df8:	00f72023          	sw	a5,0(a4)
    1dfc:	b00127b7          	lui	a5,0xb0012
    1e00:	40000737          	lui	a4,0x40000
    1e04:	a4178793          	addi	a5,a5,-1471 # b0011a41 <__bss_end+0xb000ae6d>
    1e08:	00f72023          	sw	a5,0(a4) # 40000000 <__bss_end+0x3fff942c>
    1e0c:	00000013          	nop
    1e10:	00000013          	nop
    1e14:	00000013          	nop
    1e18:	00000013          	nop
    1e1c:	00000013          	nop
    1e20:	00000013          	nop

00001e24 <rvs_283>:
	}
	RV_MARK(283);
    1e24:	00000013          	nop
	rv_local_sum += 6u;
    1e28:	00007737          	lui	a4,0x7
    1e2c:	bd072783          	lw	a5,-1072(a4) # 6bd0 <rv_local_sum>
    1e30:	00678793          	addi	a5,a5,6
    1e34:	bcf72823          	sw	a5,-1072(a4)
}
    1e38:	00008067          	ret

00001e3c <rv_t027>:

void rv_t027(void)
{
	unsigned v, c, lk;
	unsigned use_lock = (SH->mode != RV_MODE_RACE_OPEN);
    1e3c:	30000737          	lui	a4,0x30000
    1e40:	00472603          	lw	a2,4(a4) # 30000004 <__bss_end+0x2fff9430>
	/* RV_MODE_RACE_WRONG_LOCK: each core takes a DIFFERENT lock, so both
	 * believe they are protected and neither excludes the other. */
	lk = (SH->mode == RV_MODE_RACE_WRONG_LOCK) ? 0u : 0u;
    1e44:	00472783          	lw	a5,4(a4)

00001e48 <rvs_284>:

	RV_MARK(284);
    1e48:	00000013          	nop
	if (use_lock) {
    1e4c:	00100693          	li	a3,1
    1e50:	04d60a63          	beq	a2,a3,1ea4 <rvs_286+0x2c>
		RV_ACQUIRE(lk, 0u, 1u, 285, 286);
    1e54:	02070793          	addi	a5,a4,32

00001e58 <rvs_285>:
    1e58:	00d7a023          	sw	a3,0(a5)
    1e5c:	300007b7          	lui	a5,0x30000
    1e60:	02d72423          	sw	a3,40(a4)
    1e64:	00c0006f          	j	1e70 <rvs_285+0x18>
    1e68:	0287a703          	lw	a4,40(a5) # 30000028 <__bss_end+0x2fff9454>
    1e6c:	00d71663          	bne	a4,a3,1e78 <rvs_286>
    1e70:	0247a703          	lw	a4,36(a5)
    1e74:	fe071ae3          	bnez	a4,1e68 <rvs_285+0x10>

00001e78 <rvs_286>:
    1e78:	00000013          	nop
    1e7c:	a80127b7          	lui	a5,0xa8012
    1e80:	40000737          	lui	a4,0x40000
    1e84:	e4178793          	addi	a5,a5,-447 # a8011e41 <__bss_end+0xa800b26d>
    1e88:	00f72023          	sw	a5,0(a4) # 40000000 <__bss_end+0x3fff942c>
    1e8c:	00000013          	nop
    1e90:	00000013          	nop
    1e94:	00000013          	nop
    1e98:	00000013          	nop
    1e9c:	00000013          	nop
    1ea0:	00000013          	nop
	}
	RV_LD(v, &SH->balance, 287);
    1ea4:	30000737          	lui	a4,0x30000
    1ea8:	06070693          	addi	a3,a4,96 # 30000060 <__bss_end+0x2fff948c>

00001eac <rvs_287>:
    1eac:	0006a783          	lw	a5,0(a3)
	v += 7u;
    1eb0:	00778793          	addi	a5,a5,7

00001eb4 <rvs_288>:
	RV_ST(&SH->balance, v, 288);
    1eb4:	00f6a023          	sw	a5,0(a3)
	RV_LD(c, &SH->count, 289);
    1eb8:	06470593          	addi	a1,a4,100

00001ebc <rvs_289>:
    1ebc:	0005a683          	lw	a3,0(a1)
	RV_ST(&SH->count, c + 1u, 290);
    1ec0:	00168513          	addi	a0,a3,1

00001ec4 <rvs_290>:
    1ec4:	00a5a023          	sw	a0,0(a1)
	RV_ST(&SH->checksum, (c ^ v) + 27u, 291);
    1ec8:	00d7c7b3          	xor	a5,a5,a3
    1ecc:	01b78793          	addi	a5,a5,27
    1ed0:	06870693          	addi	a3,a4,104

00001ed4 <rvs_291>:
    1ed4:	00f6a023          	sw	a5,0(a3)
	if (use_lock) {
    1ed8:	00100793          	li	a5,1
    1edc:	02f60c63          	beq	a2,a5,1f14 <rvs_293>
		RV_RELEASE(lk, 0u, 292);
    1ee0:	02070713          	addi	a4,a4,32
    1ee4:	00000793          	li	a5,0

00001ee8 <rvs_292>:
    1ee8:	00f72023          	sw	a5,0(a4)
    1eec:	b00127b7          	lui	a5,0xb0012
    1ef0:	40000737          	lui	a4,0x40000
    1ef4:	44178793          	addi	a5,a5,1089 # b0012441 <__bss_end+0xb000b86d>
    1ef8:	00f72023          	sw	a5,0(a4) # 40000000 <__bss_end+0x3fff942c>
    1efc:	00000013          	nop
    1f00:	00000013          	nop
    1f04:	00000013          	nop
    1f08:	00000013          	nop
    1f0c:	00000013          	nop
    1f10:	00000013          	nop

00001f14 <rvs_293>:
	}
	RV_MARK(293);
    1f14:	00000013          	nop
	rv_local_sum += 7u;
    1f18:	00007737          	lui	a4,0x7
    1f1c:	bd072783          	lw	a5,-1072(a4) # 6bd0 <rv_local_sum>
    1f20:	00778793          	addi	a5,a5,7
    1f24:	bcf72823          	sw	a5,-1072(a4)
}
    1f28:	00008067          	ret

00001f2c <rv_t028>:

void rv_t028(void)
{
	unsigned v, c, lk;
	unsigned use_lock = (SH->mode != RV_MODE_RACE_OPEN);
    1f2c:	30000737          	lui	a4,0x30000
    1f30:	00472603          	lw	a2,4(a4) # 30000004 <__bss_end+0x2fff9430>
	/* RV_MODE_RACE_WRONG_LOCK: each core takes a DIFFERENT lock, so both
	 * believe they are protected and neither excludes the other. */
	lk = (SH->mode == RV_MODE_RACE_WRONG_LOCK) ? 0u : 0u;
    1f34:	00472783          	lw	a5,4(a4)

00001f38 <rvs_294>:

	RV_MARK(294);
    1f38:	00000013          	nop
	if (use_lock) {
    1f3c:	00100693          	li	a3,1
    1f40:	04d60a63          	beq	a2,a3,1f94 <rvs_296+0x2c>
		RV_ACQUIRE(lk, 0u, 1u, 295, 296);
    1f44:	02070793          	addi	a5,a4,32

00001f48 <rvs_295>:
    1f48:	00d7a023          	sw	a3,0(a5)
    1f4c:	300007b7          	lui	a5,0x30000
    1f50:	02d72423          	sw	a3,40(a4)
    1f54:	00c0006f          	j	1f60 <rvs_295+0x18>
    1f58:	0287a703          	lw	a4,40(a5) # 30000028 <__bss_end+0x2fff9454>
    1f5c:	00d71663          	bne	a4,a3,1f68 <rvs_296>
    1f60:	0247a703          	lw	a4,36(a5)
    1f64:	fe071ae3          	bnez	a4,1f58 <rvs_295+0x10>

00001f68 <rvs_296>:
    1f68:	00000013          	nop
    1f6c:	a80137b7          	lui	a5,0xa8013
    1f70:	40000737          	lui	a4,0x40000
    1f74:	84178793          	addi	a5,a5,-1983 # a8012841 <__bss_end+0xa800bc6d>
    1f78:	00f72023          	sw	a5,0(a4) # 40000000 <__bss_end+0x3fff942c>
    1f7c:	00000013          	nop
    1f80:	00000013          	nop
    1f84:	00000013          	nop
    1f88:	00000013          	nop
    1f8c:	00000013          	nop
    1f90:	00000013          	nop
	}
	RV_LD(v, &SH->balance, 297);
    1f94:	30000737          	lui	a4,0x30000
    1f98:	06070693          	addi	a3,a4,96 # 30000060 <__bss_end+0x2fff948c>

00001f9c <rvs_297>:
    1f9c:	0006a783          	lw	a5,0(a3)
	v += 1u;
    1fa0:	00178793          	addi	a5,a5,1

00001fa4 <rvs_298>:
	RV_ST(&SH->balance, v, 298);
    1fa4:	00f6a023          	sw	a5,0(a3)
	RV_LD(c, &SH->count, 299);
    1fa8:	06470593          	addi	a1,a4,100

00001fac <rvs_299>:
    1fac:	0005a683          	lw	a3,0(a1)
	RV_ST(&SH->count, c + 1u, 300);
    1fb0:	00168513          	addi	a0,a3,1

00001fb4 <rvs_300>:
    1fb4:	00a5a023          	sw	a0,0(a1)
	RV_ST(&SH->checksum, (c ^ v) + 28u, 301);
    1fb8:	00d7c7b3          	xor	a5,a5,a3
    1fbc:	01c78793          	addi	a5,a5,28
    1fc0:	06870693          	addi	a3,a4,104

00001fc4 <rvs_301>:
    1fc4:	00f6a023          	sw	a5,0(a3)
	if (use_lock) {
    1fc8:	00100793          	li	a5,1
    1fcc:	02f60c63          	beq	a2,a5,2004 <rvs_303>
		RV_RELEASE(lk, 0u, 302);
    1fd0:	02070713          	addi	a4,a4,32
    1fd4:	00000793          	li	a5,0

00001fd8 <rvs_302>:
    1fd8:	00f72023          	sw	a5,0(a4)
    1fdc:	b00137b7          	lui	a5,0xb0013
    1fe0:	40000737          	lui	a4,0x40000
    1fe4:	e4178793          	addi	a5,a5,-447 # b0012e41 <__bss_end+0xb000c26d>
    1fe8:	00f72023          	sw	a5,0(a4) # 40000000 <__bss_end+0x3fff942c>
    1fec:	00000013          	nop
    1ff0:	00000013          	nop
    1ff4:	00000013          	nop
    1ff8:	00000013          	nop
    1ffc:	00000013          	nop
    2000:	00000013          	nop

00002004 <rvs_303>:
	}
	RV_MARK(303);
    2004:	00000013          	nop
	rv_local_sum += 1u;
    2008:	00007737          	lui	a4,0x7
    200c:	bd072783          	lw	a5,-1072(a4) # 6bd0 <rv_local_sum>
    2010:	00178793          	addi	a5,a5,1
    2014:	bcf72823          	sw	a5,-1072(a4)
}
    2018:	00008067          	ret

0000201c <rv_t028_cap>:
void rv_t028_cap(void)
{
	unsigned w;
	/* The tag is COMPUTED here -- an ACT-ST trigger could only ever carry
	 * the constant its table entry was loaded with. */
	w = RV_ACT_WORD(RV_ACT_CMD_DAQ_PC_CURR, RV_ACT_SINK_AXIS,
    201c:	30000537          	lui	a0,0x30000
    2020:	08052703          	lw	a4,128(a0) # 30000080 <__bss_end+0x2fff94ac>
    2024:	200007b7          	lui	a5,0x20000
    2028:	f0078613          	addi	a2,a5,-256 # 1fffff00 <__bss_end+0x1fff932c>
    202c:	00871713          	slli	a4,a4,0x8
    2030:	e00006b7          	lui	a3,0xe0000
    2034:	00c77733          	and	a4,a4,a2
    2038:	04168693          	addi	a3,a3,65 # e0000041 <__bss_end+0xdfff946d>
	                RV_TAG_VALUE(SH->ring_head & RV_VALUE_MASK));
	RV_ACTCAP_AT(304, w);
    203c:	400005b7          	lui	a1,0x40000
	w = RV_ACT_WORD(RV_ACT_CMD_DAQ_PC_CURR, RV_ACT_SINK_AXIS,
    2040:	00d76733          	or	a4,a4,a3

00002044 <rvs_304>:
	RV_ACTCAP_AT(304, w);
    2044:	00e5a023          	sw	a4,0(a1) # 40000000 <__bss_end+0x3fff942c>
    2048:	00000013          	nop
    204c:	00000013          	nop
    2050:	00000013          	nop
    2054:	00000013          	nop
    2058:	00000013          	nop
    205c:	00000013          	nop
	w = RV_ACT_WORD(RV_ACT_CMD_DAQ_PC_CURR, RV_ACT_SINK_AXIS,
    2060:	06052783          	lw	a5,96(a0)
    2064:	00879793          	slli	a5,a5,0x8
    2068:	00c7f7b3          	and	a5,a5,a2
    206c:	00d7e7b3          	or	a5,a5,a3

00002070 <rvs_305>:
	                RV_TAG_VALUE(SH->balance & RV_VALUE_MASK));
	RV_ACTCAP_AT(305, w);
    2070:	00f5a023          	sw	a5,0(a1)
    2074:	00000013          	nop
    2078:	00000013          	nop
    207c:	00000013          	nop
    2080:	00000013          	nop
    2084:	00000013          	nop
    2088:	00000013          	nop
	rv_actcap_issued += 2u;
    208c:	00007737          	lui	a4,0x7
    2090:	bc872783          	lw	a5,-1080(a4) # 6bc8 <rv_actcap_issued>
    2094:	00278793          	addi	a5,a5,2
    2098:	bcf72423          	sw	a5,-1080(a4)
}
    209c:	00008067          	ret

000020a0 <rv_t029>:

void rv_t029(void)
{
	unsigned v, c, lk;
	unsigned use_lock = (SH->mode != RV_MODE_RACE_OPEN);
    20a0:	30000737          	lui	a4,0x30000
    20a4:	00472603          	lw	a2,4(a4) # 30000004 <__bss_end+0x2fff9430>
	/* RV_MODE_RACE_WRONG_LOCK: each core takes a DIFFERENT lock, so both
	 * believe they are protected and neither excludes the other. */
	lk = (SH->mode == RV_MODE_RACE_WRONG_LOCK) ? 0u : 0u;
    20a8:	00472783          	lw	a5,4(a4)

000020ac <rvs_306>:

	RV_MARK(306);
    20ac:	00000013          	nop
	if (use_lock) {
    20b0:	00100693          	li	a3,1
    20b4:	04d60a63          	beq	a2,a3,2108 <rvs_308+0x2c>
		RV_ACQUIRE(lk, 0u, 1u, 307, 308);
    20b8:	02070793          	addi	a5,a4,32

000020bc <rvs_307>:
    20bc:	00d7a023          	sw	a3,0(a5)
    20c0:	300007b7          	lui	a5,0x30000
    20c4:	02d72423          	sw	a3,40(a4)
    20c8:	00c0006f          	j	20d4 <rvs_307+0x18>
    20cc:	0287a703          	lw	a4,40(a5) # 30000028 <__bss_end+0x2fff9454>
    20d0:	00d71663          	bne	a4,a3,20dc <rvs_308>
    20d4:	0247a703          	lw	a4,36(a5)
    20d8:	fe071ae3          	bnez	a4,20cc <rvs_307+0x10>

000020dc <rvs_308>:
    20dc:	00000013          	nop
    20e0:	a80137b7          	lui	a5,0xa8013
    20e4:	40000737          	lui	a4,0x40000
    20e8:	44178793          	addi	a5,a5,1089 # a8013441 <__bss_end+0xa800c86d>
    20ec:	00f72023          	sw	a5,0(a4) # 40000000 <__bss_end+0x3fff942c>
    20f0:	00000013          	nop
    20f4:	00000013          	nop
    20f8:	00000013          	nop
    20fc:	00000013          	nop
    2100:	00000013          	nop
    2104:	00000013          	nop
	}
	RV_LD(v, &SH->balance, 309);
    2108:	30000737          	lui	a4,0x30000
    210c:	06070693          	addi	a3,a4,96 # 30000060 <__bss_end+0x2fff948c>

00002110 <rvs_309>:
    2110:	0006a783          	lw	a5,0(a3)
	v += 2u;
    2114:	00278793          	addi	a5,a5,2

00002118 <rvs_310>:
	RV_ST(&SH->balance, v, 310);
    2118:	00f6a023          	sw	a5,0(a3)
	RV_LD(c, &SH->count, 311);
    211c:	06470593          	addi	a1,a4,100

00002120 <rvs_311>:
    2120:	0005a683          	lw	a3,0(a1)
	RV_ST(&SH->count, c + 1u, 312);
    2124:	00168513          	addi	a0,a3,1

00002128 <rvs_312>:
    2128:	00a5a023          	sw	a0,0(a1)
	RV_ST(&SH->checksum, (c ^ v) + 29u, 313);
    212c:	00d7c7b3          	xor	a5,a5,a3
    2130:	01d78793          	addi	a5,a5,29
    2134:	06870693          	addi	a3,a4,104

00002138 <rvs_313>:
    2138:	00f6a023          	sw	a5,0(a3)
	if (use_lock) {
    213c:	00100793          	li	a5,1
    2140:	02f60c63          	beq	a2,a5,2178 <rvs_315>
		RV_RELEASE(lk, 0u, 314);
    2144:	02070713          	addi	a4,a4,32
    2148:	00000793          	li	a5,0

0000214c <rvs_314>:
    214c:	00f72023          	sw	a5,0(a4)
    2150:	b00147b7          	lui	a5,0xb0014
    2154:	40000737          	lui	a4,0x40000
    2158:	a4178793          	addi	a5,a5,-1471 # b0013a41 <__bss_end+0xb000ce6d>
    215c:	00f72023          	sw	a5,0(a4) # 40000000 <__bss_end+0x3fff942c>
    2160:	00000013          	nop
    2164:	00000013          	nop
    2168:	00000013          	nop
    216c:	00000013          	nop
    2170:	00000013          	nop
    2174:	00000013          	nop

00002178 <rvs_315>:
	}
	RV_MARK(315);
    2178:	00000013          	nop
	rv_local_sum += 2u;
    217c:	00007737          	lui	a4,0x7
    2180:	bd072783          	lw	a5,-1072(a4) # 6bd0 <rv_local_sum>
    2184:	00278793          	addi	a5,a5,2
    2188:	bcf72823          	sw	a5,-1072(a4)
}
    218c:	00008067          	ret

00002190 <rv_t030>:

void rv_t030(void)
{
    2190:	fe010113          	addi	sp,sp,-32
    2194:	00112e23          	sw	ra,28(sp)
    2198:	00812c23          	sw	s0,24(sp)
    219c:	00912a23          	sw	s1,20(sp)
    21a0:	01212823          	sw	s2,16(sp)
    21a4:	01312623          	sw	s3,12(sp)
    21a8:	01412423          	sw	s4,8(sp)

000021ac <rvs_316>:
	unsigned h, t, p;

	RV_MARK(316);
    21ac:	00000013          	nop
	RV_LD(h, &SH->ring_head, 317);
    21b0:	30000437          	lui	s0,0x30000
    21b4:	08040a13          	addi	s4,s0,128 # 30000080 <__bss_end+0x2fff94ac>

000021b8 <rvs_317>:
    21b8:	000a2903          	lw	s2,0(s4)
	RV_LD(t, &SH->ring_tail, 318);
    21bc:	08440993          	addi	s3,s0,132

000021c0 <rvs_318>:
    21c0:	0009a983          	lw	s3,0(s3)

000021c4 <rvs_323>:
	RV_MARK(323);
    21c4:	00000013          	nop
	if (((h + 1u) % RV_RING_SLOTS) != t) {
    21c8:	03c00593          	li	a1,60
    21cc:	00190513          	addi	a0,s2,1
    21d0:	794040ef          	jal	ra,6964 <__umodsi3>
    21d4:	07350863          	beq	a0,s3,2244 <rvs_325+0x24>
		RV_ST(&SH->ring[h % RV_RING_SLOTS], h + 30u, 319);
    21d8:	00050493          	mv	s1,a0
    21dc:	03c00593          	li	a1,60
    21e0:	00090513          	mv	a0,s2
    21e4:	780040ef          	jal	ra,6964 <__umodsi3>
    21e8:	00251513          	slli	a0,a0,0x2
    21ec:	09040413          	addi	s0,s0,144
    21f0:	00850433          	add	s0,a0,s0
    21f4:	01e90913          	addi	s2,s2,30

000021f8 <rvs_319>:
    21f8:	01242023          	sw	s2,0(s0)

000021fc <rvs_320>:
		RV_ST(&SH->ring_head, (h + 1u) % RV_RING_SLOTS, 320);
    21fc:	009a2023          	sw	s1,0(s4)
	} else {
		SH->ring_drops++;
	}
	RV_LD(p, &rv_private, 321);
    2200:	000077b7          	lui	a5,0x7
    2204:	bcc78793          	addi	a5,a5,-1076 # 6bcc <rv_private>

00002208 <rvs_321>:
    2208:	0007a703          	lw	a4,0(a5)
	RV_ST(&rv_private, p + 1u, 322);
    220c:	00170693          	addi	a3,a4,1

00002210 <rvs_322>:
    2210:	00d7a023          	sw	a3,0(a5)
	RV_ST(&SH->seq, p, 324);
    2214:	300007b7          	lui	a5,0x30000
    2218:	06c78793          	addi	a5,a5,108 # 3000006c <__bss_end+0x2fff9498>

0000221c <rvs_324>:
    221c:	00e7a023          	sw	a4,0(a5)

00002220 <rvs_325>:
	RV_MARK(325);
    2220:	00000013          	nop
}
    2224:	01c12083          	lw	ra,28(sp)
    2228:	01812403          	lw	s0,24(sp)
    222c:	01412483          	lw	s1,20(sp)
    2230:	01012903          	lw	s2,16(sp)
    2234:	00c12983          	lw	s3,12(sp)
    2238:	00812a03          	lw	s4,8(sp)
    223c:	02010113          	addi	sp,sp,32
    2240:	00008067          	ret
		SH->ring_drops++;
    2244:	08842783          	lw	a5,136(s0)
    2248:	00178793          	addi	a5,a5,1
    224c:	08f42423          	sw	a5,136(s0)
    2250:	fb1ff06f          	j	2200 <rvs_320+0x4>

00002254 <rv_t031>:

void rv_t031(void)
{
    2254:	fe010113          	addi	sp,sp,-32
    2258:	00112e23          	sw	ra,28(sp)
    225c:	00812c23          	sw	s0,24(sp)
    2260:	00912a23          	sw	s1,20(sp)
    2264:	01212823          	sw	s2,16(sp)
    2268:	01312623          	sw	s3,12(sp)
    226c:	01412423          	sw	s4,8(sp)

00002270 <rvs_326>:
	unsigned h, t, p;

	RV_MARK(326);
    2270:	00000013          	nop
	RV_LD(h, &SH->ring_head, 327);
    2274:	30000437          	lui	s0,0x30000
    2278:	08040a13          	addi	s4,s0,128 # 30000080 <__bss_end+0x2fff94ac>

0000227c <rvs_327>:
    227c:	000a2903          	lw	s2,0(s4)
	RV_LD(t, &SH->ring_tail, 328);
    2280:	08440993          	addi	s3,s0,132

00002284 <rvs_328>:
    2284:	0009a983          	lw	s3,0(s3)

00002288 <rvs_333>:
	RV_MARK(333);
    2288:	00000013          	nop
	if (((h + 1u) % RV_RING_SLOTS) != t) {
    228c:	03c00593          	li	a1,60
    2290:	00190513          	addi	a0,s2,1
    2294:	6d0040ef          	jal	ra,6964 <__umodsi3>
    2298:	07350863          	beq	a0,s3,2308 <rvs_335+0x24>
		RV_ST(&SH->ring[h % RV_RING_SLOTS], h + 31u, 329);
    229c:	00050493          	mv	s1,a0
    22a0:	03c00593          	li	a1,60
    22a4:	00090513          	mv	a0,s2
    22a8:	6bc040ef          	jal	ra,6964 <__umodsi3>
    22ac:	00251513          	slli	a0,a0,0x2
    22b0:	09040413          	addi	s0,s0,144
    22b4:	00850433          	add	s0,a0,s0
    22b8:	01f90913          	addi	s2,s2,31

000022bc <rvs_329>:
    22bc:	01242023          	sw	s2,0(s0)

000022c0 <rvs_330>:
		RV_ST(&SH->ring_head, (h + 1u) % RV_RING_SLOTS, 330);
    22c0:	009a2023          	sw	s1,0(s4)
	} else {
		SH->ring_drops++;
	}
	RV_LD(p, &rv_private, 331);
    22c4:	000077b7          	lui	a5,0x7
    22c8:	bcc78793          	addi	a5,a5,-1076 # 6bcc <rv_private>

000022cc <rvs_331>:
    22cc:	0007a703          	lw	a4,0(a5)
	RV_ST(&rv_private, p + 1u, 332);
    22d0:	00170693          	addi	a3,a4,1

000022d4 <rvs_332>:
    22d4:	00d7a023          	sw	a3,0(a5)
	RV_ST(&SH->seq, p, 334);
    22d8:	300007b7          	lui	a5,0x30000
    22dc:	06c78793          	addi	a5,a5,108 # 3000006c <__bss_end+0x2fff9498>

000022e0 <rvs_334>:
    22e0:	00e7a023          	sw	a4,0(a5)

000022e4 <rvs_335>:
	RV_MARK(335);
    22e4:	00000013          	nop
}
    22e8:	01c12083          	lw	ra,28(sp)
    22ec:	01812403          	lw	s0,24(sp)
    22f0:	01412483          	lw	s1,20(sp)
    22f4:	01012903          	lw	s2,16(sp)
    22f8:	00c12983          	lw	s3,12(sp)
    22fc:	00812a03          	lw	s4,8(sp)
    2300:	02010113          	addi	sp,sp,32
    2304:	00008067          	ret
		SH->ring_drops++;
    2308:	08842783          	lw	a5,136(s0)
    230c:	00178793          	addi	a5,a5,1
    2310:	08f42423          	sw	a5,136(s0)
    2314:	fb1ff06f          	j	22c4 <rvs_330+0x4>

00002318 <rv_t032>:

void rv_t032(void)
{
    2318:	fe010113          	addi	sp,sp,-32
    231c:	00112e23          	sw	ra,28(sp)
    2320:	00812c23          	sw	s0,24(sp)
    2324:	00912a23          	sw	s1,20(sp)
    2328:	01212823          	sw	s2,16(sp)
    232c:	01312623          	sw	s3,12(sp)
    2330:	01412423          	sw	s4,8(sp)

00002334 <rvs_336>:
	unsigned h, t, p;

	RV_MARK(336);
    2334:	00000013          	nop
	RV_LD(h, &SH->ring_head, 337);
    2338:	30000437          	lui	s0,0x30000
    233c:	08040a13          	addi	s4,s0,128 # 30000080 <__bss_end+0x2fff94ac>

00002340 <rvs_337>:
    2340:	000a2903          	lw	s2,0(s4)
	RV_LD(t, &SH->ring_tail, 338);
    2344:	08440993          	addi	s3,s0,132

00002348 <rvs_338>:
    2348:	0009a983          	lw	s3,0(s3)

0000234c <rvs_343>:
	RV_MARK(343);
    234c:	00000013          	nop
	if (((h + 1u) % RV_RING_SLOTS) != t) {
    2350:	03c00593          	li	a1,60
    2354:	00190513          	addi	a0,s2,1
    2358:	60c040ef          	jal	ra,6964 <__umodsi3>
    235c:	07350863          	beq	a0,s3,23cc <rvs_345+0x24>
		RV_ST(&SH->ring[h % RV_RING_SLOTS], h + 32u, 339);
    2360:	00050493          	mv	s1,a0
    2364:	03c00593          	li	a1,60
    2368:	00090513          	mv	a0,s2
    236c:	5f8040ef          	jal	ra,6964 <__umodsi3>
    2370:	00251513          	slli	a0,a0,0x2
    2374:	09040413          	addi	s0,s0,144
    2378:	00850433          	add	s0,a0,s0
    237c:	02090913          	addi	s2,s2,32

00002380 <rvs_339>:
    2380:	01242023          	sw	s2,0(s0)

00002384 <rvs_340>:
		RV_ST(&SH->ring_head, (h + 1u) % RV_RING_SLOTS, 340);
    2384:	009a2023          	sw	s1,0(s4)
	} else {
		SH->ring_drops++;
	}
	RV_LD(p, &rv_private, 341);
    2388:	000077b7          	lui	a5,0x7
    238c:	bcc78793          	addi	a5,a5,-1076 # 6bcc <rv_private>

00002390 <rvs_341>:
    2390:	0007a703          	lw	a4,0(a5)
	RV_ST(&rv_private, p + 1u, 342);
    2394:	00170693          	addi	a3,a4,1

00002398 <rvs_342>:
    2398:	00d7a023          	sw	a3,0(a5)
	RV_ST(&SH->seq, p, 344);
    239c:	300007b7          	lui	a5,0x30000
    23a0:	06c78793          	addi	a5,a5,108 # 3000006c <__bss_end+0x2fff9498>

000023a4 <rvs_344>:
    23a4:	00e7a023          	sw	a4,0(a5)

000023a8 <rvs_345>:
	RV_MARK(345);
    23a8:	00000013          	nop
}
    23ac:	01c12083          	lw	ra,28(sp)
    23b0:	01812403          	lw	s0,24(sp)
    23b4:	01412483          	lw	s1,20(sp)
    23b8:	01012903          	lw	s2,16(sp)
    23bc:	00c12983          	lw	s3,12(sp)
    23c0:	00812a03          	lw	s4,8(sp)
    23c4:	02010113          	addi	sp,sp,32
    23c8:	00008067          	ret
		SH->ring_drops++;
    23cc:	08842783          	lw	a5,136(s0)
    23d0:	00178793          	addi	a5,a5,1
    23d4:	08f42423          	sw	a5,136(s0)
    23d8:	fb1ff06f          	j	2388 <rvs_340+0x4>

000023dc <rv_t032_cap>:
void rv_t032_cap(void)
{
	unsigned w;
	/* The tag is COMPUTED here -- an ACT-ST trigger could only ever carry
	 * the constant its table entry was loaded with. */
	w = RV_ACT_WORD(RV_ACT_CMD_DAQ_PC_CURR, RV_ACT_SINK_AXIS,
    23dc:	30000537          	lui	a0,0x30000
    23e0:	08052703          	lw	a4,128(a0) # 30000080 <__bss_end+0x2fff94ac>
    23e4:	200007b7          	lui	a5,0x20000
    23e8:	f0078613          	addi	a2,a5,-256 # 1fffff00 <__bss_end+0x1fff932c>
    23ec:	00871713          	slli	a4,a4,0x8
    23f0:	e00006b7          	lui	a3,0xe0000
    23f4:	00c77733          	and	a4,a4,a2
    23f8:	04168693          	addi	a3,a3,65 # e0000041 <__bss_end+0xdfff946d>
	                RV_TAG_VALUE(SH->ring_head & RV_VALUE_MASK));
	RV_ACTCAP_AT(346, w);
    23fc:	400005b7          	lui	a1,0x40000
	w = RV_ACT_WORD(RV_ACT_CMD_DAQ_PC_CURR, RV_ACT_SINK_AXIS,
    2400:	00d76733          	or	a4,a4,a3

00002404 <rvs_346>:
	RV_ACTCAP_AT(346, w);
    2404:	00e5a023          	sw	a4,0(a1) # 40000000 <__bss_end+0x3fff942c>
    2408:	00000013          	nop
    240c:	00000013          	nop
    2410:	00000013          	nop
    2414:	00000013          	nop
    2418:	00000013          	nop
    241c:	00000013          	nop
	w = RV_ACT_WORD(RV_ACT_CMD_DAQ_PC_CURR, RV_ACT_SINK_AXIS,
    2420:	06052783          	lw	a5,96(a0)
    2424:	00879793          	slli	a5,a5,0x8
    2428:	00c7f7b3          	and	a5,a5,a2
    242c:	00d7e7b3          	or	a5,a5,a3

00002430 <rvs_347>:
	                RV_TAG_VALUE(SH->balance & RV_VALUE_MASK));
	RV_ACTCAP_AT(347, w);
    2430:	00f5a023          	sw	a5,0(a1)
    2434:	00000013          	nop
    2438:	00000013          	nop
    243c:	00000013          	nop
    2440:	00000013          	nop
    2444:	00000013          	nop
    2448:	00000013          	nop
	rv_actcap_issued += 2u;
    244c:	00007737          	lui	a4,0x7
    2450:	bc872783          	lw	a5,-1080(a4) # 6bc8 <rv_actcap_issued>
    2454:	00278793          	addi	a5,a5,2
    2458:	bcf72423          	sw	a5,-1080(a4)
}
    245c:	00008067          	ret

00002460 <rv_t033>:

void rv_t033(void)
{
	unsigned v, c, lk;
	unsigned use_lock = (SH->mode != RV_MODE_RACE_OPEN);
    2460:	30000737          	lui	a4,0x30000
    2464:	00472603          	lw	a2,4(a4) # 30000004 <__bss_end+0x2fff9430>
	/* RV_MODE_RACE_WRONG_LOCK: each core takes a DIFFERENT lock, so both
	 * believe they are protected and neither excludes the other. */
	lk = (SH->mode == RV_MODE_RACE_WRONG_LOCK) ? 0u : 0u;
    2468:	00472783          	lw	a5,4(a4)

0000246c <rvs_348>:

	RV_MARK(348);
    246c:	00000013          	nop
	if (use_lock) {
    2470:	00100693          	li	a3,1
    2474:	04d60a63          	beq	a2,a3,24c8 <rvs_350+0x2c>
		RV_ACQUIRE(lk, 0u, 1u, 349, 350);
    2478:	02070793          	addi	a5,a4,32

0000247c <rvs_349>:
    247c:	00d7a023          	sw	a3,0(a5)
    2480:	300007b7          	lui	a5,0x30000
    2484:	02d72423          	sw	a3,40(a4)
    2488:	00c0006f          	j	2494 <rvs_349+0x18>
    248c:	0287a703          	lw	a4,40(a5) # 30000028 <__bss_end+0x2fff9454>
    2490:	00d71663          	bne	a4,a3,249c <rvs_350>
    2494:	0247a703          	lw	a4,36(a5)
    2498:	fe071ae3          	bnez	a4,248c <rvs_349+0x10>

0000249c <rvs_350>:
    249c:	00000013          	nop
    24a0:	a80167b7          	lui	a5,0xa8016
    24a4:	40000737          	lui	a4,0x40000
    24a8:	e4178793          	addi	a5,a5,-447 # a8015e41 <__bss_end+0xa800f26d>
    24ac:	00f72023          	sw	a5,0(a4) # 40000000 <__bss_end+0x3fff942c>
    24b0:	00000013          	nop
    24b4:	00000013          	nop
    24b8:	00000013          	nop
    24bc:	00000013          	nop
    24c0:	00000013          	nop
    24c4:	00000013          	nop
	}
	RV_LD(v, &SH->balance, 351);
    24c8:	30000737          	lui	a4,0x30000
    24cc:	06070693          	addi	a3,a4,96 # 30000060 <__bss_end+0x2fff948c>

000024d0 <rvs_351>:
    24d0:	0006a783          	lw	a5,0(a3)
	v += 6u;
    24d4:	00678793          	addi	a5,a5,6

000024d8 <rvs_352>:
	RV_ST(&SH->balance, v, 352);
    24d8:	00f6a023          	sw	a5,0(a3)
	RV_LD(c, &SH->count, 353);
    24dc:	06470593          	addi	a1,a4,100

000024e0 <rvs_353>:
    24e0:	0005a683          	lw	a3,0(a1)
	RV_ST(&SH->count, c + 1u, 354);
    24e4:	00168513          	addi	a0,a3,1

000024e8 <rvs_354>:
    24e8:	00a5a023          	sw	a0,0(a1)
	RV_ST(&SH->checksum, (c ^ v) + 33u, 355);
    24ec:	00d7c7b3          	xor	a5,a5,a3
    24f0:	02178793          	addi	a5,a5,33
    24f4:	06870693          	addi	a3,a4,104

000024f8 <rvs_355>:
    24f8:	00f6a023          	sw	a5,0(a3)
	if (use_lock) {
    24fc:	00100793          	li	a5,1
    2500:	02f60c63          	beq	a2,a5,2538 <rvs_357>
		RV_RELEASE(lk, 0u, 356);
    2504:	02070713          	addi	a4,a4,32
    2508:	00000793          	li	a5,0

0000250c <rvs_356>:
    250c:	00f72023          	sw	a5,0(a4)
    2510:	b00167b7          	lui	a5,0xb0016
    2514:	40000737          	lui	a4,0x40000
    2518:	44178793          	addi	a5,a5,1089 # b0016441 <__bss_end+0xb000f86d>
    251c:	00f72023          	sw	a5,0(a4) # 40000000 <__bss_end+0x3fff942c>
    2520:	00000013          	nop
    2524:	00000013          	nop
    2528:	00000013          	nop
    252c:	00000013          	nop
    2530:	00000013          	nop
    2534:	00000013          	nop

00002538 <rvs_357>:
	}
	RV_MARK(357);
    2538:	00000013          	nop
	rv_local_sum += 6u;
    253c:	00007737          	lui	a4,0x7
    2540:	bd072783          	lw	a5,-1072(a4) # 6bd0 <rv_local_sum>
    2544:	00678793          	addi	a5,a5,6
    2548:	bcf72823          	sw	a5,-1072(a4)
}
    254c:	00008067          	ret

00002550 <rv_t034>:

void rv_t034(void)
{
	unsigned v, c, lk;
	unsigned use_lock = (SH->mode != RV_MODE_RACE_OPEN);
    2550:	30000737          	lui	a4,0x30000
    2554:	00472603          	lw	a2,4(a4) # 30000004 <__bss_end+0x2fff9430>
	/* RV_MODE_RACE_WRONG_LOCK: each core takes a DIFFERENT lock, so both
	 * believe they are protected and neither excludes the other. */
	lk = (SH->mode == RV_MODE_RACE_WRONG_LOCK) ? 0u : 0u;
    2558:	00472783          	lw	a5,4(a4)

0000255c <rvs_358>:

	RV_MARK(358);
    255c:	00000013          	nop
	if (use_lock) {
    2560:	00100693          	li	a3,1
    2564:	04d60a63          	beq	a2,a3,25b8 <rvs_360+0x2c>
		RV_ACQUIRE(lk, 0u, 1u, 359, 360);
    2568:	02070793          	addi	a5,a4,32

0000256c <rvs_359>:
    256c:	00d7a023          	sw	a3,0(a5)
    2570:	300007b7          	lui	a5,0x30000
    2574:	02d72423          	sw	a3,40(a4)
    2578:	00c0006f          	j	2584 <rvs_359+0x18>
    257c:	0287a703          	lw	a4,40(a5) # 30000028 <__bss_end+0x2fff9454>
    2580:	00d71663          	bne	a4,a3,258c <rvs_360>
    2584:	0247a703          	lw	a4,36(a5)
    2588:	fe071ae3          	bnez	a4,257c <rvs_359+0x10>

0000258c <rvs_360>:
    258c:	00000013          	nop
    2590:	a80177b7          	lui	a5,0xa8017
    2594:	40000737          	lui	a4,0x40000
    2598:	84178793          	addi	a5,a5,-1983 # a8016841 <__bss_end+0xa800fc6d>
    259c:	00f72023          	sw	a5,0(a4) # 40000000 <__bss_end+0x3fff942c>
    25a0:	00000013          	nop
    25a4:	00000013          	nop
    25a8:	00000013          	nop
    25ac:	00000013          	nop
    25b0:	00000013          	nop
    25b4:	00000013          	nop
	}
	RV_LD(v, &SH->balance, 361);
    25b8:	30000737          	lui	a4,0x30000
    25bc:	06070693          	addi	a3,a4,96 # 30000060 <__bss_end+0x2fff948c>

000025c0 <rvs_361>:
    25c0:	0006a783          	lw	a5,0(a3)
	v += 7u;
    25c4:	00778793          	addi	a5,a5,7

000025c8 <rvs_362>:
	RV_ST(&SH->balance, v, 362);
    25c8:	00f6a023          	sw	a5,0(a3)
	RV_LD(c, &SH->count, 363);
    25cc:	06470593          	addi	a1,a4,100

000025d0 <rvs_363>:
    25d0:	0005a683          	lw	a3,0(a1)
	RV_ST(&SH->count, c + 1u, 364);
    25d4:	00168513          	addi	a0,a3,1

000025d8 <rvs_364>:
    25d8:	00a5a023          	sw	a0,0(a1)
	RV_ST(&SH->checksum, (c ^ v) + 34u, 365);
    25dc:	00d7c7b3          	xor	a5,a5,a3
    25e0:	02278793          	addi	a5,a5,34
    25e4:	06870693          	addi	a3,a4,104

000025e8 <rvs_365>:
    25e8:	00f6a023          	sw	a5,0(a3)
	if (use_lock) {
    25ec:	00100793          	li	a5,1
    25f0:	02f60c63          	beq	a2,a5,2628 <rvs_367>
		RV_RELEASE(lk, 0u, 366);
    25f4:	02070713          	addi	a4,a4,32
    25f8:	00000793          	li	a5,0

000025fc <rvs_366>:
    25fc:	00f72023          	sw	a5,0(a4)
    2600:	b00177b7          	lui	a5,0xb0017
    2604:	40000737          	lui	a4,0x40000
    2608:	e4178793          	addi	a5,a5,-447 # b0016e41 <__bss_end+0xb001026d>
    260c:	00f72023          	sw	a5,0(a4) # 40000000 <__bss_end+0x3fff942c>
    2610:	00000013          	nop
    2614:	00000013          	nop
    2618:	00000013          	nop
    261c:	00000013          	nop
    2620:	00000013          	nop
    2624:	00000013          	nop

00002628 <rvs_367>:
	}
	RV_MARK(367);
    2628:	00000013          	nop
	rv_local_sum += 7u;
    262c:	00007737          	lui	a4,0x7
    2630:	bd072783          	lw	a5,-1072(a4) # 6bd0 <rv_local_sum>
    2634:	00778793          	addi	a5,a5,7
    2638:	bcf72823          	sw	a5,-1072(a4)
}
    263c:	00008067          	ret

00002640 <rv_t035>:

void rv_t035(void)
{
	unsigned v, c, lk;
	unsigned use_lock = (SH->mode != RV_MODE_RACE_OPEN);
    2640:	30000737          	lui	a4,0x30000
    2644:	00472603          	lw	a2,4(a4) # 30000004 <__bss_end+0x2fff9430>
	/* RV_MODE_RACE_WRONG_LOCK: each core takes a DIFFERENT lock, so both
	 * believe they are protected and neither excludes the other. */
	lk = (SH->mode == RV_MODE_RACE_WRONG_LOCK) ? 0u : 0u;
    2648:	00472783          	lw	a5,4(a4)

0000264c <rvs_368>:

	RV_MARK(368);
    264c:	00000013          	nop
	if (use_lock) {
    2650:	00100693          	li	a3,1
    2654:	04d60a63          	beq	a2,a3,26a8 <rvs_370+0x2c>
		RV_ACQUIRE(lk, 0u, 1u, 369, 370);
    2658:	02070793          	addi	a5,a4,32

0000265c <rvs_369>:
    265c:	00d7a023          	sw	a3,0(a5)
    2660:	300007b7          	lui	a5,0x30000
    2664:	02d72423          	sw	a3,40(a4)
    2668:	00c0006f          	j	2674 <rvs_369+0x18>
    266c:	0287a703          	lw	a4,40(a5) # 30000028 <__bss_end+0x2fff9454>
    2670:	00d71663          	bne	a4,a3,267c <rvs_370>
    2674:	0247a703          	lw	a4,36(a5)
    2678:	fe071ae3          	bnez	a4,266c <rvs_369+0x10>

0000267c <rvs_370>:
    267c:	00000013          	nop
    2680:	a80177b7          	lui	a5,0xa8017
    2684:	40000737          	lui	a4,0x40000
    2688:	24178793          	addi	a5,a5,577 # a8017241 <__bss_end+0xa801066d>
    268c:	00f72023          	sw	a5,0(a4) # 40000000 <__bss_end+0x3fff942c>
    2690:	00000013          	nop
    2694:	00000013          	nop
    2698:	00000013          	nop
    269c:	00000013          	nop
    26a0:	00000013          	nop
    26a4:	00000013          	nop
	}
	RV_LD(v, &SH->balance, 371);
    26a8:	30000737          	lui	a4,0x30000
    26ac:	06070693          	addi	a3,a4,96 # 30000060 <__bss_end+0x2fff948c>

000026b0 <rvs_371>:
    26b0:	0006a783          	lw	a5,0(a3)
	v += 1u;
    26b4:	00178793          	addi	a5,a5,1

000026b8 <rvs_372>:
	RV_ST(&SH->balance, v, 372);
    26b8:	00f6a023          	sw	a5,0(a3)
	RV_LD(c, &SH->count, 373);
    26bc:	06470593          	addi	a1,a4,100

000026c0 <rvs_373>:
    26c0:	0005a683          	lw	a3,0(a1)
	RV_ST(&SH->count, c + 1u, 374);
    26c4:	00168513          	addi	a0,a3,1

000026c8 <rvs_374>:
    26c8:	00a5a023          	sw	a0,0(a1)
	RV_ST(&SH->checksum, (c ^ v) + 35u, 375);
    26cc:	00d7c7b3          	xor	a5,a5,a3
    26d0:	02378793          	addi	a5,a5,35
    26d4:	06870693          	addi	a3,a4,104

000026d8 <rvs_375>:
    26d8:	00f6a023          	sw	a5,0(a3)
	if (use_lock) {
    26dc:	00100793          	li	a5,1
    26e0:	02f60c63          	beq	a2,a5,2718 <rvs_377>
		RV_RELEASE(lk, 0u, 376);
    26e4:	02070713          	addi	a4,a4,32
    26e8:	00000793          	li	a5,0

000026ec <rvs_376>:
    26ec:	00f72023          	sw	a5,0(a4)
    26f0:	b00187b7          	lui	a5,0xb0018
    26f4:	40000737          	lui	a4,0x40000
    26f8:	84178793          	addi	a5,a5,-1983 # b0017841 <__bss_end+0xb0010c6d>
    26fc:	00f72023          	sw	a5,0(a4) # 40000000 <__bss_end+0x3fff942c>
    2700:	00000013          	nop
    2704:	00000013          	nop
    2708:	00000013          	nop
    270c:	00000013          	nop
    2710:	00000013          	nop
    2714:	00000013          	nop

00002718 <rvs_377>:
	}
	RV_MARK(377);
    2718:	00000013          	nop
	rv_local_sum += 1u;
    271c:	00007737          	lui	a4,0x7
    2720:	bd072783          	lw	a5,-1072(a4) # 6bd0 <rv_local_sum>
    2724:	00178793          	addi	a5,a5,1
    2728:	bcf72823          	sw	a5,-1072(a4)
}
    272c:	00008067          	ret

00002730 <rv_t036>:

void rv_t036(void)
{
	unsigned v, c, lk;
	unsigned use_lock = (SH->mode != RV_MODE_RACE_OPEN);
    2730:	30000737          	lui	a4,0x30000
    2734:	00472603          	lw	a2,4(a4) # 30000004 <__bss_end+0x2fff9430>
	/* RV_MODE_RACE_WRONG_LOCK: each core takes a DIFFERENT lock, so both
	 * believe they are protected and neither excludes the other. */
	lk = (SH->mode == RV_MODE_RACE_WRONG_LOCK) ? 0u : 0u;
    2738:	00472783          	lw	a5,4(a4)

0000273c <rvs_378>:

	RV_MARK(378);
    273c:	00000013          	nop
	if (use_lock) {
    2740:	00100693          	li	a3,1
    2744:	04d60a63          	beq	a2,a3,2798 <rvs_380+0x2c>
		RV_ACQUIRE(lk, 0u, 1u, 379, 380);
    2748:	02070793          	addi	a5,a4,32

0000274c <rvs_379>:
    274c:	00d7a023          	sw	a3,0(a5)
    2750:	300007b7          	lui	a5,0x30000
    2754:	02d72423          	sw	a3,40(a4)
    2758:	00c0006f          	j	2764 <rvs_379+0x18>
    275c:	0287a703          	lw	a4,40(a5) # 30000028 <__bss_end+0x2fff9454>
    2760:	00d71663          	bne	a4,a3,276c <rvs_380>
    2764:	0247a703          	lw	a4,36(a5)
    2768:	fe071ae3          	bnez	a4,275c <rvs_379+0x10>

0000276c <rvs_380>:
    276c:	00000013          	nop
    2770:	a80187b7          	lui	a5,0xa8018
    2774:	40000737          	lui	a4,0x40000
    2778:	c4178793          	addi	a5,a5,-959 # a8017c41 <__bss_end+0xa801106d>
    277c:	00f72023          	sw	a5,0(a4) # 40000000 <__bss_end+0x3fff942c>
    2780:	00000013          	nop
    2784:	00000013          	nop
    2788:	00000013          	nop
    278c:	00000013          	nop
    2790:	00000013          	nop
    2794:	00000013          	nop
	}
	RV_LD(v, &SH->balance, 381);
    2798:	30000737          	lui	a4,0x30000
    279c:	06070693          	addi	a3,a4,96 # 30000060 <__bss_end+0x2fff948c>

000027a0 <rvs_381>:
    27a0:	0006a783          	lw	a5,0(a3)
	v += 2u;
    27a4:	00278793          	addi	a5,a5,2

000027a8 <rvs_382>:
	RV_ST(&SH->balance, v, 382);
    27a8:	00f6a023          	sw	a5,0(a3)
	RV_LD(c, &SH->count, 383);
    27ac:	06470593          	addi	a1,a4,100

000027b0 <rvs_383>:
    27b0:	0005a683          	lw	a3,0(a1)
	RV_ST(&SH->count, c + 1u, 384);
    27b4:	00168513          	addi	a0,a3,1

000027b8 <rvs_384>:
    27b8:	00a5a023          	sw	a0,0(a1)
	RV_ST(&SH->checksum, (c ^ v) + 36u, 385);
    27bc:	00d7c7b3          	xor	a5,a5,a3
    27c0:	02478793          	addi	a5,a5,36
    27c4:	06870693          	addi	a3,a4,104

000027c8 <rvs_385>:
    27c8:	00f6a023          	sw	a5,0(a3)
	if (use_lock) {
    27cc:	00100793          	li	a5,1
    27d0:	02f60c63          	beq	a2,a5,2808 <rvs_387>
		RV_RELEASE(lk, 0u, 386);
    27d4:	02070713          	addi	a4,a4,32
    27d8:	00000793          	li	a5,0

000027dc <rvs_386>:
    27dc:	00f72023          	sw	a5,0(a4)
    27e0:	b00187b7          	lui	a5,0xb0018
    27e4:	40000737          	lui	a4,0x40000
    27e8:	24178793          	addi	a5,a5,577 # b0018241 <__bss_end+0xb001166d>
    27ec:	00f72023          	sw	a5,0(a4) # 40000000 <__bss_end+0x3fff942c>
    27f0:	00000013          	nop
    27f4:	00000013          	nop
    27f8:	00000013          	nop
    27fc:	00000013          	nop
    2800:	00000013          	nop
    2804:	00000013          	nop

00002808 <rvs_387>:
	}
	RV_MARK(387);
    2808:	00000013          	nop
	rv_local_sum += 2u;
    280c:	00007737          	lui	a4,0x7
    2810:	bd072783          	lw	a5,-1072(a4) # 6bd0 <rv_local_sum>
    2814:	00278793          	addi	a5,a5,2
    2818:	bcf72823          	sw	a5,-1072(a4)
}
    281c:	00008067          	ret

00002820 <rv_t036_cap>:
void rv_t036_cap(void)
{
	unsigned w;
	/* The tag is COMPUTED here -- an ACT-ST trigger could only ever carry
	 * the constant its table entry was loaded with. */
	w = RV_ACT_WORD(RV_ACT_CMD_DAQ_PC_CURR, RV_ACT_SINK_AXIS,
    2820:	30000537          	lui	a0,0x30000
    2824:	08052703          	lw	a4,128(a0) # 30000080 <__bss_end+0x2fff94ac>
    2828:	200007b7          	lui	a5,0x20000
    282c:	f0078613          	addi	a2,a5,-256 # 1fffff00 <__bss_end+0x1fff932c>
    2830:	00871713          	slli	a4,a4,0x8
    2834:	e00006b7          	lui	a3,0xe0000
    2838:	00c77733          	and	a4,a4,a2
    283c:	04168693          	addi	a3,a3,65 # e0000041 <__bss_end+0xdfff946d>
	                RV_TAG_VALUE(SH->ring_head & RV_VALUE_MASK));
	RV_ACTCAP_AT(388, w);
    2840:	400005b7          	lui	a1,0x40000
	w = RV_ACT_WORD(RV_ACT_CMD_DAQ_PC_CURR, RV_ACT_SINK_AXIS,
    2844:	00d76733          	or	a4,a4,a3

00002848 <rvs_388>:
	RV_ACTCAP_AT(388, w);
    2848:	00e5a023          	sw	a4,0(a1) # 40000000 <__bss_end+0x3fff942c>
    284c:	00000013          	nop
    2850:	00000013          	nop
    2854:	00000013          	nop
    2858:	00000013          	nop
    285c:	00000013          	nop
    2860:	00000013          	nop
	w = RV_ACT_WORD(RV_ACT_CMD_DAQ_PC_CURR, RV_ACT_SINK_AXIS,
    2864:	06052783          	lw	a5,96(a0)
    2868:	00879793          	slli	a5,a5,0x8
    286c:	00c7f7b3          	and	a5,a5,a2
    2870:	00d7e7b3          	or	a5,a5,a3

00002874 <rvs_389>:
	                RV_TAG_VALUE(SH->balance & RV_VALUE_MASK));
	RV_ACTCAP_AT(389, w);
    2874:	00f5a023          	sw	a5,0(a1)
    2878:	00000013          	nop
    287c:	00000013          	nop
    2880:	00000013          	nop
    2884:	00000013          	nop
    2888:	00000013          	nop
    288c:	00000013          	nop
	rv_actcap_issued += 2u;
    2890:	00007737          	lui	a4,0x7
    2894:	bc872783          	lw	a5,-1080(a4) # 6bc8 <rv_actcap_issued>
    2898:	00278793          	addi	a5,a5,2
    289c:	bcf72423          	sw	a5,-1080(a4)
}
    28a0:	00008067          	ret

000028a4 <rv_t037>:

void rv_t037(void)
{
	unsigned v, c, lk;
	unsigned use_lock = (SH->mode != RV_MODE_RACE_OPEN);
    28a4:	30000737          	lui	a4,0x30000
    28a8:	00472603          	lw	a2,4(a4) # 30000004 <__bss_end+0x2fff9430>
	/* RV_MODE_RACE_WRONG_LOCK: each core takes a DIFFERENT lock, so both
	 * believe they are protected and neither excludes the other. */
	lk = (SH->mode == RV_MODE_RACE_WRONG_LOCK) ? 0u : 0u;
    28ac:	00472783          	lw	a5,4(a4)

000028b0 <rvs_390>:

	RV_MARK(390);
    28b0:	00000013          	nop
	if (use_lock) {
    28b4:	00100693          	li	a3,1
    28b8:	04d60a63          	beq	a2,a3,290c <rvs_392+0x2c>
		RV_ACQUIRE(lk, 0u, 1u, 391, 392);
    28bc:	02070793          	addi	a5,a4,32

000028c0 <rvs_391>:
    28c0:	00d7a023          	sw	a3,0(a5)
    28c4:	300007b7          	lui	a5,0x30000
    28c8:	02d72423          	sw	a3,40(a4)
    28cc:	00c0006f          	j	28d8 <rvs_391+0x18>
    28d0:	0287a703          	lw	a4,40(a5) # 30000028 <__bss_end+0x2fff9454>
    28d4:	00d71663          	bne	a4,a3,28e0 <rvs_392>
    28d8:	0247a703          	lw	a4,36(a5)
    28dc:	fe071ae3          	bnez	a4,28d0 <rvs_391+0x10>

000028e0 <rvs_392>:
    28e0:	00000013          	nop
    28e4:	a80197b7          	lui	a5,0xa8019
    28e8:	40000737          	lui	a4,0x40000
    28ec:	84178793          	addi	a5,a5,-1983 # a8018841 <__bss_end+0xa8011c6d>
    28f0:	00f72023          	sw	a5,0(a4) # 40000000 <__bss_end+0x3fff942c>
    28f4:	00000013          	nop
    28f8:	00000013          	nop
    28fc:	00000013          	nop
    2900:	00000013          	nop
    2904:	00000013          	nop
    2908:	00000013          	nop
	}
	RV_LD(v, &SH->balance, 393);
    290c:	30000737          	lui	a4,0x30000
    2910:	06070693          	addi	a3,a4,96 # 30000060 <__bss_end+0x2fff948c>

00002914 <rvs_393>:
    2914:	0006a783          	lw	a5,0(a3)
	v += 3u;
    2918:	00378793          	addi	a5,a5,3

0000291c <rvs_394>:
	RV_ST(&SH->balance, v, 394);
    291c:	00f6a023          	sw	a5,0(a3)
	RV_LD(c, &SH->count, 395);
    2920:	06470593          	addi	a1,a4,100

00002924 <rvs_395>:
    2924:	0005a683          	lw	a3,0(a1)
	RV_ST(&SH->count, c + 1u, 396);
    2928:	00168513          	addi	a0,a3,1

0000292c <rvs_396>:
    292c:	00a5a023          	sw	a0,0(a1)
	RV_ST(&SH->checksum, (c ^ v) + 37u, 397);
    2930:	00d7c7b3          	xor	a5,a5,a3
    2934:	02578793          	addi	a5,a5,37
    2938:	06870693          	addi	a3,a4,104

0000293c <rvs_397>:
    293c:	00f6a023          	sw	a5,0(a3)
	if (use_lock) {
    2940:	00100793          	li	a5,1
    2944:	02f60c63          	beq	a2,a5,297c <rvs_399>
		RV_RELEASE(lk, 0u, 398);
    2948:	02070713          	addi	a4,a4,32
    294c:	00000793          	li	a5,0

00002950 <rvs_398>:
    2950:	00f72023          	sw	a5,0(a4)
    2954:	b00197b7          	lui	a5,0xb0019
    2958:	40000737          	lui	a4,0x40000
    295c:	e4178793          	addi	a5,a5,-447 # b0018e41 <__bss_end+0xb001226d>
    2960:	00f72023          	sw	a5,0(a4) # 40000000 <__bss_end+0x3fff942c>
    2964:	00000013          	nop
    2968:	00000013          	nop
    296c:	00000013          	nop
    2970:	00000013          	nop
    2974:	00000013          	nop
    2978:	00000013          	nop

0000297c <rvs_399>:
	}
	RV_MARK(399);
    297c:	00000013          	nop
	rv_local_sum += 3u;
    2980:	00007737          	lui	a4,0x7
    2984:	bd072783          	lw	a5,-1072(a4) # 6bd0 <rv_local_sum>
    2988:	00378793          	addi	a5,a5,3
    298c:	bcf72823          	sw	a5,-1072(a4)
}
    2990:	00008067          	ret

00002994 <rv_t038>:

void rv_t038(void)
{
	unsigned v, c, lk;
	unsigned use_lock = (SH->mode != RV_MODE_RACE_OPEN);
    2994:	30000737          	lui	a4,0x30000
    2998:	00472603          	lw	a2,4(a4) # 30000004 <__bss_end+0x2fff9430>
	/* RV_MODE_RACE_WRONG_LOCK: each core takes a DIFFERENT lock, so both
	 * believe they are protected and neither excludes the other. */
	lk = (SH->mode == RV_MODE_RACE_WRONG_LOCK) ? 0u : 0u;
    299c:	00472783          	lw	a5,4(a4)

000029a0 <rvs_400>:

	RV_MARK(400);
    29a0:	00000013          	nop
	if (use_lock) {
    29a4:	00100693          	li	a3,1
    29a8:	04d60a63          	beq	a2,a3,29fc <rvs_402+0x2c>
		RV_ACQUIRE(lk, 0u, 1u, 401, 402);
    29ac:	02070793          	addi	a5,a4,32

000029b0 <rvs_401>:
    29b0:	00d7a023          	sw	a3,0(a5)
    29b4:	300007b7          	lui	a5,0x30000
    29b8:	02d72423          	sw	a3,40(a4)
    29bc:	00c0006f          	j	29c8 <rvs_401+0x18>
    29c0:	0287a703          	lw	a4,40(a5) # 30000028 <__bss_end+0x2fff9454>
    29c4:	00d71663          	bne	a4,a3,29d0 <rvs_402>
    29c8:	0247a703          	lw	a4,36(a5)
    29cc:	fe071ae3          	bnez	a4,29c0 <rvs_401+0x10>

000029d0 <rvs_402>:
    29d0:	00000013          	nop
    29d4:	a80197b7          	lui	a5,0xa8019
    29d8:	40000737          	lui	a4,0x40000
    29dc:	24178793          	addi	a5,a5,577 # a8019241 <__bss_end+0xa801266d>
    29e0:	00f72023          	sw	a5,0(a4) # 40000000 <__bss_end+0x3fff942c>
    29e4:	00000013          	nop
    29e8:	00000013          	nop
    29ec:	00000013          	nop
    29f0:	00000013          	nop
    29f4:	00000013          	nop
    29f8:	00000013          	nop
	}
	RV_LD(v, &SH->balance, 403);
    29fc:	30000737          	lui	a4,0x30000
    2a00:	06070693          	addi	a3,a4,96 # 30000060 <__bss_end+0x2fff948c>

00002a04 <rvs_403>:
    2a04:	0006a783          	lw	a5,0(a3)
	v += 4u;
    2a08:	00478793          	addi	a5,a5,4

00002a0c <rvs_404>:
	RV_ST(&SH->balance, v, 404);
    2a0c:	00f6a023          	sw	a5,0(a3)
	RV_LD(c, &SH->count, 405);
    2a10:	06470593          	addi	a1,a4,100

00002a14 <rvs_405>:
    2a14:	0005a683          	lw	a3,0(a1)
	RV_ST(&SH->count, c + 1u, 406);
    2a18:	00168513          	addi	a0,a3,1

00002a1c <rvs_406>:
    2a1c:	00a5a023          	sw	a0,0(a1)
	RV_ST(&SH->checksum, (c ^ v) + 38u, 407);
    2a20:	00d7c7b3          	xor	a5,a5,a3
    2a24:	02678793          	addi	a5,a5,38
    2a28:	06870693          	addi	a3,a4,104

00002a2c <rvs_407>:
    2a2c:	00f6a023          	sw	a5,0(a3)
	if (use_lock) {
    2a30:	00100793          	li	a5,1
    2a34:	02f60c63          	beq	a2,a5,2a6c <rvs_409>
		RV_RELEASE(lk, 0u, 408);
    2a38:	02070713          	addi	a4,a4,32
    2a3c:	00000793          	li	a5,0

00002a40 <rvs_408>:
    2a40:	00f72023          	sw	a5,0(a4)
    2a44:	b001a7b7          	lui	a5,0xb001a
    2a48:	40000737          	lui	a4,0x40000
    2a4c:	84178793          	addi	a5,a5,-1983 # b0019841 <__bss_end+0xb0012c6d>
    2a50:	00f72023          	sw	a5,0(a4) # 40000000 <__bss_end+0x3fff942c>
    2a54:	00000013          	nop
    2a58:	00000013          	nop
    2a5c:	00000013          	nop
    2a60:	00000013          	nop
    2a64:	00000013          	nop
    2a68:	00000013          	nop

00002a6c <rvs_409>:
	}
	RV_MARK(409);
    2a6c:	00000013          	nop
	rv_local_sum += 4u;
    2a70:	00007737          	lui	a4,0x7
    2a74:	bd072783          	lw	a5,-1072(a4) # 6bd0 <rv_local_sum>
    2a78:	00478793          	addi	a5,a5,4
    2a7c:	bcf72823          	sw	a5,-1072(a4)
}
    2a80:	00008067          	ret

00002a84 <rv_t039>:

void rv_t039(void)
{
	unsigned v, c, lk;
	unsigned use_lock = (SH->mode != RV_MODE_RACE_OPEN);
    2a84:	30000737          	lui	a4,0x30000
    2a88:	00472603          	lw	a2,4(a4) # 30000004 <__bss_end+0x2fff9430>
	/* RV_MODE_RACE_WRONG_LOCK: each core takes a DIFFERENT lock, so both
	 * believe they are protected and neither excludes the other. */
	lk = (SH->mode == RV_MODE_RACE_WRONG_LOCK) ? 0u : 0u;
    2a8c:	00472783          	lw	a5,4(a4)

00002a90 <rvs_410>:

	RV_MARK(410);
    2a90:	00000013          	nop
	if (use_lock) {
    2a94:	00100693          	li	a3,1
    2a98:	04d60a63          	beq	a2,a3,2aec <rvs_412+0x2c>
		RV_ACQUIRE(lk, 0u, 1u, 411, 412);
    2a9c:	02070793          	addi	a5,a4,32

00002aa0 <rvs_411>:
    2aa0:	00d7a023          	sw	a3,0(a5)
    2aa4:	300007b7          	lui	a5,0x30000
    2aa8:	02d72423          	sw	a3,40(a4)
    2aac:	00c0006f          	j	2ab8 <rvs_411+0x18>
    2ab0:	0287a703          	lw	a4,40(a5) # 30000028 <__bss_end+0x2fff9454>
    2ab4:	00d71663          	bne	a4,a3,2ac0 <rvs_412>
    2ab8:	0247a703          	lw	a4,36(a5)
    2abc:	fe071ae3          	bnez	a4,2ab0 <rvs_411+0x10>

00002ac0 <rvs_412>:
    2ac0:	00000013          	nop
    2ac4:	a801a7b7          	lui	a5,0xa801a
    2ac8:	40000737          	lui	a4,0x40000
    2acc:	c4178793          	addi	a5,a5,-959 # a8019c41 <__bss_end+0xa801306d>
    2ad0:	00f72023          	sw	a5,0(a4) # 40000000 <__bss_end+0x3fff942c>
    2ad4:	00000013          	nop
    2ad8:	00000013          	nop
    2adc:	00000013          	nop
    2ae0:	00000013          	nop
    2ae4:	00000013          	nop
    2ae8:	00000013          	nop
	}
	RV_LD(v, &SH->balance, 413);
    2aec:	30000737          	lui	a4,0x30000
    2af0:	06070693          	addi	a3,a4,96 # 30000060 <__bss_end+0x2fff948c>

00002af4 <rvs_413>:
    2af4:	0006a783          	lw	a5,0(a3)
	v += 5u;
    2af8:	00578793          	addi	a5,a5,5

00002afc <rvs_414>:
	RV_ST(&SH->balance, v, 414);
    2afc:	00f6a023          	sw	a5,0(a3)
	RV_LD(c, &SH->count, 415);
    2b00:	06470593          	addi	a1,a4,100

00002b04 <rvs_415>:
    2b04:	0005a683          	lw	a3,0(a1)
	RV_ST(&SH->count, c + 1u, 416);
    2b08:	00168513          	addi	a0,a3,1

00002b0c <rvs_416>:
    2b0c:	00a5a023          	sw	a0,0(a1)
	RV_ST(&SH->checksum, (c ^ v) + 39u, 417);
    2b10:	00d7c7b3          	xor	a5,a5,a3
    2b14:	02778793          	addi	a5,a5,39
    2b18:	06870693          	addi	a3,a4,104

00002b1c <rvs_417>:
    2b1c:	00f6a023          	sw	a5,0(a3)
	if (use_lock) {
    2b20:	00100793          	li	a5,1
    2b24:	02f60c63          	beq	a2,a5,2b5c <rvs_419>
		RV_RELEASE(lk, 0u, 418);
    2b28:	02070713          	addi	a4,a4,32
    2b2c:	00000793          	li	a5,0

00002b30 <rvs_418>:
    2b30:	00f72023          	sw	a5,0(a4)
    2b34:	b001a7b7          	lui	a5,0xb001a
    2b38:	40000737          	lui	a4,0x40000
    2b3c:	24178793          	addi	a5,a5,577 # b001a241 <__bss_end+0xb001366d>
    2b40:	00f72023          	sw	a5,0(a4) # 40000000 <__bss_end+0x3fff942c>
    2b44:	00000013          	nop
    2b48:	00000013          	nop
    2b4c:	00000013          	nop
    2b50:	00000013          	nop
    2b54:	00000013          	nop
    2b58:	00000013          	nop

00002b5c <rvs_419>:
	}
	RV_MARK(419);
    2b5c:	00000013          	nop
	rv_local_sum += 5u;
    2b60:	00007737          	lui	a4,0x7
    2b64:	bd072783          	lw	a5,-1072(a4) # 6bd0 <rv_local_sum>
    2b68:	00578793          	addi	a5,a5,5
    2b6c:	bcf72823          	sw	a5,-1072(a4)
}
    2b70:	00008067          	ret

00002b74 <rv_t040>:

void rv_t040(void)
{
    2b74:	fe010113          	addi	sp,sp,-32
    2b78:	00112e23          	sw	ra,28(sp)
    2b7c:	00812c23          	sw	s0,24(sp)
    2b80:	00912a23          	sw	s1,20(sp)
    2b84:	01212823          	sw	s2,16(sp)
    2b88:	01312623          	sw	s3,12(sp)
    2b8c:	01412423          	sw	s4,8(sp)

00002b90 <rvs_420>:
	unsigned h, t, p;

	RV_MARK(420);
    2b90:	00000013          	nop
	RV_LD(h, &SH->ring_head, 421);
    2b94:	30000437          	lui	s0,0x30000
    2b98:	08040a13          	addi	s4,s0,128 # 30000080 <__bss_end+0x2fff94ac>

00002b9c <rvs_421>:
    2b9c:	000a2903          	lw	s2,0(s4)
	RV_LD(t, &SH->ring_tail, 422);
    2ba0:	08440993          	addi	s3,s0,132

00002ba4 <rvs_422>:
    2ba4:	0009a983          	lw	s3,0(s3)

00002ba8 <rvs_427>:
	RV_MARK(427);
    2ba8:	00000013          	nop
	if (((h + 1u) % RV_RING_SLOTS) != t) {
    2bac:	03c00593          	li	a1,60
    2bb0:	00190513          	addi	a0,s2,1
    2bb4:	5b1030ef          	jal	ra,6964 <__umodsi3>
    2bb8:	07350863          	beq	a0,s3,2c28 <rvs_429+0x24>
		RV_ST(&SH->ring[h % RV_RING_SLOTS], h + 40u, 423);
    2bbc:	00050493          	mv	s1,a0
    2bc0:	03c00593          	li	a1,60
    2bc4:	00090513          	mv	a0,s2
    2bc8:	59d030ef          	jal	ra,6964 <__umodsi3>
    2bcc:	00251513          	slli	a0,a0,0x2
    2bd0:	09040413          	addi	s0,s0,144
    2bd4:	00850433          	add	s0,a0,s0
    2bd8:	02890913          	addi	s2,s2,40

00002bdc <rvs_423>:
    2bdc:	01242023          	sw	s2,0(s0)

00002be0 <rvs_424>:
		RV_ST(&SH->ring_head, (h + 1u) % RV_RING_SLOTS, 424);
    2be0:	009a2023          	sw	s1,0(s4)
	} else {
		SH->ring_drops++;
	}
	RV_LD(p, &rv_private, 425);
    2be4:	000077b7          	lui	a5,0x7
    2be8:	bcc78793          	addi	a5,a5,-1076 # 6bcc <rv_private>

00002bec <rvs_425>:
    2bec:	0007a703          	lw	a4,0(a5)
	RV_ST(&rv_private, p + 1u, 426);
    2bf0:	00170693          	addi	a3,a4,1

00002bf4 <rvs_426>:
    2bf4:	00d7a023          	sw	a3,0(a5)
	RV_ST(&SH->seq, p, 428);
    2bf8:	300007b7          	lui	a5,0x30000
    2bfc:	06c78793          	addi	a5,a5,108 # 3000006c <__bss_end+0x2fff9498>

00002c00 <rvs_428>:
    2c00:	00e7a023          	sw	a4,0(a5)

00002c04 <rvs_429>:
	RV_MARK(429);
    2c04:	00000013          	nop
}
    2c08:	01c12083          	lw	ra,28(sp)
    2c0c:	01812403          	lw	s0,24(sp)
    2c10:	01412483          	lw	s1,20(sp)
    2c14:	01012903          	lw	s2,16(sp)
    2c18:	00c12983          	lw	s3,12(sp)
    2c1c:	00812a03          	lw	s4,8(sp)
    2c20:	02010113          	addi	sp,sp,32
    2c24:	00008067          	ret
		SH->ring_drops++;
    2c28:	08842783          	lw	a5,136(s0)
    2c2c:	00178793          	addi	a5,a5,1
    2c30:	08f42423          	sw	a5,136(s0)
    2c34:	fb1ff06f          	j	2be4 <rvs_424+0x4>

00002c38 <rv_t040_cap>:
void rv_t040_cap(void)
{
	unsigned w;
	/* The tag is COMPUTED here -- an ACT-ST trigger could only ever carry
	 * the constant its table entry was loaded with. */
	w = RV_ACT_WORD(RV_ACT_CMD_DAQ_PC_CURR, RV_ACT_SINK_AXIS,
    2c38:	30000537          	lui	a0,0x30000
    2c3c:	08052703          	lw	a4,128(a0) # 30000080 <__bss_end+0x2fff94ac>
    2c40:	200007b7          	lui	a5,0x20000
    2c44:	f0078613          	addi	a2,a5,-256 # 1fffff00 <__bss_end+0x1fff932c>
    2c48:	00871713          	slli	a4,a4,0x8
    2c4c:	e00006b7          	lui	a3,0xe0000
    2c50:	00c77733          	and	a4,a4,a2
    2c54:	04168693          	addi	a3,a3,65 # e0000041 <__bss_end+0xdfff946d>
	                RV_TAG_VALUE(SH->ring_head & RV_VALUE_MASK));
	RV_ACTCAP_AT(430, w);
    2c58:	400005b7          	lui	a1,0x40000
	w = RV_ACT_WORD(RV_ACT_CMD_DAQ_PC_CURR, RV_ACT_SINK_AXIS,
    2c5c:	00d76733          	or	a4,a4,a3

00002c60 <rvs_430>:
	RV_ACTCAP_AT(430, w);
    2c60:	00e5a023          	sw	a4,0(a1) # 40000000 <__bss_end+0x3fff942c>
    2c64:	00000013          	nop
    2c68:	00000013          	nop
    2c6c:	00000013          	nop
    2c70:	00000013          	nop
    2c74:	00000013          	nop
    2c78:	00000013          	nop
	w = RV_ACT_WORD(RV_ACT_CMD_DAQ_PC_CURR, RV_ACT_SINK_AXIS,
    2c7c:	06052783          	lw	a5,96(a0)
    2c80:	00879793          	slli	a5,a5,0x8
    2c84:	00c7f7b3          	and	a5,a5,a2
    2c88:	00d7e7b3          	or	a5,a5,a3

00002c8c <rvs_431>:
	                RV_TAG_VALUE(SH->balance & RV_VALUE_MASK));
	RV_ACTCAP_AT(431, w);
    2c8c:	00f5a023          	sw	a5,0(a1)
    2c90:	00000013          	nop
    2c94:	00000013          	nop
    2c98:	00000013          	nop
    2c9c:	00000013          	nop
    2ca0:	00000013          	nop
    2ca4:	00000013          	nop
	rv_actcap_issued += 2u;
    2ca8:	00007737          	lui	a4,0x7
    2cac:	bc872783          	lw	a5,-1080(a4) # 6bc8 <rv_actcap_issued>
    2cb0:	00278793          	addi	a5,a5,2
    2cb4:	bcf72423          	sw	a5,-1080(a4)
}
    2cb8:	00008067          	ret

00002cbc <rv_t041>:

void rv_t041(void)
{
    2cbc:	fe010113          	addi	sp,sp,-32
    2cc0:	00112e23          	sw	ra,28(sp)
    2cc4:	00812c23          	sw	s0,24(sp)
    2cc8:	00912a23          	sw	s1,20(sp)
    2ccc:	01212823          	sw	s2,16(sp)
    2cd0:	01312623          	sw	s3,12(sp)
    2cd4:	01412423          	sw	s4,8(sp)

00002cd8 <rvs_432>:
	unsigned h, t, p;

	RV_MARK(432);
    2cd8:	00000013          	nop
	RV_LD(h, &SH->ring_head, 433);
    2cdc:	30000437          	lui	s0,0x30000
    2ce0:	08040a13          	addi	s4,s0,128 # 30000080 <__bss_end+0x2fff94ac>

00002ce4 <rvs_433>:
    2ce4:	000a2903          	lw	s2,0(s4)
	RV_LD(t, &SH->ring_tail, 434);
    2ce8:	08440993          	addi	s3,s0,132

00002cec <rvs_434>:
    2cec:	0009a983          	lw	s3,0(s3)

00002cf0 <rvs_439>:
	RV_MARK(439);
    2cf0:	00000013          	nop
	if (((h + 1u) % RV_RING_SLOTS) != t) {
    2cf4:	03c00593          	li	a1,60
    2cf8:	00190513          	addi	a0,s2,1
    2cfc:	469030ef          	jal	ra,6964 <__umodsi3>
    2d00:	07350863          	beq	a0,s3,2d70 <rvs_441+0x24>
		RV_ST(&SH->ring[h % RV_RING_SLOTS], h + 41u, 435);
    2d04:	00050493          	mv	s1,a0
    2d08:	03c00593          	li	a1,60
    2d0c:	00090513          	mv	a0,s2
    2d10:	455030ef          	jal	ra,6964 <__umodsi3>
    2d14:	00251513          	slli	a0,a0,0x2
    2d18:	09040413          	addi	s0,s0,144
    2d1c:	00850433          	add	s0,a0,s0
    2d20:	02990913          	addi	s2,s2,41

00002d24 <rvs_435>:
    2d24:	01242023          	sw	s2,0(s0)

00002d28 <rvs_436>:
		RV_ST(&SH->ring_head, (h + 1u) % RV_RING_SLOTS, 436);
    2d28:	009a2023          	sw	s1,0(s4)
	} else {
		SH->ring_drops++;
	}
	RV_LD(p, &rv_private, 437);
    2d2c:	000077b7          	lui	a5,0x7
    2d30:	bcc78793          	addi	a5,a5,-1076 # 6bcc <rv_private>

00002d34 <rvs_437>:
    2d34:	0007a703          	lw	a4,0(a5)
	RV_ST(&rv_private, p + 1u, 438);
    2d38:	00170693          	addi	a3,a4,1

00002d3c <rvs_438>:
    2d3c:	00d7a023          	sw	a3,0(a5)
	RV_ST(&SH->seq, p, 440);
    2d40:	300007b7          	lui	a5,0x30000
    2d44:	06c78793          	addi	a5,a5,108 # 3000006c <__bss_end+0x2fff9498>

00002d48 <rvs_440>:
    2d48:	00e7a023          	sw	a4,0(a5)

00002d4c <rvs_441>:
	RV_MARK(441);
    2d4c:	00000013          	nop
}
    2d50:	01c12083          	lw	ra,28(sp)
    2d54:	01812403          	lw	s0,24(sp)
    2d58:	01412483          	lw	s1,20(sp)
    2d5c:	01012903          	lw	s2,16(sp)
    2d60:	00c12983          	lw	s3,12(sp)
    2d64:	00812a03          	lw	s4,8(sp)
    2d68:	02010113          	addi	sp,sp,32
    2d6c:	00008067          	ret
		SH->ring_drops++;
    2d70:	08842783          	lw	a5,136(s0)
    2d74:	00178793          	addi	a5,a5,1
    2d78:	08f42423          	sw	a5,136(s0)
    2d7c:	fb1ff06f          	j	2d2c <rvs_436+0x4>

00002d80 <rv_t042>:

void rv_t042(void)
{
    2d80:	fe010113          	addi	sp,sp,-32
    2d84:	00112e23          	sw	ra,28(sp)
    2d88:	00812c23          	sw	s0,24(sp)
    2d8c:	00912a23          	sw	s1,20(sp)
    2d90:	01212823          	sw	s2,16(sp)
    2d94:	01312623          	sw	s3,12(sp)
    2d98:	01412423          	sw	s4,8(sp)

00002d9c <rvs_442>:
	unsigned h, t, p;

	RV_MARK(442);
    2d9c:	00000013          	nop
	RV_LD(h, &SH->ring_head, 443);
    2da0:	30000437          	lui	s0,0x30000
    2da4:	08040a13          	addi	s4,s0,128 # 30000080 <__bss_end+0x2fff94ac>

00002da8 <rvs_443>:
    2da8:	000a2903          	lw	s2,0(s4)
	RV_LD(t, &SH->ring_tail, 444);
    2dac:	08440993          	addi	s3,s0,132

00002db0 <rvs_444>:
    2db0:	0009a983          	lw	s3,0(s3)

00002db4 <rvs_449>:
	RV_MARK(449);
    2db4:	00000013          	nop
	if (((h + 1u) % RV_RING_SLOTS) != t) {
    2db8:	03c00593          	li	a1,60
    2dbc:	00190513          	addi	a0,s2,1
    2dc0:	3a5030ef          	jal	ra,6964 <__umodsi3>
    2dc4:	07350863          	beq	a0,s3,2e34 <rvs_451+0x24>
		RV_ST(&SH->ring[h % RV_RING_SLOTS], h + 42u, 445);
    2dc8:	00050493          	mv	s1,a0
    2dcc:	03c00593          	li	a1,60
    2dd0:	00090513          	mv	a0,s2
    2dd4:	391030ef          	jal	ra,6964 <__umodsi3>
    2dd8:	00251513          	slli	a0,a0,0x2
    2ddc:	09040413          	addi	s0,s0,144
    2de0:	00850433          	add	s0,a0,s0
    2de4:	02a90913          	addi	s2,s2,42

00002de8 <rvs_445>:
    2de8:	01242023          	sw	s2,0(s0)

00002dec <rvs_446>:
		RV_ST(&SH->ring_head, (h + 1u) % RV_RING_SLOTS, 446);
    2dec:	009a2023          	sw	s1,0(s4)
	} else {
		SH->ring_drops++;
	}
	RV_LD(p, &rv_private, 447);
    2df0:	000077b7          	lui	a5,0x7
    2df4:	bcc78793          	addi	a5,a5,-1076 # 6bcc <rv_private>

00002df8 <rvs_447>:
    2df8:	0007a703          	lw	a4,0(a5)
	RV_ST(&rv_private, p + 1u, 448);
    2dfc:	00170693          	addi	a3,a4,1

00002e00 <rvs_448>:
    2e00:	00d7a023          	sw	a3,0(a5)
	RV_ST(&SH->seq, p, 450);
    2e04:	300007b7          	lui	a5,0x30000
    2e08:	06c78793          	addi	a5,a5,108 # 3000006c <__bss_end+0x2fff9498>

00002e0c <rvs_450>:
    2e0c:	00e7a023          	sw	a4,0(a5)

00002e10 <rvs_451>:
	RV_MARK(451);
    2e10:	00000013          	nop
}
    2e14:	01c12083          	lw	ra,28(sp)
    2e18:	01812403          	lw	s0,24(sp)
    2e1c:	01412483          	lw	s1,20(sp)
    2e20:	01012903          	lw	s2,16(sp)
    2e24:	00c12983          	lw	s3,12(sp)
    2e28:	00812a03          	lw	s4,8(sp)
    2e2c:	02010113          	addi	sp,sp,32
    2e30:	00008067          	ret
		SH->ring_drops++;
    2e34:	08842783          	lw	a5,136(s0)
    2e38:	00178793          	addi	a5,a5,1
    2e3c:	08f42423          	sw	a5,136(s0)
    2e40:	fb1ff06f          	j	2df0 <rvs_446+0x4>

00002e44 <rv_t043>:

void rv_t043(void)
{
	unsigned v, c, lk;
	unsigned use_lock = (SH->mode != RV_MODE_RACE_OPEN);
    2e44:	30000737          	lui	a4,0x30000
    2e48:	00472603          	lw	a2,4(a4) # 30000004 <__bss_end+0x2fff9430>
	/* RV_MODE_RACE_WRONG_LOCK: each core takes a DIFFERENT lock, so both
	 * believe they are protected and neither excludes the other. */
	lk = (SH->mode == RV_MODE_RACE_WRONG_LOCK) ? 0u : 0u;
    2e4c:	00472783          	lw	a5,4(a4)

00002e50 <rvs_452>:

	RV_MARK(452);
    2e50:	00000013          	nop
	if (use_lock) {
    2e54:	00100693          	li	a3,1
    2e58:	04d60a63          	beq	a2,a3,2eac <rvs_454+0x2c>
		RV_ACQUIRE(lk, 0u, 1u, 453, 454);
    2e5c:	02070793          	addi	a5,a4,32

00002e60 <rvs_453>:
    2e60:	00d7a023          	sw	a3,0(a5)
    2e64:	300007b7          	lui	a5,0x30000
    2e68:	02d72423          	sw	a3,40(a4)
    2e6c:	00c0006f          	j	2e78 <rvs_453+0x18>
    2e70:	0287a703          	lw	a4,40(a5) # 30000028 <__bss_end+0x2fff9454>
    2e74:	00d71663          	bne	a4,a3,2e80 <rvs_454>
    2e78:	0247a703          	lw	a4,36(a5)
    2e7c:	fe071ae3          	bnez	a4,2e70 <rvs_453+0x10>

00002e80 <rvs_454>:
    2e80:	00000013          	nop
    2e84:	a801c7b7          	lui	a5,0xa801c
    2e88:	40000737          	lui	a4,0x40000
    2e8c:	64178793          	addi	a5,a5,1601 # a801c641 <__bss_end+0xa8015a6d>
    2e90:	00f72023          	sw	a5,0(a4) # 40000000 <__bss_end+0x3fff942c>
    2e94:	00000013          	nop
    2e98:	00000013          	nop
    2e9c:	00000013          	nop
    2ea0:	00000013          	nop
    2ea4:	00000013          	nop
    2ea8:	00000013          	nop
	}
	RV_LD(v, &SH->balance, 455);
    2eac:	30000737          	lui	a4,0x30000
    2eb0:	06070693          	addi	a3,a4,96 # 30000060 <__bss_end+0x2fff948c>

00002eb4 <rvs_455>:
    2eb4:	0006a783          	lw	a5,0(a3)
	v += 2u;
    2eb8:	00278793          	addi	a5,a5,2

00002ebc <rvs_456>:
	RV_ST(&SH->balance, v, 456);
    2ebc:	00f6a023          	sw	a5,0(a3)
	RV_LD(c, &SH->count, 457);
    2ec0:	06470593          	addi	a1,a4,100

00002ec4 <rvs_457>:
    2ec4:	0005a683          	lw	a3,0(a1)
	RV_ST(&SH->count, c + 1u, 458);
    2ec8:	00168513          	addi	a0,a3,1

00002ecc <rvs_458>:
    2ecc:	00a5a023          	sw	a0,0(a1)
	RV_ST(&SH->checksum, (c ^ v) + 43u, 459);
    2ed0:	00d7c7b3          	xor	a5,a5,a3
    2ed4:	02b78793          	addi	a5,a5,43
    2ed8:	06870693          	addi	a3,a4,104

00002edc <rvs_459>:
    2edc:	00f6a023          	sw	a5,0(a3)
	if (use_lock) {
    2ee0:	00100793          	li	a5,1
    2ee4:	02f60c63          	beq	a2,a5,2f1c <rvs_461>
		RV_RELEASE(lk, 0u, 460);
    2ee8:	02070713          	addi	a4,a4,32
    2eec:	00000793          	li	a5,0

00002ef0 <rvs_460>:
    2ef0:	00f72023          	sw	a5,0(a4)
    2ef4:	b001d7b7          	lui	a5,0xb001d
    2ef8:	40000737          	lui	a4,0x40000
    2efc:	c4178793          	addi	a5,a5,-959 # b001cc41 <__bss_end+0xb001606d>
    2f00:	00f72023          	sw	a5,0(a4) # 40000000 <__bss_end+0x3fff942c>
    2f04:	00000013          	nop
    2f08:	00000013          	nop
    2f0c:	00000013          	nop
    2f10:	00000013          	nop
    2f14:	00000013          	nop
    2f18:	00000013          	nop

00002f1c <rvs_461>:
	}
	RV_MARK(461);
    2f1c:	00000013          	nop
	rv_local_sum += 2u;
    2f20:	00007737          	lui	a4,0x7
    2f24:	bd072783          	lw	a5,-1072(a4) # 6bd0 <rv_local_sum>
    2f28:	00278793          	addi	a5,a5,2
    2f2c:	bcf72823          	sw	a5,-1072(a4)
}
    2f30:	00008067          	ret

00002f34 <rv_t044>:

void rv_t044(void)
{
	unsigned v, c, lk;
	unsigned use_lock = (SH->mode != RV_MODE_RACE_OPEN);
    2f34:	30000737          	lui	a4,0x30000
    2f38:	00472603          	lw	a2,4(a4) # 30000004 <__bss_end+0x2fff9430>
	/* RV_MODE_RACE_WRONG_LOCK: each core takes a DIFFERENT lock, so both
	 * believe they are protected and neither excludes the other. */
	lk = (SH->mode == RV_MODE_RACE_WRONG_LOCK) ? 0u : 0u;
    2f3c:	00472783          	lw	a5,4(a4)

00002f40 <rvs_462>:

	RV_MARK(462);
    2f40:	00000013          	nop
	if (use_lock) {
    2f44:	00100693          	li	a3,1
    2f48:	04d60a63          	beq	a2,a3,2f9c <rvs_464+0x2c>
		RV_ACQUIRE(lk, 0u, 1u, 463, 464);
    2f4c:	02070793          	addi	a5,a4,32

00002f50 <rvs_463>:
    2f50:	00d7a023          	sw	a3,0(a5)
    2f54:	300007b7          	lui	a5,0x30000
    2f58:	02d72423          	sw	a3,40(a4)
    2f5c:	00c0006f          	j	2f68 <rvs_463+0x18>
    2f60:	0287a703          	lw	a4,40(a5) # 30000028 <__bss_end+0x2fff9454>
    2f64:	00d71663          	bne	a4,a3,2f70 <rvs_464>
    2f68:	0247a703          	lw	a4,36(a5)
    2f6c:	fe071ae3          	bnez	a4,2f60 <rvs_463+0x10>

00002f70 <rvs_464>:
    2f70:	00000013          	nop
    2f74:	a801d7b7          	lui	a5,0xa801d
    2f78:	40000737          	lui	a4,0x40000
    2f7c:	04178793          	addi	a5,a5,65 # a801d041 <__bss_end+0xa801646d>
    2f80:	00f72023          	sw	a5,0(a4) # 40000000 <__bss_end+0x3fff942c>
    2f84:	00000013          	nop
    2f88:	00000013          	nop
    2f8c:	00000013          	nop
    2f90:	00000013          	nop
    2f94:	00000013          	nop
    2f98:	00000013          	nop
	}
	RV_LD(v, &SH->balance, 465);
    2f9c:	30000737          	lui	a4,0x30000
    2fa0:	06070693          	addi	a3,a4,96 # 30000060 <__bss_end+0x2fff948c>

00002fa4 <rvs_465>:
    2fa4:	0006a783          	lw	a5,0(a3)
	v += 3u;
    2fa8:	00378793          	addi	a5,a5,3

00002fac <rvs_466>:
	RV_ST(&SH->balance, v, 466);
    2fac:	00f6a023          	sw	a5,0(a3)
	RV_LD(c, &SH->count, 467);
    2fb0:	06470593          	addi	a1,a4,100

00002fb4 <rvs_467>:
    2fb4:	0005a683          	lw	a3,0(a1)
	RV_ST(&SH->count, c + 1u, 468);
    2fb8:	00168513          	addi	a0,a3,1

00002fbc <rvs_468>:
    2fbc:	00a5a023          	sw	a0,0(a1)
	RV_ST(&SH->checksum, (c ^ v) + 44u, 469);
    2fc0:	00d7c7b3          	xor	a5,a5,a3
    2fc4:	02c78793          	addi	a5,a5,44
    2fc8:	06870693          	addi	a3,a4,104

00002fcc <rvs_469>:
    2fcc:	00f6a023          	sw	a5,0(a3)
	if (use_lock) {
    2fd0:	00100793          	li	a5,1
    2fd4:	02f60c63          	beq	a2,a5,300c <rvs_471>
		RV_RELEASE(lk, 0u, 470);
    2fd8:	02070713          	addi	a4,a4,32
    2fdc:	00000793          	li	a5,0

00002fe0 <rvs_470>:
    2fe0:	00f72023          	sw	a5,0(a4)
    2fe4:	b001d7b7          	lui	a5,0xb001d
    2fe8:	40000737          	lui	a4,0x40000
    2fec:	64178793          	addi	a5,a5,1601 # b001d641 <__bss_end+0xb0016a6d>
    2ff0:	00f72023          	sw	a5,0(a4) # 40000000 <__bss_end+0x3fff942c>
    2ff4:	00000013          	nop
    2ff8:	00000013          	nop
    2ffc:	00000013          	nop
    3000:	00000013          	nop
    3004:	00000013          	nop
    3008:	00000013          	nop

0000300c <rvs_471>:
	}
	RV_MARK(471);
    300c:	00000013          	nop
	rv_local_sum += 3u;
    3010:	00007737          	lui	a4,0x7
    3014:	bd072783          	lw	a5,-1072(a4) # 6bd0 <rv_local_sum>
    3018:	00378793          	addi	a5,a5,3
    301c:	bcf72823          	sw	a5,-1072(a4)
}
    3020:	00008067          	ret

00003024 <rv_t044_cap>:
void rv_t044_cap(void)
{
	unsigned w;
	/* The tag is COMPUTED here -- an ACT-ST trigger could only ever carry
	 * the constant its table entry was loaded with. */
	w = RV_ACT_WORD(RV_ACT_CMD_DAQ_PC_CURR, RV_ACT_SINK_AXIS,
    3024:	30000537          	lui	a0,0x30000
    3028:	08052703          	lw	a4,128(a0) # 30000080 <__bss_end+0x2fff94ac>
    302c:	200007b7          	lui	a5,0x20000
    3030:	f0078613          	addi	a2,a5,-256 # 1fffff00 <__bss_end+0x1fff932c>
    3034:	00871713          	slli	a4,a4,0x8
    3038:	e00006b7          	lui	a3,0xe0000
    303c:	00c77733          	and	a4,a4,a2
    3040:	04168693          	addi	a3,a3,65 # e0000041 <__bss_end+0xdfff946d>
	                RV_TAG_VALUE(SH->ring_head & RV_VALUE_MASK));
	RV_ACTCAP_AT(472, w);
    3044:	400005b7          	lui	a1,0x40000
	w = RV_ACT_WORD(RV_ACT_CMD_DAQ_PC_CURR, RV_ACT_SINK_AXIS,
    3048:	00d76733          	or	a4,a4,a3

0000304c <rvs_472>:
	RV_ACTCAP_AT(472, w);
    304c:	00e5a023          	sw	a4,0(a1) # 40000000 <__bss_end+0x3fff942c>
    3050:	00000013          	nop
    3054:	00000013          	nop
    3058:	00000013          	nop
    305c:	00000013          	nop
    3060:	00000013          	nop
    3064:	00000013          	nop
	w = RV_ACT_WORD(RV_ACT_CMD_DAQ_PC_CURR, RV_ACT_SINK_AXIS,
    3068:	06052783          	lw	a5,96(a0)
    306c:	00879793          	slli	a5,a5,0x8
    3070:	00c7f7b3          	and	a5,a5,a2
    3074:	00d7e7b3          	or	a5,a5,a3

00003078 <rvs_473>:
	                RV_TAG_VALUE(SH->balance & RV_VALUE_MASK));
	RV_ACTCAP_AT(473, w);
    3078:	00f5a023          	sw	a5,0(a1)
    307c:	00000013          	nop
    3080:	00000013          	nop
    3084:	00000013          	nop
    3088:	00000013          	nop
    308c:	00000013          	nop
    3090:	00000013          	nop
	rv_actcap_issued += 2u;
    3094:	00007737          	lui	a4,0x7
    3098:	bc872783          	lw	a5,-1080(a4) # 6bc8 <rv_actcap_issued>
    309c:	00278793          	addi	a5,a5,2
    30a0:	bcf72423          	sw	a5,-1080(a4)
}
    30a4:	00008067          	ret

000030a8 <rv_t045>:

void rv_t045(void)
{
	unsigned v, c, lk;
	unsigned use_lock = (SH->mode != RV_MODE_RACE_OPEN);
    30a8:	30000737          	lui	a4,0x30000
    30ac:	00472603          	lw	a2,4(a4) # 30000004 <__bss_end+0x2fff9430>
	/* RV_MODE_RACE_WRONG_LOCK: each core takes a DIFFERENT lock, so both
	 * believe they are protected and neither excludes the other. */
	lk = (SH->mode == RV_MODE_RACE_WRONG_LOCK) ? 0u : 0u;
    30b0:	00472783          	lw	a5,4(a4)

000030b4 <rvs_474>:

	RV_MARK(474);
    30b4:	00000013          	nop
	if (use_lock) {
    30b8:	00100693          	li	a3,1
    30bc:	04d60a63          	beq	a2,a3,3110 <rvs_476+0x2c>
		RV_ACQUIRE(lk, 0u, 1u, 475, 476);
    30c0:	02070793          	addi	a5,a4,32

000030c4 <rvs_475>:
    30c4:	00d7a023          	sw	a3,0(a5)
    30c8:	300007b7          	lui	a5,0x30000
    30cc:	02d72423          	sw	a3,40(a4)
    30d0:	00c0006f          	j	30dc <rvs_475+0x18>
    30d4:	0287a703          	lw	a4,40(a5) # 30000028 <__bss_end+0x2fff9454>
    30d8:	00d71663          	bne	a4,a3,30e4 <rvs_476>
    30dc:	0247a703          	lw	a4,36(a5)
    30e0:	fe071ae3          	bnez	a4,30d4 <rvs_475+0x10>

000030e4 <rvs_476>:
    30e4:	00000013          	nop
    30e8:	a801e7b7          	lui	a5,0xa801e
    30ec:	40000737          	lui	a4,0x40000
    30f0:	c4178793          	addi	a5,a5,-959 # a801dc41 <__bss_end+0xa801706d>
    30f4:	00f72023          	sw	a5,0(a4) # 40000000 <__bss_end+0x3fff942c>
    30f8:	00000013          	nop
    30fc:	00000013          	nop
    3100:	00000013          	nop
    3104:	00000013          	nop
    3108:	00000013          	nop
    310c:	00000013          	nop
	}
	RV_LD(v, &SH->balance, 477);
    3110:	30000737          	lui	a4,0x30000
    3114:	06070693          	addi	a3,a4,96 # 30000060 <__bss_end+0x2fff948c>

00003118 <rvs_477>:
    3118:	0006a783          	lw	a5,0(a3)
	v += 4u;
    311c:	00478793          	addi	a5,a5,4

00003120 <rvs_478>:
	RV_ST(&SH->balance, v, 478);
    3120:	00f6a023          	sw	a5,0(a3)
	RV_LD(c, &SH->count, 479);
    3124:	06470593          	addi	a1,a4,100

00003128 <rvs_479>:
    3128:	0005a683          	lw	a3,0(a1)
	RV_ST(&SH->count, c + 1u, 480);
    312c:	00168513          	addi	a0,a3,1

00003130 <rvs_480>:
    3130:	00a5a023          	sw	a0,0(a1)
	RV_ST(&SH->checksum, (c ^ v) + 45u, 481);
    3134:	00d7c7b3          	xor	a5,a5,a3
    3138:	02d78793          	addi	a5,a5,45
    313c:	06870693          	addi	a3,a4,104

00003140 <rvs_481>:
    3140:	00f6a023          	sw	a5,0(a3)
	if (use_lock) {
    3144:	00100793          	li	a5,1
    3148:	02f60c63          	beq	a2,a5,3180 <rvs_483>
		RV_RELEASE(lk, 0u, 482);
    314c:	02070713          	addi	a4,a4,32
    3150:	00000793          	li	a5,0

00003154 <rvs_482>:
    3154:	00f72023          	sw	a5,0(a4)
    3158:	b001e7b7          	lui	a5,0xb001e
    315c:	40000737          	lui	a4,0x40000
    3160:	24178793          	addi	a5,a5,577 # b001e241 <__bss_end+0xb001766d>
    3164:	00f72023          	sw	a5,0(a4) # 40000000 <__bss_end+0x3fff942c>
    3168:	00000013          	nop
    316c:	00000013          	nop
    3170:	00000013          	nop
    3174:	00000013          	nop
    3178:	00000013          	nop
    317c:	00000013          	nop

00003180 <rvs_483>:
	}
	RV_MARK(483);
    3180:	00000013          	nop
	rv_local_sum += 4u;
    3184:	00007737          	lui	a4,0x7
    3188:	bd072783          	lw	a5,-1072(a4) # 6bd0 <rv_local_sum>
    318c:	00478793          	addi	a5,a5,4
    3190:	bcf72823          	sw	a5,-1072(a4)
}
    3194:	00008067          	ret

00003198 <rv_t046>:

void rv_t046(void)
{
	unsigned v, c, lk;
	unsigned use_lock = (SH->mode != RV_MODE_RACE_OPEN);
    3198:	30000737          	lui	a4,0x30000
    319c:	00472603          	lw	a2,4(a4) # 30000004 <__bss_end+0x2fff9430>
	/* RV_MODE_RACE_WRONG_LOCK: each core takes a DIFFERENT lock, so both
	 * believe they are protected and neither excludes the other. */
	lk = (SH->mode == RV_MODE_RACE_WRONG_LOCK) ? 0u : 0u;
    31a0:	00472783          	lw	a5,4(a4)

000031a4 <rvs_484>:

	RV_MARK(484);
    31a4:	00000013          	nop
	if (use_lock) {
    31a8:	00100693          	li	a3,1
    31ac:	04d60a63          	beq	a2,a3,3200 <rvs_486+0x2c>
		RV_ACQUIRE(lk, 0u, 1u, 485, 486);
    31b0:	02070793          	addi	a5,a4,32

000031b4 <rvs_485>:
    31b4:	00d7a023          	sw	a3,0(a5)
    31b8:	300007b7          	lui	a5,0x30000
    31bc:	02d72423          	sw	a3,40(a4)
    31c0:	00c0006f          	j	31cc <rvs_485+0x18>
    31c4:	0287a703          	lw	a4,40(a5) # 30000028 <__bss_end+0x2fff9454>
    31c8:	00d71663          	bne	a4,a3,31d4 <rvs_486>
    31cc:	0247a703          	lw	a4,36(a5)
    31d0:	fe071ae3          	bnez	a4,31c4 <rvs_485+0x10>

000031d4 <rvs_486>:
    31d4:	00000013          	nop
    31d8:	a801e7b7          	lui	a5,0xa801e
    31dc:	40000737          	lui	a4,0x40000
    31e0:	64178793          	addi	a5,a5,1601 # a801e641 <__bss_end+0xa8017a6d>
    31e4:	00f72023          	sw	a5,0(a4) # 40000000 <__bss_end+0x3fff942c>
    31e8:	00000013          	nop
    31ec:	00000013          	nop
    31f0:	00000013          	nop
    31f4:	00000013          	nop
    31f8:	00000013          	nop
    31fc:	00000013          	nop
	}
	RV_LD(v, &SH->balance, 487);
    3200:	30000737          	lui	a4,0x30000
    3204:	06070693          	addi	a3,a4,96 # 30000060 <__bss_end+0x2fff948c>

00003208 <rvs_487>:
    3208:	0006a783          	lw	a5,0(a3)
	v += 5u;
    320c:	00578793          	addi	a5,a5,5

00003210 <rvs_488>:
	RV_ST(&SH->balance, v, 488);
    3210:	00f6a023          	sw	a5,0(a3)
	RV_LD(c, &SH->count, 489);
    3214:	06470593          	addi	a1,a4,100

00003218 <rvs_489>:
    3218:	0005a683          	lw	a3,0(a1)
	RV_ST(&SH->count, c + 1u, 490);
    321c:	00168513          	addi	a0,a3,1

00003220 <rvs_490>:
    3220:	00a5a023          	sw	a0,0(a1)
	RV_ST(&SH->checksum, (c ^ v) + 46u, 491);
    3224:	00d7c7b3          	xor	a5,a5,a3
    3228:	02e78793          	addi	a5,a5,46
    322c:	06870693          	addi	a3,a4,104

00003230 <rvs_491>:
    3230:	00f6a023          	sw	a5,0(a3)
	if (use_lock) {
    3234:	00100793          	li	a5,1
    3238:	02f60c63          	beq	a2,a5,3270 <rvs_493>
		RV_RELEASE(lk, 0u, 492);
    323c:	02070713          	addi	a4,a4,32
    3240:	00000793          	li	a5,0

00003244 <rvs_492>:
    3244:	00f72023          	sw	a5,0(a4)
    3248:	b001f7b7          	lui	a5,0xb001f
    324c:	40000737          	lui	a4,0x40000
    3250:	c4178793          	addi	a5,a5,-959 # b001ec41 <__bss_end+0xb001806d>
    3254:	00f72023          	sw	a5,0(a4) # 40000000 <__bss_end+0x3fff942c>
    3258:	00000013          	nop
    325c:	00000013          	nop
    3260:	00000013          	nop
    3264:	00000013          	nop
    3268:	00000013          	nop
    326c:	00000013          	nop

00003270 <rvs_493>:
	}
	RV_MARK(493);
    3270:	00000013          	nop
	rv_local_sum += 5u;
    3274:	00007737          	lui	a4,0x7
    3278:	bd072783          	lw	a5,-1072(a4) # 6bd0 <rv_local_sum>
    327c:	00578793          	addi	a5,a5,5
    3280:	bcf72823          	sw	a5,-1072(a4)
}
    3284:	00008067          	ret

00003288 <rv_t047>:

void rv_t047(void)
{
	unsigned v, c, lk;
	unsigned use_lock = (SH->mode != RV_MODE_RACE_OPEN);
    3288:	30000737          	lui	a4,0x30000
    328c:	00472603          	lw	a2,4(a4) # 30000004 <__bss_end+0x2fff9430>
	/* RV_MODE_RACE_WRONG_LOCK: each core takes a DIFFERENT lock, so both
	 * believe they are protected and neither excludes the other. */
	lk = (SH->mode == RV_MODE_RACE_WRONG_LOCK) ? 0u : 0u;
    3290:	00472783          	lw	a5,4(a4)

00003294 <rvs_494>:

	RV_MARK(494);
    3294:	00000013          	nop
	if (use_lock) {
    3298:	00100693          	li	a3,1
    329c:	04d60a63          	beq	a2,a3,32f0 <rvs_496+0x2c>
		RV_ACQUIRE(lk, 0u, 1u, 495, 496);
    32a0:	02070793          	addi	a5,a4,32

000032a4 <rvs_495>:
    32a4:	00d7a023          	sw	a3,0(a5)
    32a8:	300007b7          	lui	a5,0x30000
    32ac:	02d72423          	sw	a3,40(a4)
    32b0:	00c0006f          	j	32bc <rvs_495+0x18>
    32b4:	0287a703          	lw	a4,40(a5) # 30000028 <__bss_end+0x2fff9454>
    32b8:	00d71663          	bne	a4,a3,32c4 <rvs_496>
    32bc:	0247a703          	lw	a4,36(a5)
    32c0:	fe071ae3          	bnez	a4,32b4 <rvs_495+0x10>

000032c4 <rvs_496>:
    32c4:	00000013          	nop
    32c8:	a801f7b7          	lui	a5,0xa801f
    32cc:	40000737          	lui	a4,0x40000
    32d0:	04178793          	addi	a5,a5,65 # a801f041 <__bss_end+0xa801846d>
    32d4:	00f72023          	sw	a5,0(a4) # 40000000 <__bss_end+0x3fff942c>
    32d8:	00000013          	nop
    32dc:	00000013          	nop
    32e0:	00000013          	nop
    32e4:	00000013          	nop
    32e8:	00000013          	nop
    32ec:	00000013          	nop
	}
	RV_LD(v, &SH->balance, 497);
    32f0:	30000737          	lui	a4,0x30000
    32f4:	06070693          	addi	a3,a4,96 # 30000060 <__bss_end+0x2fff948c>

000032f8 <rvs_497>:
    32f8:	0006a783          	lw	a5,0(a3)
	v += 6u;
    32fc:	00678793          	addi	a5,a5,6

00003300 <rvs_498>:
	RV_ST(&SH->balance, v, 498);
    3300:	00f6a023          	sw	a5,0(a3)
	RV_LD(c, &SH->count, 499);
    3304:	06470593          	addi	a1,a4,100

00003308 <rvs_499>:
    3308:	0005a683          	lw	a3,0(a1)
	RV_ST(&SH->count, c + 1u, 500);
    330c:	00168513          	addi	a0,a3,1

00003310 <rvs_500>:
    3310:	00a5a023          	sw	a0,0(a1)
	RV_ST(&SH->checksum, (c ^ v) + 47u, 501);
    3314:	00d7c7b3          	xor	a5,a5,a3
    3318:	02f78793          	addi	a5,a5,47
    331c:	06870693          	addi	a3,a4,104

00003320 <rvs_501>:
    3320:	00f6a023          	sw	a5,0(a3)
	if (use_lock) {
    3324:	00100793          	li	a5,1
    3328:	02f60c63          	beq	a2,a5,3360 <rvs_503>
		RV_RELEASE(lk, 0u, 502);
    332c:	02070713          	addi	a4,a4,32
    3330:	00000793          	li	a5,0

00003334 <rvs_502>:
    3334:	00f72023          	sw	a5,0(a4)
    3338:	b001f7b7          	lui	a5,0xb001f
    333c:	40000737          	lui	a4,0x40000
    3340:	64178793          	addi	a5,a5,1601 # b001f641 <__bss_end+0xb0018a6d>
    3344:	00f72023          	sw	a5,0(a4) # 40000000 <__bss_end+0x3fff942c>
    3348:	00000013          	nop
    334c:	00000013          	nop
    3350:	00000013          	nop
    3354:	00000013          	nop
    3358:	00000013          	nop
    335c:	00000013          	nop

00003360 <rvs_503>:
	}
	RV_MARK(503);
    3360:	00000013          	nop
	rv_local_sum += 6u;
    3364:	00007737          	lui	a4,0x7
    3368:	bd072783          	lw	a5,-1072(a4) # 6bd0 <rv_local_sum>
    336c:	00678793          	addi	a5,a5,6
    3370:	bcf72823          	sw	a5,-1072(a4)
}
    3374:	00008067          	ret

00003378 <rv_t048>:

void rv_t048(void)
{
	unsigned v, c, lk;
	unsigned use_lock = (SH->mode != RV_MODE_RACE_OPEN);
    3378:	30000737          	lui	a4,0x30000
    337c:	00472603          	lw	a2,4(a4) # 30000004 <__bss_end+0x2fff9430>
	/* RV_MODE_RACE_WRONG_LOCK: each core takes a DIFFERENT lock, so both
	 * believe they are protected and neither excludes the other. */
	lk = (SH->mode == RV_MODE_RACE_WRONG_LOCK) ? 0u : 0u;
    3380:	00472783          	lw	a5,4(a4)

00003384 <rvs_504>:

	RV_MARK(504);
    3384:	00000013          	nop
	if (use_lock) {
    3388:	00100693          	li	a3,1
    338c:	04d60a63          	beq	a2,a3,33e0 <rvs_506+0x2c>
		RV_ACQUIRE(lk, 0u, 1u, 505, 506);
    3390:	02070793          	addi	a5,a4,32

00003394 <rvs_505>:
    3394:	00d7a023          	sw	a3,0(a5)
    3398:	300007b7          	lui	a5,0x30000
    339c:	02d72423          	sw	a3,40(a4)
    33a0:	00c0006f          	j	33ac <rvs_505+0x18>
    33a4:	0287a703          	lw	a4,40(a5) # 30000028 <__bss_end+0x2fff9454>
    33a8:	00d71663          	bne	a4,a3,33b4 <rvs_506>
    33ac:	0247a703          	lw	a4,36(a5)
    33b0:	fe071ae3          	bnez	a4,33a4 <rvs_505+0x10>

000033b4 <rvs_506>:
    33b4:	00000013          	nop
    33b8:	a80207b7          	lui	a5,0xa8020
    33bc:	40000737          	lui	a4,0x40000
    33c0:	a4178793          	addi	a5,a5,-1471 # a801fa41 <__bss_end+0xa8018e6d>
    33c4:	00f72023          	sw	a5,0(a4) # 40000000 <__bss_end+0x3fff942c>
    33c8:	00000013          	nop
    33cc:	00000013          	nop
    33d0:	00000013          	nop
    33d4:	00000013          	nop
    33d8:	00000013          	nop
    33dc:	00000013          	nop
	}
	RV_LD(v, &SH->balance, 507);
    33e0:	30000737          	lui	a4,0x30000
    33e4:	06070693          	addi	a3,a4,96 # 30000060 <__bss_end+0x2fff948c>

000033e8 <rvs_507>:
    33e8:	0006a783          	lw	a5,0(a3)
	v += 7u;
    33ec:	00778793          	addi	a5,a5,7

000033f0 <rvs_508>:
	RV_ST(&SH->balance, v, 508);
    33f0:	00f6a023          	sw	a5,0(a3)
	RV_LD(c, &SH->count, 509);
    33f4:	06470593          	addi	a1,a4,100

000033f8 <rvs_509>:
    33f8:	0005a683          	lw	a3,0(a1)
	RV_ST(&SH->count, c + 1u, 510);
    33fc:	00168513          	addi	a0,a3,1

00003400 <rvs_510>:
    3400:	00a5a023          	sw	a0,0(a1)
	RV_ST(&SH->checksum, (c ^ v) + 48u, 511);
    3404:	00d7c7b3          	xor	a5,a5,a3
    3408:	03078793          	addi	a5,a5,48
    340c:	06870693          	addi	a3,a4,104

00003410 <rvs_511>:
    3410:	00f6a023          	sw	a5,0(a3)
	if (use_lock) {
    3414:	00100793          	li	a5,1
    3418:	02f60c63          	beq	a2,a5,3450 <rvs_513>
		RV_RELEASE(lk, 0u, 512);
    341c:	02070713          	addi	a4,a4,32
    3420:	00000793          	li	a5,0

00003424 <rvs_512>:
    3424:	00f72023          	sw	a5,0(a4)
    3428:	b00207b7          	lui	a5,0xb0020
    342c:	40000737          	lui	a4,0x40000
    3430:	04178793          	addi	a5,a5,65 # b0020041 <__bss_end+0xb001946d>
    3434:	00f72023          	sw	a5,0(a4) # 40000000 <__bss_end+0x3fff942c>
    3438:	00000013          	nop
    343c:	00000013          	nop
    3440:	00000013          	nop
    3444:	00000013          	nop
    3448:	00000013          	nop
    344c:	00000013          	nop

00003450 <rvs_513>:
	}
	RV_MARK(513);
    3450:	00000013          	nop
	rv_local_sum += 7u;
    3454:	00007737          	lui	a4,0x7
    3458:	bd072783          	lw	a5,-1072(a4) # 6bd0 <rv_local_sum>
    345c:	00778793          	addi	a5,a5,7
    3460:	bcf72823          	sw	a5,-1072(a4)
}
    3464:	00008067          	ret

00003468 <rv_t048_cap>:
void rv_t048_cap(void)
{
	unsigned w;
	/* The tag is COMPUTED here -- an ACT-ST trigger could only ever carry
	 * the constant its table entry was loaded with. */
	w = RV_ACT_WORD(RV_ACT_CMD_DAQ_PC_CURR, RV_ACT_SINK_AXIS,
    3468:	30000537          	lui	a0,0x30000
    346c:	08052703          	lw	a4,128(a0) # 30000080 <__bss_end+0x2fff94ac>
    3470:	200007b7          	lui	a5,0x20000
    3474:	f0078613          	addi	a2,a5,-256 # 1fffff00 <__bss_end+0x1fff932c>
    3478:	00871713          	slli	a4,a4,0x8
    347c:	e00006b7          	lui	a3,0xe0000
    3480:	00c77733          	and	a4,a4,a2
    3484:	04168693          	addi	a3,a3,65 # e0000041 <__bss_end+0xdfff946d>
	                RV_TAG_VALUE(SH->ring_head & RV_VALUE_MASK));
	RV_ACTCAP_AT(514, w);
    3488:	400005b7          	lui	a1,0x40000
	w = RV_ACT_WORD(RV_ACT_CMD_DAQ_PC_CURR, RV_ACT_SINK_AXIS,
    348c:	00d76733          	or	a4,a4,a3

00003490 <rvs_514>:
	RV_ACTCAP_AT(514, w);
    3490:	00e5a023          	sw	a4,0(a1) # 40000000 <__bss_end+0x3fff942c>
    3494:	00000013          	nop
    3498:	00000013          	nop
    349c:	00000013          	nop
    34a0:	00000013          	nop
    34a4:	00000013          	nop
    34a8:	00000013          	nop
	w = RV_ACT_WORD(RV_ACT_CMD_DAQ_PC_CURR, RV_ACT_SINK_AXIS,
    34ac:	06052783          	lw	a5,96(a0)
    34b0:	00879793          	slli	a5,a5,0x8
    34b4:	00c7f7b3          	and	a5,a5,a2
    34b8:	00d7e7b3          	or	a5,a5,a3

000034bc <rvs_515>:
	                RV_TAG_VALUE(SH->balance & RV_VALUE_MASK));
	RV_ACTCAP_AT(515, w);
    34bc:	00f5a023          	sw	a5,0(a1)
    34c0:	00000013          	nop
    34c4:	00000013          	nop
    34c8:	00000013          	nop
    34cc:	00000013          	nop
    34d0:	00000013          	nop
    34d4:	00000013          	nop
	rv_actcap_issued += 2u;
    34d8:	00007737          	lui	a4,0x7
    34dc:	bc872783          	lw	a5,-1080(a4) # 6bc8 <rv_actcap_issued>
    34e0:	00278793          	addi	a5,a5,2
    34e4:	bcf72423          	sw	a5,-1080(a4)
}
    34e8:	00008067          	ret

000034ec <rv_t049>:

void rv_t049(void)
{
	unsigned v, c, lk;
	unsigned use_lock = (SH->mode != RV_MODE_RACE_OPEN);
    34ec:	30000737          	lui	a4,0x30000
    34f0:	00472603          	lw	a2,4(a4) # 30000004 <__bss_end+0x2fff9430>
	/* RV_MODE_RACE_WRONG_LOCK: each core takes a DIFFERENT lock, so both
	 * believe they are protected and neither excludes the other. */
	lk = (SH->mode == RV_MODE_RACE_WRONG_LOCK) ? 0u : 0u;
    34f4:	00472783          	lw	a5,4(a4)

000034f8 <rvs_516>:

	RV_MARK(516);
    34f8:	00000013          	nop
	if (use_lock) {
    34fc:	00100693          	li	a3,1
    3500:	04d60a63          	beq	a2,a3,3554 <rvs_518+0x2c>
		RV_ACQUIRE(lk, 0u, 1u, 517, 518);
    3504:	02070793          	addi	a5,a4,32

00003508 <rvs_517>:
    3508:	00d7a023          	sw	a3,0(a5)
    350c:	300007b7          	lui	a5,0x30000
    3510:	02d72423          	sw	a3,40(a4)
    3514:	00c0006f          	j	3520 <rvs_517+0x18>
    3518:	0287a703          	lw	a4,40(a5) # 30000028 <__bss_end+0x2fff9454>
    351c:	00d71663          	bne	a4,a3,3528 <rvs_518>
    3520:	0247a703          	lw	a4,36(a5)
    3524:	fe071ae3          	bnez	a4,3518 <rvs_517+0x10>

00003528 <rvs_518>:
    3528:	00000013          	nop
    352c:	a80207b7          	lui	a5,0xa8020
    3530:	40000737          	lui	a4,0x40000
    3534:	64178793          	addi	a5,a5,1601 # a8020641 <__bss_end+0xa8019a6d>
    3538:	00f72023          	sw	a5,0(a4) # 40000000 <__bss_end+0x3fff942c>
    353c:	00000013          	nop
    3540:	00000013          	nop
    3544:	00000013          	nop
    3548:	00000013          	nop
    354c:	00000013          	nop
    3550:	00000013          	nop
	}
	RV_LD(v, &SH->balance, 519);
    3554:	30000737          	lui	a4,0x30000
    3558:	06070693          	addi	a3,a4,96 # 30000060 <__bss_end+0x2fff948c>

0000355c <rvs_519>:
    355c:	0006a783          	lw	a5,0(a3)
	v += 1u;
    3560:	00178793          	addi	a5,a5,1

00003564 <rvs_520>:
	RV_ST(&SH->balance, v, 520);
    3564:	00f6a023          	sw	a5,0(a3)
	RV_LD(c, &SH->count, 521);
    3568:	06470593          	addi	a1,a4,100

0000356c <rvs_521>:
    356c:	0005a683          	lw	a3,0(a1)
	RV_ST(&SH->count, c + 1u, 522);
    3570:	00168513          	addi	a0,a3,1

00003574 <rvs_522>:
    3574:	00a5a023          	sw	a0,0(a1)
	RV_ST(&SH->checksum, (c ^ v) + 49u, 523);
    3578:	00d7c7b3          	xor	a5,a5,a3
    357c:	03178793          	addi	a5,a5,49
    3580:	06870693          	addi	a3,a4,104

00003584 <rvs_523>:
    3584:	00f6a023          	sw	a5,0(a3)
	if (use_lock) {
    3588:	00100793          	li	a5,1
    358c:	02f60c63          	beq	a2,a5,35c4 <rvs_525>
		RV_RELEASE(lk, 0u, 524);
    3590:	02070713          	addi	a4,a4,32
    3594:	00000793          	li	a5,0

00003598 <rvs_524>:
    3598:	00f72023          	sw	a5,0(a4)
    359c:	b00217b7          	lui	a5,0xb0021
    35a0:	40000737          	lui	a4,0x40000
    35a4:	c4178793          	addi	a5,a5,-959 # b0020c41 <__bss_end+0xb001a06d>
    35a8:	00f72023          	sw	a5,0(a4) # 40000000 <__bss_end+0x3fff942c>
    35ac:	00000013          	nop
    35b0:	00000013          	nop
    35b4:	00000013          	nop
    35b8:	00000013          	nop
    35bc:	00000013          	nop
    35c0:	00000013          	nop

000035c4 <rvs_525>:
	}
	RV_MARK(525);
    35c4:	00000013          	nop
	rv_local_sum += 1u;
    35c8:	00007737          	lui	a4,0x7
    35cc:	bd072783          	lw	a5,-1072(a4) # 6bd0 <rv_local_sum>
    35d0:	00178793          	addi	a5,a5,1
    35d4:	bcf72823          	sw	a5,-1072(a4)
}
    35d8:	00008067          	ret

000035dc <rv_t050>:

void rv_t050(void)
{
    35dc:	fe010113          	addi	sp,sp,-32
    35e0:	00112e23          	sw	ra,28(sp)
    35e4:	00812c23          	sw	s0,24(sp)
    35e8:	00912a23          	sw	s1,20(sp)
    35ec:	01212823          	sw	s2,16(sp)
    35f0:	01312623          	sw	s3,12(sp)
    35f4:	01412423          	sw	s4,8(sp)

000035f8 <rvs_526>:
	unsigned h, t, p;

	RV_MARK(526);
    35f8:	00000013          	nop
	RV_LD(h, &SH->ring_head, 527);
    35fc:	30000437          	lui	s0,0x30000
    3600:	08040a13          	addi	s4,s0,128 # 30000080 <__bss_end+0x2fff94ac>

00003604 <rvs_527>:
    3604:	000a2903          	lw	s2,0(s4)
	RV_LD(t, &SH->ring_tail, 528);
    3608:	08440993          	addi	s3,s0,132

0000360c <rvs_528>:
    360c:	0009a983          	lw	s3,0(s3)

00003610 <rvs_533>:
	RV_MARK(533);
    3610:	00000013          	nop
	if (((h + 1u) % RV_RING_SLOTS) != t) {
    3614:	03c00593          	li	a1,60
    3618:	00190513          	addi	a0,s2,1
    361c:	348030ef          	jal	ra,6964 <__umodsi3>
    3620:	07350863          	beq	a0,s3,3690 <rvs_535+0x24>
		RV_ST(&SH->ring[h % RV_RING_SLOTS], h + 50u, 529);
    3624:	00050493          	mv	s1,a0
    3628:	03c00593          	li	a1,60
    362c:	00090513          	mv	a0,s2
    3630:	334030ef          	jal	ra,6964 <__umodsi3>
    3634:	00251513          	slli	a0,a0,0x2
    3638:	09040413          	addi	s0,s0,144
    363c:	00850433          	add	s0,a0,s0
    3640:	03290913          	addi	s2,s2,50

00003644 <rvs_529>:
    3644:	01242023          	sw	s2,0(s0)

00003648 <rvs_530>:
		RV_ST(&SH->ring_head, (h + 1u) % RV_RING_SLOTS, 530);
    3648:	009a2023          	sw	s1,0(s4)
	} else {
		SH->ring_drops++;
	}
	RV_LD(p, &rv_private, 531);
    364c:	000077b7          	lui	a5,0x7
    3650:	bcc78793          	addi	a5,a5,-1076 # 6bcc <rv_private>

00003654 <rvs_531>:
    3654:	0007a703          	lw	a4,0(a5)
	RV_ST(&rv_private, p + 1u, 532);
    3658:	00170693          	addi	a3,a4,1

0000365c <rvs_532>:
    365c:	00d7a023          	sw	a3,0(a5)
	RV_ST(&SH->seq, p, 534);
    3660:	300007b7          	lui	a5,0x30000
    3664:	06c78793          	addi	a5,a5,108 # 3000006c <__bss_end+0x2fff9498>

00003668 <rvs_534>:
    3668:	00e7a023          	sw	a4,0(a5)

0000366c <rvs_535>:
	RV_MARK(535);
    366c:	00000013          	nop
}
    3670:	01c12083          	lw	ra,28(sp)
    3674:	01812403          	lw	s0,24(sp)
    3678:	01412483          	lw	s1,20(sp)
    367c:	01012903          	lw	s2,16(sp)
    3680:	00c12983          	lw	s3,12(sp)
    3684:	00812a03          	lw	s4,8(sp)
    3688:	02010113          	addi	sp,sp,32
    368c:	00008067          	ret
		SH->ring_drops++;
    3690:	08842783          	lw	a5,136(s0)
    3694:	00178793          	addi	a5,a5,1
    3698:	08f42423          	sw	a5,136(s0)
    369c:	fb1ff06f          	j	364c <rvs_530+0x4>

000036a0 <rv_t051>:

void rv_t051(void)
{
    36a0:	fe010113          	addi	sp,sp,-32
    36a4:	00112e23          	sw	ra,28(sp)
    36a8:	00812c23          	sw	s0,24(sp)
    36ac:	00912a23          	sw	s1,20(sp)
    36b0:	01212823          	sw	s2,16(sp)
    36b4:	01312623          	sw	s3,12(sp)
    36b8:	01412423          	sw	s4,8(sp)

000036bc <rvs_536>:
	unsigned h, t, p;

	RV_MARK(536);
    36bc:	00000013          	nop
	RV_LD(h, &SH->ring_head, 537);
    36c0:	30000437          	lui	s0,0x30000
    36c4:	08040a13          	addi	s4,s0,128 # 30000080 <__bss_end+0x2fff94ac>

000036c8 <rvs_537>:
    36c8:	000a2903          	lw	s2,0(s4)
	RV_LD(t, &SH->ring_tail, 538);
    36cc:	08440993          	addi	s3,s0,132

000036d0 <rvs_538>:
    36d0:	0009a983          	lw	s3,0(s3)

000036d4 <rvs_543>:
	RV_MARK(543);
    36d4:	00000013          	nop
	if (((h + 1u) % RV_RING_SLOTS) != t) {
    36d8:	03c00593          	li	a1,60
    36dc:	00190513          	addi	a0,s2,1
    36e0:	284030ef          	jal	ra,6964 <__umodsi3>
    36e4:	07350863          	beq	a0,s3,3754 <rvs_545+0x24>
		RV_ST(&SH->ring[h % RV_RING_SLOTS], h + 51u, 539);
    36e8:	00050493          	mv	s1,a0
    36ec:	03c00593          	li	a1,60
    36f0:	00090513          	mv	a0,s2
    36f4:	270030ef          	jal	ra,6964 <__umodsi3>
    36f8:	00251513          	slli	a0,a0,0x2
    36fc:	09040413          	addi	s0,s0,144
    3700:	00850433          	add	s0,a0,s0
    3704:	03390913          	addi	s2,s2,51

00003708 <rvs_539>:
    3708:	01242023          	sw	s2,0(s0)

0000370c <rvs_540>:
		RV_ST(&SH->ring_head, (h + 1u) % RV_RING_SLOTS, 540);
    370c:	009a2023          	sw	s1,0(s4)
	} else {
		SH->ring_drops++;
	}
	RV_LD(p, &rv_private, 541);
    3710:	000077b7          	lui	a5,0x7
    3714:	bcc78793          	addi	a5,a5,-1076 # 6bcc <rv_private>

00003718 <rvs_541>:
    3718:	0007a703          	lw	a4,0(a5)
	RV_ST(&rv_private, p + 1u, 542);
    371c:	00170693          	addi	a3,a4,1

00003720 <rvs_542>:
    3720:	00d7a023          	sw	a3,0(a5)
	RV_ST(&SH->seq, p, 544);
    3724:	300007b7          	lui	a5,0x30000
    3728:	06c78793          	addi	a5,a5,108 # 3000006c <__bss_end+0x2fff9498>

0000372c <rvs_544>:
    372c:	00e7a023          	sw	a4,0(a5)

00003730 <rvs_545>:
	RV_MARK(545);
    3730:	00000013          	nop
}
    3734:	01c12083          	lw	ra,28(sp)
    3738:	01812403          	lw	s0,24(sp)
    373c:	01412483          	lw	s1,20(sp)
    3740:	01012903          	lw	s2,16(sp)
    3744:	00c12983          	lw	s3,12(sp)
    3748:	00812a03          	lw	s4,8(sp)
    374c:	02010113          	addi	sp,sp,32
    3750:	00008067          	ret
		SH->ring_drops++;
    3754:	08842783          	lw	a5,136(s0)
    3758:	00178793          	addi	a5,a5,1
    375c:	08f42423          	sw	a5,136(s0)
    3760:	fb1ff06f          	j	3710 <rvs_540+0x4>

00003764 <rv_t052>:

void rv_t052(void)
{
    3764:	fe010113          	addi	sp,sp,-32
    3768:	00112e23          	sw	ra,28(sp)
    376c:	00812c23          	sw	s0,24(sp)
    3770:	00912a23          	sw	s1,20(sp)
    3774:	01212823          	sw	s2,16(sp)
    3778:	01312623          	sw	s3,12(sp)
    377c:	01412423          	sw	s4,8(sp)

00003780 <rvs_546>:
	unsigned h, t, p;

	RV_MARK(546);
    3780:	00000013          	nop
	RV_LD(h, &SH->ring_head, 547);
    3784:	30000437          	lui	s0,0x30000
    3788:	08040a13          	addi	s4,s0,128 # 30000080 <__bss_end+0x2fff94ac>

0000378c <rvs_547>:
    378c:	000a2903          	lw	s2,0(s4)
	RV_LD(t, &SH->ring_tail, 548);
    3790:	08440993          	addi	s3,s0,132

00003794 <rvs_548>:
    3794:	0009a983          	lw	s3,0(s3)

00003798 <rvs_553>:
	RV_MARK(553);
    3798:	00000013          	nop
	if (((h + 1u) % RV_RING_SLOTS) != t) {
    379c:	03c00593          	li	a1,60
    37a0:	00190513          	addi	a0,s2,1
    37a4:	1c0030ef          	jal	ra,6964 <__umodsi3>
    37a8:	07350863          	beq	a0,s3,3818 <rvs_555+0x24>
		RV_ST(&SH->ring[h % RV_RING_SLOTS], h + 52u, 549);
    37ac:	00050493          	mv	s1,a0
    37b0:	03c00593          	li	a1,60
    37b4:	00090513          	mv	a0,s2
    37b8:	1ac030ef          	jal	ra,6964 <__umodsi3>
    37bc:	00251513          	slli	a0,a0,0x2
    37c0:	09040413          	addi	s0,s0,144
    37c4:	00850433          	add	s0,a0,s0
    37c8:	03490913          	addi	s2,s2,52

000037cc <rvs_549>:
    37cc:	01242023          	sw	s2,0(s0)

000037d0 <rvs_550>:
		RV_ST(&SH->ring_head, (h + 1u) % RV_RING_SLOTS, 550);
    37d0:	009a2023          	sw	s1,0(s4)
	} else {
		SH->ring_drops++;
	}
	RV_LD(p, &rv_private, 551);
    37d4:	000077b7          	lui	a5,0x7
    37d8:	bcc78793          	addi	a5,a5,-1076 # 6bcc <rv_private>

000037dc <rvs_551>:
    37dc:	0007a703          	lw	a4,0(a5)
	RV_ST(&rv_private, p + 1u, 552);
    37e0:	00170693          	addi	a3,a4,1

000037e4 <rvs_552>:
    37e4:	00d7a023          	sw	a3,0(a5)
	RV_ST(&SH->seq, p, 554);
    37e8:	300007b7          	lui	a5,0x30000
    37ec:	06c78793          	addi	a5,a5,108 # 3000006c <__bss_end+0x2fff9498>

000037f0 <rvs_554>:
    37f0:	00e7a023          	sw	a4,0(a5)

000037f4 <rvs_555>:
	RV_MARK(555);
    37f4:	00000013          	nop
}
    37f8:	01c12083          	lw	ra,28(sp)
    37fc:	01812403          	lw	s0,24(sp)
    3800:	01412483          	lw	s1,20(sp)
    3804:	01012903          	lw	s2,16(sp)
    3808:	00c12983          	lw	s3,12(sp)
    380c:	00812a03          	lw	s4,8(sp)
    3810:	02010113          	addi	sp,sp,32
    3814:	00008067          	ret
		SH->ring_drops++;
    3818:	08842783          	lw	a5,136(s0)
    381c:	00178793          	addi	a5,a5,1
    3820:	08f42423          	sw	a5,136(s0)
    3824:	fb1ff06f          	j	37d4 <rvs_550+0x4>

00003828 <rv_t052_cap>:
void rv_t052_cap(void)
{
	unsigned w;
	/* The tag is COMPUTED here -- an ACT-ST trigger could only ever carry
	 * the constant its table entry was loaded with. */
	w = RV_ACT_WORD(RV_ACT_CMD_DAQ_PC_CURR, RV_ACT_SINK_AXIS,
    3828:	30000537          	lui	a0,0x30000
    382c:	08052703          	lw	a4,128(a0) # 30000080 <__bss_end+0x2fff94ac>
    3830:	200007b7          	lui	a5,0x20000
    3834:	f0078613          	addi	a2,a5,-256 # 1fffff00 <__bss_end+0x1fff932c>
    3838:	00871713          	slli	a4,a4,0x8
    383c:	e00006b7          	lui	a3,0xe0000
    3840:	00c77733          	and	a4,a4,a2
    3844:	04168693          	addi	a3,a3,65 # e0000041 <__bss_end+0xdfff946d>
	                RV_TAG_VALUE(SH->ring_head & RV_VALUE_MASK));
	RV_ACTCAP_AT(556, w);
    3848:	400005b7          	lui	a1,0x40000
	w = RV_ACT_WORD(RV_ACT_CMD_DAQ_PC_CURR, RV_ACT_SINK_AXIS,
    384c:	00d76733          	or	a4,a4,a3

00003850 <rvs_556>:
	RV_ACTCAP_AT(556, w);
    3850:	00e5a023          	sw	a4,0(a1) # 40000000 <__bss_end+0x3fff942c>
    3854:	00000013          	nop
    3858:	00000013          	nop
    385c:	00000013          	nop
    3860:	00000013          	nop
    3864:	00000013          	nop
    3868:	00000013          	nop
	w = RV_ACT_WORD(RV_ACT_CMD_DAQ_PC_CURR, RV_ACT_SINK_AXIS,
    386c:	06052783          	lw	a5,96(a0)
    3870:	00879793          	slli	a5,a5,0x8
    3874:	00c7f7b3          	and	a5,a5,a2
    3878:	00d7e7b3          	or	a5,a5,a3

0000387c <rvs_557>:
	                RV_TAG_VALUE(SH->balance & RV_VALUE_MASK));
	RV_ACTCAP_AT(557, w);
    387c:	00f5a023          	sw	a5,0(a1)
    3880:	00000013          	nop
    3884:	00000013          	nop
    3888:	00000013          	nop
    388c:	00000013          	nop
    3890:	00000013          	nop
    3894:	00000013          	nop
	rv_actcap_issued += 2u;
    3898:	00007737          	lui	a4,0x7
    389c:	bc872783          	lw	a5,-1080(a4) # 6bc8 <rv_actcap_issued>
    38a0:	00278793          	addi	a5,a5,2
    38a4:	bcf72423          	sw	a5,-1080(a4)
}
    38a8:	00008067          	ret

000038ac <rv_t053>:

void rv_t053(void)
{
	unsigned v, c, lk;
	unsigned use_lock = (SH->mode != RV_MODE_RACE_OPEN);
    38ac:	30000737          	lui	a4,0x30000
    38b0:	00472603          	lw	a2,4(a4) # 30000004 <__bss_end+0x2fff9430>
	/* RV_MODE_RACE_WRONG_LOCK: each core takes a DIFFERENT lock, so both
	 * believe they are protected and neither excludes the other. */
	lk = (SH->mode == RV_MODE_RACE_WRONG_LOCK) ? 0u : 0u;
    38b4:	00472783          	lw	a5,4(a4)

000038b8 <rvs_558>:

	RV_MARK(558);
    38b8:	00000013          	nop
	if (use_lock) {
    38bc:	00100693          	li	a3,1
    38c0:	04d60a63          	beq	a2,a3,3914 <rvs_560+0x2c>
		RV_ACQUIRE(lk, 0u, 1u, 559, 560);
    38c4:	02070793          	addi	a5,a4,32

000038c8 <rvs_559>:
    38c8:	00d7a023          	sw	a3,0(a5)
    38cc:	300007b7          	lui	a5,0x30000
    38d0:	02d72423          	sw	a3,40(a4)
    38d4:	00c0006f          	j	38e0 <rvs_559+0x18>
    38d8:	0287a703          	lw	a4,40(a5) # 30000028 <__bss_end+0x2fff9454>
    38dc:	00d71663          	bne	a4,a3,38e8 <rvs_560>
    38e0:	0247a703          	lw	a4,36(a5)
    38e4:	fe071ae3          	bnez	a4,38d8 <rvs_559+0x10>

000038e8 <rvs_560>:
    38e8:	00000013          	nop
    38ec:	a80237b7          	lui	a5,0xa8023
    38f0:	40000737          	lui	a4,0x40000
    38f4:	04178793          	addi	a5,a5,65 # a8023041 <__bss_end+0xa801c46d>
    38f8:	00f72023          	sw	a5,0(a4) # 40000000 <__bss_end+0x3fff942c>
    38fc:	00000013          	nop
    3900:	00000013          	nop
    3904:	00000013          	nop
    3908:	00000013          	nop
    390c:	00000013          	nop
    3910:	00000013          	nop
	}
	RV_LD(v, &SH->balance, 561);
    3914:	30000737          	lui	a4,0x30000
    3918:	06070693          	addi	a3,a4,96 # 30000060 <__bss_end+0x2fff948c>

0000391c <rvs_561>:
    391c:	0006a783          	lw	a5,0(a3)
	v += 5u;
    3920:	00578793          	addi	a5,a5,5

00003924 <rvs_562>:
	RV_ST(&SH->balance, v, 562);
    3924:	00f6a023          	sw	a5,0(a3)
	RV_LD(c, &SH->count, 563);
    3928:	06470593          	addi	a1,a4,100

0000392c <rvs_563>:
    392c:	0005a683          	lw	a3,0(a1)
	RV_ST(&SH->count, c + 1u, 564);
    3930:	00168513          	addi	a0,a3,1

00003934 <rvs_564>:
    3934:	00a5a023          	sw	a0,0(a1)
	RV_ST(&SH->checksum, (c ^ v) + 53u, 565);
    3938:	00d7c7b3          	xor	a5,a5,a3
    393c:	03578793          	addi	a5,a5,53
    3940:	06870693          	addi	a3,a4,104

00003944 <rvs_565>:
    3944:	00f6a023          	sw	a5,0(a3)
	if (use_lock) {
    3948:	00100793          	li	a5,1
    394c:	02f60c63          	beq	a2,a5,3984 <rvs_567>
		RV_RELEASE(lk, 0u, 566);
    3950:	02070713          	addi	a4,a4,32
    3954:	00000793          	li	a5,0

00003958 <rvs_566>:
    3958:	00f72023          	sw	a5,0(a4)
    395c:	b00237b7          	lui	a5,0xb0023
    3960:	40000737          	lui	a4,0x40000
    3964:	64178793          	addi	a5,a5,1601 # b0023641 <__bss_end+0xb001ca6d>
    3968:	00f72023          	sw	a5,0(a4) # 40000000 <__bss_end+0x3fff942c>
    396c:	00000013          	nop
    3970:	00000013          	nop
    3974:	00000013          	nop
    3978:	00000013          	nop
    397c:	00000013          	nop
    3980:	00000013          	nop

00003984 <rvs_567>:
	}
	RV_MARK(567);
    3984:	00000013          	nop
	rv_local_sum += 5u;
    3988:	00007737          	lui	a4,0x7
    398c:	bd072783          	lw	a5,-1072(a4) # 6bd0 <rv_local_sum>
    3990:	00578793          	addi	a5,a5,5
    3994:	bcf72823          	sw	a5,-1072(a4)
}
    3998:	00008067          	ret

0000399c <rv_t054>:

void rv_t054(void)
{
	unsigned v, c, lk;
	unsigned use_lock = (SH->mode != RV_MODE_RACE_OPEN);
    399c:	30000737          	lui	a4,0x30000
    39a0:	00472603          	lw	a2,4(a4) # 30000004 <__bss_end+0x2fff9430>
	/* RV_MODE_RACE_WRONG_LOCK: each core takes a DIFFERENT lock, so both
	 * believe they are protected and neither excludes the other. */
	lk = (SH->mode == RV_MODE_RACE_WRONG_LOCK) ? 0u : 0u;
    39a4:	00472783          	lw	a5,4(a4)

000039a8 <rvs_568>:

	RV_MARK(568);
    39a8:	00000013          	nop
	if (use_lock) {
    39ac:	00100693          	li	a3,1
    39b0:	04d60a63          	beq	a2,a3,3a04 <rvs_570+0x2c>
		RV_ACQUIRE(lk, 0u, 1u, 569, 570);
    39b4:	02070793          	addi	a5,a4,32

000039b8 <rvs_569>:
    39b8:	00d7a023          	sw	a3,0(a5)
    39bc:	300007b7          	lui	a5,0x30000
    39c0:	02d72423          	sw	a3,40(a4)
    39c4:	00c0006f          	j	39d0 <rvs_569+0x18>
    39c8:	0287a703          	lw	a4,40(a5) # 30000028 <__bss_end+0x2fff9454>
    39cc:	00d71663          	bne	a4,a3,39d8 <rvs_570>
    39d0:	0247a703          	lw	a4,36(a5)
    39d4:	fe071ae3          	bnez	a4,39c8 <rvs_569+0x10>

000039d8 <rvs_570>:
    39d8:	00000013          	nop
    39dc:	a80247b7          	lui	a5,0xa8024
    39e0:	40000737          	lui	a4,0x40000
    39e4:	a4178793          	addi	a5,a5,-1471 # a8023a41 <__bss_end+0xa801ce6d>
    39e8:	00f72023          	sw	a5,0(a4) # 40000000 <__bss_end+0x3fff942c>
    39ec:	00000013          	nop
    39f0:	00000013          	nop
    39f4:	00000013          	nop
    39f8:	00000013          	nop
    39fc:	00000013          	nop
    3a00:	00000013          	nop
	}
	RV_LD(v, &SH->balance, 571);
    3a04:	30000737          	lui	a4,0x30000
    3a08:	06070693          	addi	a3,a4,96 # 30000060 <__bss_end+0x2fff948c>

00003a0c <rvs_571>:
    3a0c:	0006a783          	lw	a5,0(a3)
	v += 6u;
    3a10:	00678793          	addi	a5,a5,6

00003a14 <rvs_572>:
	RV_ST(&SH->balance, v, 572);
    3a14:	00f6a023          	sw	a5,0(a3)
	RV_LD(c, &SH->count, 573);
    3a18:	06470593          	addi	a1,a4,100

00003a1c <rvs_573>:
    3a1c:	0005a683          	lw	a3,0(a1)
	RV_ST(&SH->count, c + 1u, 574);
    3a20:	00168513          	addi	a0,a3,1

00003a24 <rvs_574>:
    3a24:	00a5a023          	sw	a0,0(a1)
	RV_ST(&SH->checksum, (c ^ v) + 54u, 575);
    3a28:	00d7c7b3          	xor	a5,a5,a3
    3a2c:	03678793          	addi	a5,a5,54
    3a30:	06870693          	addi	a3,a4,104

00003a34 <rvs_575>:
    3a34:	00f6a023          	sw	a5,0(a3)
	if (use_lock) {
    3a38:	00100793          	li	a5,1
    3a3c:	02f60c63          	beq	a2,a5,3a74 <rvs_577>
		RV_RELEASE(lk, 0u, 576);
    3a40:	02070713          	addi	a4,a4,32
    3a44:	00000793          	li	a5,0

00003a48 <rvs_576>:
    3a48:	00f72023          	sw	a5,0(a4)
    3a4c:	b00247b7          	lui	a5,0xb0024
    3a50:	40000737          	lui	a4,0x40000
    3a54:	04178793          	addi	a5,a5,65 # b0024041 <__bss_end+0xb001d46d>
    3a58:	00f72023          	sw	a5,0(a4) # 40000000 <__bss_end+0x3fff942c>
    3a5c:	00000013          	nop
    3a60:	00000013          	nop
    3a64:	00000013          	nop
    3a68:	00000013          	nop
    3a6c:	00000013          	nop
    3a70:	00000013          	nop

00003a74 <rvs_577>:
	}
	RV_MARK(577);
    3a74:	00000013          	nop
	rv_local_sum += 6u;
    3a78:	00007737          	lui	a4,0x7
    3a7c:	bd072783          	lw	a5,-1072(a4) # 6bd0 <rv_local_sum>
    3a80:	00678793          	addi	a5,a5,6
    3a84:	bcf72823          	sw	a5,-1072(a4)
}
    3a88:	00008067          	ret

00003a8c <rv_t055>:

void rv_t055(void)
{
	unsigned v, c, lk;
	unsigned use_lock = (SH->mode != RV_MODE_RACE_OPEN);
    3a8c:	30000737          	lui	a4,0x30000
    3a90:	00472603          	lw	a2,4(a4) # 30000004 <__bss_end+0x2fff9430>
	/* RV_MODE_RACE_WRONG_LOCK: each core takes a DIFFERENT lock, so both
	 * believe they are protected and neither excludes the other. */
	lk = (SH->mode == RV_MODE_RACE_WRONG_LOCK) ? 0u : 0u;
    3a94:	00472783          	lw	a5,4(a4)

00003a98 <rvs_578>:

	RV_MARK(578);
    3a98:	00000013          	nop
	if (use_lock) {
    3a9c:	00100693          	li	a3,1
    3aa0:	04d60a63          	beq	a2,a3,3af4 <rvs_580+0x2c>
		RV_ACQUIRE(lk, 0u, 1u, 579, 580);
    3aa4:	02070793          	addi	a5,a4,32

00003aa8 <rvs_579>:
    3aa8:	00d7a023          	sw	a3,0(a5)
    3aac:	300007b7          	lui	a5,0x30000
    3ab0:	02d72423          	sw	a3,40(a4)
    3ab4:	00c0006f          	j	3ac0 <rvs_579+0x18>
    3ab8:	0287a703          	lw	a4,40(a5) # 30000028 <__bss_end+0x2fff9454>
    3abc:	00d71663          	bne	a4,a3,3ac8 <rvs_580>
    3ac0:	0247a703          	lw	a4,36(a5)
    3ac4:	fe071ae3          	bnez	a4,3ab8 <rvs_579+0x10>

00003ac8 <rvs_580>:
    3ac8:	00000013          	nop
    3acc:	a80247b7          	lui	a5,0xa8024
    3ad0:	40000737          	lui	a4,0x40000
    3ad4:	44178793          	addi	a5,a5,1089 # a8024441 <__bss_end+0xa801d86d>
    3ad8:	00f72023          	sw	a5,0(a4) # 40000000 <__bss_end+0x3fff942c>
    3adc:	00000013          	nop
    3ae0:	00000013          	nop
    3ae4:	00000013          	nop
    3ae8:	00000013          	nop
    3aec:	00000013          	nop
    3af0:	00000013          	nop
	}
	RV_LD(v, &SH->balance, 581);
    3af4:	30000737          	lui	a4,0x30000
    3af8:	06070693          	addi	a3,a4,96 # 30000060 <__bss_end+0x2fff948c>

00003afc <rvs_581>:
    3afc:	0006a783          	lw	a5,0(a3)
	v += 7u;
    3b00:	00778793          	addi	a5,a5,7

00003b04 <rvs_582>:
	RV_ST(&SH->balance, v, 582);
    3b04:	00f6a023          	sw	a5,0(a3)
	RV_LD(c, &SH->count, 583);
    3b08:	06470593          	addi	a1,a4,100

00003b0c <rvs_583>:
    3b0c:	0005a683          	lw	a3,0(a1)
	RV_ST(&SH->count, c + 1u, 584);
    3b10:	00168513          	addi	a0,a3,1

00003b14 <rvs_584>:
    3b14:	00a5a023          	sw	a0,0(a1)
	RV_ST(&SH->checksum, (c ^ v) + 55u, 585);
    3b18:	00d7c7b3          	xor	a5,a5,a3
    3b1c:	03778793          	addi	a5,a5,55
    3b20:	06870693          	addi	a3,a4,104

00003b24 <rvs_585>:
    3b24:	00f6a023          	sw	a5,0(a3)
	if (use_lock) {
    3b28:	00100793          	li	a5,1
    3b2c:	02f60c63          	beq	a2,a5,3b64 <rvs_587>
		RV_RELEASE(lk, 0u, 586);
    3b30:	02070713          	addi	a4,a4,32
    3b34:	00000793          	li	a5,0

00003b38 <rvs_586>:
    3b38:	00f72023          	sw	a5,0(a4)
    3b3c:	b00257b7          	lui	a5,0xb0025
    3b40:	40000737          	lui	a4,0x40000
    3b44:	a4178793          	addi	a5,a5,-1471 # b0024a41 <__bss_end+0xb001de6d>
    3b48:	00f72023          	sw	a5,0(a4) # 40000000 <__bss_end+0x3fff942c>
    3b4c:	00000013          	nop
    3b50:	00000013          	nop
    3b54:	00000013          	nop
    3b58:	00000013          	nop
    3b5c:	00000013          	nop
    3b60:	00000013          	nop

00003b64 <rvs_587>:
	}
	RV_MARK(587);
    3b64:	00000013          	nop
	rv_local_sum += 7u;
    3b68:	00007737          	lui	a4,0x7
    3b6c:	bd072783          	lw	a5,-1072(a4) # 6bd0 <rv_local_sum>
    3b70:	00778793          	addi	a5,a5,7
    3b74:	bcf72823          	sw	a5,-1072(a4)
}
    3b78:	00008067          	ret

00003b7c <rv_t056>:

void rv_t056(void)
{
	unsigned v, c, lk;
	unsigned use_lock = (SH->mode != RV_MODE_RACE_OPEN);
    3b7c:	30000737          	lui	a4,0x30000
    3b80:	00472603          	lw	a2,4(a4) # 30000004 <__bss_end+0x2fff9430>
	/* RV_MODE_RACE_WRONG_LOCK: each core takes a DIFFERENT lock, so both
	 * believe they are protected and neither excludes the other. */
	lk = (SH->mode == RV_MODE_RACE_WRONG_LOCK) ? 0u : 0u;
    3b84:	00472783          	lw	a5,4(a4)

00003b88 <rvs_588>:

	RV_MARK(588);
    3b88:	00000013          	nop
	if (use_lock) {
    3b8c:	00100693          	li	a3,1
    3b90:	04d60a63          	beq	a2,a3,3be4 <rvs_590+0x2c>
		RV_ACQUIRE(lk, 0u, 1u, 589, 590);
    3b94:	02070793          	addi	a5,a4,32

00003b98 <rvs_589>:
    3b98:	00d7a023          	sw	a3,0(a5)
    3b9c:	300007b7          	lui	a5,0x30000
    3ba0:	02d72423          	sw	a3,40(a4)
    3ba4:	00c0006f          	j	3bb0 <rvs_589+0x18>
    3ba8:	0287a703          	lw	a4,40(a5) # 30000028 <__bss_end+0x2fff9454>
    3bac:	00d71663          	bne	a4,a3,3bb8 <rvs_590>
    3bb0:	0247a703          	lw	a4,36(a5)
    3bb4:	fe071ae3          	bnez	a4,3ba8 <rvs_589+0x10>

00003bb8 <rvs_590>:
    3bb8:	00000013          	nop
    3bbc:	a80257b7          	lui	a5,0xa8025
    3bc0:	40000737          	lui	a4,0x40000
    3bc4:	e4178793          	addi	a5,a5,-447 # a8024e41 <__bss_end+0xa801e26d>
    3bc8:	00f72023          	sw	a5,0(a4) # 40000000 <__bss_end+0x3fff942c>
    3bcc:	00000013          	nop
    3bd0:	00000013          	nop
    3bd4:	00000013          	nop
    3bd8:	00000013          	nop
    3bdc:	00000013          	nop
    3be0:	00000013          	nop
	}
	RV_LD(v, &SH->balance, 591);
    3be4:	30000737          	lui	a4,0x30000
    3be8:	06070693          	addi	a3,a4,96 # 30000060 <__bss_end+0x2fff948c>

00003bec <rvs_591>:
    3bec:	0006a783          	lw	a5,0(a3)
	v += 1u;
    3bf0:	00178793          	addi	a5,a5,1

00003bf4 <rvs_592>:
	RV_ST(&SH->balance, v, 592);
    3bf4:	00f6a023          	sw	a5,0(a3)
	RV_LD(c, &SH->count, 593);
    3bf8:	06470593          	addi	a1,a4,100

00003bfc <rvs_593>:
    3bfc:	0005a683          	lw	a3,0(a1)
	RV_ST(&SH->count, c + 1u, 594);
    3c00:	00168513          	addi	a0,a3,1

00003c04 <rvs_594>:
    3c04:	00a5a023          	sw	a0,0(a1)
	RV_ST(&SH->checksum, (c ^ v) + 56u, 595);
    3c08:	00d7c7b3          	xor	a5,a5,a3
    3c0c:	03878793          	addi	a5,a5,56
    3c10:	06870693          	addi	a3,a4,104

00003c14 <rvs_595>:
    3c14:	00f6a023          	sw	a5,0(a3)
	if (use_lock) {
    3c18:	00100793          	li	a5,1
    3c1c:	02f60c63          	beq	a2,a5,3c54 <rvs_597>
		RV_RELEASE(lk, 0u, 596);
    3c20:	02070713          	addi	a4,a4,32
    3c24:	00000793          	li	a5,0

00003c28 <rvs_596>:
    3c28:	00f72023          	sw	a5,0(a4)
    3c2c:	b00257b7          	lui	a5,0xb0025
    3c30:	40000737          	lui	a4,0x40000
    3c34:	44178793          	addi	a5,a5,1089 # b0025441 <__bss_end+0xb001e86d>
    3c38:	00f72023          	sw	a5,0(a4) # 40000000 <__bss_end+0x3fff942c>
    3c3c:	00000013          	nop
    3c40:	00000013          	nop
    3c44:	00000013          	nop
    3c48:	00000013          	nop
    3c4c:	00000013          	nop
    3c50:	00000013          	nop

00003c54 <rvs_597>:
	}
	RV_MARK(597);
    3c54:	00000013          	nop
	rv_local_sum += 1u;
    3c58:	00007737          	lui	a4,0x7
    3c5c:	bd072783          	lw	a5,-1072(a4) # 6bd0 <rv_local_sum>
    3c60:	00178793          	addi	a5,a5,1
    3c64:	bcf72823          	sw	a5,-1072(a4)
}
    3c68:	00008067          	ret

00003c6c <rv_t056_cap>:
void rv_t056_cap(void)
{
	unsigned w;
	/* The tag is COMPUTED here -- an ACT-ST trigger could only ever carry
	 * the constant its table entry was loaded with. */
	w = RV_ACT_WORD(RV_ACT_CMD_DAQ_PC_CURR, RV_ACT_SINK_AXIS,
    3c6c:	30000537          	lui	a0,0x30000
    3c70:	08052703          	lw	a4,128(a0) # 30000080 <__bss_end+0x2fff94ac>
    3c74:	200007b7          	lui	a5,0x20000
    3c78:	f0078613          	addi	a2,a5,-256 # 1fffff00 <__bss_end+0x1fff932c>
    3c7c:	00871713          	slli	a4,a4,0x8
    3c80:	e00006b7          	lui	a3,0xe0000
    3c84:	00c77733          	and	a4,a4,a2
    3c88:	04168693          	addi	a3,a3,65 # e0000041 <__bss_end+0xdfff946d>
	                RV_TAG_VALUE(SH->ring_head & RV_VALUE_MASK));
	RV_ACTCAP_AT(598, w);
    3c8c:	400005b7          	lui	a1,0x40000
	w = RV_ACT_WORD(RV_ACT_CMD_DAQ_PC_CURR, RV_ACT_SINK_AXIS,
    3c90:	00d76733          	or	a4,a4,a3

00003c94 <rvs_598>:
	RV_ACTCAP_AT(598, w);
    3c94:	00e5a023          	sw	a4,0(a1) # 40000000 <__bss_end+0x3fff942c>
    3c98:	00000013          	nop
    3c9c:	00000013          	nop
    3ca0:	00000013          	nop
    3ca4:	00000013          	nop
    3ca8:	00000013          	nop
    3cac:	00000013          	nop
	w = RV_ACT_WORD(RV_ACT_CMD_DAQ_PC_CURR, RV_ACT_SINK_AXIS,
    3cb0:	06052783          	lw	a5,96(a0)
    3cb4:	00879793          	slli	a5,a5,0x8
    3cb8:	00c7f7b3          	and	a5,a5,a2
    3cbc:	00d7e7b3          	or	a5,a5,a3

00003cc0 <rvs_599>:
	                RV_TAG_VALUE(SH->balance & RV_VALUE_MASK));
	RV_ACTCAP_AT(599, w);
    3cc0:	00f5a023          	sw	a5,0(a1)
    3cc4:	00000013          	nop
    3cc8:	00000013          	nop
    3ccc:	00000013          	nop
    3cd0:	00000013          	nop
    3cd4:	00000013          	nop
    3cd8:	00000013          	nop
	rv_actcap_issued += 2u;
    3cdc:	00007737          	lui	a4,0x7
    3ce0:	bc872783          	lw	a5,-1080(a4) # 6bc8 <rv_actcap_issued>
    3ce4:	00278793          	addi	a5,a5,2
    3ce8:	bcf72423          	sw	a5,-1080(a4)
}
    3cec:	00008067          	ret

00003cf0 <rv_t057>:

void rv_t057(void)
{
	unsigned v, c, lk;
	unsigned use_lock = (SH->mode != RV_MODE_RACE_OPEN);
    3cf0:	30000737          	lui	a4,0x30000
    3cf4:	00472603          	lw	a2,4(a4) # 30000004 <__bss_end+0x2fff9430>
	/* RV_MODE_RACE_WRONG_LOCK: each core takes a DIFFERENT lock, so both
	 * believe they are protected and neither excludes the other. */
	lk = (SH->mode == RV_MODE_RACE_WRONG_LOCK) ? 0u : 0u;
    3cf8:	00472783          	lw	a5,4(a4)

00003cfc <rvs_600>:

	RV_MARK(600);
    3cfc:	00000013          	nop
	if (use_lock) {
    3d00:	00100693          	li	a3,1
    3d04:	04d60a63          	beq	a2,a3,3d58 <rvs_602+0x2c>
		RV_ACQUIRE(lk, 0u, 1u, 601, 602);
    3d08:	02070793          	addi	a5,a4,32

00003d0c <rvs_601>:
    3d0c:	00d7a023          	sw	a3,0(a5)
    3d10:	300007b7          	lui	a5,0x30000
    3d14:	02d72423          	sw	a3,40(a4)
    3d18:	00c0006f          	j	3d24 <rvs_601+0x18>
    3d1c:	0287a703          	lw	a4,40(a5) # 30000028 <__bss_end+0x2fff9454>
    3d20:	00d71663          	bne	a4,a3,3d2c <rvs_602>
    3d24:	0247a703          	lw	a4,36(a5)
    3d28:	fe071ae3          	bnez	a4,3d1c <rvs_601+0x10>

00003d2c <rvs_602>:
    3d2c:	00000013          	nop
    3d30:	a80267b7          	lui	a5,0xa8026
    3d34:	40000737          	lui	a4,0x40000
    3d38:	a4178793          	addi	a5,a5,-1471 # a8025a41 <__bss_end+0xa801ee6d>
    3d3c:	00f72023          	sw	a5,0(a4) # 40000000 <__bss_end+0x3fff942c>
    3d40:	00000013          	nop
    3d44:	00000013          	nop
    3d48:	00000013          	nop
    3d4c:	00000013          	nop
    3d50:	00000013          	nop
    3d54:	00000013          	nop
	}
	RV_LD(v, &SH->balance, 603);
    3d58:	30000737          	lui	a4,0x30000
    3d5c:	06070693          	addi	a3,a4,96 # 30000060 <__bss_end+0x2fff948c>

00003d60 <rvs_603>:
    3d60:	0006a783          	lw	a5,0(a3)
	v += 2u;
    3d64:	00278793          	addi	a5,a5,2

00003d68 <rvs_604>:
	RV_ST(&SH->balance, v, 604);
    3d68:	00f6a023          	sw	a5,0(a3)
	RV_LD(c, &SH->count, 605);
    3d6c:	06470593          	addi	a1,a4,100

00003d70 <rvs_605>:
    3d70:	0005a683          	lw	a3,0(a1)
	RV_ST(&SH->count, c + 1u, 606);
    3d74:	00168513          	addi	a0,a3,1

00003d78 <rvs_606>:
    3d78:	00a5a023          	sw	a0,0(a1)
	RV_ST(&SH->checksum, (c ^ v) + 57u, 607);
    3d7c:	00d7c7b3          	xor	a5,a5,a3
    3d80:	03978793          	addi	a5,a5,57
    3d84:	06870693          	addi	a3,a4,104

00003d88 <rvs_607>:
    3d88:	00f6a023          	sw	a5,0(a3)
	if (use_lock) {
    3d8c:	00100793          	li	a5,1
    3d90:	02f60c63          	beq	a2,a5,3dc8 <rvs_609>
		RV_RELEASE(lk, 0u, 608);
    3d94:	02070713          	addi	a4,a4,32
    3d98:	00000793          	li	a5,0

00003d9c <rvs_608>:
    3d9c:	00f72023          	sw	a5,0(a4)
    3da0:	b00267b7          	lui	a5,0xb0026
    3da4:	40000737          	lui	a4,0x40000
    3da8:	04178793          	addi	a5,a5,65 # b0026041 <__bss_end+0xb001f46d>
    3dac:	00f72023          	sw	a5,0(a4) # 40000000 <__bss_end+0x3fff942c>
    3db0:	00000013          	nop
    3db4:	00000013          	nop
    3db8:	00000013          	nop
    3dbc:	00000013          	nop
    3dc0:	00000013          	nop
    3dc4:	00000013          	nop

00003dc8 <rvs_609>:
	}
	RV_MARK(609);
    3dc8:	00000013          	nop
	rv_local_sum += 2u;
    3dcc:	00007737          	lui	a4,0x7
    3dd0:	bd072783          	lw	a5,-1072(a4) # 6bd0 <rv_local_sum>
    3dd4:	00278793          	addi	a5,a5,2
    3dd8:	bcf72823          	sw	a5,-1072(a4)
}
    3ddc:	00008067          	ret

00003de0 <rv_t058>:

void rv_t058(void)
{
	unsigned v, c, lk;
	unsigned use_lock = (SH->mode != RV_MODE_RACE_OPEN);
    3de0:	30000737          	lui	a4,0x30000
    3de4:	00472603          	lw	a2,4(a4) # 30000004 <__bss_end+0x2fff9430>
	/* RV_MODE_RACE_WRONG_LOCK: each core takes a DIFFERENT lock, so both
	 * believe they are protected and neither excludes the other. */
	lk = (SH->mode == RV_MODE_RACE_WRONG_LOCK) ? 0u : 0u;
    3de8:	00472783          	lw	a5,4(a4)

00003dec <rvs_610>:

	RV_MARK(610);
    3dec:	00000013          	nop
	if (use_lock) {
    3df0:	00100693          	li	a3,1
    3df4:	04d60a63          	beq	a2,a3,3e48 <rvs_612+0x2c>
		RV_ACQUIRE(lk, 0u, 1u, 611, 612);
    3df8:	02070793          	addi	a5,a4,32

00003dfc <rvs_611>:
    3dfc:	00d7a023          	sw	a3,0(a5)
    3e00:	300007b7          	lui	a5,0x30000
    3e04:	02d72423          	sw	a3,40(a4)
    3e08:	00c0006f          	j	3e14 <rvs_611+0x18>
    3e0c:	0287a703          	lw	a4,40(a5) # 30000028 <__bss_end+0x2fff9454>
    3e10:	00d71663          	bne	a4,a3,3e1c <rvs_612>
    3e14:	0247a703          	lw	a4,36(a5)
    3e18:	fe071ae3          	bnez	a4,3e0c <rvs_611+0x10>

00003e1c <rvs_612>:
    3e1c:	00000013          	nop
    3e20:	a80267b7          	lui	a5,0xa8026
    3e24:	40000737          	lui	a4,0x40000
    3e28:	44178793          	addi	a5,a5,1089 # a8026441 <__bss_end+0xa801f86d>
    3e2c:	00f72023          	sw	a5,0(a4) # 40000000 <__bss_end+0x3fff942c>
    3e30:	00000013          	nop
    3e34:	00000013          	nop
    3e38:	00000013          	nop
    3e3c:	00000013          	nop
    3e40:	00000013          	nop
    3e44:	00000013          	nop
	}
	RV_LD(v, &SH->balance, 613);
    3e48:	30000737          	lui	a4,0x30000
    3e4c:	06070693          	addi	a3,a4,96 # 30000060 <__bss_end+0x2fff948c>

00003e50 <rvs_613>:
    3e50:	0006a783          	lw	a5,0(a3)
	v += 3u;
    3e54:	00378793          	addi	a5,a5,3

00003e58 <rvs_614>:
	RV_ST(&SH->balance, v, 614);
    3e58:	00f6a023          	sw	a5,0(a3)
	RV_LD(c, &SH->count, 615);
    3e5c:	06470593          	addi	a1,a4,100

00003e60 <rvs_615>:
    3e60:	0005a683          	lw	a3,0(a1)
	RV_ST(&SH->count, c + 1u, 616);
    3e64:	00168513          	addi	a0,a3,1

00003e68 <rvs_616>:
    3e68:	00a5a023          	sw	a0,0(a1)
	RV_ST(&SH->checksum, (c ^ v) + 58u, 617);
    3e6c:	00d7c7b3          	xor	a5,a5,a3
    3e70:	03a78793          	addi	a5,a5,58
    3e74:	06870693          	addi	a3,a4,104

00003e78 <rvs_617>:
    3e78:	00f6a023          	sw	a5,0(a3)
	if (use_lock) {
    3e7c:	00100793          	li	a5,1
    3e80:	02f60c63          	beq	a2,a5,3eb8 <rvs_619>
		RV_RELEASE(lk, 0u, 618);
    3e84:	02070713          	addi	a4,a4,32
    3e88:	00000793          	li	a5,0

00003e8c <rvs_618>:
    3e8c:	00f72023          	sw	a5,0(a4)
    3e90:	b00277b7          	lui	a5,0xb0027
    3e94:	40000737          	lui	a4,0x40000
    3e98:	a4178793          	addi	a5,a5,-1471 # b0026a41 <__bss_end+0xb001fe6d>
    3e9c:	00f72023          	sw	a5,0(a4) # 40000000 <__bss_end+0x3fff942c>
    3ea0:	00000013          	nop
    3ea4:	00000013          	nop
    3ea8:	00000013          	nop
    3eac:	00000013          	nop
    3eb0:	00000013          	nop
    3eb4:	00000013          	nop

00003eb8 <rvs_619>:
	}
	RV_MARK(619);
    3eb8:	00000013          	nop
	rv_local_sum += 3u;
    3ebc:	00007737          	lui	a4,0x7
    3ec0:	bd072783          	lw	a5,-1072(a4) # 6bd0 <rv_local_sum>
    3ec4:	00378793          	addi	a5,a5,3
    3ec8:	bcf72823          	sw	a5,-1072(a4)
}
    3ecc:	00008067          	ret

00003ed0 <rv_t059>:

void rv_t059(void)
{
	unsigned v, c, lk;
	unsigned use_lock = (SH->mode != RV_MODE_RACE_OPEN);
    3ed0:	30000737          	lui	a4,0x30000
    3ed4:	00472603          	lw	a2,4(a4) # 30000004 <__bss_end+0x2fff9430>
	/* RV_MODE_RACE_WRONG_LOCK: each core takes a DIFFERENT lock, so both
	 * believe they are protected and neither excludes the other. */
	lk = (SH->mode == RV_MODE_RACE_WRONG_LOCK) ? 0u : 0u;
    3ed8:	00472783          	lw	a5,4(a4)

00003edc <rvs_620>:

	RV_MARK(620);
    3edc:	00000013          	nop
	if (use_lock) {
    3ee0:	00100693          	li	a3,1
    3ee4:	04d60a63          	beq	a2,a3,3f38 <rvs_622+0x2c>
		RV_ACQUIRE(lk, 0u, 1u, 621, 622);
    3ee8:	02070793          	addi	a5,a4,32

00003eec <rvs_621>:
    3eec:	00d7a023          	sw	a3,0(a5)
    3ef0:	300007b7          	lui	a5,0x30000
    3ef4:	02d72423          	sw	a3,40(a4)
    3ef8:	00c0006f          	j	3f04 <rvs_621+0x18>
    3efc:	0287a703          	lw	a4,40(a5) # 30000028 <__bss_end+0x2fff9454>
    3f00:	00d71663          	bne	a4,a3,3f0c <rvs_622>
    3f04:	0247a703          	lw	a4,36(a5)
    3f08:	fe071ae3          	bnez	a4,3efc <rvs_621+0x10>

00003f0c <rvs_622>:
    3f0c:	00000013          	nop
    3f10:	a80277b7          	lui	a5,0xa8027
    3f14:	40000737          	lui	a4,0x40000
    3f18:	e4178793          	addi	a5,a5,-447 # a8026e41 <__bss_end+0xa802026d>
    3f1c:	00f72023          	sw	a5,0(a4) # 40000000 <__bss_end+0x3fff942c>
    3f20:	00000013          	nop
    3f24:	00000013          	nop
    3f28:	00000013          	nop
    3f2c:	00000013          	nop
    3f30:	00000013          	nop
    3f34:	00000013          	nop
	}
	RV_LD(v, &SH->balance, 623);
    3f38:	30000737          	lui	a4,0x30000
    3f3c:	06070693          	addi	a3,a4,96 # 30000060 <__bss_end+0x2fff948c>

00003f40 <rvs_623>:
    3f40:	0006a783          	lw	a5,0(a3)
	v += 4u;
    3f44:	00478793          	addi	a5,a5,4

00003f48 <rvs_624>:
	RV_ST(&SH->balance, v, 624);
    3f48:	00f6a023          	sw	a5,0(a3)
	RV_LD(c, &SH->count, 625);
    3f4c:	06470593          	addi	a1,a4,100

00003f50 <rvs_625>:
    3f50:	0005a683          	lw	a3,0(a1)
	RV_ST(&SH->count, c + 1u, 626);
    3f54:	00168513          	addi	a0,a3,1

00003f58 <rvs_626>:
    3f58:	00a5a023          	sw	a0,0(a1)
	RV_ST(&SH->checksum, (c ^ v) + 59u, 627);
    3f5c:	00d7c7b3          	xor	a5,a5,a3
    3f60:	03b78793          	addi	a5,a5,59
    3f64:	06870693          	addi	a3,a4,104

00003f68 <rvs_627>:
    3f68:	00f6a023          	sw	a5,0(a3)
	if (use_lock) {
    3f6c:	00100793          	li	a5,1
    3f70:	02f60c63          	beq	a2,a5,3fa8 <rvs_629>
		RV_RELEASE(lk, 0u, 628);
    3f74:	02070713          	addi	a4,a4,32
    3f78:	00000793          	li	a5,0

00003f7c <rvs_628>:
    3f7c:	00f72023          	sw	a5,0(a4)
    3f80:	b00277b7          	lui	a5,0xb0027
    3f84:	40000737          	lui	a4,0x40000
    3f88:	44178793          	addi	a5,a5,1089 # b0027441 <__bss_end+0xb002086d>
    3f8c:	00f72023          	sw	a5,0(a4) # 40000000 <__bss_end+0x3fff942c>
    3f90:	00000013          	nop
    3f94:	00000013          	nop
    3f98:	00000013          	nop
    3f9c:	00000013          	nop
    3fa0:	00000013          	nop
    3fa4:	00000013          	nop

00003fa8 <rvs_629>:
	}
	RV_MARK(629);
    3fa8:	00000013          	nop
	rv_local_sum += 4u;
    3fac:	00007737          	lui	a4,0x7
    3fb0:	bd072783          	lw	a5,-1072(a4) # 6bd0 <rv_local_sum>
    3fb4:	00478793          	addi	a5,a5,4
    3fb8:	bcf72823          	sw	a5,-1072(a4)
}
    3fbc:	00008067          	ret

00003fc0 <rv_t060>:

void rv_t060(void)
{
    3fc0:	fe010113          	addi	sp,sp,-32
    3fc4:	00112e23          	sw	ra,28(sp)
    3fc8:	00812c23          	sw	s0,24(sp)
    3fcc:	00912a23          	sw	s1,20(sp)
    3fd0:	01212823          	sw	s2,16(sp)
    3fd4:	01312623          	sw	s3,12(sp)
    3fd8:	01412423          	sw	s4,8(sp)

00003fdc <rvs_630>:
	unsigned h, t, p;

	RV_MARK(630);
    3fdc:	00000013          	nop
	RV_LD(h, &SH->ring_head, 631);
    3fe0:	30000437          	lui	s0,0x30000
    3fe4:	08040a13          	addi	s4,s0,128 # 30000080 <__bss_end+0x2fff94ac>

00003fe8 <rvs_631>:
    3fe8:	000a2903          	lw	s2,0(s4)
	RV_LD(t, &SH->ring_tail, 632);
    3fec:	08440993          	addi	s3,s0,132

00003ff0 <rvs_632>:
    3ff0:	0009a983          	lw	s3,0(s3)

00003ff4 <rvs_637>:
	RV_MARK(637);
    3ff4:	00000013          	nop
	if (((h + 1u) % RV_RING_SLOTS) != t) {
    3ff8:	03c00593          	li	a1,60
    3ffc:	00190513          	addi	a0,s2,1
    4000:	165020ef          	jal	ra,6964 <__umodsi3>
    4004:	07350863          	beq	a0,s3,4074 <rvs_639+0x24>
		RV_ST(&SH->ring[h % RV_RING_SLOTS], h + 60u, 633);
    4008:	00050493          	mv	s1,a0
    400c:	03c00593          	li	a1,60
    4010:	00090513          	mv	a0,s2
    4014:	151020ef          	jal	ra,6964 <__umodsi3>
    4018:	00251513          	slli	a0,a0,0x2
    401c:	09040413          	addi	s0,s0,144
    4020:	00850433          	add	s0,a0,s0
    4024:	03c90913          	addi	s2,s2,60

00004028 <rvs_633>:
    4028:	01242023          	sw	s2,0(s0)

0000402c <rvs_634>:
		RV_ST(&SH->ring_head, (h + 1u) % RV_RING_SLOTS, 634);
    402c:	009a2023          	sw	s1,0(s4)
	} else {
		SH->ring_drops++;
	}
	RV_LD(p, &rv_private, 635);
    4030:	000077b7          	lui	a5,0x7
    4034:	bcc78793          	addi	a5,a5,-1076 # 6bcc <rv_private>

00004038 <rvs_635>:
    4038:	0007a703          	lw	a4,0(a5)
	RV_ST(&rv_private, p + 1u, 636);
    403c:	00170693          	addi	a3,a4,1

00004040 <rvs_636>:
    4040:	00d7a023          	sw	a3,0(a5)
	RV_ST(&SH->seq, p, 638);
    4044:	300007b7          	lui	a5,0x30000
    4048:	06c78793          	addi	a5,a5,108 # 3000006c <__bss_end+0x2fff9498>

0000404c <rvs_638>:
    404c:	00e7a023          	sw	a4,0(a5)

00004050 <rvs_639>:
	RV_MARK(639);
    4050:	00000013          	nop
}
    4054:	01c12083          	lw	ra,28(sp)
    4058:	01812403          	lw	s0,24(sp)
    405c:	01412483          	lw	s1,20(sp)
    4060:	01012903          	lw	s2,16(sp)
    4064:	00c12983          	lw	s3,12(sp)
    4068:	00812a03          	lw	s4,8(sp)
    406c:	02010113          	addi	sp,sp,32
    4070:	00008067          	ret
		SH->ring_drops++;
    4074:	08842783          	lw	a5,136(s0)
    4078:	00178793          	addi	a5,a5,1
    407c:	08f42423          	sw	a5,136(s0)
    4080:	fb1ff06f          	j	4030 <rvs_634+0x4>

00004084 <rv_t060_cap>:
void rv_t060_cap(void)
{
	unsigned w;
	/* The tag is COMPUTED here -- an ACT-ST trigger could only ever carry
	 * the constant its table entry was loaded with. */
	w = RV_ACT_WORD(RV_ACT_CMD_DAQ_PC_CURR, RV_ACT_SINK_AXIS,
    4084:	30000537          	lui	a0,0x30000
    4088:	08052703          	lw	a4,128(a0) # 30000080 <__bss_end+0x2fff94ac>
    408c:	200007b7          	lui	a5,0x20000
    4090:	f0078613          	addi	a2,a5,-256 # 1fffff00 <__bss_end+0x1fff932c>
    4094:	00871713          	slli	a4,a4,0x8
    4098:	e00006b7          	lui	a3,0xe0000
    409c:	00c77733          	and	a4,a4,a2
    40a0:	04168693          	addi	a3,a3,65 # e0000041 <__bss_end+0xdfff946d>
	                RV_TAG_VALUE(SH->ring_head & RV_VALUE_MASK));
	RV_ACTCAP_AT(640, w);
    40a4:	400005b7          	lui	a1,0x40000
	w = RV_ACT_WORD(RV_ACT_CMD_DAQ_PC_CURR, RV_ACT_SINK_AXIS,
    40a8:	00d76733          	or	a4,a4,a3

000040ac <rvs_640>:
	RV_ACTCAP_AT(640, w);
    40ac:	00e5a023          	sw	a4,0(a1) # 40000000 <__bss_end+0x3fff942c>
    40b0:	00000013          	nop
    40b4:	00000013          	nop
    40b8:	00000013          	nop
    40bc:	00000013          	nop
    40c0:	00000013          	nop
    40c4:	00000013          	nop
	w = RV_ACT_WORD(RV_ACT_CMD_DAQ_PC_CURR, RV_ACT_SINK_AXIS,
    40c8:	06052783          	lw	a5,96(a0)
    40cc:	00879793          	slli	a5,a5,0x8
    40d0:	00c7f7b3          	and	a5,a5,a2
    40d4:	00d7e7b3          	or	a5,a5,a3

000040d8 <rvs_641>:
	                RV_TAG_VALUE(SH->balance & RV_VALUE_MASK));
	RV_ACTCAP_AT(641, w);
    40d8:	00f5a023          	sw	a5,0(a1)
    40dc:	00000013          	nop
    40e0:	00000013          	nop
    40e4:	00000013          	nop
    40e8:	00000013          	nop
    40ec:	00000013          	nop
    40f0:	00000013          	nop
	rv_actcap_issued += 2u;
    40f4:	00007737          	lui	a4,0x7
    40f8:	bc872783          	lw	a5,-1080(a4) # 6bc8 <rv_actcap_issued>
    40fc:	00278793          	addi	a5,a5,2
    4100:	bcf72423          	sw	a5,-1080(a4)
}
    4104:	00008067          	ret

00004108 <rv_t061>:

void rv_t061(void)
{
    4108:	fe010113          	addi	sp,sp,-32
    410c:	00112e23          	sw	ra,28(sp)
    4110:	00812c23          	sw	s0,24(sp)
    4114:	00912a23          	sw	s1,20(sp)
    4118:	01212823          	sw	s2,16(sp)
    411c:	01312623          	sw	s3,12(sp)
    4120:	01412423          	sw	s4,8(sp)

00004124 <rvs_642>:
	unsigned h, t, p;

	RV_MARK(642);
    4124:	00000013          	nop
	RV_LD(h, &SH->ring_head, 643);
    4128:	30000437          	lui	s0,0x30000
    412c:	08040a13          	addi	s4,s0,128 # 30000080 <__bss_end+0x2fff94ac>

00004130 <rvs_643>:
    4130:	000a2903          	lw	s2,0(s4)
	RV_LD(t, &SH->ring_tail, 644);
    4134:	08440993          	addi	s3,s0,132

00004138 <rvs_644>:
    4138:	0009a983          	lw	s3,0(s3)

0000413c <rvs_649>:
	RV_MARK(649);
    413c:	00000013          	nop
	if (((h + 1u) % RV_RING_SLOTS) != t) {
    4140:	03c00593          	li	a1,60
    4144:	00190513          	addi	a0,s2,1
    4148:	01d020ef          	jal	ra,6964 <__umodsi3>
    414c:	07350863          	beq	a0,s3,41bc <rvs_651+0x24>
		RV_ST(&SH->ring[h % RV_RING_SLOTS], h + 61u, 645);
    4150:	00050493          	mv	s1,a0
    4154:	03c00593          	li	a1,60
    4158:	00090513          	mv	a0,s2
    415c:	009020ef          	jal	ra,6964 <__umodsi3>
    4160:	00251513          	slli	a0,a0,0x2
    4164:	09040413          	addi	s0,s0,144
    4168:	00850433          	add	s0,a0,s0
    416c:	03d90913          	addi	s2,s2,61

00004170 <rvs_645>:
    4170:	01242023          	sw	s2,0(s0)

00004174 <rvs_646>:
		RV_ST(&SH->ring_head, (h + 1u) % RV_RING_SLOTS, 646);
    4174:	009a2023          	sw	s1,0(s4)
	} else {
		SH->ring_drops++;
	}
	RV_LD(p, &rv_private, 647);
    4178:	000077b7          	lui	a5,0x7
    417c:	bcc78793          	addi	a5,a5,-1076 # 6bcc <rv_private>

00004180 <rvs_647>:
    4180:	0007a703          	lw	a4,0(a5)
	RV_ST(&rv_private, p + 1u, 648);
    4184:	00170693          	addi	a3,a4,1

00004188 <rvs_648>:
    4188:	00d7a023          	sw	a3,0(a5)
	RV_ST(&SH->seq, p, 650);
    418c:	300007b7          	lui	a5,0x30000
    4190:	06c78793          	addi	a5,a5,108 # 3000006c <__bss_end+0x2fff9498>

00004194 <rvs_650>:
    4194:	00e7a023          	sw	a4,0(a5)

00004198 <rvs_651>:
	RV_MARK(651);
    4198:	00000013          	nop
}
    419c:	01c12083          	lw	ra,28(sp)
    41a0:	01812403          	lw	s0,24(sp)
    41a4:	01412483          	lw	s1,20(sp)
    41a8:	01012903          	lw	s2,16(sp)
    41ac:	00c12983          	lw	s3,12(sp)
    41b0:	00812a03          	lw	s4,8(sp)
    41b4:	02010113          	addi	sp,sp,32
    41b8:	00008067          	ret
		SH->ring_drops++;
    41bc:	08842783          	lw	a5,136(s0)
    41c0:	00178793          	addi	a5,a5,1
    41c4:	08f42423          	sw	a5,136(s0)
    41c8:	fb1ff06f          	j	4178 <rvs_646+0x4>

000041cc <rv_t062>:

void rv_t062(void)
{
    41cc:	fe010113          	addi	sp,sp,-32
    41d0:	00112e23          	sw	ra,28(sp)
    41d4:	00812c23          	sw	s0,24(sp)
    41d8:	00912a23          	sw	s1,20(sp)
    41dc:	01212823          	sw	s2,16(sp)
    41e0:	01312623          	sw	s3,12(sp)
    41e4:	01412423          	sw	s4,8(sp)

000041e8 <rvs_652>:
	unsigned h, t, p;

	RV_MARK(652);
    41e8:	00000013          	nop
	RV_LD(h, &SH->ring_head, 653);
    41ec:	30000437          	lui	s0,0x30000
    41f0:	08040a13          	addi	s4,s0,128 # 30000080 <__bss_end+0x2fff94ac>

000041f4 <rvs_653>:
    41f4:	000a2903          	lw	s2,0(s4)
	RV_LD(t, &SH->ring_tail, 654);
    41f8:	08440993          	addi	s3,s0,132

000041fc <rvs_654>:
    41fc:	0009a983          	lw	s3,0(s3)

00004200 <rvs_659>:
	RV_MARK(659);
    4200:	00000013          	nop
	if (((h + 1u) % RV_RING_SLOTS) != t) {
    4204:	03c00593          	li	a1,60
    4208:	00190513          	addi	a0,s2,1
    420c:	758020ef          	jal	ra,6964 <__umodsi3>
    4210:	07350863          	beq	a0,s3,4280 <rvs_661+0x24>
		RV_ST(&SH->ring[h % RV_RING_SLOTS], h + 62u, 655);
    4214:	00050493          	mv	s1,a0
    4218:	03c00593          	li	a1,60
    421c:	00090513          	mv	a0,s2
    4220:	744020ef          	jal	ra,6964 <__umodsi3>
    4224:	00251513          	slli	a0,a0,0x2
    4228:	09040413          	addi	s0,s0,144
    422c:	00850433          	add	s0,a0,s0
    4230:	03e90913          	addi	s2,s2,62

00004234 <rvs_655>:
    4234:	01242023          	sw	s2,0(s0)

00004238 <rvs_656>:
		RV_ST(&SH->ring_head, (h + 1u) % RV_RING_SLOTS, 656);
    4238:	009a2023          	sw	s1,0(s4)
	} else {
		SH->ring_drops++;
	}
	RV_LD(p, &rv_private, 657);
    423c:	000077b7          	lui	a5,0x7
    4240:	bcc78793          	addi	a5,a5,-1076 # 6bcc <rv_private>

00004244 <rvs_657>:
    4244:	0007a703          	lw	a4,0(a5)
	RV_ST(&rv_private, p + 1u, 658);
    4248:	00170693          	addi	a3,a4,1

0000424c <rvs_658>:
    424c:	00d7a023          	sw	a3,0(a5)
	RV_ST(&SH->seq, p, 660);
    4250:	300007b7          	lui	a5,0x30000
    4254:	06c78793          	addi	a5,a5,108 # 3000006c <__bss_end+0x2fff9498>

00004258 <rvs_660>:
    4258:	00e7a023          	sw	a4,0(a5)

0000425c <rvs_661>:
	RV_MARK(661);
    425c:	00000013          	nop
}
    4260:	01c12083          	lw	ra,28(sp)
    4264:	01812403          	lw	s0,24(sp)
    4268:	01412483          	lw	s1,20(sp)
    426c:	01012903          	lw	s2,16(sp)
    4270:	00c12983          	lw	s3,12(sp)
    4274:	00812a03          	lw	s4,8(sp)
    4278:	02010113          	addi	sp,sp,32
    427c:	00008067          	ret
		SH->ring_drops++;
    4280:	08842783          	lw	a5,136(s0)
    4284:	00178793          	addi	a5,a5,1
    4288:	08f42423          	sw	a5,136(s0)
    428c:	fb1ff06f          	j	423c <rvs_656+0x4>

00004290 <rv_t063>:

void rv_t063(void)
{
	unsigned v, c, lk;
	unsigned use_lock = (SH->mode != RV_MODE_RACE_OPEN);
    4290:	30000737          	lui	a4,0x30000
    4294:	00472603          	lw	a2,4(a4) # 30000004 <__bss_end+0x2fff9430>
	/* RV_MODE_RACE_WRONG_LOCK: each core takes a DIFFERENT lock, so both
	 * believe they are protected and neither excludes the other. */
	lk = (SH->mode == RV_MODE_RACE_WRONG_LOCK) ? 0u : 0u;
    4298:	00472783          	lw	a5,4(a4)

0000429c <rvs_662>:

	RV_MARK(662);
    429c:	00000013          	nop
	if (use_lock) {
    42a0:	00100693          	li	a3,1
    42a4:	04d60a63          	beq	a2,a3,42f8 <rvs_664+0x2c>
		RV_ACQUIRE(lk, 0u, 1u, 663, 664);
    42a8:	02070793          	addi	a5,a4,32

000042ac <rvs_663>:
    42ac:	00d7a023          	sw	a3,0(a5)
    42b0:	300007b7          	lui	a5,0x30000
    42b4:	02d72423          	sw	a3,40(a4)
    42b8:	00c0006f          	j	42c4 <rvs_663+0x18>
    42bc:	0287a703          	lw	a4,40(a5) # 30000028 <__bss_end+0x2fff9454>
    42c0:	00d71663          	bne	a4,a3,42cc <rvs_664>
    42c4:	0247a703          	lw	a4,36(a5)
    42c8:	fe071ae3          	bnez	a4,42bc <rvs_663+0x10>

000042cc <rvs_664>:
    42cc:	00000013          	nop
    42d0:	a802a7b7          	lui	a5,0xa802a
    42d4:	40000737          	lui	a4,0x40000
    42d8:	84178793          	addi	a5,a5,-1983 # a8029841 <__bss_end+0xa8022c6d>
    42dc:	00f72023          	sw	a5,0(a4) # 40000000 <__bss_end+0x3fff942c>
    42e0:	00000013          	nop
    42e4:	00000013          	nop
    42e8:	00000013          	nop
    42ec:	00000013          	nop
    42f0:	00000013          	nop
    42f4:	00000013          	nop
	}
	RV_LD(v, &SH->balance, 665);
    42f8:	30000737          	lui	a4,0x30000
    42fc:	06070693          	addi	a3,a4,96 # 30000060 <__bss_end+0x2fff948c>

00004300 <rvs_665>:
    4300:	0006a783          	lw	a5,0(a3)
	v += 1u;
    4304:	00178793          	addi	a5,a5,1

00004308 <rvs_666>:
	RV_ST(&SH->balance, v, 666);
    4308:	00f6a023          	sw	a5,0(a3)
	RV_LD(c, &SH->count, 667);
    430c:	06470593          	addi	a1,a4,100

00004310 <rvs_667>:
    4310:	0005a683          	lw	a3,0(a1)
	RV_ST(&SH->count, c + 1u, 668);
    4314:	00168513          	addi	a0,a3,1

00004318 <rvs_668>:
    4318:	00a5a023          	sw	a0,0(a1)
	RV_ST(&SH->checksum, (c ^ v) + 63u, 669);
    431c:	00d7c7b3          	xor	a5,a5,a3
    4320:	03f78793          	addi	a5,a5,63
    4324:	06870693          	addi	a3,a4,104

00004328 <rvs_669>:
    4328:	00f6a023          	sw	a5,0(a3)
	if (use_lock) {
    432c:	00100793          	li	a5,1
    4330:	02f60c63          	beq	a2,a5,4368 <rvs_671>
		RV_RELEASE(lk, 0u, 670);
    4334:	02070713          	addi	a4,a4,32
    4338:	00000793          	li	a5,0

0000433c <rvs_670>:
    433c:	00f72023          	sw	a5,0(a4)
    4340:	b002a7b7          	lui	a5,0xb002a
    4344:	40000737          	lui	a4,0x40000
    4348:	e4178793          	addi	a5,a5,-447 # b0029e41 <__bss_end+0xb002326d>
    434c:	00f72023          	sw	a5,0(a4) # 40000000 <__bss_end+0x3fff942c>
    4350:	00000013          	nop
    4354:	00000013          	nop
    4358:	00000013          	nop
    435c:	00000013          	nop
    4360:	00000013          	nop
    4364:	00000013          	nop

00004368 <rvs_671>:
	}
	RV_MARK(671);
    4368:	00000013          	nop
	rv_local_sum += 1u;
    436c:	00007737          	lui	a4,0x7
    4370:	bd072783          	lw	a5,-1072(a4) # 6bd0 <rv_local_sum>
    4374:	00178793          	addi	a5,a5,1
    4378:	bcf72823          	sw	a5,-1072(a4)
}
    437c:	00008067          	ret

00004380 <rv_t064>:

void rv_t064(void)
{
	unsigned v, c, lk;
	unsigned use_lock = (SH->mode != RV_MODE_RACE_OPEN);
    4380:	30000737          	lui	a4,0x30000
    4384:	00472603          	lw	a2,4(a4) # 30000004 <__bss_end+0x2fff9430>
	/* RV_MODE_RACE_WRONG_LOCK: each core takes a DIFFERENT lock, so both
	 * believe they are protected and neither excludes the other. */
	lk = (SH->mode == RV_MODE_RACE_WRONG_LOCK) ? 0u : 0u;
    4388:	00472783          	lw	a5,4(a4)

0000438c <rvs_672>:

	RV_MARK(672);
    438c:	00000013          	nop
	if (use_lock) {
    4390:	00100693          	li	a3,1
    4394:	04d60a63          	beq	a2,a3,43e8 <rvs_674+0x2c>
		RV_ACQUIRE(lk, 0u, 1u, 673, 674);
    4398:	02070793          	addi	a5,a4,32

0000439c <rvs_673>:
    439c:	00d7a023          	sw	a3,0(a5)
    43a0:	300007b7          	lui	a5,0x30000
    43a4:	02d72423          	sw	a3,40(a4)
    43a8:	00c0006f          	j	43b4 <rvs_673+0x18>
    43ac:	0287a703          	lw	a4,40(a5) # 30000028 <__bss_end+0x2fff9454>
    43b0:	00d71663          	bne	a4,a3,43bc <rvs_674>
    43b4:	0247a703          	lw	a4,36(a5)
    43b8:	fe071ae3          	bnez	a4,43ac <rvs_673+0x10>

000043bc <rvs_674>:
    43bc:	00000013          	nop
    43c0:	a802a7b7          	lui	a5,0xa802a
    43c4:	40000737          	lui	a4,0x40000
    43c8:	24178793          	addi	a5,a5,577 # a802a241 <__bss_end+0xa802366d>
    43cc:	00f72023          	sw	a5,0(a4) # 40000000 <__bss_end+0x3fff942c>
    43d0:	00000013          	nop
    43d4:	00000013          	nop
    43d8:	00000013          	nop
    43dc:	00000013          	nop
    43e0:	00000013          	nop
    43e4:	00000013          	nop
	}
	RV_LD(v, &SH->balance, 675);
    43e8:	30000737          	lui	a4,0x30000
    43ec:	06070693          	addi	a3,a4,96 # 30000060 <__bss_end+0x2fff948c>

000043f0 <rvs_675>:
    43f0:	0006a783          	lw	a5,0(a3)
	v += 2u;
    43f4:	00278793          	addi	a5,a5,2

000043f8 <rvs_676>:
	RV_ST(&SH->balance, v, 676);
    43f8:	00f6a023          	sw	a5,0(a3)
	RV_LD(c, &SH->count, 677);
    43fc:	06470593          	addi	a1,a4,100

00004400 <rvs_677>:
    4400:	0005a683          	lw	a3,0(a1)
	RV_ST(&SH->count, c + 1u, 678);
    4404:	00168513          	addi	a0,a3,1

00004408 <rvs_678>:
    4408:	00a5a023          	sw	a0,0(a1)
	RV_ST(&SH->checksum, (c ^ v) + 64u, 679);
    440c:	00d7c7b3          	xor	a5,a5,a3
    4410:	04078793          	addi	a5,a5,64
    4414:	06870693          	addi	a3,a4,104

00004418 <rvs_679>:
    4418:	00f6a023          	sw	a5,0(a3)
	if (use_lock) {
    441c:	00100793          	li	a5,1
    4420:	02f60c63          	beq	a2,a5,4458 <rvs_681>
		RV_RELEASE(lk, 0u, 680);
    4424:	02070713          	addi	a4,a4,32
    4428:	00000793          	li	a5,0

0000442c <rvs_680>:
    442c:	00f72023          	sw	a5,0(a4)
    4430:	b002b7b7          	lui	a5,0xb002b
    4434:	40000737          	lui	a4,0x40000
    4438:	84178793          	addi	a5,a5,-1983 # b002a841 <__bss_end+0xb0023c6d>
    443c:	00f72023          	sw	a5,0(a4) # 40000000 <__bss_end+0x3fff942c>
    4440:	00000013          	nop
    4444:	00000013          	nop
    4448:	00000013          	nop
    444c:	00000013          	nop
    4450:	00000013          	nop
    4454:	00000013          	nop

00004458 <rvs_681>:
	}
	RV_MARK(681);
    4458:	00000013          	nop
	rv_local_sum += 2u;
    445c:	00007737          	lui	a4,0x7
    4460:	bd072783          	lw	a5,-1072(a4) # 6bd0 <rv_local_sum>
    4464:	00278793          	addi	a5,a5,2
    4468:	bcf72823          	sw	a5,-1072(a4)
}
    446c:	00008067          	ret

00004470 <rv_t064_cap>:
void rv_t064_cap(void)
{
	unsigned w;
	/* The tag is COMPUTED here -- an ACT-ST trigger could only ever carry
	 * the constant its table entry was loaded with. */
	w = RV_ACT_WORD(RV_ACT_CMD_DAQ_PC_CURR, RV_ACT_SINK_AXIS,
    4470:	30000537          	lui	a0,0x30000
    4474:	08052703          	lw	a4,128(a0) # 30000080 <__bss_end+0x2fff94ac>
    4478:	200007b7          	lui	a5,0x20000
    447c:	f0078613          	addi	a2,a5,-256 # 1fffff00 <__bss_end+0x1fff932c>
    4480:	00871713          	slli	a4,a4,0x8
    4484:	e00006b7          	lui	a3,0xe0000
    4488:	00c77733          	and	a4,a4,a2
    448c:	04168693          	addi	a3,a3,65 # e0000041 <__bss_end+0xdfff946d>
	                RV_TAG_VALUE(SH->ring_head & RV_VALUE_MASK));
	RV_ACTCAP_AT(682, w);
    4490:	400005b7          	lui	a1,0x40000
	w = RV_ACT_WORD(RV_ACT_CMD_DAQ_PC_CURR, RV_ACT_SINK_AXIS,
    4494:	00d76733          	or	a4,a4,a3

00004498 <rvs_682>:
	RV_ACTCAP_AT(682, w);
    4498:	00e5a023          	sw	a4,0(a1) # 40000000 <__bss_end+0x3fff942c>
    449c:	00000013          	nop
    44a0:	00000013          	nop
    44a4:	00000013          	nop
    44a8:	00000013          	nop
    44ac:	00000013          	nop
    44b0:	00000013          	nop
	w = RV_ACT_WORD(RV_ACT_CMD_DAQ_PC_CURR, RV_ACT_SINK_AXIS,
    44b4:	06052783          	lw	a5,96(a0)
    44b8:	00879793          	slli	a5,a5,0x8
    44bc:	00c7f7b3          	and	a5,a5,a2
    44c0:	00d7e7b3          	or	a5,a5,a3

000044c4 <rvs_683>:
	                RV_TAG_VALUE(SH->balance & RV_VALUE_MASK));
	RV_ACTCAP_AT(683, w);
    44c4:	00f5a023          	sw	a5,0(a1)
    44c8:	00000013          	nop
    44cc:	00000013          	nop
    44d0:	00000013          	nop
    44d4:	00000013          	nop
    44d8:	00000013          	nop
    44dc:	00000013          	nop
	rv_actcap_issued += 2u;
    44e0:	00007737          	lui	a4,0x7
    44e4:	bc872783          	lw	a5,-1080(a4) # 6bc8 <rv_actcap_issued>
    44e8:	00278793          	addi	a5,a5,2
    44ec:	bcf72423          	sw	a5,-1080(a4)
}
    44f0:	00008067          	ret

000044f4 <rv_t065>:

void rv_t065(void)
{
	unsigned v, c, lk;
	unsigned use_lock = (SH->mode != RV_MODE_RACE_OPEN);
    44f4:	30000737          	lui	a4,0x30000
    44f8:	00472603          	lw	a2,4(a4) # 30000004 <__bss_end+0x2fff9430>
	/* RV_MODE_RACE_WRONG_LOCK: each core takes a DIFFERENT lock, so both
	 * believe they are protected and neither excludes the other. */
	lk = (SH->mode == RV_MODE_RACE_WRONG_LOCK) ? 0u : 0u;
    44fc:	00472783          	lw	a5,4(a4)

00004500 <rvs_684>:

	RV_MARK(684);
    4500:	00000013          	nop
	if (use_lock) {
    4504:	00100693          	li	a3,1
    4508:	04d60a63          	beq	a2,a3,455c <rvs_686+0x2c>
		RV_ACQUIRE(lk, 0u, 1u, 685, 686);
    450c:	02070793          	addi	a5,a4,32

00004510 <rvs_685>:
    4510:	00d7a023          	sw	a3,0(a5)
    4514:	300007b7          	lui	a5,0x30000
    4518:	02d72423          	sw	a3,40(a4)
    451c:	00c0006f          	j	4528 <rvs_685+0x18>
    4520:	0287a703          	lw	a4,40(a5) # 30000028 <__bss_end+0x2fff9454>
    4524:	00d71663          	bne	a4,a3,4530 <rvs_686>
    4528:	0247a703          	lw	a4,36(a5)
    452c:	fe071ae3          	bnez	a4,4520 <rvs_685+0x10>

00004530 <rvs_686>:
    4530:	00000013          	nop
    4534:	a802b7b7          	lui	a5,0xa802b
    4538:	40000737          	lui	a4,0x40000
    453c:	e4178793          	addi	a5,a5,-447 # a802ae41 <__bss_end+0xa802426d>
    4540:	00f72023          	sw	a5,0(a4) # 40000000 <__bss_end+0x3fff942c>
    4544:	00000013          	nop
    4548:	00000013          	nop
    454c:	00000013          	nop
    4550:	00000013          	nop
    4554:	00000013          	nop
    4558:	00000013          	nop
	}
	RV_LD(v, &SH->balance, 687);
    455c:	30000737          	lui	a4,0x30000
    4560:	06070693          	addi	a3,a4,96 # 30000060 <__bss_end+0x2fff948c>

00004564 <rvs_687>:
    4564:	0006a783          	lw	a5,0(a3)
	v += 3u;
    4568:	00378793          	addi	a5,a5,3

0000456c <rvs_688>:
	RV_ST(&SH->balance, v, 688);
    456c:	00f6a023          	sw	a5,0(a3)
	RV_LD(c, &SH->count, 689);
    4570:	06470593          	addi	a1,a4,100

00004574 <rvs_689>:
    4574:	0005a683          	lw	a3,0(a1)
	RV_ST(&SH->count, c + 1u, 690);
    4578:	00168513          	addi	a0,a3,1

0000457c <rvs_690>:
    457c:	00a5a023          	sw	a0,0(a1)
	RV_ST(&SH->checksum, (c ^ v) + 65u, 691);
    4580:	00d7c7b3          	xor	a5,a5,a3
    4584:	04178793          	addi	a5,a5,65
    4588:	06870693          	addi	a3,a4,104

0000458c <rvs_691>:
    458c:	00f6a023          	sw	a5,0(a3)
	if (use_lock) {
    4590:	00100793          	li	a5,1
    4594:	02f60c63          	beq	a2,a5,45cc <rvs_693>
		RV_RELEASE(lk, 0u, 692);
    4598:	02070713          	addi	a4,a4,32
    459c:	00000793          	li	a5,0

000045a0 <rvs_692>:
    45a0:	00f72023          	sw	a5,0(a4)
    45a4:	b002b7b7          	lui	a5,0xb002b
    45a8:	40000737          	lui	a4,0x40000
    45ac:	44178793          	addi	a5,a5,1089 # b002b441 <__bss_end+0xb002486d>
    45b0:	00f72023          	sw	a5,0(a4) # 40000000 <__bss_end+0x3fff942c>
    45b4:	00000013          	nop
    45b8:	00000013          	nop
    45bc:	00000013          	nop
    45c0:	00000013          	nop
    45c4:	00000013          	nop
    45c8:	00000013          	nop

000045cc <rvs_693>:
	}
	RV_MARK(693);
    45cc:	00000013          	nop
	rv_local_sum += 3u;
    45d0:	00007737          	lui	a4,0x7
    45d4:	bd072783          	lw	a5,-1072(a4) # 6bd0 <rv_local_sum>
    45d8:	00378793          	addi	a5,a5,3
    45dc:	bcf72823          	sw	a5,-1072(a4)
}
    45e0:	00008067          	ret

000045e4 <rv_t066>:

void rv_t066(void)
{
	unsigned v, c, lk;
	unsigned use_lock = (SH->mode != RV_MODE_RACE_OPEN);
    45e4:	30000737          	lui	a4,0x30000
    45e8:	00472603          	lw	a2,4(a4) # 30000004 <__bss_end+0x2fff9430>
	/* RV_MODE_RACE_WRONG_LOCK: each core takes a DIFFERENT lock, so both
	 * believe they are protected and neither excludes the other. */
	lk = (SH->mode == RV_MODE_RACE_WRONG_LOCK) ? 0u : 0u;
    45ec:	00472783          	lw	a5,4(a4)

000045f0 <rvs_694>:

	RV_MARK(694);
    45f0:	00000013          	nop
	if (use_lock) {
    45f4:	00100693          	li	a3,1
    45f8:	04d60a63          	beq	a2,a3,464c <rvs_696+0x2c>
		RV_ACQUIRE(lk, 0u, 1u, 695, 696);
    45fc:	02070793          	addi	a5,a4,32

00004600 <rvs_695>:
    4600:	00d7a023          	sw	a3,0(a5)
    4604:	300007b7          	lui	a5,0x30000
    4608:	02d72423          	sw	a3,40(a4)
    460c:	00c0006f          	j	4618 <rvs_695+0x18>
    4610:	0287a703          	lw	a4,40(a5) # 30000028 <__bss_end+0x2fff9454>
    4614:	00d71663          	bne	a4,a3,4620 <rvs_696>
    4618:	0247a703          	lw	a4,36(a5)
    461c:	fe071ae3          	bnez	a4,4610 <rvs_695+0x10>

00004620 <rvs_696>:
    4620:	00000013          	nop
    4624:	a802c7b7          	lui	a5,0xa802c
    4628:	40000737          	lui	a4,0x40000
    462c:	84178793          	addi	a5,a5,-1983 # a802b841 <__bss_end+0xa8024c6d>
    4630:	00f72023          	sw	a5,0(a4) # 40000000 <__bss_end+0x3fff942c>
    4634:	00000013          	nop
    4638:	00000013          	nop
    463c:	00000013          	nop
    4640:	00000013          	nop
    4644:	00000013          	nop
    4648:	00000013          	nop
	}
	RV_LD(v, &SH->balance, 697);
    464c:	30000737          	lui	a4,0x30000
    4650:	06070693          	addi	a3,a4,96 # 30000060 <__bss_end+0x2fff948c>

00004654 <rvs_697>:
    4654:	0006a783          	lw	a5,0(a3)
	v += 4u;
    4658:	00478793          	addi	a5,a5,4

0000465c <rvs_698>:
	RV_ST(&SH->balance, v, 698);
    465c:	00f6a023          	sw	a5,0(a3)
	RV_LD(c, &SH->count, 699);
    4660:	06470593          	addi	a1,a4,100

00004664 <rvs_699>:
    4664:	0005a683          	lw	a3,0(a1)
	RV_ST(&SH->count, c + 1u, 700);
    4668:	00168513          	addi	a0,a3,1

0000466c <rvs_700>:
    466c:	00a5a023          	sw	a0,0(a1)
	RV_ST(&SH->checksum, (c ^ v) + 66u, 701);
    4670:	00d7c7b3          	xor	a5,a5,a3
    4674:	04278793          	addi	a5,a5,66
    4678:	06870693          	addi	a3,a4,104

0000467c <rvs_701>:
    467c:	00f6a023          	sw	a5,0(a3)
	if (use_lock) {
    4680:	00100793          	li	a5,1
    4684:	02f60c63          	beq	a2,a5,46bc <rvs_703>
		RV_RELEASE(lk, 0u, 702);
    4688:	02070713          	addi	a4,a4,32
    468c:	00000793          	li	a5,0

00004690 <rvs_702>:
    4690:	00f72023          	sw	a5,0(a4)
    4694:	b002c7b7          	lui	a5,0xb002c
    4698:	40000737          	lui	a4,0x40000
    469c:	e4178793          	addi	a5,a5,-447 # b002be41 <__bss_end+0xb002526d>
    46a0:	00f72023          	sw	a5,0(a4) # 40000000 <__bss_end+0x3fff942c>
    46a4:	00000013          	nop
    46a8:	00000013          	nop
    46ac:	00000013          	nop
    46b0:	00000013          	nop
    46b4:	00000013          	nop
    46b8:	00000013          	nop

000046bc <rvs_703>:
	}
	RV_MARK(703);
    46bc:	00000013          	nop
	rv_local_sum += 4u;
    46c0:	00007737          	lui	a4,0x7
    46c4:	bd072783          	lw	a5,-1072(a4) # 6bd0 <rv_local_sum>
    46c8:	00478793          	addi	a5,a5,4
    46cc:	bcf72823          	sw	a5,-1072(a4)
}
    46d0:	00008067          	ret

000046d4 <rv_t067>:

void rv_t067(void)
{
	unsigned v, c, lk;
	unsigned use_lock = (SH->mode != RV_MODE_RACE_OPEN);
    46d4:	30000737          	lui	a4,0x30000
    46d8:	00472603          	lw	a2,4(a4) # 30000004 <__bss_end+0x2fff9430>
	/* RV_MODE_RACE_WRONG_LOCK: each core takes a DIFFERENT lock, so both
	 * believe they are protected and neither excludes the other. */
	lk = (SH->mode == RV_MODE_RACE_WRONG_LOCK) ? 0u : 0u;
    46dc:	00472783          	lw	a5,4(a4)

000046e0 <rvs_704>:

	RV_MARK(704);
    46e0:	00000013          	nop
	if (use_lock) {
    46e4:	00100693          	li	a3,1
    46e8:	04d60a63          	beq	a2,a3,473c <rvs_706+0x2c>
		RV_ACQUIRE(lk, 0u, 1u, 705, 706);
    46ec:	02070793          	addi	a5,a4,32

000046f0 <rvs_705>:
    46f0:	00d7a023          	sw	a3,0(a5)
    46f4:	300007b7          	lui	a5,0x30000
    46f8:	02d72423          	sw	a3,40(a4)
    46fc:	00c0006f          	j	4708 <rvs_705+0x18>
    4700:	0287a703          	lw	a4,40(a5) # 30000028 <__bss_end+0x2fff9454>
    4704:	00d71663          	bne	a4,a3,4710 <rvs_706>
    4708:	0247a703          	lw	a4,36(a5)
    470c:	fe071ae3          	bnez	a4,4700 <rvs_705+0x10>

00004710 <rvs_706>:
    4710:	00000013          	nop
    4714:	a802c7b7          	lui	a5,0xa802c
    4718:	40000737          	lui	a4,0x40000
    471c:	24178793          	addi	a5,a5,577 # a802c241 <__bss_end+0xa802566d>
    4720:	00f72023          	sw	a5,0(a4) # 40000000 <__bss_end+0x3fff942c>
    4724:	00000013          	nop
    4728:	00000013          	nop
    472c:	00000013          	nop
    4730:	00000013          	nop
    4734:	00000013          	nop
    4738:	00000013          	nop
	}
	RV_LD(v, &SH->balance, 707);
    473c:	30000737          	lui	a4,0x30000
    4740:	06070693          	addi	a3,a4,96 # 30000060 <__bss_end+0x2fff948c>

00004744 <rvs_707>:
    4744:	0006a783          	lw	a5,0(a3)
	v += 5u;
    4748:	00578793          	addi	a5,a5,5

0000474c <rvs_708>:
	RV_ST(&SH->balance, v, 708);
    474c:	00f6a023          	sw	a5,0(a3)
	RV_LD(c, &SH->count, 709);
    4750:	06470593          	addi	a1,a4,100

00004754 <rvs_709>:
    4754:	0005a683          	lw	a3,0(a1)
	RV_ST(&SH->count, c + 1u, 710);
    4758:	00168513          	addi	a0,a3,1

0000475c <rvs_710>:
    475c:	00a5a023          	sw	a0,0(a1)
	RV_ST(&SH->checksum, (c ^ v) + 67u, 711);
    4760:	00d7c7b3          	xor	a5,a5,a3
    4764:	04378793          	addi	a5,a5,67
    4768:	06870693          	addi	a3,a4,104

0000476c <rvs_711>:
    476c:	00f6a023          	sw	a5,0(a3)
	if (use_lock) {
    4770:	00100793          	li	a5,1
    4774:	02f60c63          	beq	a2,a5,47ac <rvs_713>
		RV_RELEASE(lk, 0u, 712);
    4778:	02070713          	addi	a4,a4,32
    477c:	00000793          	li	a5,0

00004780 <rvs_712>:
    4780:	00f72023          	sw	a5,0(a4)
    4784:	b002d7b7          	lui	a5,0xb002d
    4788:	40000737          	lui	a4,0x40000
    478c:	84178793          	addi	a5,a5,-1983 # b002c841 <__bss_end+0xb0025c6d>
    4790:	00f72023          	sw	a5,0(a4) # 40000000 <__bss_end+0x3fff942c>
    4794:	00000013          	nop
    4798:	00000013          	nop
    479c:	00000013          	nop
    47a0:	00000013          	nop
    47a4:	00000013          	nop
    47a8:	00000013          	nop

000047ac <rvs_713>:
	}
	RV_MARK(713);
    47ac:	00000013          	nop
	rv_local_sum += 5u;
    47b0:	00007737          	lui	a4,0x7
    47b4:	bd072783          	lw	a5,-1072(a4) # 6bd0 <rv_local_sum>
    47b8:	00578793          	addi	a5,a5,5
    47bc:	bcf72823          	sw	a5,-1072(a4)
}
    47c0:	00008067          	ret

000047c4 <rv_t068>:

void rv_t068(void)
{
	unsigned v, c, lk;
	unsigned use_lock = (SH->mode != RV_MODE_RACE_OPEN);
    47c4:	30000737          	lui	a4,0x30000
    47c8:	00472603          	lw	a2,4(a4) # 30000004 <__bss_end+0x2fff9430>
	/* RV_MODE_RACE_WRONG_LOCK: each core takes a DIFFERENT lock, so both
	 * believe they are protected and neither excludes the other. */
	lk = (SH->mode == RV_MODE_RACE_WRONG_LOCK) ? 0u : 0u;
    47cc:	00472783          	lw	a5,4(a4)

000047d0 <rvs_714>:

	RV_MARK(714);
    47d0:	00000013          	nop
	if (use_lock) {
    47d4:	00100693          	li	a3,1
    47d8:	04d60a63          	beq	a2,a3,482c <rvs_716+0x2c>
		RV_ACQUIRE(lk, 0u, 1u, 715, 716);
    47dc:	02070793          	addi	a5,a4,32

000047e0 <rvs_715>:
    47e0:	00d7a023          	sw	a3,0(a5)
    47e4:	300007b7          	lui	a5,0x30000
    47e8:	02d72423          	sw	a3,40(a4)
    47ec:	00c0006f          	j	47f8 <rvs_715+0x18>
    47f0:	0287a703          	lw	a4,40(a5) # 30000028 <__bss_end+0x2fff9454>
    47f4:	00d71663          	bne	a4,a3,4800 <rvs_716>
    47f8:	0247a703          	lw	a4,36(a5)
    47fc:	fe071ae3          	bnez	a4,47f0 <rvs_715+0x10>

00004800 <rvs_716>:
    4800:	00000013          	nop
    4804:	a802d7b7          	lui	a5,0xa802d
    4808:	40000737          	lui	a4,0x40000
    480c:	c4178793          	addi	a5,a5,-959 # a802cc41 <__bss_end+0xa802606d>
    4810:	00f72023          	sw	a5,0(a4) # 40000000 <__bss_end+0x3fff942c>
    4814:	00000013          	nop
    4818:	00000013          	nop
    481c:	00000013          	nop
    4820:	00000013          	nop
    4824:	00000013          	nop
    4828:	00000013          	nop
	}
	RV_LD(v, &SH->balance, 717);
    482c:	30000737          	lui	a4,0x30000
    4830:	06070693          	addi	a3,a4,96 # 30000060 <__bss_end+0x2fff948c>

00004834 <rvs_717>:
    4834:	0006a783          	lw	a5,0(a3)
	v += 6u;
    4838:	00678793          	addi	a5,a5,6

0000483c <rvs_718>:
	RV_ST(&SH->balance, v, 718);
    483c:	00f6a023          	sw	a5,0(a3)
	RV_LD(c, &SH->count, 719);
    4840:	06470593          	addi	a1,a4,100

00004844 <rvs_719>:
    4844:	0005a683          	lw	a3,0(a1)
	RV_ST(&SH->count, c + 1u, 720);
    4848:	00168513          	addi	a0,a3,1

0000484c <rvs_720>:
    484c:	00a5a023          	sw	a0,0(a1)
	RV_ST(&SH->checksum, (c ^ v) + 68u, 721);
    4850:	00d7c7b3          	xor	a5,a5,a3
    4854:	04478793          	addi	a5,a5,68
    4858:	06870693          	addi	a3,a4,104

0000485c <rvs_721>:
    485c:	00f6a023          	sw	a5,0(a3)
	if (use_lock) {
    4860:	00100793          	li	a5,1
    4864:	02f60c63          	beq	a2,a5,489c <rvs_723>
		RV_RELEASE(lk, 0u, 722);
    4868:	02070713          	addi	a4,a4,32
    486c:	00000793          	li	a5,0

00004870 <rvs_722>:
    4870:	00f72023          	sw	a5,0(a4)
    4874:	b002d7b7          	lui	a5,0xb002d
    4878:	40000737          	lui	a4,0x40000
    487c:	24178793          	addi	a5,a5,577 # b002d241 <__bss_end+0xb002666d>
    4880:	00f72023          	sw	a5,0(a4) # 40000000 <__bss_end+0x3fff942c>
    4884:	00000013          	nop
    4888:	00000013          	nop
    488c:	00000013          	nop
    4890:	00000013          	nop
    4894:	00000013          	nop
    4898:	00000013          	nop

0000489c <rvs_723>:
	}
	RV_MARK(723);
    489c:	00000013          	nop
	rv_local_sum += 6u;
    48a0:	00007737          	lui	a4,0x7
    48a4:	bd072783          	lw	a5,-1072(a4) # 6bd0 <rv_local_sum>
    48a8:	00678793          	addi	a5,a5,6
    48ac:	bcf72823          	sw	a5,-1072(a4)
}
    48b0:	00008067          	ret

000048b4 <rv_t068_cap>:
void rv_t068_cap(void)
{
	unsigned w;
	/* The tag is COMPUTED here -- an ACT-ST trigger could only ever carry
	 * the constant its table entry was loaded with. */
	w = RV_ACT_WORD(RV_ACT_CMD_DAQ_PC_CURR, RV_ACT_SINK_AXIS,
    48b4:	30000537          	lui	a0,0x30000
    48b8:	08052703          	lw	a4,128(a0) # 30000080 <__bss_end+0x2fff94ac>
    48bc:	200007b7          	lui	a5,0x20000
    48c0:	f0078613          	addi	a2,a5,-256 # 1fffff00 <__bss_end+0x1fff932c>
    48c4:	00871713          	slli	a4,a4,0x8
    48c8:	e00006b7          	lui	a3,0xe0000
    48cc:	00c77733          	and	a4,a4,a2
    48d0:	04168693          	addi	a3,a3,65 # e0000041 <__bss_end+0xdfff946d>
	                RV_TAG_VALUE(SH->ring_head & RV_VALUE_MASK));
	RV_ACTCAP_AT(724, w);
    48d4:	400005b7          	lui	a1,0x40000
	w = RV_ACT_WORD(RV_ACT_CMD_DAQ_PC_CURR, RV_ACT_SINK_AXIS,
    48d8:	00d76733          	or	a4,a4,a3

000048dc <rvs_724>:
	RV_ACTCAP_AT(724, w);
    48dc:	00e5a023          	sw	a4,0(a1) # 40000000 <__bss_end+0x3fff942c>
    48e0:	00000013          	nop
    48e4:	00000013          	nop
    48e8:	00000013          	nop
    48ec:	00000013          	nop
    48f0:	00000013          	nop
    48f4:	00000013          	nop
	w = RV_ACT_WORD(RV_ACT_CMD_DAQ_PC_CURR, RV_ACT_SINK_AXIS,
    48f8:	06052783          	lw	a5,96(a0)
    48fc:	00879793          	slli	a5,a5,0x8
    4900:	00c7f7b3          	and	a5,a5,a2
    4904:	00d7e7b3          	or	a5,a5,a3

00004908 <rvs_725>:
	                RV_TAG_VALUE(SH->balance & RV_VALUE_MASK));
	RV_ACTCAP_AT(725, w);
    4908:	00f5a023          	sw	a5,0(a1)
    490c:	00000013          	nop
    4910:	00000013          	nop
    4914:	00000013          	nop
    4918:	00000013          	nop
    491c:	00000013          	nop
    4920:	00000013          	nop
	rv_actcap_issued += 2u;
    4924:	00007737          	lui	a4,0x7
    4928:	bc872783          	lw	a5,-1080(a4) # 6bc8 <rv_actcap_issued>
    492c:	00278793          	addi	a5,a5,2
    4930:	bcf72423          	sw	a5,-1080(a4)
}
    4934:	00008067          	ret

00004938 <rv_t069>:

void rv_t069(void)
{
	unsigned v, c, lk;
	unsigned use_lock = (SH->mode != RV_MODE_RACE_OPEN);
    4938:	30000737          	lui	a4,0x30000
    493c:	00472603          	lw	a2,4(a4) # 30000004 <__bss_end+0x2fff9430>
	/* RV_MODE_RACE_WRONG_LOCK: each core takes a DIFFERENT lock, so both
	 * believe they are protected and neither excludes the other. */
	lk = (SH->mode == RV_MODE_RACE_WRONG_LOCK) ? 0u : 0u;
    4940:	00472783          	lw	a5,4(a4)

00004944 <rvs_726>:

	RV_MARK(726);
    4944:	00000013          	nop
	if (use_lock) {
    4948:	00100693          	li	a3,1
    494c:	04d60a63          	beq	a2,a3,49a0 <rvs_728+0x2c>
		RV_ACQUIRE(lk, 0u, 1u, 727, 728);
    4950:	02070793          	addi	a5,a4,32

00004954 <rvs_727>:
    4954:	00d7a023          	sw	a3,0(a5)
    4958:	300007b7          	lui	a5,0x30000
    495c:	02d72423          	sw	a3,40(a4)
    4960:	00c0006f          	j	496c <rvs_727+0x18>
    4964:	0287a703          	lw	a4,40(a5) # 30000028 <__bss_end+0x2fff9454>
    4968:	00d71663          	bne	a4,a3,4974 <rvs_728>
    496c:	0247a703          	lw	a4,36(a5)
    4970:	fe071ae3          	bnez	a4,4964 <rvs_727+0x10>

00004974 <rvs_728>:
    4974:	00000013          	nop
    4978:	a802e7b7          	lui	a5,0xa802e
    497c:	40000737          	lui	a4,0x40000
    4980:	84178793          	addi	a5,a5,-1983 # a802d841 <__bss_end+0xa8026c6d>
    4984:	00f72023          	sw	a5,0(a4) # 40000000 <__bss_end+0x3fff942c>
    4988:	00000013          	nop
    498c:	00000013          	nop
    4990:	00000013          	nop
    4994:	00000013          	nop
    4998:	00000013          	nop
    499c:	00000013          	nop
	}
	RV_LD(v, &SH->balance, 729);
    49a0:	30000737          	lui	a4,0x30000
    49a4:	06070693          	addi	a3,a4,96 # 30000060 <__bss_end+0x2fff948c>

000049a8 <rvs_729>:
    49a8:	0006a783          	lw	a5,0(a3)
	v += 7u;
    49ac:	00778793          	addi	a5,a5,7

000049b0 <rvs_730>:
	RV_ST(&SH->balance, v, 730);
    49b0:	00f6a023          	sw	a5,0(a3)
	RV_LD(c, &SH->count, 731);
    49b4:	06470593          	addi	a1,a4,100

000049b8 <rvs_731>:
    49b8:	0005a683          	lw	a3,0(a1)
	RV_ST(&SH->count, c + 1u, 732);
    49bc:	00168513          	addi	a0,a3,1

000049c0 <rvs_732>:
    49c0:	00a5a023          	sw	a0,0(a1)
	RV_ST(&SH->checksum, (c ^ v) + 69u, 733);
    49c4:	00d7c7b3          	xor	a5,a5,a3
    49c8:	04578793          	addi	a5,a5,69
    49cc:	06870693          	addi	a3,a4,104

000049d0 <rvs_733>:
    49d0:	00f6a023          	sw	a5,0(a3)
	if (use_lock) {
    49d4:	00100793          	li	a5,1
    49d8:	02f60c63          	beq	a2,a5,4a10 <rvs_735>
		RV_RELEASE(lk, 0u, 734);
    49dc:	02070713          	addi	a4,a4,32
    49e0:	00000793          	li	a5,0

000049e4 <rvs_734>:
    49e4:	00f72023          	sw	a5,0(a4)
    49e8:	b002e7b7          	lui	a5,0xb002e
    49ec:	40000737          	lui	a4,0x40000
    49f0:	e4178793          	addi	a5,a5,-447 # b002de41 <__bss_end+0xb002726d>
    49f4:	00f72023          	sw	a5,0(a4) # 40000000 <__bss_end+0x3fff942c>
    49f8:	00000013          	nop
    49fc:	00000013          	nop
    4a00:	00000013          	nop
    4a04:	00000013          	nop
    4a08:	00000013          	nop
    4a0c:	00000013          	nop

00004a10 <rvs_735>:
	}
	RV_MARK(735);
    4a10:	00000013          	nop
	rv_local_sum += 7u;
    4a14:	00007737          	lui	a4,0x7
    4a18:	bd072783          	lw	a5,-1072(a4) # 6bd0 <rv_local_sum>
    4a1c:	00778793          	addi	a5,a5,7
    4a20:	bcf72823          	sw	a5,-1072(a4)
}
    4a24:	00008067          	ret

00004a28 <rv_t070>:

void rv_t070(void)
{
    4a28:	fe010113          	addi	sp,sp,-32
    4a2c:	00112e23          	sw	ra,28(sp)
    4a30:	00812c23          	sw	s0,24(sp)
    4a34:	00912a23          	sw	s1,20(sp)
    4a38:	01212823          	sw	s2,16(sp)
    4a3c:	01312623          	sw	s3,12(sp)
    4a40:	01412423          	sw	s4,8(sp)

00004a44 <rvs_736>:
	unsigned h, t, p;

	RV_MARK(736);
    4a44:	00000013          	nop
	RV_LD(h, &SH->ring_head, 737);
    4a48:	30000437          	lui	s0,0x30000
    4a4c:	08040a13          	addi	s4,s0,128 # 30000080 <__bss_end+0x2fff94ac>

00004a50 <rvs_737>:
    4a50:	000a2903          	lw	s2,0(s4)
	RV_LD(t, &SH->ring_tail, 738);
    4a54:	08440993          	addi	s3,s0,132

00004a58 <rvs_738>:
    4a58:	0009a983          	lw	s3,0(s3)

00004a5c <rvs_743>:
	RV_MARK(743);
    4a5c:	00000013          	nop
	if (((h + 1u) % RV_RING_SLOTS) != t) {
    4a60:	03c00593          	li	a1,60
    4a64:	00190513          	addi	a0,s2,1
    4a68:	6fd010ef          	jal	ra,6964 <__umodsi3>
    4a6c:	07350863          	beq	a0,s3,4adc <rvs_745+0x24>
		RV_ST(&SH->ring[h % RV_RING_SLOTS], h + 70u, 739);
    4a70:	00050493          	mv	s1,a0
    4a74:	03c00593          	li	a1,60
    4a78:	00090513          	mv	a0,s2
    4a7c:	6e9010ef          	jal	ra,6964 <__umodsi3>
    4a80:	00251513          	slli	a0,a0,0x2
    4a84:	09040413          	addi	s0,s0,144
    4a88:	00850433          	add	s0,a0,s0
    4a8c:	04690913          	addi	s2,s2,70

00004a90 <rvs_739>:
    4a90:	01242023          	sw	s2,0(s0)

00004a94 <rvs_740>:
		RV_ST(&SH->ring_head, (h + 1u) % RV_RING_SLOTS, 740);
    4a94:	009a2023          	sw	s1,0(s4)
	} else {
		SH->ring_drops++;
	}
	RV_LD(p, &rv_private, 741);
    4a98:	000077b7          	lui	a5,0x7
    4a9c:	bcc78793          	addi	a5,a5,-1076 # 6bcc <rv_private>

00004aa0 <rvs_741>:
    4aa0:	0007a703          	lw	a4,0(a5)
	RV_ST(&rv_private, p + 1u, 742);
    4aa4:	00170693          	addi	a3,a4,1

00004aa8 <rvs_742>:
    4aa8:	00d7a023          	sw	a3,0(a5)
	RV_ST(&SH->seq, p, 744);
    4aac:	300007b7          	lui	a5,0x30000
    4ab0:	06c78793          	addi	a5,a5,108 # 3000006c <__bss_end+0x2fff9498>

00004ab4 <rvs_744>:
    4ab4:	00e7a023          	sw	a4,0(a5)

00004ab8 <rvs_745>:
	RV_MARK(745);
    4ab8:	00000013          	nop
}
    4abc:	01c12083          	lw	ra,28(sp)
    4ac0:	01812403          	lw	s0,24(sp)
    4ac4:	01412483          	lw	s1,20(sp)
    4ac8:	01012903          	lw	s2,16(sp)
    4acc:	00c12983          	lw	s3,12(sp)
    4ad0:	00812a03          	lw	s4,8(sp)
    4ad4:	02010113          	addi	sp,sp,32
    4ad8:	00008067          	ret
		SH->ring_drops++;
    4adc:	08842783          	lw	a5,136(s0)
    4ae0:	00178793          	addi	a5,a5,1
    4ae4:	08f42423          	sw	a5,136(s0)
    4ae8:	fb1ff06f          	j	4a98 <rvs_740+0x4>

00004aec <rv_t071>:

void rv_t071(void)
{
    4aec:	fe010113          	addi	sp,sp,-32
    4af0:	00112e23          	sw	ra,28(sp)
    4af4:	00812c23          	sw	s0,24(sp)
    4af8:	00912a23          	sw	s1,20(sp)
    4afc:	01212823          	sw	s2,16(sp)
    4b00:	01312623          	sw	s3,12(sp)
    4b04:	01412423          	sw	s4,8(sp)

00004b08 <rvs_746>:
	unsigned h, t, p;

	RV_MARK(746);
    4b08:	00000013          	nop
	RV_LD(h, &SH->ring_head, 747);
    4b0c:	30000437          	lui	s0,0x30000
    4b10:	08040a13          	addi	s4,s0,128 # 30000080 <__bss_end+0x2fff94ac>

00004b14 <rvs_747>:
    4b14:	000a2903          	lw	s2,0(s4)
	RV_LD(t, &SH->ring_tail, 748);
    4b18:	08440993          	addi	s3,s0,132

00004b1c <rvs_748>:
    4b1c:	0009a983          	lw	s3,0(s3)

00004b20 <rvs_753>:
	RV_MARK(753);
    4b20:	00000013          	nop
	if (((h + 1u) % RV_RING_SLOTS) != t) {
    4b24:	03c00593          	li	a1,60
    4b28:	00190513          	addi	a0,s2,1
    4b2c:	639010ef          	jal	ra,6964 <__umodsi3>
    4b30:	07350863          	beq	a0,s3,4ba0 <rvs_755+0x24>
		RV_ST(&SH->ring[h % RV_RING_SLOTS], h + 71u, 749);
    4b34:	00050493          	mv	s1,a0
    4b38:	03c00593          	li	a1,60
    4b3c:	00090513          	mv	a0,s2
    4b40:	625010ef          	jal	ra,6964 <__umodsi3>
    4b44:	00251513          	slli	a0,a0,0x2
    4b48:	09040413          	addi	s0,s0,144
    4b4c:	00850433          	add	s0,a0,s0
    4b50:	04790913          	addi	s2,s2,71

00004b54 <rvs_749>:
    4b54:	01242023          	sw	s2,0(s0)

00004b58 <rvs_750>:
		RV_ST(&SH->ring_head, (h + 1u) % RV_RING_SLOTS, 750);
    4b58:	009a2023          	sw	s1,0(s4)
	} else {
		SH->ring_drops++;
	}
	RV_LD(p, &rv_private, 751);
    4b5c:	000077b7          	lui	a5,0x7
    4b60:	bcc78793          	addi	a5,a5,-1076 # 6bcc <rv_private>

00004b64 <rvs_751>:
    4b64:	0007a703          	lw	a4,0(a5)
	RV_ST(&rv_private, p + 1u, 752);
    4b68:	00170693          	addi	a3,a4,1

00004b6c <rvs_752>:
    4b6c:	00d7a023          	sw	a3,0(a5)
	RV_ST(&SH->seq, p, 754);
    4b70:	300007b7          	lui	a5,0x30000
    4b74:	06c78793          	addi	a5,a5,108 # 3000006c <__bss_end+0x2fff9498>

00004b78 <rvs_754>:
    4b78:	00e7a023          	sw	a4,0(a5)

00004b7c <rvs_755>:
	RV_MARK(755);
    4b7c:	00000013          	nop
}
    4b80:	01c12083          	lw	ra,28(sp)
    4b84:	01812403          	lw	s0,24(sp)
    4b88:	01412483          	lw	s1,20(sp)
    4b8c:	01012903          	lw	s2,16(sp)
    4b90:	00c12983          	lw	s3,12(sp)
    4b94:	00812a03          	lw	s4,8(sp)
    4b98:	02010113          	addi	sp,sp,32
    4b9c:	00008067          	ret
		SH->ring_drops++;
    4ba0:	08842783          	lw	a5,136(s0)
    4ba4:	00178793          	addi	a5,a5,1
    4ba8:	08f42423          	sw	a5,136(s0)
    4bac:	fb1ff06f          	j	4b5c <rvs_750+0x4>

00004bb0 <rv_t072>:

void rv_t072(void)
{
    4bb0:	fe010113          	addi	sp,sp,-32
    4bb4:	00112e23          	sw	ra,28(sp)
    4bb8:	00812c23          	sw	s0,24(sp)
    4bbc:	00912a23          	sw	s1,20(sp)
    4bc0:	01212823          	sw	s2,16(sp)
    4bc4:	01312623          	sw	s3,12(sp)
    4bc8:	01412423          	sw	s4,8(sp)

00004bcc <rvs_756>:
	unsigned h, t, p;

	RV_MARK(756);
    4bcc:	00000013          	nop
	RV_LD(h, &SH->ring_head, 757);
    4bd0:	30000437          	lui	s0,0x30000
    4bd4:	08040a13          	addi	s4,s0,128 # 30000080 <__bss_end+0x2fff94ac>

00004bd8 <rvs_757>:
    4bd8:	000a2903          	lw	s2,0(s4)
	RV_LD(t, &SH->ring_tail, 758);
    4bdc:	08440993          	addi	s3,s0,132

00004be0 <rvs_758>:
    4be0:	0009a983          	lw	s3,0(s3)

00004be4 <rvs_763>:
	RV_MARK(763);
    4be4:	00000013          	nop
	if (((h + 1u) % RV_RING_SLOTS) != t) {
    4be8:	03c00593          	li	a1,60
    4bec:	00190513          	addi	a0,s2,1
    4bf0:	575010ef          	jal	ra,6964 <__umodsi3>
    4bf4:	07350863          	beq	a0,s3,4c64 <rvs_765+0x24>
		RV_ST(&SH->ring[h % RV_RING_SLOTS], h + 72u, 759);
    4bf8:	00050493          	mv	s1,a0
    4bfc:	03c00593          	li	a1,60
    4c00:	00090513          	mv	a0,s2
    4c04:	561010ef          	jal	ra,6964 <__umodsi3>
    4c08:	00251513          	slli	a0,a0,0x2
    4c0c:	09040413          	addi	s0,s0,144
    4c10:	00850433          	add	s0,a0,s0
    4c14:	04890913          	addi	s2,s2,72

00004c18 <rvs_759>:
    4c18:	01242023          	sw	s2,0(s0)

00004c1c <rvs_760>:
		RV_ST(&SH->ring_head, (h + 1u) % RV_RING_SLOTS, 760);
    4c1c:	009a2023          	sw	s1,0(s4)
	} else {
		SH->ring_drops++;
	}
	RV_LD(p, &rv_private, 761);
    4c20:	000077b7          	lui	a5,0x7
    4c24:	bcc78793          	addi	a5,a5,-1076 # 6bcc <rv_private>

00004c28 <rvs_761>:
    4c28:	0007a703          	lw	a4,0(a5)
	RV_ST(&rv_private, p + 1u, 762);
    4c2c:	00170693          	addi	a3,a4,1

00004c30 <rvs_762>:
    4c30:	00d7a023          	sw	a3,0(a5)
	RV_ST(&SH->seq, p, 764);
    4c34:	300007b7          	lui	a5,0x30000
    4c38:	06c78793          	addi	a5,a5,108 # 3000006c <__bss_end+0x2fff9498>

00004c3c <rvs_764>:
    4c3c:	00e7a023          	sw	a4,0(a5)

00004c40 <rvs_765>:
	RV_MARK(765);
    4c40:	00000013          	nop
}
    4c44:	01c12083          	lw	ra,28(sp)
    4c48:	01812403          	lw	s0,24(sp)
    4c4c:	01412483          	lw	s1,20(sp)
    4c50:	01012903          	lw	s2,16(sp)
    4c54:	00c12983          	lw	s3,12(sp)
    4c58:	00812a03          	lw	s4,8(sp)
    4c5c:	02010113          	addi	sp,sp,32
    4c60:	00008067          	ret
		SH->ring_drops++;
    4c64:	08842783          	lw	a5,136(s0)
    4c68:	00178793          	addi	a5,a5,1
    4c6c:	08f42423          	sw	a5,136(s0)
    4c70:	fb1ff06f          	j	4c20 <rvs_760+0x4>

00004c74 <rv_t072_cap>:
void rv_t072_cap(void)
{
	unsigned w;
	/* The tag is COMPUTED here -- an ACT-ST trigger could only ever carry
	 * the constant its table entry was loaded with. */
	w = RV_ACT_WORD(RV_ACT_CMD_DAQ_PC_CURR, RV_ACT_SINK_AXIS,
    4c74:	30000537          	lui	a0,0x30000
    4c78:	08052703          	lw	a4,128(a0) # 30000080 <__bss_end+0x2fff94ac>
    4c7c:	200007b7          	lui	a5,0x20000
    4c80:	f0078613          	addi	a2,a5,-256 # 1fffff00 <__bss_end+0x1fff932c>
    4c84:	00871713          	slli	a4,a4,0x8
    4c88:	e00006b7          	lui	a3,0xe0000
    4c8c:	00c77733          	and	a4,a4,a2
    4c90:	04168693          	addi	a3,a3,65 # e0000041 <__bss_end+0xdfff946d>
	                RV_TAG_VALUE(SH->ring_head & RV_VALUE_MASK));
	RV_ACTCAP_AT(766, w);
    4c94:	400005b7          	lui	a1,0x40000
	w = RV_ACT_WORD(RV_ACT_CMD_DAQ_PC_CURR, RV_ACT_SINK_AXIS,
    4c98:	00d76733          	or	a4,a4,a3

00004c9c <rvs_766>:
	RV_ACTCAP_AT(766, w);
    4c9c:	00e5a023          	sw	a4,0(a1) # 40000000 <__bss_end+0x3fff942c>
    4ca0:	00000013          	nop
    4ca4:	00000013          	nop
    4ca8:	00000013          	nop
    4cac:	00000013          	nop
    4cb0:	00000013          	nop
    4cb4:	00000013          	nop
	w = RV_ACT_WORD(RV_ACT_CMD_DAQ_PC_CURR, RV_ACT_SINK_AXIS,
    4cb8:	06052783          	lw	a5,96(a0)
    4cbc:	00879793          	slli	a5,a5,0x8
    4cc0:	00c7f7b3          	and	a5,a5,a2
    4cc4:	00d7e7b3          	or	a5,a5,a3

00004cc8 <rvs_767>:
	                RV_TAG_VALUE(SH->balance & RV_VALUE_MASK));
	RV_ACTCAP_AT(767, w);
    4cc8:	00f5a023          	sw	a5,0(a1)
    4ccc:	00000013          	nop
    4cd0:	00000013          	nop
    4cd4:	00000013          	nop
    4cd8:	00000013          	nop
    4cdc:	00000013          	nop
    4ce0:	00000013          	nop
	rv_actcap_issued += 2u;
    4ce4:	00007737          	lui	a4,0x7
    4ce8:	bc872783          	lw	a5,-1080(a4) # 6bc8 <rv_actcap_issued>
    4cec:	00278793          	addi	a5,a5,2
    4cf0:	bcf72423          	sw	a5,-1080(a4)
}
    4cf4:	00008067          	ret

00004cf8 <rv_t073>:

void rv_t073(void)
{
	unsigned v, c, lk;
	unsigned use_lock = (SH->mode != RV_MODE_RACE_OPEN);
    4cf8:	30000737          	lui	a4,0x30000
    4cfc:	00472603          	lw	a2,4(a4) # 30000004 <__bss_end+0x2fff9430>
	/* RV_MODE_RACE_WRONG_LOCK: each core takes a DIFFERENT lock, so both
	 * believe they are protected and neither excludes the other. */
	lk = (SH->mode == RV_MODE_RACE_WRONG_LOCK) ? 0u : 0u;
    4d00:	00472783          	lw	a5,4(a4)

00004d04 <rvs_768>:

	RV_MARK(768);
    4d04:	00000013          	nop
	if (use_lock) {
    4d08:	00100693          	li	a3,1
    4d0c:	04d60a63          	beq	a2,a3,4d60 <rvs_770+0x2c>
		RV_ACQUIRE(lk, 0u, 1u, 769, 770);
    4d10:	02070793          	addi	a5,a4,32

00004d14 <rvs_769>:
    4d14:	00d7a023          	sw	a3,0(a5)
    4d18:	300007b7          	lui	a5,0x30000
    4d1c:	02d72423          	sw	a3,40(a4)
    4d20:	00c0006f          	j	4d2c <rvs_769+0x18>
    4d24:	0287a703          	lw	a4,40(a5) # 30000028 <__bss_end+0x2fff9454>
    4d28:	00d71663          	bne	a4,a3,4d34 <rvs_770>
    4d2c:	0247a703          	lw	a4,36(a5)
    4d30:	fe071ae3          	bnez	a4,4d24 <rvs_769+0x10>

00004d34 <rvs_770>:
    4d34:	00000013          	nop
    4d38:	a80307b7          	lui	a5,0xa8030
    4d3c:	40000737          	lui	a4,0x40000
    4d40:	24178793          	addi	a5,a5,577 # a8030241 <__bss_end+0xa802966d>
    4d44:	00f72023          	sw	a5,0(a4) # 40000000 <__bss_end+0x3fff942c>
    4d48:	00000013          	nop
    4d4c:	00000013          	nop
    4d50:	00000013          	nop
    4d54:	00000013          	nop
    4d58:	00000013          	nop
    4d5c:	00000013          	nop
	}
	RV_LD(v, &SH->balance, 771);
    4d60:	30000737          	lui	a4,0x30000
    4d64:	06070693          	addi	a3,a4,96 # 30000060 <__bss_end+0x2fff948c>

00004d68 <rvs_771>:
    4d68:	0006a783          	lw	a5,0(a3)
	v += 4u;
    4d6c:	00478793          	addi	a5,a5,4

00004d70 <rvs_772>:
	RV_ST(&SH->balance, v, 772);
    4d70:	00f6a023          	sw	a5,0(a3)
	RV_LD(c, &SH->count, 773);
    4d74:	06470593          	addi	a1,a4,100

00004d78 <rvs_773>:
    4d78:	0005a683          	lw	a3,0(a1)
	RV_ST(&SH->count, c + 1u, 774);
    4d7c:	00168513          	addi	a0,a3,1

00004d80 <rvs_774>:
    4d80:	00a5a023          	sw	a0,0(a1)
	RV_ST(&SH->checksum, (c ^ v) + 73u, 775);
    4d84:	00d7c7b3          	xor	a5,a5,a3
    4d88:	04978793          	addi	a5,a5,73
    4d8c:	06870693          	addi	a3,a4,104

00004d90 <rvs_775>:
    4d90:	00f6a023          	sw	a5,0(a3)
	if (use_lock) {
    4d94:	00100793          	li	a5,1
    4d98:	02f60c63          	beq	a2,a5,4dd0 <rvs_777>
		RV_RELEASE(lk, 0u, 776);
    4d9c:	02070713          	addi	a4,a4,32
    4da0:	00000793          	li	a5,0

00004da4 <rvs_776>:
    4da4:	00f72023          	sw	a5,0(a4)
    4da8:	b00317b7          	lui	a5,0xb0031
    4dac:	40000737          	lui	a4,0x40000
    4db0:	84178793          	addi	a5,a5,-1983 # b0030841 <__bss_end+0xb0029c6d>
    4db4:	00f72023          	sw	a5,0(a4) # 40000000 <__bss_end+0x3fff942c>
    4db8:	00000013          	nop
    4dbc:	00000013          	nop
    4dc0:	00000013          	nop
    4dc4:	00000013          	nop
    4dc8:	00000013          	nop
    4dcc:	00000013          	nop

00004dd0 <rvs_777>:
	}
	RV_MARK(777);
    4dd0:	00000013          	nop
	rv_local_sum += 4u;
    4dd4:	00007737          	lui	a4,0x7
    4dd8:	bd072783          	lw	a5,-1072(a4) # 6bd0 <rv_local_sum>
    4ddc:	00478793          	addi	a5,a5,4
    4de0:	bcf72823          	sw	a5,-1072(a4)
}
    4de4:	00008067          	ret

00004de8 <rv_t074>:

void rv_t074(void)
{
	unsigned v, c, lk;
	unsigned use_lock = (SH->mode != RV_MODE_RACE_OPEN);
    4de8:	30000737          	lui	a4,0x30000
    4dec:	00472603          	lw	a2,4(a4) # 30000004 <__bss_end+0x2fff9430>
	/* RV_MODE_RACE_WRONG_LOCK: each core takes a DIFFERENT lock, so both
	 * believe they are protected and neither excludes the other. */
	lk = (SH->mode == RV_MODE_RACE_WRONG_LOCK) ? 0u : 0u;
    4df0:	00472783          	lw	a5,4(a4)

00004df4 <rvs_778>:

	RV_MARK(778);
    4df4:	00000013          	nop
	if (use_lock) {
    4df8:	00100693          	li	a3,1
    4dfc:	04d60a63          	beq	a2,a3,4e50 <rvs_780+0x2c>
		RV_ACQUIRE(lk, 0u, 1u, 779, 780);
    4e00:	02070793          	addi	a5,a4,32

00004e04 <rvs_779>:
    4e04:	00d7a023          	sw	a3,0(a5)
    4e08:	300007b7          	lui	a5,0x30000
    4e0c:	02d72423          	sw	a3,40(a4)
    4e10:	00c0006f          	j	4e1c <rvs_779+0x18>
    4e14:	0287a703          	lw	a4,40(a5) # 30000028 <__bss_end+0x2fff9454>
    4e18:	00d71663          	bne	a4,a3,4e24 <rvs_780>
    4e1c:	0247a703          	lw	a4,36(a5)
    4e20:	fe071ae3          	bnez	a4,4e14 <rvs_779+0x10>

00004e24 <rvs_780>:
    4e24:	00000013          	nop
    4e28:	a80317b7          	lui	a5,0xa8031
    4e2c:	40000737          	lui	a4,0x40000
    4e30:	c4178793          	addi	a5,a5,-959 # a8030c41 <__bss_end+0xa802a06d>
    4e34:	00f72023          	sw	a5,0(a4) # 40000000 <__bss_end+0x3fff942c>
    4e38:	00000013          	nop
    4e3c:	00000013          	nop
    4e40:	00000013          	nop
    4e44:	00000013          	nop
    4e48:	00000013          	nop
    4e4c:	00000013          	nop
	}
	RV_LD(v, &SH->balance, 781);
    4e50:	30000737          	lui	a4,0x30000
    4e54:	06070693          	addi	a3,a4,96 # 30000060 <__bss_end+0x2fff948c>

00004e58 <rvs_781>:
    4e58:	0006a783          	lw	a5,0(a3)
	v += 5u;
    4e5c:	00578793          	addi	a5,a5,5

00004e60 <rvs_782>:
	RV_ST(&SH->balance, v, 782);
    4e60:	00f6a023          	sw	a5,0(a3)
	RV_LD(c, &SH->count, 783);
    4e64:	06470593          	addi	a1,a4,100

00004e68 <rvs_783>:
    4e68:	0005a683          	lw	a3,0(a1)
	RV_ST(&SH->count, c + 1u, 784);
    4e6c:	00168513          	addi	a0,a3,1

00004e70 <rvs_784>:
    4e70:	00a5a023          	sw	a0,0(a1)
	RV_ST(&SH->checksum, (c ^ v) + 74u, 785);
    4e74:	00d7c7b3          	xor	a5,a5,a3
    4e78:	04a78793          	addi	a5,a5,74
    4e7c:	06870693          	addi	a3,a4,104

00004e80 <rvs_785>:
    4e80:	00f6a023          	sw	a5,0(a3)
	if (use_lock) {
    4e84:	00100793          	li	a5,1
    4e88:	02f60c63          	beq	a2,a5,4ec0 <rvs_787>
		RV_RELEASE(lk, 0u, 786);
    4e8c:	02070713          	addi	a4,a4,32
    4e90:	00000793          	li	a5,0

00004e94 <rvs_786>:
    4e94:	00f72023          	sw	a5,0(a4)
    4e98:	b00317b7          	lui	a5,0xb0031
    4e9c:	40000737          	lui	a4,0x40000
    4ea0:	24178793          	addi	a5,a5,577 # b0031241 <__bss_end+0xb002a66d>
    4ea4:	00f72023          	sw	a5,0(a4) # 40000000 <__bss_end+0x3fff942c>
    4ea8:	00000013          	nop
    4eac:	00000013          	nop
    4eb0:	00000013          	nop
    4eb4:	00000013          	nop
    4eb8:	00000013          	nop
    4ebc:	00000013          	nop

00004ec0 <rvs_787>:
	}
	RV_MARK(787);
    4ec0:	00000013          	nop
	rv_local_sum += 5u;
    4ec4:	00007737          	lui	a4,0x7
    4ec8:	bd072783          	lw	a5,-1072(a4) # 6bd0 <rv_local_sum>
    4ecc:	00578793          	addi	a5,a5,5
    4ed0:	bcf72823          	sw	a5,-1072(a4)
}
    4ed4:	00008067          	ret

00004ed8 <rv_t075>:

void rv_t075(void)
{
	unsigned v, c, lk;
	unsigned use_lock = (SH->mode != RV_MODE_RACE_OPEN);
    4ed8:	30000737          	lui	a4,0x30000
    4edc:	00472603          	lw	a2,4(a4) # 30000004 <__bss_end+0x2fff9430>
	/* RV_MODE_RACE_WRONG_LOCK: each core takes a DIFFERENT lock, so both
	 * believe they are protected and neither excludes the other. */
	lk = (SH->mode == RV_MODE_RACE_WRONG_LOCK) ? 0u : 0u;
    4ee0:	00472783          	lw	a5,4(a4)

00004ee4 <rvs_788>:

	RV_MARK(788);
    4ee4:	00000013          	nop
	if (use_lock) {
    4ee8:	00100693          	li	a3,1
    4eec:	04d60a63          	beq	a2,a3,4f40 <rvs_790+0x2c>
		RV_ACQUIRE(lk, 0u, 1u, 789, 790);
    4ef0:	02070793          	addi	a5,a4,32

00004ef4 <rvs_789>:
    4ef4:	00d7a023          	sw	a3,0(a5)
    4ef8:	300007b7          	lui	a5,0x30000
    4efc:	02d72423          	sw	a3,40(a4)
    4f00:	00c0006f          	j	4f0c <rvs_789+0x18>
    4f04:	0287a703          	lw	a4,40(a5) # 30000028 <__bss_end+0x2fff9454>
    4f08:	00d71663          	bne	a4,a3,4f14 <rvs_790>
    4f0c:	0247a703          	lw	a4,36(a5)
    4f10:	fe071ae3          	bnez	a4,4f04 <rvs_789+0x10>

00004f14 <rvs_790>:
    4f14:	00000013          	nop
    4f18:	a80317b7          	lui	a5,0xa8031
    4f1c:	40000737          	lui	a4,0x40000
    4f20:	64178793          	addi	a5,a5,1601 # a8031641 <__bss_end+0xa802aa6d>
    4f24:	00f72023          	sw	a5,0(a4) # 40000000 <__bss_end+0x3fff942c>
    4f28:	00000013          	nop
    4f2c:	00000013          	nop
    4f30:	00000013          	nop
    4f34:	00000013          	nop
    4f38:	00000013          	nop
    4f3c:	00000013          	nop
	}
	RV_LD(v, &SH->balance, 791);
    4f40:	30000737          	lui	a4,0x30000
    4f44:	06070693          	addi	a3,a4,96 # 30000060 <__bss_end+0x2fff948c>

00004f48 <rvs_791>:
    4f48:	0006a783          	lw	a5,0(a3)
	v += 6u;
    4f4c:	00678793          	addi	a5,a5,6

00004f50 <rvs_792>:
	RV_ST(&SH->balance, v, 792);
    4f50:	00f6a023          	sw	a5,0(a3)
	RV_LD(c, &SH->count, 793);
    4f54:	06470593          	addi	a1,a4,100

00004f58 <rvs_793>:
    4f58:	0005a683          	lw	a3,0(a1)
	RV_ST(&SH->count, c + 1u, 794);
    4f5c:	00168513          	addi	a0,a3,1

00004f60 <rvs_794>:
    4f60:	00a5a023          	sw	a0,0(a1)
	RV_ST(&SH->checksum, (c ^ v) + 75u, 795);
    4f64:	00d7c7b3          	xor	a5,a5,a3
    4f68:	04b78793          	addi	a5,a5,75
    4f6c:	06870693          	addi	a3,a4,104

00004f70 <rvs_795>:
    4f70:	00f6a023          	sw	a5,0(a3)
	if (use_lock) {
    4f74:	00100793          	li	a5,1
    4f78:	02f60c63          	beq	a2,a5,4fb0 <rvs_797>
		RV_RELEASE(lk, 0u, 796);
    4f7c:	02070713          	addi	a4,a4,32
    4f80:	00000793          	li	a5,0

00004f84 <rvs_796>:
    4f84:	00f72023          	sw	a5,0(a4)
    4f88:	b00327b7          	lui	a5,0xb0032
    4f8c:	40000737          	lui	a4,0x40000
    4f90:	c4178793          	addi	a5,a5,-959 # b0031c41 <__bss_end+0xb002b06d>
    4f94:	00f72023          	sw	a5,0(a4) # 40000000 <__bss_end+0x3fff942c>
    4f98:	00000013          	nop
    4f9c:	00000013          	nop
    4fa0:	00000013          	nop
    4fa4:	00000013          	nop
    4fa8:	00000013          	nop
    4fac:	00000013          	nop

00004fb0 <rvs_797>:
	}
	RV_MARK(797);
    4fb0:	00000013          	nop
	rv_local_sum += 6u;
    4fb4:	00007737          	lui	a4,0x7
    4fb8:	bd072783          	lw	a5,-1072(a4) # 6bd0 <rv_local_sum>
    4fbc:	00678793          	addi	a5,a5,6
    4fc0:	bcf72823          	sw	a5,-1072(a4)
}
    4fc4:	00008067          	ret

00004fc8 <rv_t076>:

void rv_t076(void)
{
	unsigned v, c, lk;
	unsigned use_lock = (SH->mode != RV_MODE_RACE_OPEN);
    4fc8:	30000737          	lui	a4,0x30000
    4fcc:	00472603          	lw	a2,4(a4) # 30000004 <__bss_end+0x2fff9430>
	/* RV_MODE_RACE_WRONG_LOCK: each core takes a DIFFERENT lock, so both
	 * believe they are protected and neither excludes the other. */
	lk = (SH->mode == RV_MODE_RACE_WRONG_LOCK) ? 0u : 0u;
    4fd0:	00472783          	lw	a5,4(a4)

00004fd4 <rvs_798>:

	RV_MARK(798);
    4fd4:	00000013          	nop
	if (use_lock) {
    4fd8:	00100693          	li	a3,1
    4fdc:	04d60a63          	beq	a2,a3,5030 <rvs_800+0x2c>
		RV_ACQUIRE(lk, 0u, 1u, 799, 800);
    4fe0:	02070793          	addi	a5,a4,32

00004fe4 <rvs_799>:
    4fe4:	00d7a023          	sw	a3,0(a5)
    4fe8:	300007b7          	lui	a5,0x30000
    4fec:	02d72423          	sw	a3,40(a4)
    4ff0:	00c0006f          	j	4ffc <rvs_799+0x18>
    4ff4:	0287a703          	lw	a4,40(a5) # 30000028 <__bss_end+0x2fff9454>
    4ff8:	00d71663          	bne	a4,a3,5004 <rvs_800>
    4ffc:	0247a703          	lw	a4,36(a5)
    5000:	fe071ae3          	bnez	a4,4ff4 <rvs_799+0x10>

00005004 <rvs_800>:
    5004:	00000013          	nop
    5008:	a80327b7          	lui	a5,0xa8032
    500c:	40000737          	lui	a4,0x40000
    5010:	04178793          	addi	a5,a5,65 # a8032041 <__bss_end+0xa802b46d>
    5014:	00f72023          	sw	a5,0(a4) # 40000000 <__bss_end+0x3fff942c>
    5018:	00000013          	nop
    501c:	00000013          	nop
    5020:	00000013          	nop
    5024:	00000013          	nop
    5028:	00000013          	nop
    502c:	00000013          	nop
	}
	RV_LD(v, &SH->balance, 801);
    5030:	30000737          	lui	a4,0x30000
    5034:	06070693          	addi	a3,a4,96 # 30000060 <__bss_end+0x2fff948c>

00005038 <rvs_801>:
    5038:	0006a783          	lw	a5,0(a3)
	v += 7u;
    503c:	00778793          	addi	a5,a5,7

00005040 <rvs_802>:
	RV_ST(&SH->balance, v, 802);
    5040:	00f6a023          	sw	a5,0(a3)
	RV_LD(c, &SH->count, 803);
    5044:	06470593          	addi	a1,a4,100

00005048 <rvs_803>:
    5048:	0005a683          	lw	a3,0(a1)
	RV_ST(&SH->count, c + 1u, 804);
    504c:	00168513          	addi	a0,a3,1

00005050 <rvs_804>:
    5050:	00a5a023          	sw	a0,0(a1)
	RV_ST(&SH->checksum, (c ^ v) + 76u, 805);
    5054:	00d7c7b3          	xor	a5,a5,a3
    5058:	04c78793          	addi	a5,a5,76
    505c:	06870693          	addi	a3,a4,104

00005060 <rvs_805>:
    5060:	00f6a023          	sw	a5,0(a3)
	if (use_lock) {
    5064:	00100793          	li	a5,1
    5068:	02f60c63          	beq	a2,a5,50a0 <rvs_807>
		RV_RELEASE(lk, 0u, 806);
    506c:	02070713          	addi	a4,a4,32
    5070:	00000793          	li	a5,0

00005074 <rvs_806>:
    5074:	00f72023          	sw	a5,0(a4)
    5078:	b00327b7          	lui	a5,0xb0032
    507c:	40000737          	lui	a4,0x40000
    5080:	64178793          	addi	a5,a5,1601 # b0032641 <__bss_end+0xb002ba6d>
    5084:	00f72023          	sw	a5,0(a4) # 40000000 <__bss_end+0x3fff942c>
    5088:	00000013          	nop
    508c:	00000013          	nop
    5090:	00000013          	nop
    5094:	00000013          	nop
    5098:	00000013          	nop
    509c:	00000013          	nop

000050a0 <rvs_807>:
	}
	RV_MARK(807);
    50a0:	00000013          	nop
	rv_local_sum += 7u;
    50a4:	00007737          	lui	a4,0x7
    50a8:	bd072783          	lw	a5,-1072(a4) # 6bd0 <rv_local_sum>
    50ac:	00778793          	addi	a5,a5,7
    50b0:	bcf72823          	sw	a5,-1072(a4)
}
    50b4:	00008067          	ret

000050b8 <rv_t076_cap>:
void rv_t076_cap(void)
{
	unsigned w;
	/* The tag is COMPUTED here -- an ACT-ST trigger could only ever carry
	 * the constant its table entry was loaded with. */
	w = RV_ACT_WORD(RV_ACT_CMD_DAQ_PC_CURR, RV_ACT_SINK_AXIS,
    50b8:	30000537          	lui	a0,0x30000
    50bc:	08052703          	lw	a4,128(a0) # 30000080 <__bss_end+0x2fff94ac>
    50c0:	200007b7          	lui	a5,0x20000
    50c4:	f0078613          	addi	a2,a5,-256 # 1fffff00 <__bss_end+0x1fff932c>
    50c8:	00871713          	slli	a4,a4,0x8
    50cc:	e00006b7          	lui	a3,0xe0000
    50d0:	00c77733          	and	a4,a4,a2
    50d4:	04168693          	addi	a3,a3,65 # e0000041 <__bss_end+0xdfff946d>
	                RV_TAG_VALUE(SH->ring_head & RV_VALUE_MASK));
	RV_ACTCAP_AT(808, w);
    50d8:	400005b7          	lui	a1,0x40000
	w = RV_ACT_WORD(RV_ACT_CMD_DAQ_PC_CURR, RV_ACT_SINK_AXIS,
    50dc:	00d76733          	or	a4,a4,a3

000050e0 <rvs_808>:
	RV_ACTCAP_AT(808, w);
    50e0:	00e5a023          	sw	a4,0(a1) # 40000000 <__bss_end+0x3fff942c>
    50e4:	00000013          	nop
    50e8:	00000013          	nop
    50ec:	00000013          	nop
    50f0:	00000013          	nop
    50f4:	00000013          	nop
    50f8:	00000013          	nop
	w = RV_ACT_WORD(RV_ACT_CMD_DAQ_PC_CURR, RV_ACT_SINK_AXIS,
    50fc:	06052783          	lw	a5,96(a0)
    5100:	00879793          	slli	a5,a5,0x8
    5104:	00c7f7b3          	and	a5,a5,a2
    5108:	00d7e7b3          	or	a5,a5,a3

0000510c <rvs_809>:
	                RV_TAG_VALUE(SH->balance & RV_VALUE_MASK));
	RV_ACTCAP_AT(809, w);
    510c:	00f5a023          	sw	a5,0(a1)
    5110:	00000013          	nop
    5114:	00000013          	nop
    5118:	00000013          	nop
    511c:	00000013          	nop
    5120:	00000013          	nop
    5124:	00000013          	nop
	rv_actcap_issued += 2u;
    5128:	00007737          	lui	a4,0x7
    512c:	bc872783          	lw	a5,-1080(a4) # 6bc8 <rv_actcap_issued>
    5130:	00278793          	addi	a5,a5,2
    5134:	bcf72423          	sw	a5,-1080(a4)
}
    5138:	00008067          	ret

0000513c <rv_t077>:

void rv_t077(void)
{
	unsigned v, c, lk;
	unsigned use_lock = (SH->mode != RV_MODE_RACE_OPEN);
    513c:	30000737          	lui	a4,0x30000
    5140:	00472603          	lw	a2,4(a4) # 30000004 <__bss_end+0x2fff9430>
	/* RV_MODE_RACE_WRONG_LOCK: each core takes a DIFFERENT lock, so both
	 * believe they are protected and neither excludes the other. */
	lk = (SH->mode == RV_MODE_RACE_WRONG_LOCK) ? 0u : 0u;
    5144:	00472783          	lw	a5,4(a4)

00005148 <rvs_810>:

	RV_MARK(810);
    5148:	00000013          	nop
	if (use_lock) {
    514c:	00100693          	li	a3,1
    5150:	04d60a63          	beq	a2,a3,51a4 <rvs_812+0x2c>
		RV_ACQUIRE(lk, 0u, 1u, 811, 812);
    5154:	02070793          	addi	a5,a4,32

00005158 <rvs_811>:
    5158:	00d7a023          	sw	a3,0(a5)
    515c:	300007b7          	lui	a5,0x30000
    5160:	02d72423          	sw	a3,40(a4)
    5164:	00c0006f          	j	5170 <rvs_811+0x18>
    5168:	0287a703          	lw	a4,40(a5) # 30000028 <__bss_end+0x2fff9454>
    516c:	00d71663          	bne	a4,a3,5178 <rvs_812>
    5170:	0247a703          	lw	a4,36(a5)
    5174:	fe071ae3          	bnez	a4,5168 <rvs_811+0x10>

00005178 <rvs_812>:
    5178:	00000013          	nop
    517c:	a80337b7          	lui	a5,0xa8033
    5180:	40000737          	lui	a4,0x40000
    5184:	c4178793          	addi	a5,a5,-959 # a8032c41 <__bss_end+0xa802c06d>
    5188:	00f72023          	sw	a5,0(a4) # 40000000 <__bss_end+0x3fff942c>
    518c:	00000013          	nop
    5190:	00000013          	nop
    5194:	00000013          	nop
    5198:	00000013          	nop
    519c:	00000013          	nop
    51a0:	00000013          	nop
	}
	RV_LD(v, &SH->balance, 813);
    51a4:	30000737          	lui	a4,0x30000
    51a8:	06070693          	addi	a3,a4,96 # 30000060 <__bss_end+0x2fff948c>

000051ac <rvs_813>:
    51ac:	0006a783          	lw	a5,0(a3)
	v += 1u;
    51b0:	00178793          	addi	a5,a5,1

000051b4 <rvs_814>:
	RV_ST(&SH->balance, v, 814);
    51b4:	00f6a023          	sw	a5,0(a3)
	RV_LD(c, &SH->count, 815);
    51b8:	06470593          	addi	a1,a4,100

000051bc <rvs_815>:
    51bc:	0005a683          	lw	a3,0(a1)
	RV_ST(&SH->count, c + 1u, 816);
    51c0:	00168513          	addi	a0,a3,1

000051c4 <rvs_816>:
    51c4:	00a5a023          	sw	a0,0(a1)
	RV_ST(&SH->checksum, (c ^ v) + 77u, 817);
    51c8:	00d7c7b3          	xor	a5,a5,a3
    51cc:	04d78793          	addi	a5,a5,77
    51d0:	06870693          	addi	a3,a4,104

000051d4 <rvs_817>:
    51d4:	00f6a023          	sw	a5,0(a3)
	if (use_lock) {
    51d8:	00100793          	li	a5,1
    51dc:	02f60c63          	beq	a2,a5,5214 <rvs_819>
		RV_RELEASE(lk, 0u, 818);
    51e0:	02070713          	addi	a4,a4,32
    51e4:	00000793          	li	a5,0

000051e8 <rvs_818>:
    51e8:	00f72023          	sw	a5,0(a4)
    51ec:	b00337b7          	lui	a5,0xb0033
    51f0:	40000737          	lui	a4,0x40000
    51f4:	24178793          	addi	a5,a5,577 # b0033241 <__bss_end+0xb002c66d>
    51f8:	00f72023          	sw	a5,0(a4) # 40000000 <__bss_end+0x3fff942c>
    51fc:	00000013          	nop
    5200:	00000013          	nop
    5204:	00000013          	nop
    5208:	00000013          	nop
    520c:	00000013          	nop
    5210:	00000013          	nop

00005214 <rvs_819>:
	}
	RV_MARK(819);
    5214:	00000013          	nop
	rv_local_sum += 1u;
    5218:	00007737          	lui	a4,0x7
    521c:	bd072783          	lw	a5,-1072(a4) # 6bd0 <rv_local_sum>
    5220:	00178793          	addi	a5,a5,1
    5224:	bcf72823          	sw	a5,-1072(a4)
}
    5228:	00008067          	ret

0000522c <rv_t078>:

void rv_t078(void)
{
	unsigned v, c, lk;
	unsigned use_lock = (SH->mode != RV_MODE_RACE_OPEN);
    522c:	30000737          	lui	a4,0x30000
    5230:	00472603          	lw	a2,4(a4) # 30000004 <__bss_end+0x2fff9430>
	/* RV_MODE_RACE_WRONG_LOCK: each core takes a DIFFERENT lock, so both
	 * believe they are protected and neither excludes the other. */
	lk = (SH->mode == RV_MODE_RACE_WRONG_LOCK) ? 0u : 0u;
    5234:	00472783          	lw	a5,4(a4)

00005238 <rvs_820>:

	RV_MARK(820);
    5238:	00000013          	nop
	if (use_lock) {
    523c:	00100693          	li	a3,1
    5240:	04d60a63          	beq	a2,a3,5294 <rvs_822+0x2c>
		RV_ACQUIRE(lk, 0u, 1u, 821, 822);
    5244:	02070793          	addi	a5,a4,32

00005248 <rvs_821>:
    5248:	00d7a023          	sw	a3,0(a5)
    524c:	300007b7          	lui	a5,0x30000
    5250:	02d72423          	sw	a3,40(a4)
    5254:	00c0006f          	j	5260 <rvs_821+0x18>
    5258:	0287a703          	lw	a4,40(a5) # 30000028 <__bss_end+0x2fff9454>
    525c:	00d71663          	bne	a4,a3,5268 <rvs_822>
    5260:	0247a703          	lw	a4,36(a5)
    5264:	fe071ae3          	bnez	a4,5258 <rvs_821+0x10>

00005268 <rvs_822>:
    5268:	00000013          	nop
    526c:	a80337b7          	lui	a5,0xa8033
    5270:	40000737          	lui	a4,0x40000
    5274:	64178793          	addi	a5,a5,1601 # a8033641 <__bss_end+0xa802ca6d>
    5278:	00f72023          	sw	a5,0(a4) # 40000000 <__bss_end+0x3fff942c>
    527c:	00000013          	nop
    5280:	00000013          	nop
    5284:	00000013          	nop
    5288:	00000013          	nop
    528c:	00000013          	nop
    5290:	00000013          	nop
	}
	RV_LD(v, &SH->balance, 823);
    5294:	30000737          	lui	a4,0x30000
    5298:	06070693          	addi	a3,a4,96 # 30000060 <__bss_end+0x2fff948c>

0000529c <rvs_823>:
    529c:	0006a783          	lw	a5,0(a3)
	v += 2u;
    52a0:	00278793          	addi	a5,a5,2

000052a4 <rvs_824>:
	RV_ST(&SH->balance, v, 824);
    52a4:	00f6a023          	sw	a5,0(a3)
	RV_LD(c, &SH->count, 825);
    52a8:	06470593          	addi	a1,a4,100

000052ac <rvs_825>:
    52ac:	0005a683          	lw	a3,0(a1)
	RV_ST(&SH->count, c + 1u, 826);
    52b0:	00168513          	addi	a0,a3,1

000052b4 <rvs_826>:
    52b4:	00a5a023          	sw	a0,0(a1)
	RV_ST(&SH->checksum, (c ^ v) + 78u, 827);
    52b8:	00d7c7b3          	xor	a5,a5,a3
    52bc:	04e78793          	addi	a5,a5,78
    52c0:	06870693          	addi	a3,a4,104

000052c4 <rvs_827>:
    52c4:	00f6a023          	sw	a5,0(a3)
	if (use_lock) {
    52c8:	00100793          	li	a5,1
    52cc:	02f60c63          	beq	a2,a5,5304 <rvs_829>
		RV_RELEASE(lk, 0u, 828);
    52d0:	02070713          	addi	a4,a4,32
    52d4:	00000793          	li	a5,0

000052d8 <rvs_828>:
    52d8:	00f72023          	sw	a5,0(a4)
    52dc:	b00347b7          	lui	a5,0xb0034
    52e0:	40000737          	lui	a4,0x40000
    52e4:	c4178793          	addi	a5,a5,-959 # b0033c41 <__bss_end+0xb002d06d>
    52e8:	00f72023          	sw	a5,0(a4) # 40000000 <__bss_end+0x3fff942c>
    52ec:	00000013          	nop
    52f0:	00000013          	nop
    52f4:	00000013          	nop
    52f8:	00000013          	nop
    52fc:	00000013          	nop
    5300:	00000013          	nop

00005304 <rvs_829>:
	}
	RV_MARK(829);
    5304:	00000013          	nop
	rv_local_sum += 2u;
    5308:	00007737          	lui	a4,0x7
    530c:	bd072783          	lw	a5,-1072(a4) # 6bd0 <rv_local_sum>
    5310:	00278793          	addi	a5,a5,2
    5314:	bcf72823          	sw	a5,-1072(a4)
}
    5318:	00008067          	ret

0000531c <rv_t079>:

void rv_t079(void)
{
	unsigned v, c, lk;
	unsigned use_lock = (SH->mode != RV_MODE_RACE_OPEN);
    531c:	30000737          	lui	a4,0x30000
    5320:	00472603          	lw	a2,4(a4) # 30000004 <__bss_end+0x2fff9430>
	/* RV_MODE_RACE_WRONG_LOCK: each core takes a DIFFERENT lock, so both
	 * believe they are protected and neither excludes the other. */
	lk = (SH->mode == RV_MODE_RACE_WRONG_LOCK) ? 0u : 0u;
    5324:	00472783          	lw	a5,4(a4)

00005328 <rvs_830>:

	RV_MARK(830);
    5328:	00000013          	nop
	if (use_lock) {
    532c:	00100693          	li	a3,1
    5330:	04d60a63          	beq	a2,a3,5384 <rvs_832+0x2c>
		RV_ACQUIRE(lk, 0u, 1u, 831, 832);
    5334:	02070793          	addi	a5,a4,32

00005338 <rvs_831>:
    5338:	00d7a023          	sw	a3,0(a5)
    533c:	300007b7          	lui	a5,0x30000
    5340:	02d72423          	sw	a3,40(a4)
    5344:	00c0006f          	j	5350 <rvs_831+0x18>
    5348:	0287a703          	lw	a4,40(a5) # 30000028 <__bss_end+0x2fff9454>
    534c:	00d71663          	bne	a4,a3,5358 <rvs_832>
    5350:	0247a703          	lw	a4,36(a5)
    5354:	fe071ae3          	bnez	a4,5348 <rvs_831+0x10>

00005358 <rvs_832>:
    5358:	00000013          	nop
    535c:	a80347b7          	lui	a5,0xa8034
    5360:	40000737          	lui	a4,0x40000
    5364:	04178793          	addi	a5,a5,65 # a8034041 <__bss_end+0xa802d46d>
    5368:	00f72023          	sw	a5,0(a4) # 40000000 <__bss_end+0x3fff942c>
    536c:	00000013          	nop
    5370:	00000013          	nop
    5374:	00000013          	nop
    5378:	00000013          	nop
    537c:	00000013          	nop
    5380:	00000013          	nop
	}
	RV_LD(v, &SH->balance, 833);
    5384:	30000737          	lui	a4,0x30000
    5388:	06070693          	addi	a3,a4,96 # 30000060 <__bss_end+0x2fff948c>

0000538c <rvs_833>:
    538c:	0006a783          	lw	a5,0(a3)
	v += 3u;
    5390:	00378793          	addi	a5,a5,3

00005394 <rvs_834>:
	RV_ST(&SH->balance, v, 834);
    5394:	00f6a023          	sw	a5,0(a3)
	RV_LD(c, &SH->count, 835);
    5398:	06470593          	addi	a1,a4,100

0000539c <rvs_835>:
    539c:	0005a683          	lw	a3,0(a1)
	RV_ST(&SH->count, c + 1u, 836);
    53a0:	00168513          	addi	a0,a3,1

000053a4 <rvs_836>:
    53a4:	00a5a023          	sw	a0,0(a1)
	RV_ST(&SH->checksum, (c ^ v) + 79u, 837);
    53a8:	00d7c7b3          	xor	a5,a5,a3
    53ac:	04f78793          	addi	a5,a5,79
    53b0:	06870693          	addi	a3,a4,104

000053b4 <rvs_837>:
    53b4:	00f6a023          	sw	a5,0(a3)
	if (use_lock) {
    53b8:	00100793          	li	a5,1
    53bc:	02f60c63          	beq	a2,a5,53f4 <rvs_839>
		RV_RELEASE(lk, 0u, 838);
    53c0:	02070713          	addi	a4,a4,32
    53c4:	00000793          	li	a5,0

000053c8 <rvs_838>:
    53c8:	00f72023          	sw	a5,0(a4)
    53cc:	b00347b7          	lui	a5,0xb0034
    53d0:	40000737          	lui	a4,0x40000
    53d4:	64178793          	addi	a5,a5,1601 # b0034641 <__bss_end+0xb002da6d>
    53d8:	00f72023          	sw	a5,0(a4) # 40000000 <__bss_end+0x3fff942c>
    53dc:	00000013          	nop
    53e0:	00000013          	nop
    53e4:	00000013          	nop
    53e8:	00000013          	nop
    53ec:	00000013          	nop
    53f0:	00000013          	nop

000053f4 <rvs_839>:
	}
	RV_MARK(839);
    53f4:	00000013          	nop
	rv_local_sum += 3u;
    53f8:	00007737          	lui	a4,0x7
    53fc:	bd072783          	lw	a5,-1072(a4) # 6bd0 <rv_local_sum>
    5400:	00378793          	addi	a5,a5,3
    5404:	bcf72823          	sw	a5,-1072(a4)
}
    5408:	00008067          	ret

0000540c <rv_t080>:

void rv_t080(void)
{
    540c:	fe010113          	addi	sp,sp,-32
    5410:	00112e23          	sw	ra,28(sp)
    5414:	00812c23          	sw	s0,24(sp)
    5418:	00912a23          	sw	s1,20(sp)
    541c:	01212823          	sw	s2,16(sp)
    5420:	01312623          	sw	s3,12(sp)
    5424:	01412423          	sw	s4,8(sp)

00005428 <rvs_840>:
	unsigned h, t, p;

	RV_MARK(840);
    5428:	00000013          	nop
	RV_LD(h, &SH->ring_head, 841);
    542c:	30000437          	lui	s0,0x30000
    5430:	08040a13          	addi	s4,s0,128 # 30000080 <__bss_end+0x2fff94ac>

00005434 <rvs_841>:
    5434:	000a2903          	lw	s2,0(s4)
	RV_LD(t, &SH->ring_tail, 842);
    5438:	08440993          	addi	s3,s0,132

0000543c <rvs_842>:
    543c:	0009a983          	lw	s3,0(s3)

00005440 <rvs_847>:
	RV_MARK(847);
    5440:	00000013          	nop
	if (((h + 1u) % RV_RING_SLOTS) != t) {
    5444:	03c00593          	li	a1,60
    5448:	00190513          	addi	a0,s2,1
    544c:	518010ef          	jal	ra,6964 <__umodsi3>
    5450:	07350863          	beq	a0,s3,54c0 <rvs_849+0x24>
		RV_ST(&SH->ring[h % RV_RING_SLOTS], h + 80u, 843);
    5454:	00050493          	mv	s1,a0
    5458:	03c00593          	li	a1,60
    545c:	00090513          	mv	a0,s2
    5460:	504010ef          	jal	ra,6964 <__umodsi3>
    5464:	00251513          	slli	a0,a0,0x2
    5468:	09040413          	addi	s0,s0,144
    546c:	00850433          	add	s0,a0,s0
    5470:	05090913          	addi	s2,s2,80

00005474 <rvs_843>:
    5474:	01242023          	sw	s2,0(s0)

00005478 <rvs_844>:
		RV_ST(&SH->ring_head, (h + 1u) % RV_RING_SLOTS, 844);
    5478:	009a2023          	sw	s1,0(s4)
	} else {
		SH->ring_drops++;
	}
	RV_LD(p, &rv_private, 845);
    547c:	000077b7          	lui	a5,0x7
    5480:	bcc78793          	addi	a5,a5,-1076 # 6bcc <rv_private>

00005484 <rvs_845>:
    5484:	0007a703          	lw	a4,0(a5)
	RV_ST(&rv_private, p + 1u, 846);
    5488:	00170693          	addi	a3,a4,1

0000548c <rvs_846>:
    548c:	00d7a023          	sw	a3,0(a5)
	RV_ST(&SH->seq, p, 848);
    5490:	300007b7          	lui	a5,0x30000
    5494:	06c78793          	addi	a5,a5,108 # 3000006c <__bss_end+0x2fff9498>

00005498 <rvs_848>:
    5498:	00e7a023          	sw	a4,0(a5)

0000549c <rvs_849>:
	RV_MARK(849);
    549c:	00000013          	nop
}
    54a0:	01c12083          	lw	ra,28(sp)
    54a4:	01812403          	lw	s0,24(sp)
    54a8:	01412483          	lw	s1,20(sp)
    54ac:	01012903          	lw	s2,16(sp)
    54b0:	00c12983          	lw	s3,12(sp)
    54b4:	00812a03          	lw	s4,8(sp)
    54b8:	02010113          	addi	sp,sp,32
    54bc:	00008067          	ret
		SH->ring_drops++;
    54c0:	08842783          	lw	a5,136(s0)
    54c4:	00178793          	addi	a5,a5,1
    54c8:	08f42423          	sw	a5,136(s0)
    54cc:	fb1ff06f          	j	547c <rvs_844+0x4>

000054d0 <rv_t080_cap>:
void rv_t080_cap(void)
{
	unsigned w;
	/* The tag is COMPUTED here -- an ACT-ST trigger could only ever carry
	 * the constant its table entry was loaded with. */
	w = RV_ACT_WORD(RV_ACT_CMD_DAQ_PC_CURR, RV_ACT_SINK_AXIS,
    54d0:	30000537          	lui	a0,0x30000
    54d4:	08052703          	lw	a4,128(a0) # 30000080 <__bss_end+0x2fff94ac>
    54d8:	200007b7          	lui	a5,0x20000
    54dc:	f0078613          	addi	a2,a5,-256 # 1fffff00 <__bss_end+0x1fff932c>
    54e0:	00871713          	slli	a4,a4,0x8
    54e4:	e00006b7          	lui	a3,0xe0000
    54e8:	00c77733          	and	a4,a4,a2
    54ec:	04168693          	addi	a3,a3,65 # e0000041 <__bss_end+0xdfff946d>
	                RV_TAG_VALUE(SH->ring_head & RV_VALUE_MASK));
	RV_ACTCAP_AT(850, w);
    54f0:	400005b7          	lui	a1,0x40000
	w = RV_ACT_WORD(RV_ACT_CMD_DAQ_PC_CURR, RV_ACT_SINK_AXIS,
    54f4:	00d76733          	or	a4,a4,a3

000054f8 <rvs_850>:
	RV_ACTCAP_AT(850, w);
    54f8:	00e5a023          	sw	a4,0(a1) # 40000000 <__bss_end+0x3fff942c>
    54fc:	00000013          	nop
    5500:	00000013          	nop
    5504:	00000013          	nop
    5508:	00000013          	nop
    550c:	00000013          	nop
    5510:	00000013          	nop
	w = RV_ACT_WORD(RV_ACT_CMD_DAQ_PC_CURR, RV_ACT_SINK_AXIS,
    5514:	06052783          	lw	a5,96(a0)
    5518:	00879793          	slli	a5,a5,0x8
    551c:	00c7f7b3          	and	a5,a5,a2
    5520:	00d7e7b3          	or	a5,a5,a3

00005524 <rvs_851>:
	                RV_TAG_VALUE(SH->balance & RV_VALUE_MASK));
	RV_ACTCAP_AT(851, w);
    5524:	00f5a023          	sw	a5,0(a1)
    5528:	00000013          	nop
    552c:	00000013          	nop
    5530:	00000013          	nop
    5534:	00000013          	nop
    5538:	00000013          	nop
    553c:	00000013          	nop
	rv_actcap_issued += 2u;
    5540:	00007737          	lui	a4,0x7
    5544:	bc872783          	lw	a5,-1080(a4) # 6bc8 <rv_actcap_issued>
    5548:	00278793          	addi	a5,a5,2
    554c:	bcf72423          	sw	a5,-1080(a4)
}
    5550:	00008067          	ret

00005554 <rv_t081>:

void rv_t081(void)
{
    5554:	fe010113          	addi	sp,sp,-32
    5558:	00112e23          	sw	ra,28(sp)
    555c:	00812c23          	sw	s0,24(sp)
    5560:	00912a23          	sw	s1,20(sp)
    5564:	01212823          	sw	s2,16(sp)
    5568:	01312623          	sw	s3,12(sp)
    556c:	01412423          	sw	s4,8(sp)

00005570 <rvs_852>:
	unsigned h, t, p;

	RV_MARK(852);
    5570:	00000013          	nop
	RV_LD(h, &SH->ring_head, 853);
    5574:	30000437          	lui	s0,0x30000
    5578:	08040a13          	addi	s4,s0,128 # 30000080 <__bss_end+0x2fff94ac>

0000557c <rvs_853>:
    557c:	000a2903          	lw	s2,0(s4)
	RV_LD(t, &SH->ring_tail, 854);
    5580:	08440993          	addi	s3,s0,132

00005584 <rvs_854>:
    5584:	0009a983          	lw	s3,0(s3)

00005588 <rvs_859>:
	RV_MARK(859);
    5588:	00000013          	nop
	if (((h + 1u) % RV_RING_SLOTS) != t) {
    558c:	03c00593          	li	a1,60
    5590:	00190513          	addi	a0,s2,1
    5594:	3d0010ef          	jal	ra,6964 <__umodsi3>
    5598:	07350863          	beq	a0,s3,5608 <rvs_861+0x24>
		RV_ST(&SH->ring[h % RV_RING_SLOTS], h + 81u, 855);
    559c:	00050493          	mv	s1,a0
    55a0:	03c00593          	li	a1,60
    55a4:	00090513          	mv	a0,s2
    55a8:	3bc010ef          	jal	ra,6964 <__umodsi3>
    55ac:	00251513          	slli	a0,a0,0x2
    55b0:	09040413          	addi	s0,s0,144
    55b4:	00850433          	add	s0,a0,s0
    55b8:	05190913          	addi	s2,s2,81

000055bc <rvs_855>:
    55bc:	01242023          	sw	s2,0(s0)

000055c0 <rvs_856>:
		RV_ST(&SH->ring_head, (h + 1u) % RV_RING_SLOTS, 856);
    55c0:	009a2023          	sw	s1,0(s4)
	} else {
		SH->ring_drops++;
	}
	RV_LD(p, &rv_private, 857);
    55c4:	000077b7          	lui	a5,0x7
    55c8:	bcc78793          	addi	a5,a5,-1076 # 6bcc <rv_private>

000055cc <rvs_857>:
    55cc:	0007a703          	lw	a4,0(a5)
	RV_ST(&rv_private, p + 1u, 858);
    55d0:	00170693          	addi	a3,a4,1

000055d4 <rvs_858>:
    55d4:	00d7a023          	sw	a3,0(a5)
	RV_ST(&SH->seq, p, 860);
    55d8:	300007b7          	lui	a5,0x30000
    55dc:	06c78793          	addi	a5,a5,108 # 3000006c <__bss_end+0x2fff9498>

000055e0 <rvs_860>:
    55e0:	00e7a023          	sw	a4,0(a5)

000055e4 <rvs_861>:
	RV_MARK(861);
    55e4:	00000013          	nop
}
    55e8:	01c12083          	lw	ra,28(sp)
    55ec:	01812403          	lw	s0,24(sp)
    55f0:	01412483          	lw	s1,20(sp)
    55f4:	01012903          	lw	s2,16(sp)
    55f8:	00c12983          	lw	s3,12(sp)
    55fc:	00812a03          	lw	s4,8(sp)
    5600:	02010113          	addi	sp,sp,32
    5604:	00008067          	ret
		SH->ring_drops++;
    5608:	08842783          	lw	a5,136(s0)
    560c:	00178793          	addi	a5,a5,1
    5610:	08f42423          	sw	a5,136(s0)
    5614:	fb1ff06f          	j	55c4 <rvs_856+0x4>

00005618 <rv_t082>:

void rv_t082(void)
{
    5618:	fe010113          	addi	sp,sp,-32
    561c:	00112e23          	sw	ra,28(sp)
    5620:	00812c23          	sw	s0,24(sp)
    5624:	00912a23          	sw	s1,20(sp)
    5628:	01212823          	sw	s2,16(sp)
    562c:	01312623          	sw	s3,12(sp)
    5630:	01412423          	sw	s4,8(sp)

00005634 <rvs_862>:
	unsigned h, t, p;

	RV_MARK(862);
    5634:	00000013          	nop
	RV_LD(h, &SH->ring_head, 863);
    5638:	30000437          	lui	s0,0x30000
    563c:	08040a13          	addi	s4,s0,128 # 30000080 <__bss_end+0x2fff94ac>

00005640 <rvs_863>:
    5640:	000a2903          	lw	s2,0(s4)
	RV_LD(t, &SH->ring_tail, 864);
    5644:	08440993          	addi	s3,s0,132

00005648 <rvs_864>:
    5648:	0009a983          	lw	s3,0(s3)

0000564c <rvs_869>:
	RV_MARK(869);
    564c:	00000013          	nop
	if (((h + 1u) % RV_RING_SLOTS) != t) {
    5650:	03c00593          	li	a1,60
    5654:	00190513          	addi	a0,s2,1
    5658:	30c010ef          	jal	ra,6964 <__umodsi3>
    565c:	07350863          	beq	a0,s3,56cc <rvs_871+0x24>
		RV_ST(&SH->ring[h % RV_RING_SLOTS], h + 82u, 865);
    5660:	00050493          	mv	s1,a0
    5664:	03c00593          	li	a1,60
    5668:	00090513          	mv	a0,s2
    566c:	2f8010ef          	jal	ra,6964 <__umodsi3>
    5670:	00251513          	slli	a0,a0,0x2
    5674:	09040413          	addi	s0,s0,144
    5678:	00850433          	add	s0,a0,s0
    567c:	05290913          	addi	s2,s2,82

00005680 <rvs_865>:
    5680:	01242023          	sw	s2,0(s0)

00005684 <rvs_866>:
		RV_ST(&SH->ring_head, (h + 1u) % RV_RING_SLOTS, 866);
    5684:	009a2023          	sw	s1,0(s4)
	} else {
		SH->ring_drops++;
	}
	RV_LD(p, &rv_private, 867);
    5688:	000077b7          	lui	a5,0x7
    568c:	bcc78793          	addi	a5,a5,-1076 # 6bcc <rv_private>

00005690 <rvs_867>:
    5690:	0007a703          	lw	a4,0(a5)
	RV_ST(&rv_private, p + 1u, 868);
    5694:	00170693          	addi	a3,a4,1

00005698 <rvs_868>:
    5698:	00d7a023          	sw	a3,0(a5)
	RV_ST(&SH->seq, p, 870);
    569c:	300007b7          	lui	a5,0x30000
    56a0:	06c78793          	addi	a5,a5,108 # 3000006c <__bss_end+0x2fff9498>

000056a4 <rvs_870>:
    56a4:	00e7a023          	sw	a4,0(a5)

000056a8 <rvs_871>:
	RV_MARK(871);
    56a8:	00000013          	nop
}
    56ac:	01c12083          	lw	ra,28(sp)
    56b0:	01812403          	lw	s0,24(sp)
    56b4:	01412483          	lw	s1,20(sp)
    56b8:	01012903          	lw	s2,16(sp)
    56bc:	00c12983          	lw	s3,12(sp)
    56c0:	00812a03          	lw	s4,8(sp)
    56c4:	02010113          	addi	sp,sp,32
    56c8:	00008067          	ret
		SH->ring_drops++;
    56cc:	08842783          	lw	a5,136(s0)
    56d0:	00178793          	addi	a5,a5,1
    56d4:	08f42423          	sw	a5,136(s0)
    56d8:	fb1ff06f          	j	5688 <rvs_866+0x4>

000056dc <rv_t083>:

void rv_t083(void)
{
	unsigned v, c, lk;
	unsigned use_lock = (SH->mode != RV_MODE_RACE_OPEN);
    56dc:	30000737          	lui	a4,0x30000
    56e0:	00472603          	lw	a2,4(a4) # 30000004 <__bss_end+0x2fff9430>
	/* RV_MODE_RACE_WRONG_LOCK: each core takes a DIFFERENT lock, so both
	 * believe they are protected and neither excludes the other. */
	lk = (SH->mode == RV_MODE_RACE_WRONG_LOCK) ? 0u : 0u;
    56e4:	00472783          	lw	a5,4(a4)

000056e8 <rvs_872>:

	RV_MARK(872);
    56e8:	00000013          	nop
	if (use_lock) {
    56ec:	00100693          	li	a3,1
    56f0:	04d60a63          	beq	a2,a3,5744 <rvs_874+0x2c>
		RV_ACQUIRE(lk, 0u, 1u, 873, 874);
    56f4:	02070793          	addi	a5,a4,32

000056f8 <rvs_873>:
    56f8:	00d7a023          	sw	a3,0(a5)
    56fc:	300007b7          	lui	a5,0x30000
    5700:	02d72423          	sw	a3,40(a4)
    5704:	00c0006f          	j	5710 <rvs_873+0x18>
    5708:	0287a703          	lw	a4,40(a5) # 30000028 <__bss_end+0x2fff9454>
    570c:	00d71663          	bne	a4,a3,5718 <rvs_874>
    5710:	0247a703          	lw	a4,36(a5)
    5714:	fe071ae3          	bnez	a4,5708 <rvs_873+0x10>

00005718 <rvs_874>:
    5718:	00000013          	nop
    571c:	a80377b7          	lui	a5,0xa8037
    5720:	40000737          	lui	a4,0x40000
    5724:	a4178793          	addi	a5,a5,-1471 # a8036a41 <__bss_end+0xa802fe6d>
    5728:	00f72023          	sw	a5,0(a4) # 40000000 <__bss_end+0x3fff942c>
    572c:	00000013          	nop
    5730:	00000013          	nop
    5734:	00000013          	nop
    5738:	00000013          	nop
    573c:	00000013          	nop
    5740:	00000013          	nop
	}
	RV_LD(v, &SH->balance, 875);
    5744:	30000737          	lui	a4,0x30000
    5748:	06070693          	addi	a3,a4,96 # 30000060 <__bss_end+0x2fff948c>

0000574c <rvs_875>:
    574c:	0006a783          	lw	a5,0(a3)
	v += 7u;
    5750:	00778793          	addi	a5,a5,7

00005754 <rvs_876>:
	RV_ST(&SH->balance, v, 876);
    5754:	00f6a023          	sw	a5,0(a3)
	RV_LD(c, &SH->count, 877);
    5758:	06470593          	addi	a1,a4,100

0000575c <rvs_877>:
    575c:	0005a683          	lw	a3,0(a1)
	RV_ST(&SH->count, c + 1u, 878);
    5760:	00168513          	addi	a0,a3,1

00005764 <rvs_878>:
    5764:	00a5a023          	sw	a0,0(a1)
	RV_ST(&SH->checksum, (c ^ v) + 83u, 879);
    5768:	00d7c7b3          	xor	a5,a5,a3
    576c:	05378793          	addi	a5,a5,83
    5770:	06870693          	addi	a3,a4,104

00005774 <rvs_879>:
    5774:	00f6a023          	sw	a5,0(a3)
	if (use_lock) {
    5778:	00100793          	li	a5,1
    577c:	02f60c63          	beq	a2,a5,57b4 <rvs_881>
		RV_RELEASE(lk, 0u, 880);
    5780:	02070713          	addi	a4,a4,32
    5784:	00000793          	li	a5,0

00005788 <rvs_880>:
    5788:	00f72023          	sw	a5,0(a4)
    578c:	b00377b7          	lui	a5,0xb0037
    5790:	40000737          	lui	a4,0x40000
    5794:	04178793          	addi	a5,a5,65 # b0037041 <__bss_end+0xb003046d>
    5798:	00f72023          	sw	a5,0(a4) # 40000000 <__bss_end+0x3fff942c>
    579c:	00000013          	nop
    57a0:	00000013          	nop
    57a4:	00000013          	nop
    57a8:	00000013          	nop
    57ac:	00000013          	nop
    57b0:	00000013          	nop

000057b4 <rvs_881>:
	}
	RV_MARK(881);
    57b4:	00000013          	nop
	rv_local_sum += 7u;
    57b8:	00007737          	lui	a4,0x7
    57bc:	bd072783          	lw	a5,-1072(a4) # 6bd0 <rv_local_sum>
    57c0:	00778793          	addi	a5,a5,7
    57c4:	bcf72823          	sw	a5,-1072(a4)
}
    57c8:	00008067          	ret

000057cc <rv_t084>:

void rv_t084(void)
{
	unsigned v, c, lk;
	unsigned use_lock = (SH->mode != RV_MODE_RACE_OPEN);
    57cc:	30000737          	lui	a4,0x30000
    57d0:	00472603          	lw	a2,4(a4) # 30000004 <__bss_end+0x2fff9430>
	/* RV_MODE_RACE_WRONG_LOCK: each core takes a DIFFERENT lock, so both
	 * believe they are protected and neither excludes the other. */
	lk = (SH->mode == RV_MODE_RACE_WRONG_LOCK) ? 0u : 0u;
    57d4:	00472783          	lw	a5,4(a4)

000057d8 <rvs_882>:

	RV_MARK(882);
    57d8:	00000013          	nop
	if (use_lock) {
    57dc:	00100693          	li	a3,1
    57e0:	04d60a63          	beq	a2,a3,5834 <rvs_884+0x2c>
		RV_ACQUIRE(lk, 0u, 1u, 883, 884);
    57e4:	02070793          	addi	a5,a4,32

000057e8 <rvs_883>:
    57e8:	00d7a023          	sw	a3,0(a5)
    57ec:	300007b7          	lui	a5,0x30000
    57f0:	02d72423          	sw	a3,40(a4)
    57f4:	00c0006f          	j	5800 <rvs_883+0x18>
    57f8:	0287a703          	lw	a4,40(a5) # 30000028 <__bss_end+0x2fff9454>
    57fc:	00d71663          	bne	a4,a3,5808 <rvs_884>
    5800:	0247a703          	lw	a4,36(a5)
    5804:	fe071ae3          	bnez	a4,57f8 <rvs_883+0x10>

00005808 <rvs_884>:
    5808:	00000013          	nop
    580c:	a80377b7          	lui	a5,0xa8037
    5810:	40000737          	lui	a4,0x40000
    5814:	44178793          	addi	a5,a5,1089 # a8037441 <__bss_end+0xa803086d>
    5818:	00f72023          	sw	a5,0(a4) # 40000000 <__bss_end+0x3fff942c>
    581c:	00000013          	nop
    5820:	00000013          	nop
    5824:	00000013          	nop
    5828:	00000013          	nop
    582c:	00000013          	nop
    5830:	00000013          	nop
	}
	RV_LD(v, &SH->balance, 885);
    5834:	30000737          	lui	a4,0x30000
    5838:	06070693          	addi	a3,a4,96 # 30000060 <__bss_end+0x2fff948c>

0000583c <rvs_885>:
    583c:	0006a783          	lw	a5,0(a3)
	v += 1u;
    5840:	00178793          	addi	a5,a5,1

00005844 <rvs_886>:
	RV_ST(&SH->balance, v, 886);
    5844:	00f6a023          	sw	a5,0(a3)
	RV_LD(c, &SH->count, 887);
    5848:	06470593          	addi	a1,a4,100

0000584c <rvs_887>:
    584c:	0005a683          	lw	a3,0(a1)
	RV_ST(&SH->count, c + 1u, 888);
    5850:	00168513          	addi	a0,a3,1

00005854 <rvs_888>:
    5854:	00a5a023          	sw	a0,0(a1)
	RV_ST(&SH->checksum, (c ^ v) + 84u, 889);
    5858:	00d7c7b3          	xor	a5,a5,a3
    585c:	05478793          	addi	a5,a5,84
    5860:	06870693          	addi	a3,a4,104

00005864 <rvs_889>:
    5864:	00f6a023          	sw	a5,0(a3)
	if (use_lock) {
    5868:	00100793          	li	a5,1
    586c:	02f60c63          	beq	a2,a5,58a4 <rvs_891>
		RV_RELEASE(lk, 0u, 890);
    5870:	02070713          	addi	a4,a4,32
    5874:	00000793          	li	a5,0

00005878 <rvs_890>:
    5878:	00f72023          	sw	a5,0(a4)
    587c:	b00387b7          	lui	a5,0xb0038
    5880:	40000737          	lui	a4,0x40000
    5884:	a4178793          	addi	a5,a5,-1471 # b0037a41 <__bss_end+0xb0030e6d>
    5888:	00f72023          	sw	a5,0(a4) # 40000000 <__bss_end+0x3fff942c>
    588c:	00000013          	nop
    5890:	00000013          	nop
    5894:	00000013          	nop
    5898:	00000013          	nop
    589c:	00000013          	nop
    58a0:	00000013          	nop

000058a4 <rvs_891>:
	}
	RV_MARK(891);
    58a4:	00000013          	nop
	rv_local_sum += 1u;
    58a8:	00007737          	lui	a4,0x7
    58ac:	bd072783          	lw	a5,-1072(a4) # 6bd0 <rv_local_sum>
    58b0:	00178793          	addi	a5,a5,1
    58b4:	bcf72823          	sw	a5,-1072(a4)
}
    58b8:	00008067          	ret

000058bc <rv_t084_cap>:
void rv_t084_cap(void)
{
	unsigned w;
	/* The tag is COMPUTED here -- an ACT-ST trigger could only ever carry
	 * the constant its table entry was loaded with. */
	w = RV_ACT_WORD(RV_ACT_CMD_DAQ_PC_CURR, RV_ACT_SINK_AXIS,
    58bc:	30000537          	lui	a0,0x30000
    58c0:	08052703          	lw	a4,128(a0) # 30000080 <__bss_end+0x2fff94ac>
    58c4:	200007b7          	lui	a5,0x20000
    58c8:	f0078613          	addi	a2,a5,-256 # 1fffff00 <__bss_end+0x1fff932c>
    58cc:	00871713          	slli	a4,a4,0x8
    58d0:	e00006b7          	lui	a3,0xe0000
    58d4:	00c77733          	and	a4,a4,a2
    58d8:	04168693          	addi	a3,a3,65 # e0000041 <__bss_end+0xdfff946d>
	                RV_TAG_VALUE(SH->ring_head & RV_VALUE_MASK));
	RV_ACTCAP_AT(892, w);
    58dc:	400005b7          	lui	a1,0x40000
	w = RV_ACT_WORD(RV_ACT_CMD_DAQ_PC_CURR, RV_ACT_SINK_AXIS,
    58e0:	00d76733          	or	a4,a4,a3

000058e4 <rvs_892>:
	RV_ACTCAP_AT(892, w);
    58e4:	00e5a023          	sw	a4,0(a1) # 40000000 <__bss_end+0x3fff942c>
    58e8:	00000013          	nop
    58ec:	00000013          	nop
    58f0:	00000013          	nop
    58f4:	00000013          	nop
    58f8:	00000013          	nop
    58fc:	00000013          	nop
	w = RV_ACT_WORD(RV_ACT_CMD_DAQ_PC_CURR, RV_ACT_SINK_AXIS,
    5900:	06052783          	lw	a5,96(a0)
    5904:	00879793          	slli	a5,a5,0x8
    5908:	00c7f7b3          	and	a5,a5,a2
    590c:	00d7e7b3          	or	a5,a5,a3

00005910 <rvs_893>:
	                RV_TAG_VALUE(SH->balance & RV_VALUE_MASK));
	RV_ACTCAP_AT(893, w);
    5910:	00f5a023          	sw	a5,0(a1)
    5914:	00000013          	nop
    5918:	00000013          	nop
    591c:	00000013          	nop
    5920:	00000013          	nop
    5924:	00000013          	nop
    5928:	00000013          	nop
	rv_actcap_issued += 2u;
    592c:	00007737          	lui	a4,0x7
    5930:	bc872783          	lw	a5,-1080(a4) # 6bc8 <rv_actcap_issued>
    5934:	00278793          	addi	a5,a5,2
    5938:	bcf72423          	sw	a5,-1080(a4)
}
    593c:	00008067          	ret

00005940 <rv_t085>:

void rv_t085(void)
{
	unsigned v, c, lk;
	unsigned use_lock = (SH->mode != RV_MODE_RACE_OPEN);
    5940:	30000737          	lui	a4,0x30000
    5944:	00472603          	lw	a2,4(a4) # 30000004 <__bss_end+0x2fff9430>
	/* RV_MODE_RACE_WRONG_LOCK: each core takes a DIFFERENT lock, so both
	 * believe they are protected and neither excludes the other. */
	lk = (SH->mode == RV_MODE_RACE_WRONG_LOCK) ? 0u : 0u;
    5948:	00472783          	lw	a5,4(a4)

0000594c <rvs_894>:

	RV_MARK(894);
    594c:	00000013          	nop
	if (use_lock) {
    5950:	00100693          	li	a3,1
    5954:	04d60a63          	beq	a2,a3,59a8 <rvs_896+0x2c>
		RV_ACQUIRE(lk, 0u, 1u, 895, 896);
    5958:	02070793          	addi	a5,a4,32

0000595c <rvs_895>:
    595c:	00d7a023          	sw	a3,0(a5)
    5960:	300007b7          	lui	a5,0x30000
    5964:	02d72423          	sw	a3,40(a4)
    5968:	00c0006f          	j	5974 <rvs_895+0x18>
    596c:	0287a703          	lw	a4,40(a5) # 30000028 <__bss_end+0x2fff9454>
    5970:	00d71663          	bne	a4,a3,597c <rvs_896>
    5974:	0247a703          	lw	a4,36(a5)
    5978:	fe071ae3          	bnez	a4,596c <rvs_895+0x10>

0000597c <rvs_896>:
    597c:	00000013          	nop
    5980:	a80387b7          	lui	a5,0xa8038
    5984:	40000737          	lui	a4,0x40000
    5988:	04178793          	addi	a5,a5,65 # a8038041 <__bss_end+0xa803146d>
    598c:	00f72023          	sw	a5,0(a4) # 40000000 <__bss_end+0x3fff942c>
    5990:	00000013          	nop
    5994:	00000013          	nop
    5998:	00000013          	nop
    599c:	00000013          	nop
    59a0:	00000013          	nop
    59a4:	00000013          	nop
	}
	RV_LD(v, &SH->balance, 897);
    59a8:	30000737          	lui	a4,0x30000
    59ac:	06070693          	addi	a3,a4,96 # 30000060 <__bss_end+0x2fff948c>

000059b0 <rvs_897>:
    59b0:	0006a783          	lw	a5,0(a3)
	v += 2u;
    59b4:	00278793          	addi	a5,a5,2

000059b8 <rvs_898>:
	RV_ST(&SH->balance, v, 898);
    59b8:	00f6a023          	sw	a5,0(a3)
	RV_LD(c, &SH->count, 899);
    59bc:	06470593          	addi	a1,a4,100

000059c0 <rvs_899>:
    59c0:	0005a683          	lw	a3,0(a1)
	RV_ST(&SH->count, c + 1u, 900);
    59c4:	00168513          	addi	a0,a3,1

000059c8 <rvs_900>:
    59c8:	00a5a023          	sw	a0,0(a1)
	RV_ST(&SH->checksum, (c ^ v) + 85u, 901);
    59cc:	00d7c7b3          	xor	a5,a5,a3
    59d0:	05578793          	addi	a5,a5,85
    59d4:	06870693          	addi	a3,a4,104

000059d8 <rvs_901>:
    59d8:	00f6a023          	sw	a5,0(a3)
	if (use_lock) {
    59dc:	00100793          	li	a5,1
    59e0:	02f60c63          	beq	a2,a5,5a18 <rvs_903>
		RV_RELEASE(lk, 0u, 902);
    59e4:	02070713          	addi	a4,a4,32
    59e8:	00000793          	li	a5,0

000059ec <rvs_902>:
    59ec:	00f72023          	sw	a5,0(a4)
    59f0:	b00387b7          	lui	a5,0xb0038
    59f4:	40000737          	lui	a4,0x40000
    59f8:	64178793          	addi	a5,a5,1601 # b0038641 <__bss_end+0xb0031a6d>
    59fc:	00f72023          	sw	a5,0(a4) # 40000000 <__bss_end+0x3fff942c>
    5a00:	00000013          	nop
    5a04:	00000013          	nop
    5a08:	00000013          	nop
    5a0c:	00000013          	nop
    5a10:	00000013          	nop
    5a14:	00000013          	nop

00005a18 <rvs_903>:
	}
	RV_MARK(903);
    5a18:	00000013          	nop
	rv_local_sum += 2u;
    5a1c:	00007737          	lui	a4,0x7
    5a20:	bd072783          	lw	a5,-1072(a4) # 6bd0 <rv_local_sum>
    5a24:	00278793          	addi	a5,a5,2
    5a28:	bcf72823          	sw	a5,-1072(a4)
}
    5a2c:	00008067          	ret

00005a30 <rv_t086>:

void rv_t086(void)
{
	unsigned v, c, lk;
	unsigned use_lock = (SH->mode != RV_MODE_RACE_OPEN);
    5a30:	30000737          	lui	a4,0x30000
    5a34:	00472603          	lw	a2,4(a4) # 30000004 <__bss_end+0x2fff9430>
	/* RV_MODE_RACE_WRONG_LOCK: each core takes a DIFFERENT lock, so both
	 * believe they are protected and neither excludes the other. */
	lk = (SH->mode == RV_MODE_RACE_WRONG_LOCK) ? 0u : 0u;
    5a38:	00472783          	lw	a5,4(a4)

00005a3c <rvs_904>:

	RV_MARK(904);
    5a3c:	00000013          	nop
	if (use_lock) {
    5a40:	00100693          	li	a3,1
    5a44:	04d60a63          	beq	a2,a3,5a98 <rvs_906+0x2c>
		RV_ACQUIRE(lk, 0u, 1u, 905, 906);
    5a48:	02070793          	addi	a5,a4,32

00005a4c <rvs_905>:
    5a4c:	00d7a023          	sw	a3,0(a5)
    5a50:	300007b7          	lui	a5,0x30000
    5a54:	02d72423          	sw	a3,40(a4)
    5a58:	00c0006f          	j	5a64 <rvs_905+0x18>
    5a5c:	0287a703          	lw	a4,40(a5) # 30000028 <__bss_end+0x2fff9454>
    5a60:	00d71663          	bne	a4,a3,5a6c <rvs_906>
    5a64:	0247a703          	lw	a4,36(a5)
    5a68:	fe071ae3          	bnez	a4,5a5c <rvs_905+0x10>

00005a6c <rvs_906>:
    5a6c:	00000013          	nop
    5a70:	a80397b7          	lui	a5,0xa8039
    5a74:	40000737          	lui	a4,0x40000
    5a78:	a4178793          	addi	a5,a5,-1471 # a8038a41 <__bss_end+0xa8031e6d>
    5a7c:	00f72023          	sw	a5,0(a4) # 40000000 <__bss_end+0x3fff942c>
    5a80:	00000013          	nop
    5a84:	00000013          	nop
    5a88:	00000013          	nop
    5a8c:	00000013          	nop
    5a90:	00000013          	nop
    5a94:	00000013          	nop
	}
	RV_LD(v, &SH->balance, 907);
    5a98:	30000737          	lui	a4,0x30000
    5a9c:	06070693          	addi	a3,a4,96 # 30000060 <__bss_end+0x2fff948c>

00005aa0 <rvs_907>:
    5aa0:	0006a783          	lw	a5,0(a3)
	v += 3u;
    5aa4:	00378793          	addi	a5,a5,3

00005aa8 <rvs_908>:
	RV_ST(&SH->balance, v, 908);
    5aa8:	00f6a023          	sw	a5,0(a3)
	RV_LD(c, &SH->count, 909);
    5aac:	06470593          	addi	a1,a4,100

00005ab0 <rvs_909>:
    5ab0:	0005a683          	lw	a3,0(a1)
	RV_ST(&SH->count, c + 1u, 910);
    5ab4:	00168513          	addi	a0,a3,1

00005ab8 <rvs_910>:
    5ab8:	00a5a023          	sw	a0,0(a1)
	RV_ST(&SH->checksum, (c ^ v) + 86u, 911);
    5abc:	00d7c7b3          	xor	a5,a5,a3
    5ac0:	05678793          	addi	a5,a5,86
    5ac4:	06870693          	addi	a3,a4,104

00005ac8 <rvs_911>:
    5ac8:	00f6a023          	sw	a5,0(a3)
	if (use_lock) {
    5acc:	00100793          	li	a5,1
    5ad0:	02f60c63          	beq	a2,a5,5b08 <rvs_913>
		RV_RELEASE(lk, 0u, 912);
    5ad4:	02070713          	addi	a4,a4,32
    5ad8:	00000793          	li	a5,0

00005adc <rvs_912>:
    5adc:	00f72023          	sw	a5,0(a4)
    5ae0:	b00397b7          	lui	a5,0xb0039
    5ae4:	40000737          	lui	a4,0x40000
    5ae8:	04178793          	addi	a5,a5,65 # b0039041 <__bss_end+0xb003246d>
    5aec:	00f72023          	sw	a5,0(a4) # 40000000 <__bss_end+0x3fff942c>
    5af0:	00000013          	nop
    5af4:	00000013          	nop
    5af8:	00000013          	nop
    5afc:	00000013          	nop
    5b00:	00000013          	nop
    5b04:	00000013          	nop

00005b08 <rvs_913>:
	}
	RV_MARK(913);
    5b08:	00000013          	nop
	rv_local_sum += 3u;
    5b0c:	00007737          	lui	a4,0x7
    5b10:	bd072783          	lw	a5,-1072(a4) # 6bd0 <rv_local_sum>
    5b14:	00378793          	addi	a5,a5,3
    5b18:	bcf72823          	sw	a5,-1072(a4)
}
    5b1c:	00008067          	ret

00005b20 <rv_t087>:

void rv_t087(void)
{
	unsigned v, c, lk;
	unsigned use_lock = (SH->mode != RV_MODE_RACE_OPEN);
    5b20:	30000737          	lui	a4,0x30000
    5b24:	00472603          	lw	a2,4(a4) # 30000004 <__bss_end+0x2fff9430>
	/* RV_MODE_RACE_WRONG_LOCK: each core takes a DIFFERENT lock, so both
	 * believe they are protected and neither excludes the other. */
	lk = (SH->mode == RV_MODE_RACE_WRONG_LOCK) ? 0u : 0u;
    5b28:	00472783          	lw	a5,4(a4)

00005b2c <rvs_914>:

	RV_MARK(914);
    5b2c:	00000013          	nop
	if (use_lock) {
    5b30:	00100693          	li	a3,1
    5b34:	04d60a63          	beq	a2,a3,5b88 <rvs_916+0x2c>
		RV_ACQUIRE(lk, 0u, 1u, 915, 916);
    5b38:	02070793          	addi	a5,a4,32

00005b3c <rvs_915>:
    5b3c:	00d7a023          	sw	a3,0(a5)
    5b40:	300007b7          	lui	a5,0x30000
    5b44:	02d72423          	sw	a3,40(a4)
    5b48:	00c0006f          	j	5b54 <rvs_915+0x18>
    5b4c:	0287a703          	lw	a4,40(a5) # 30000028 <__bss_end+0x2fff9454>
    5b50:	00d71663          	bne	a4,a3,5b5c <rvs_916>
    5b54:	0247a703          	lw	a4,36(a5)
    5b58:	fe071ae3          	bnez	a4,5b4c <rvs_915+0x10>

00005b5c <rvs_916>:
    5b5c:	00000013          	nop
    5b60:	a80397b7          	lui	a5,0xa8039
    5b64:	40000737          	lui	a4,0x40000
    5b68:	44178793          	addi	a5,a5,1089 # a8039441 <__bss_end+0xa803286d>
    5b6c:	00f72023          	sw	a5,0(a4) # 40000000 <__bss_end+0x3fff942c>
    5b70:	00000013          	nop
    5b74:	00000013          	nop
    5b78:	00000013          	nop
    5b7c:	00000013          	nop
    5b80:	00000013          	nop
    5b84:	00000013          	nop
	}
	RV_LD(v, &SH->balance, 917);
    5b88:	30000737          	lui	a4,0x30000
    5b8c:	06070693          	addi	a3,a4,96 # 30000060 <__bss_end+0x2fff948c>

00005b90 <rvs_917>:
    5b90:	0006a783          	lw	a5,0(a3)
	v += 4u;
    5b94:	00478793          	addi	a5,a5,4

00005b98 <rvs_918>:
	RV_ST(&SH->balance, v, 918);
    5b98:	00f6a023          	sw	a5,0(a3)
	RV_LD(c, &SH->count, 919);
    5b9c:	06470593          	addi	a1,a4,100

00005ba0 <rvs_919>:
    5ba0:	0005a683          	lw	a3,0(a1)
	RV_ST(&SH->count, c + 1u, 920);
    5ba4:	00168513          	addi	a0,a3,1

00005ba8 <rvs_920>:
    5ba8:	00a5a023          	sw	a0,0(a1)
	RV_ST(&SH->checksum, (c ^ v) + 87u, 921);
    5bac:	00d7c7b3          	xor	a5,a5,a3
    5bb0:	05778793          	addi	a5,a5,87
    5bb4:	06870693          	addi	a3,a4,104

00005bb8 <rvs_921>:
    5bb8:	00f6a023          	sw	a5,0(a3)
	if (use_lock) {
    5bbc:	00100793          	li	a5,1
    5bc0:	02f60c63          	beq	a2,a5,5bf8 <rvs_923>
		RV_RELEASE(lk, 0u, 922);
    5bc4:	02070713          	addi	a4,a4,32
    5bc8:	00000793          	li	a5,0

00005bcc <rvs_922>:
    5bcc:	00f72023          	sw	a5,0(a4)
    5bd0:	b003a7b7          	lui	a5,0xb003a
    5bd4:	40000737          	lui	a4,0x40000
    5bd8:	a4178793          	addi	a5,a5,-1471 # b0039a41 <__bss_end+0xb0032e6d>
    5bdc:	00f72023          	sw	a5,0(a4) # 40000000 <__bss_end+0x3fff942c>
    5be0:	00000013          	nop
    5be4:	00000013          	nop
    5be8:	00000013          	nop
    5bec:	00000013          	nop
    5bf0:	00000013          	nop
    5bf4:	00000013          	nop

00005bf8 <rvs_923>:
	}
	RV_MARK(923);
    5bf8:	00000013          	nop
	rv_local_sum += 4u;
    5bfc:	00007737          	lui	a4,0x7
    5c00:	bd072783          	lw	a5,-1072(a4) # 6bd0 <rv_local_sum>
    5c04:	00478793          	addi	a5,a5,4
    5c08:	bcf72823          	sw	a5,-1072(a4)
}
    5c0c:	00008067          	ret

00005c10 <rv_t088>:

void rv_t088(void)
{
	unsigned v, c, lk;
	unsigned use_lock = (SH->mode != RV_MODE_RACE_OPEN);
    5c10:	30000737          	lui	a4,0x30000
    5c14:	00472603          	lw	a2,4(a4) # 30000004 <__bss_end+0x2fff9430>
	/* RV_MODE_RACE_WRONG_LOCK: each core takes a DIFFERENT lock, so both
	 * believe they are protected and neither excludes the other. */
	lk = (SH->mode == RV_MODE_RACE_WRONG_LOCK) ? 0u : 0u;
    5c18:	00472783          	lw	a5,4(a4)

00005c1c <rvs_924>:

	RV_MARK(924);
    5c1c:	00000013          	nop
	if (use_lock) {
    5c20:	00100693          	li	a3,1
    5c24:	04d60a63          	beq	a2,a3,5c78 <rvs_926+0x2c>
		RV_ACQUIRE(lk, 0u, 1u, 925, 926);
    5c28:	02070793          	addi	a5,a4,32

00005c2c <rvs_925>:
    5c2c:	00d7a023          	sw	a3,0(a5)
    5c30:	300007b7          	lui	a5,0x30000
    5c34:	02d72423          	sw	a3,40(a4)
    5c38:	00c0006f          	j	5c44 <rvs_925+0x18>
    5c3c:	0287a703          	lw	a4,40(a5) # 30000028 <__bss_end+0x2fff9454>
    5c40:	00d71663          	bne	a4,a3,5c4c <rvs_926>
    5c44:	0247a703          	lw	a4,36(a5)
    5c48:	fe071ae3          	bnez	a4,5c3c <rvs_925+0x10>

00005c4c <rvs_926>:
    5c4c:	00000013          	nop
    5c50:	a803a7b7          	lui	a5,0xa803a
    5c54:	40000737          	lui	a4,0x40000
    5c58:	e4178793          	addi	a5,a5,-447 # a8039e41 <__bss_end+0xa803326d>
    5c5c:	00f72023          	sw	a5,0(a4) # 40000000 <__bss_end+0x3fff942c>
    5c60:	00000013          	nop
    5c64:	00000013          	nop
    5c68:	00000013          	nop
    5c6c:	00000013          	nop
    5c70:	00000013          	nop
    5c74:	00000013          	nop
	}
	RV_LD(v, &SH->balance, 927);
    5c78:	30000737          	lui	a4,0x30000
    5c7c:	06070693          	addi	a3,a4,96 # 30000060 <__bss_end+0x2fff948c>

00005c80 <rvs_927>:
    5c80:	0006a783          	lw	a5,0(a3)
	v += 5u;
    5c84:	00578793          	addi	a5,a5,5

00005c88 <rvs_928>:
	RV_ST(&SH->balance, v, 928);
    5c88:	00f6a023          	sw	a5,0(a3)
	RV_LD(c, &SH->count, 929);
    5c8c:	06470593          	addi	a1,a4,100

00005c90 <rvs_929>:
    5c90:	0005a683          	lw	a3,0(a1)
	RV_ST(&SH->count, c + 1u, 930);
    5c94:	00168513          	addi	a0,a3,1

00005c98 <rvs_930>:
    5c98:	00a5a023          	sw	a0,0(a1)
	RV_ST(&SH->checksum, (c ^ v) + 88u, 931);
    5c9c:	00d7c7b3          	xor	a5,a5,a3
    5ca0:	05878793          	addi	a5,a5,88
    5ca4:	06870693          	addi	a3,a4,104

00005ca8 <rvs_931>:
    5ca8:	00f6a023          	sw	a5,0(a3)
	if (use_lock) {
    5cac:	00100793          	li	a5,1
    5cb0:	02f60c63          	beq	a2,a5,5ce8 <rvs_933>
		RV_RELEASE(lk, 0u, 932);
    5cb4:	02070713          	addi	a4,a4,32
    5cb8:	00000793          	li	a5,0

00005cbc <rvs_932>:
    5cbc:	00f72023          	sw	a5,0(a4)
    5cc0:	b003a7b7          	lui	a5,0xb003a
    5cc4:	40000737          	lui	a4,0x40000
    5cc8:	44178793          	addi	a5,a5,1089 # b003a441 <__bss_end+0xb003386d>
    5ccc:	00f72023          	sw	a5,0(a4) # 40000000 <__bss_end+0x3fff942c>
    5cd0:	00000013          	nop
    5cd4:	00000013          	nop
    5cd8:	00000013          	nop
    5cdc:	00000013          	nop
    5ce0:	00000013          	nop
    5ce4:	00000013          	nop

00005ce8 <rvs_933>:
	}
	RV_MARK(933);
    5ce8:	00000013          	nop
	rv_local_sum += 5u;
    5cec:	00007737          	lui	a4,0x7
    5cf0:	bd072783          	lw	a5,-1072(a4) # 6bd0 <rv_local_sum>
    5cf4:	00578793          	addi	a5,a5,5
    5cf8:	bcf72823          	sw	a5,-1072(a4)
}
    5cfc:	00008067          	ret

00005d00 <rv_t088_cap>:
void rv_t088_cap(void)
{
	unsigned w;
	/* The tag is COMPUTED here -- an ACT-ST trigger could only ever carry
	 * the constant its table entry was loaded with. */
	w = RV_ACT_WORD(RV_ACT_CMD_DAQ_PC_CURR, RV_ACT_SINK_AXIS,
    5d00:	30000537          	lui	a0,0x30000
    5d04:	08052703          	lw	a4,128(a0) # 30000080 <__bss_end+0x2fff94ac>
    5d08:	200007b7          	lui	a5,0x20000
    5d0c:	f0078613          	addi	a2,a5,-256 # 1fffff00 <__bss_end+0x1fff932c>
    5d10:	00871713          	slli	a4,a4,0x8
    5d14:	e00006b7          	lui	a3,0xe0000
    5d18:	00c77733          	and	a4,a4,a2
    5d1c:	04168693          	addi	a3,a3,65 # e0000041 <__bss_end+0xdfff946d>
	                RV_TAG_VALUE(SH->ring_head & RV_VALUE_MASK));
	RV_ACTCAP_AT(934, w);
    5d20:	400005b7          	lui	a1,0x40000
	w = RV_ACT_WORD(RV_ACT_CMD_DAQ_PC_CURR, RV_ACT_SINK_AXIS,
    5d24:	00d76733          	or	a4,a4,a3

00005d28 <rvs_934>:
	RV_ACTCAP_AT(934, w);
    5d28:	00e5a023          	sw	a4,0(a1) # 40000000 <__bss_end+0x3fff942c>
    5d2c:	00000013          	nop
    5d30:	00000013          	nop
    5d34:	00000013          	nop
    5d38:	00000013          	nop
    5d3c:	00000013          	nop
    5d40:	00000013          	nop
	w = RV_ACT_WORD(RV_ACT_CMD_DAQ_PC_CURR, RV_ACT_SINK_AXIS,
    5d44:	06052783          	lw	a5,96(a0)
    5d48:	00879793          	slli	a5,a5,0x8
    5d4c:	00c7f7b3          	and	a5,a5,a2
    5d50:	00d7e7b3          	or	a5,a5,a3

00005d54 <rvs_935>:
	                RV_TAG_VALUE(SH->balance & RV_VALUE_MASK));
	RV_ACTCAP_AT(935, w);
    5d54:	00f5a023          	sw	a5,0(a1)
    5d58:	00000013          	nop
    5d5c:	00000013          	nop
    5d60:	00000013          	nop
    5d64:	00000013          	nop
    5d68:	00000013          	nop
    5d6c:	00000013          	nop
	rv_actcap_issued += 2u;
    5d70:	00007737          	lui	a4,0x7
    5d74:	bc872783          	lw	a5,-1080(a4) # 6bc8 <rv_actcap_issued>
    5d78:	00278793          	addi	a5,a5,2
    5d7c:	bcf72423          	sw	a5,-1080(a4)
}
    5d80:	00008067          	ret

00005d84 <rv_t089>:

void rv_t089(void)
{
	unsigned v, c, lk;
	unsigned use_lock = (SH->mode != RV_MODE_RACE_OPEN);
    5d84:	30000737          	lui	a4,0x30000
    5d88:	00472603          	lw	a2,4(a4) # 30000004 <__bss_end+0x2fff9430>
	/* RV_MODE_RACE_WRONG_LOCK: each core takes a DIFFERENT lock, so both
	 * believe they are protected and neither excludes the other. */
	lk = (SH->mode == RV_MODE_RACE_WRONG_LOCK) ? 0u : 0u;
    5d8c:	00472783          	lw	a5,4(a4)

00005d90 <rvs_936>:

	RV_MARK(936);
    5d90:	00000013          	nop
	if (use_lock) {
    5d94:	00100693          	li	a3,1
    5d98:	04d60a63          	beq	a2,a3,5dec <rvs_938+0x2c>
		RV_ACQUIRE(lk, 0u, 1u, 937, 938);
    5d9c:	02070793          	addi	a5,a4,32

00005da0 <rvs_937>:
    5da0:	00d7a023          	sw	a3,0(a5)
    5da4:	300007b7          	lui	a5,0x30000
    5da8:	02d72423          	sw	a3,40(a4)
    5dac:	00c0006f          	j	5db8 <rvs_937+0x18>
    5db0:	0287a703          	lw	a4,40(a5) # 30000028 <__bss_end+0x2fff9454>
    5db4:	00d71663          	bne	a4,a3,5dc0 <rvs_938>
    5db8:	0247a703          	lw	a4,36(a5)
    5dbc:	fe071ae3          	bnez	a4,5db0 <rvs_937+0x10>

00005dc0 <rvs_938>:
    5dc0:	00000013          	nop
    5dc4:	a803b7b7          	lui	a5,0xa803b
    5dc8:	40000737          	lui	a4,0x40000
    5dcc:	a4178793          	addi	a5,a5,-1471 # a803aa41 <__bss_end+0xa8033e6d>
    5dd0:	00f72023          	sw	a5,0(a4) # 40000000 <__bss_end+0x3fff942c>
    5dd4:	00000013          	nop
    5dd8:	00000013          	nop
    5ddc:	00000013          	nop
    5de0:	00000013          	nop
    5de4:	00000013          	nop
    5de8:	00000013          	nop
	}
	RV_LD(v, &SH->balance, 939);
    5dec:	30000737          	lui	a4,0x30000
    5df0:	06070693          	addi	a3,a4,96 # 30000060 <__bss_end+0x2fff948c>

00005df4 <rvs_939>:
    5df4:	0006a783          	lw	a5,0(a3)
	v += 6u;
    5df8:	00678793          	addi	a5,a5,6

00005dfc <rvs_940>:
	RV_ST(&SH->balance, v, 940);
    5dfc:	00f6a023          	sw	a5,0(a3)
	RV_LD(c, &SH->count, 941);
    5e00:	06470593          	addi	a1,a4,100

00005e04 <rvs_941>:
    5e04:	0005a683          	lw	a3,0(a1)
	RV_ST(&SH->count, c + 1u, 942);
    5e08:	00168513          	addi	a0,a3,1

00005e0c <rvs_942>:
    5e0c:	00a5a023          	sw	a0,0(a1)
	RV_ST(&SH->checksum, (c ^ v) + 89u, 943);
    5e10:	00d7c7b3          	xor	a5,a5,a3
    5e14:	05978793          	addi	a5,a5,89
    5e18:	06870693          	addi	a3,a4,104

00005e1c <rvs_943>:
    5e1c:	00f6a023          	sw	a5,0(a3)
	if (use_lock) {
    5e20:	00100793          	li	a5,1
    5e24:	02f60c63          	beq	a2,a5,5e5c <rvs_945>
		RV_RELEASE(lk, 0u, 944);
    5e28:	02070713          	addi	a4,a4,32
    5e2c:	00000793          	li	a5,0

00005e30 <rvs_944>:
    5e30:	00f72023          	sw	a5,0(a4)
    5e34:	b003b7b7          	lui	a5,0xb003b
    5e38:	40000737          	lui	a4,0x40000
    5e3c:	04178793          	addi	a5,a5,65 # b003b041 <__bss_end+0xb003446d>
    5e40:	00f72023          	sw	a5,0(a4) # 40000000 <__bss_end+0x3fff942c>
    5e44:	00000013          	nop
    5e48:	00000013          	nop
    5e4c:	00000013          	nop
    5e50:	00000013          	nop
    5e54:	00000013          	nop
    5e58:	00000013          	nop

00005e5c <rvs_945>:
	}
	RV_MARK(945);
    5e5c:	00000013          	nop
	rv_local_sum += 6u;
    5e60:	00007737          	lui	a4,0x7
    5e64:	bd072783          	lw	a5,-1072(a4) # 6bd0 <rv_local_sum>
    5e68:	00678793          	addi	a5,a5,6
    5e6c:	bcf72823          	sw	a5,-1072(a4)
}
    5e70:	00008067          	ret

00005e74 <rv_t090>:

void rv_t090(void)
{
    5e74:	fe010113          	addi	sp,sp,-32
    5e78:	00112e23          	sw	ra,28(sp)
    5e7c:	00812c23          	sw	s0,24(sp)
    5e80:	00912a23          	sw	s1,20(sp)
    5e84:	01212823          	sw	s2,16(sp)
    5e88:	01312623          	sw	s3,12(sp)
    5e8c:	01412423          	sw	s4,8(sp)

00005e90 <rvs_946>:
	unsigned h, t, p;

	RV_MARK(946);
    5e90:	00000013          	nop
	RV_LD(h, &SH->ring_head, 947);
    5e94:	30000437          	lui	s0,0x30000
    5e98:	08040a13          	addi	s4,s0,128 # 30000080 <__bss_end+0x2fff94ac>

00005e9c <rvs_947>:
    5e9c:	000a2903          	lw	s2,0(s4)
	RV_LD(t, &SH->ring_tail, 948);
    5ea0:	08440993          	addi	s3,s0,132

00005ea4 <rvs_948>:
    5ea4:	0009a983          	lw	s3,0(s3)

00005ea8 <rvs_953>:
	RV_MARK(953);
    5ea8:	00000013          	nop
	if (((h + 1u) % RV_RING_SLOTS) != t) {
    5eac:	03c00593          	li	a1,60
    5eb0:	00190513          	addi	a0,s2,1
    5eb4:	2b1000ef          	jal	ra,6964 <__umodsi3>
    5eb8:	07350863          	beq	a0,s3,5f28 <rvs_955+0x24>
		RV_ST(&SH->ring[h % RV_RING_SLOTS], h + 90u, 949);
    5ebc:	00050493          	mv	s1,a0
    5ec0:	03c00593          	li	a1,60
    5ec4:	00090513          	mv	a0,s2
    5ec8:	29d000ef          	jal	ra,6964 <__umodsi3>
    5ecc:	00251513          	slli	a0,a0,0x2
    5ed0:	09040413          	addi	s0,s0,144
    5ed4:	00850433          	add	s0,a0,s0
    5ed8:	05a90913          	addi	s2,s2,90

00005edc <rvs_949>:
    5edc:	01242023          	sw	s2,0(s0)

00005ee0 <rvs_950>:
		RV_ST(&SH->ring_head, (h + 1u) % RV_RING_SLOTS, 950);
    5ee0:	009a2023          	sw	s1,0(s4)
	} else {
		SH->ring_drops++;
	}
	RV_LD(p, &rv_private, 951);
    5ee4:	000077b7          	lui	a5,0x7
    5ee8:	bcc78793          	addi	a5,a5,-1076 # 6bcc <rv_private>

00005eec <rvs_951>:
    5eec:	0007a703          	lw	a4,0(a5)
	RV_ST(&rv_private, p + 1u, 952);
    5ef0:	00170693          	addi	a3,a4,1

00005ef4 <rvs_952>:
    5ef4:	00d7a023          	sw	a3,0(a5)
	RV_ST(&SH->seq, p, 954);
    5ef8:	300007b7          	lui	a5,0x30000
    5efc:	06c78793          	addi	a5,a5,108 # 3000006c <__bss_end+0x2fff9498>

00005f00 <rvs_954>:
    5f00:	00e7a023          	sw	a4,0(a5)

00005f04 <rvs_955>:
	RV_MARK(955);
    5f04:	00000013          	nop
}
    5f08:	01c12083          	lw	ra,28(sp)
    5f0c:	01812403          	lw	s0,24(sp)
    5f10:	01412483          	lw	s1,20(sp)
    5f14:	01012903          	lw	s2,16(sp)
    5f18:	00c12983          	lw	s3,12(sp)
    5f1c:	00812a03          	lw	s4,8(sp)
    5f20:	02010113          	addi	sp,sp,32
    5f24:	00008067          	ret
		SH->ring_drops++;
    5f28:	08842783          	lw	a5,136(s0)
    5f2c:	00178793          	addi	a5,a5,1
    5f30:	08f42423          	sw	a5,136(s0)
    5f34:	fb1ff06f          	j	5ee4 <rvs_950+0x4>

00005f38 <rv_t091>:

void rv_t091(void)
{
    5f38:	fe010113          	addi	sp,sp,-32
    5f3c:	00112e23          	sw	ra,28(sp)
    5f40:	00812c23          	sw	s0,24(sp)
    5f44:	00912a23          	sw	s1,20(sp)
    5f48:	01212823          	sw	s2,16(sp)
    5f4c:	01312623          	sw	s3,12(sp)
    5f50:	01412423          	sw	s4,8(sp)

00005f54 <rvs_956>:
	unsigned h, t, p;

	RV_MARK(956);
    5f54:	00000013          	nop
	RV_LD(h, &SH->ring_head, 957);
    5f58:	30000437          	lui	s0,0x30000
    5f5c:	08040a13          	addi	s4,s0,128 # 30000080 <__bss_end+0x2fff94ac>

00005f60 <rvs_957>:
    5f60:	000a2903          	lw	s2,0(s4)
	RV_LD(t, &SH->ring_tail, 958);
    5f64:	08440993          	addi	s3,s0,132

00005f68 <rvs_958>:
    5f68:	0009a983          	lw	s3,0(s3)

00005f6c <rvs_963>:
	RV_MARK(963);
    5f6c:	00000013          	nop
	if (((h + 1u) % RV_RING_SLOTS) != t) {
    5f70:	03c00593          	li	a1,60
    5f74:	00190513          	addi	a0,s2,1
    5f78:	1ed000ef          	jal	ra,6964 <__umodsi3>
    5f7c:	07350863          	beq	a0,s3,5fec <rvs_965+0x24>
		RV_ST(&SH->ring[h % RV_RING_SLOTS], h + 91u, 959);
    5f80:	00050493          	mv	s1,a0
    5f84:	03c00593          	li	a1,60
    5f88:	00090513          	mv	a0,s2
    5f8c:	1d9000ef          	jal	ra,6964 <__umodsi3>
    5f90:	00251513          	slli	a0,a0,0x2
    5f94:	09040413          	addi	s0,s0,144
    5f98:	00850433          	add	s0,a0,s0
    5f9c:	05b90913          	addi	s2,s2,91

00005fa0 <rvs_959>:
    5fa0:	01242023          	sw	s2,0(s0)

00005fa4 <rvs_960>:
		RV_ST(&SH->ring_head, (h + 1u) % RV_RING_SLOTS, 960);
    5fa4:	009a2023          	sw	s1,0(s4)
	} else {
		SH->ring_drops++;
	}
	RV_LD(p, &rv_private, 961);
    5fa8:	000077b7          	lui	a5,0x7
    5fac:	bcc78793          	addi	a5,a5,-1076 # 6bcc <rv_private>

00005fb0 <rvs_961>:
    5fb0:	0007a703          	lw	a4,0(a5)
	RV_ST(&rv_private, p + 1u, 962);
    5fb4:	00170693          	addi	a3,a4,1

00005fb8 <rvs_962>:
    5fb8:	00d7a023          	sw	a3,0(a5)
	RV_ST(&SH->seq, p, 964);
    5fbc:	300007b7          	lui	a5,0x30000
    5fc0:	06c78793          	addi	a5,a5,108 # 3000006c <__bss_end+0x2fff9498>

00005fc4 <rvs_964>:
    5fc4:	00e7a023          	sw	a4,0(a5)

00005fc8 <rvs_965>:
	RV_MARK(965);
    5fc8:	00000013          	nop
}
    5fcc:	01c12083          	lw	ra,28(sp)
    5fd0:	01812403          	lw	s0,24(sp)
    5fd4:	01412483          	lw	s1,20(sp)
    5fd8:	01012903          	lw	s2,16(sp)
    5fdc:	00c12983          	lw	s3,12(sp)
    5fe0:	00812a03          	lw	s4,8(sp)
    5fe4:	02010113          	addi	sp,sp,32
    5fe8:	00008067          	ret
		SH->ring_drops++;
    5fec:	08842783          	lw	a5,136(s0)
    5ff0:	00178793          	addi	a5,a5,1
    5ff4:	08f42423          	sw	a5,136(s0)
    5ff8:	fb1ff06f          	j	5fa8 <rvs_960+0x4>

00005ffc <rv_t092>:

void rv_t092(void)
{
    5ffc:	fe010113          	addi	sp,sp,-32
    6000:	00112e23          	sw	ra,28(sp)
    6004:	00812c23          	sw	s0,24(sp)
    6008:	00912a23          	sw	s1,20(sp)
    600c:	01212823          	sw	s2,16(sp)
    6010:	01312623          	sw	s3,12(sp)
    6014:	01412423          	sw	s4,8(sp)

00006018 <rvs_966>:
	unsigned h, t, p;

	RV_MARK(966);
    6018:	00000013          	nop
	RV_LD(h, &SH->ring_head, 967);
    601c:	30000437          	lui	s0,0x30000
    6020:	08040a13          	addi	s4,s0,128 # 30000080 <__bss_end+0x2fff94ac>

00006024 <rvs_967>:
    6024:	000a2903          	lw	s2,0(s4)
	RV_LD(t, &SH->ring_tail, 968);
    6028:	08440993          	addi	s3,s0,132

0000602c <rvs_968>:
    602c:	0009a983          	lw	s3,0(s3)

00006030 <rvs_973>:
	RV_MARK(973);
    6030:	00000013          	nop
	if (((h + 1u) % RV_RING_SLOTS) != t) {
    6034:	03c00593          	li	a1,60
    6038:	00190513          	addi	a0,s2,1
    603c:	129000ef          	jal	ra,6964 <__umodsi3>
    6040:	07350863          	beq	a0,s3,60b0 <rvs_975+0x24>
		RV_ST(&SH->ring[h % RV_RING_SLOTS], h + 92u, 969);
    6044:	00050493          	mv	s1,a0
    6048:	03c00593          	li	a1,60
    604c:	00090513          	mv	a0,s2
    6050:	115000ef          	jal	ra,6964 <__umodsi3>
    6054:	00251513          	slli	a0,a0,0x2
    6058:	09040413          	addi	s0,s0,144
    605c:	00850433          	add	s0,a0,s0
    6060:	05c90913          	addi	s2,s2,92

00006064 <rvs_969>:
    6064:	01242023          	sw	s2,0(s0)

00006068 <rvs_970>:
		RV_ST(&SH->ring_head, (h + 1u) % RV_RING_SLOTS, 970);
    6068:	009a2023          	sw	s1,0(s4)
	} else {
		SH->ring_drops++;
	}
	RV_LD(p, &rv_private, 971);
    606c:	000077b7          	lui	a5,0x7
    6070:	bcc78793          	addi	a5,a5,-1076 # 6bcc <rv_private>

00006074 <rvs_971>:
    6074:	0007a703          	lw	a4,0(a5)
	RV_ST(&rv_private, p + 1u, 972);
    6078:	00170693          	addi	a3,a4,1

0000607c <rvs_972>:
    607c:	00d7a023          	sw	a3,0(a5)
	RV_ST(&SH->seq, p, 974);
    6080:	300007b7          	lui	a5,0x30000
    6084:	06c78793          	addi	a5,a5,108 # 3000006c <__bss_end+0x2fff9498>

00006088 <rvs_974>:
    6088:	00e7a023          	sw	a4,0(a5)

0000608c <rvs_975>:
	RV_MARK(975);
    608c:	00000013          	nop
}
    6090:	01c12083          	lw	ra,28(sp)
    6094:	01812403          	lw	s0,24(sp)
    6098:	01412483          	lw	s1,20(sp)
    609c:	01012903          	lw	s2,16(sp)
    60a0:	00c12983          	lw	s3,12(sp)
    60a4:	00812a03          	lw	s4,8(sp)
    60a8:	02010113          	addi	sp,sp,32
    60ac:	00008067          	ret
		SH->ring_drops++;
    60b0:	08842783          	lw	a5,136(s0)
    60b4:	00178793          	addi	a5,a5,1
    60b8:	08f42423          	sw	a5,136(s0)
    60bc:	fb1ff06f          	j	606c <rvs_970+0x4>

000060c0 <rv_t092_cap>:
void rv_t092_cap(void)
{
	unsigned w;
	/* The tag is COMPUTED here -- an ACT-ST trigger could only ever carry
	 * the constant its table entry was loaded with. */
	w = RV_ACT_WORD(RV_ACT_CMD_DAQ_PC_CURR, RV_ACT_SINK_AXIS,
    60c0:	30000537          	lui	a0,0x30000
    60c4:	08052703          	lw	a4,128(a0) # 30000080 <__bss_end+0x2fff94ac>
    60c8:	200007b7          	lui	a5,0x20000
    60cc:	f0078613          	addi	a2,a5,-256 # 1fffff00 <__bss_end+0x1fff932c>
    60d0:	00871713          	slli	a4,a4,0x8
    60d4:	e00006b7          	lui	a3,0xe0000
    60d8:	00c77733          	and	a4,a4,a2
    60dc:	04168693          	addi	a3,a3,65 # e0000041 <__bss_end+0xdfff946d>
	                RV_TAG_VALUE(SH->ring_head & RV_VALUE_MASK));
	RV_ACTCAP_AT(976, w);
    60e0:	400005b7          	lui	a1,0x40000
	w = RV_ACT_WORD(RV_ACT_CMD_DAQ_PC_CURR, RV_ACT_SINK_AXIS,
    60e4:	00d76733          	or	a4,a4,a3

000060e8 <rvs_976>:
	RV_ACTCAP_AT(976, w);
    60e8:	00e5a023          	sw	a4,0(a1) # 40000000 <__bss_end+0x3fff942c>
    60ec:	00000013          	nop
    60f0:	00000013          	nop
    60f4:	00000013          	nop
    60f8:	00000013          	nop
    60fc:	00000013          	nop
    6100:	00000013          	nop
	w = RV_ACT_WORD(RV_ACT_CMD_DAQ_PC_CURR, RV_ACT_SINK_AXIS,
    6104:	06052783          	lw	a5,96(a0)
    6108:	00879793          	slli	a5,a5,0x8
    610c:	00c7f7b3          	and	a5,a5,a2
    6110:	00d7e7b3          	or	a5,a5,a3

00006114 <rvs_977>:
	                RV_TAG_VALUE(SH->balance & RV_VALUE_MASK));
	RV_ACTCAP_AT(977, w);
    6114:	00f5a023          	sw	a5,0(a1)
    6118:	00000013          	nop
    611c:	00000013          	nop
    6120:	00000013          	nop
    6124:	00000013          	nop
    6128:	00000013          	nop
    612c:	00000013          	nop
	rv_actcap_issued += 2u;
    6130:	00007737          	lui	a4,0x7
    6134:	bc872783          	lw	a5,-1080(a4) # 6bc8 <rv_actcap_issued>
    6138:	00278793          	addi	a5,a5,2
    613c:	bcf72423          	sw	a5,-1080(a4)
}
    6140:	00008067          	ret

00006144 <rv_t093>:

void rv_t093(void)
{
	unsigned v, c, lk;
	unsigned use_lock = (SH->mode != RV_MODE_RACE_OPEN);
    6144:	30000737          	lui	a4,0x30000
    6148:	00472603          	lw	a2,4(a4) # 30000004 <__bss_end+0x2fff9430>
	/* RV_MODE_RACE_WRONG_LOCK: each core takes a DIFFERENT lock, so both
	 * believe they are protected and neither excludes the other. */
	lk = (SH->mode == RV_MODE_RACE_WRONG_LOCK) ? 0u : 0u;
    614c:	00472783          	lw	a5,4(a4)

00006150 <rvs_978>:

	RV_MARK(978);
    6150:	00000013          	nop
	if (use_lock) {
    6154:	00100693          	li	a3,1
    6158:	04d60a63          	beq	a2,a3,61ac <rvs_980+0x2c>
		RV_ACQUIRE(lk, 0u, 1u, 979, 980);
    615c:	02070793          	addi	a5,a4,32

00006160 <rvs_979>:
    6160:	00d7a023          	sw	a3,0(a5)
    6164:	300007b7          	lui	a5,0x30000
    6168:	02d72423          	sw	a3,40(a4)
    616c:	00c0006f          	j	6178 <rvs_979+0x18>
    6170:	0287a703          	lw	a4,40(a5) # 30000028 <__bss_end+0x2fff9454>
    6174:	00d71663          	bne	a4,a3,6180 <rvs_980>
    6178:	0247a703          	lw	a4,36(a5)
    617c:	fe071ae3          	bnez	a4,6170 <rvs_979+0x10>

00006180 <rvs_980>:
    6180:	00000013          	nop
    6184:	a803d7b7          	lui	a5,0xa803d
    6188:	40000737          	lui	a4,0x40000
    618c:	44178793          	addi	a5,a5,1089 # a803d441 <__bss_end+0xa803686d>
    6190:	00f72023          	sw	a5,0(a4) # 40000000 <__bss_end+0x3fff942c>
    6194:	00000013          	nop
    6198:	00000013          	nop
    619c:	00000013          	nop
    61a0:	00000013          	nop
    61a4:	00000013          	nop
    61a8:	00000013          	nop
	}
	RV_LD(v, &SH->balance, 981);
    61ac:	30000737          	lui	a4,0x30000
    61b0:	06070693          	addi	a3,a4,96 # 30000060 <__bss_end+0x2fff948c>

000061b4 <rvs_981>:
    61b4:	0006a783          	lw	a5,0(a3)
	v += 3u;
    61b8:	00378793          	addi	a5,a5,3

000061bc <rvs_982>:
	RV_ST(&SH->balance, v, 982);
    61bc:	00f6a023          	sw	a5,0(a3)
	RV_LD(c, &SH->count, 983);
    61c0:	06470593          	addi	a1,a4,100

000061c4 <rvs_983>:
    61c4:	0005a683          	lw	a3,0(a1)
	RV_ST(&SH->count, c + 1u, 984);
    61c8:	00168513          	addi	a0,a3,1

000061cc <rvs_984>:
    61cc:	00a5a023          	sw	a0,0(a1)
	RV_ST(&SH->checksum, (c ^ v) + 93u, 985);
    61d0:	00d7c7b3          	xor	a5,a5,a3
    61d4:	05d78793          	addi	a5,a5,93
    61d8:	06870693          	addi	a3,a4,104

000061dc <rvs_985>:
    61dc:	00f6a023          	sw	a5,0(a3)
	if (use_lock) {
    61e0:	00100793          	li	a5,1
    61e4:	02f60c63          	beq	a2,a5,621c <rvs_987>
		RV_RELEASE(lk, 0u, 986);
    61e8:	02070713          	addi	a4,a4,32
    61ec:	00000793          	li	a5,0

000061f0 <rvs_986>:
    61f0:	00f72023          	sw	a5,0(a4)
    61f4:	b003e7b7          	lui	a5,0xb003e
    61f8:	40000737          	lui	a4,0x40000
    61fc:	a4178793          	addi	a5,a5,-1471 # b003da41 <__bss_end+0xb0036e6d>
    6200:	00f72023          	sw	a5,0(a4) # 40000000 <__bss_end+0x3fff942c>
    6204:	00000013          	nop
    6208:	00000013          	nop
    620c:	00000013          	nop
    6210:	00000013          	nop
    6214:	00000013          	nop
    6218:	00000013          	nop

0000621c <rvs_987>:
	}
	RV_MARK(987);
    621c:	00000013          	nop
	rv_local_sum += 3u;
    6220:	00007737          	lui	a4,0x7
    6224:	bd072783          	lw	a5,-1072(a4) # 6bd0 <rv_local_sum>
    6228:	00378793          	addi	a5,a5,3
    622c:	bcf72823          	sw	a5,-1072(a4)
}
    6230:	00008067          	ret

00006234 <rv_t094>:

void rv_t094(void)
{
	unsigned v, c, lk;
	unsigned use_lock = (SH->mode != RV_MODE_RACE_OPEN);
    6234:	30000737          	lui	a4,0x30000
    6238:	00472603          	lw	a2,4(a4) # 30000004 <__bss_end+0x2fff9430>
	/* RV_MODE_RACE_WRONG_LOCK: each core takes a DIFFERENT lock, so both
	 * believe they are protected and neither excludes the other. */
	lk = (SH->mode == RV_MODE_RACE_WRONG_LOCK) ? 0u : 0u;
    623c:	00472783          	lw	a5,4(a4)

00006240 <rvs_988>:

	RV_MARK(988);
    6240:	00000013          	nop
	if (use_lock) {
    6244:	00100693          	li	a3,1
    6248:	04d60a63          	beq	a2,a3,629c <rvs_990+0x2c>
		RV_ACQUIRE(lk, 0u, 1u, 989, 990);
    624c:	02070793          	addi	a5,a4,32

00006250 <rvs_989>:
    6250:	00d7a023          	sw	a3,0(a5)
    6254:	300007b7          	lui	a5,0x30000
    6258:	02d72423          	sw	a3,40(a4)
    625c:	00c0006f          	j	6268 <rvs_989+0x18>
    6260:	0287a703          	lw	a4,40(a5) # 30000028 <__bss_end+0x2fff9454>
    6264:	00d71663          	bne	a4,a3,6270 <rvs_990>
    6268:	0247a703          	lw	a4,36(a5)
    626c:	fe071ae3          	bnez	a4,6260 <rvs_989+0x10>

00006270 <rvs_990>:
    6270:	00000013          	nop
    6274:	a803e7b7          	lui	a5,0xa803e
    6278:	40000737          	lui	a4,0x40000
    627c:	e4178793          	addi	a5,a5,-447 # a803de41 <__bss_end+0xa803726d>
    6280:	00f72023          	sw	a5,0(a4) # 40000000 <__bss_end+0x3fff942c>
    6284:	00000013          	nop
    6288:	00000013          	nop
    628c:	00000013          	nop
    6290:	00000013          	nop
    6294:	00000013          	nop
    6298:	00000013          	nop
	}
	RV_LD(v, &SH->balance, 991);
    629c:	30000737          	lui	a4,0x30000
    62a0:	06070693          	addi	a3,a4,96 # 30000060 <__bss_end+0x2fff948c>

000062a4 <rvs_991>:
    62a4:	0006a783          	lw	a5,0(a3)
	v += 4u;
    62a8:	00478793          	addi	a5,a5,4

000062ac <rvs_992>:
	RV_ST(&SH->balance, v, 992);
    62ac:	00f6a023          	sw	a5,0(a3)
	RV_LD(c, &SH->count, 993);
    62b0:	06470593          	addi	a1,a4,100

000062b4 <rvs_993>:
    62b4:	0005a683          	lw	a3,0(a1)
	RV_ST(&SH->count, c + 1u, 994);
    62b8:	00168513          	addi	a0,a3,1

000062bc <rvs_994>:
    62bc:	00a5a023          	sw	a0,0(a1)
	RV_ST(&SH->checksum, (c ^ v) + 94u, 995);
    62c0:	00d7c7b3          	xor	a5,a5,a3
    62c4:	05e78793          	addi	a5,a5,94
    62c8:	06870693          	addi	a3,a4,104

000062cc <rvs_995>:
    62cc:	00f6a023          	sw	a5,0(a3)
	if (use_lock) {
    62d0:	00100793          	li	a5,1
    62d4:	02f60c63          	beq	a2,a5,630c <rvs_997>
		RV_RELEASE(lk, 0u, 996);
    62d8:	02070713          	addi	a4,a4,32
    62dc:	00000793          	li	a5,0

000062e0 <rvs_996>:
    62e0:	00f72023          	sw	a5,0(a4)
    62e4:	b003e7b7          	lui	a5,0xb003e
    62e8:	40000737          	lui	a4,0x40000
    62ec:	44178793          	addi	a5,a5,1089 # b003e441 <__bss_end+0xb003786d>
    62f0:	00f72023          	sw	a5,0(a4) # 40000000 <__bss_end+0x3fff942c>
    62f4:	00000013          	nop
    62f8:	00000013          	nop
    62fc:	00000013          	nop
    6300:	00000013          	nop
    6304:	00000013          	nop
    6308:	00000013          	nop

0000630c <rvs_997>:
	}
	RV_MARK(997);
    630c:	00000013          	nop
	rv_local_sum += 4u;
    6310:	00007737          	lui	a4,0x7
    6314:	bd072783          	lw	a5,-1072(a4) # 6bd0 <rv_local_sum>
    6318:	00478793          	addi	a5,a5,4
    631c:	bcf72823          	sw	a5,-1072(a4)
}
    6320:	00008067          	ret

00006324 <rv_t095>:

void rv_t095(void)
{
	unsigned v, c, lk;
	unsigned use_lock = (SH->mode != RV_MODE_RACE_OPEN);
    6324:	30000737          	lui	a4,0x30000
    6328:	00472603          	lw	a2,4(a4) # 30000004 <__bss_end+0x2fff9430>
	/* RV_MODE_RACE_WRONG_LOCK: each core takes a DIFFERENT lock, so both
	 * believe they are protected and neither excludes the other. */
	lk = (SH->mode == RV_MODE_RACE_WRONG_LOCK) ? 0u : 0u;
    632c:	00472783          	lw	a5,4(a4)

00006330 <rvs_998>:

	RV_MARK(998);
    6330:	00000013          	nop
	if (use_lock) {
    6334:	00100693          	li	a3,1
    6338:	04d60a63          	beq	a2,a3,638c <rvs_1000+0x2c>
		RV_ACQUIRE(lk, 0u, 1u, 999, 1000);
    633c:	02070793          	addi	a5,a4,32

00006340 <rvs_999>:
    6340:	00d7a023          	sw	a3,0(a5)
    6344:	300007b7          	lui	a5,0x30000
    6348:	02d72423          	sw	a3,40(a4)
    634c:	00c0006f          	j	6358 <rvs_999+0x18>
    6350:	0287a703          	lw	a4,40(a5) # 30000028 <__bss_end+0x2fff9454>
    6354:	00d71663          	bne	a4,a3,6360 <rvs_1000>
    6358:	0247a703          	lw	a4,36(a5)
    635c:	fe071ae3          	bnez	a4,6350 <rvs_999+0x10>

00006360 <rvs_1000>:
    6360:	00000013          	nop
    6364:	a803f7b7          	lui	a5,0xa803f
    6368:	40000737          	lui	a4,0x40000
    636c:	84178793          	addi	a5,a5,-1983 # a803e841 <__bss_end+0xa8037c6d>
    6370:	00f72023          	sw	a5,0(a4) # 40000000 <__bss_end+0x3fff942c>
    6374:	00000013          	nop
    6378:	00000013          	nop
    637c:	00000013          	nop
    6380:	00000013          	nop
    6384:	00000013          	nop
    6388:	00000013          	nop
	}
	RV_LD(v, &SH->balance, 1001);
    638c:	30000737          	lui	a4,0x30000
    6390:	06070693          	addi	a3,a4,96 # 30000060 <__bss_end+0x2fff948c>

00006394 <rvs_1001>:
    6394:	0006a783          	lw	a5,0(a3)
	v += 5u;
    6398:	00578793          	addi	a5,a5,5

0000639c <rvs_1002>:
	RV_ST(&SH->balance, v, 1002);
    639c:	00f6a023          	sw	a5,0(a3)
	RV_LD(c, &SH->count, 1003);
    63a0:	06470593          	addi	a1,a4,100

000063a4 <rvs_1003>:
    63a4:	0005a683          	lw	a3,0(a1)
	RV_ST(&SH->count, c + 1u, 1004);
    63a8:	00168513          	addi	a0,a3,1

000063ac <rvs_1004>:
    63ac:	00a5a023          	sw	a0,0(a1)
	RV_ST(&SH->checksum, (c ^ v) + 95u, 1005);
    63b0:	00d7c7b3          	xor	a5,a5,a3
    63b4:	05f78793          	addi	a5,a5,95
    63b8:	06870693          	addi	a3,a4,104

000063bc <rvs_1005>:
    63bc:	00f6a023          	sw	a5,0(a3)
	if (use_lock) {
    63c0:	00100793          	li	a5,1
    63c4:	02f60c63          	beq	a2,a5,63fc <rvs_1007>
		RV_RELEASE(lk, 0u, 1006);
    63c8:	02070713          	addi	a4,a4,32
    63cc:	00000793          	li	a5,0

000063d0 <rvs_1006>:
    63d0:	00f72023          	sw	a5,0(a4)
    63d4:	b003f7b7          	lui	a5,0xb003f
    63d8:	40000737          	lui	a4,0x40000
    63dc:	e4178793          	addi	a5,a5,-447 # b003ee41 <__bss_end+0xb003826d>
    63e0:	00f72023          	sw	a5,0(a4) # 40000000 <__bss_end+0x3fff942c>
    63e4:	00000013          	nop
    63e8:	00000013          	nop
    63ec:	00000013          	nop
    63f0:	00000013          	nop
    63f4:	00000013          	nop
    63f8:	00000013          	nop

000063fc <rvs_1007>:
	}
	RV_MARK(1007);
    63fc:	00000013          	nop
	rv_local_sum += 5u;
    6400:	00007737          	lui	a4,0x7
    6404:	bd072783          	lw	a5,-1072(a4) # 6bd0 <rv_local_sum>
    6408:	00578793          	addi	a5,a5,5
    640c:	bcf72823          	sw	a5,-1072(a4)
}
    6410:	00008067          	ret

00006414 <rv_t096>:

void rv_t096(void)
{
	unsigned v, c, lk;
	unsigned use_lock = (SH->mode != RV_MODE_RACE_OPEN);
    6414:	30000737          	lui	a4,0x30000
    6418:	00472603          	lw	a2,4(a4) # 30000004 <__bss_end+0x2fff9430>
	/* RV_MODE_RACE_WRONG_LOCK: each core takes a DIFFERENT lock, so both
	 * believe they are protected and neither excludes the other. */
	lk = (SH->mode == RV_MODE_RACE_WRONG_LOCK) ? 0u : 0u;
    641c:	00472783          	lw	a5,4(a4)

00006420 <rvs_1008>:

	RV_MARK(1008);
    6420:	00000013          	nop
	if (use_lock) {
    6424:	00100693          	li	a3,1
    6428:	04d60a63          	beq	a2,a3,647c <rvs_1010+0x2c>
		RV_ACQUIRE(lk, 0u, 1u, 1009, 1010);
    642c:	02070793          	addi	a5,a4,32

00006430 <rvs_1009>:
    6430:	00d7a023          	sw	a3,0(a5)
    6434:	300007b7          	lui	a5,0x30000
    6438:	02d72423          	sw	a3,40(a4)
    643c:	00c0006f          	j	6448 <rvs_1009+0x18>
    6440:	0287a703          	lw	a4,40(a5) # 30000028 <__bss_end+0x2fff9454>
    6444:	00d71663          	bne	a4,a3,6450 <rvs_1010>
    6448:	0247a703          	lw	a4,36(a5)
    644c:	fe071ae3          	bnez	a4,6440 <rvs_1009+0x10>

00006450 <rvs_1010>:
    6450:	00000013          	nop
    6454:	a803f7b7          	lui	a5,0xa803f
    6458:	40000737          	lui	a4,0x40000
    645c:	24178793          	addi	a5,a5,577 # a803f241 <__bss_end+0xa803866d>
    6460:	00f72023          	sw	a5,0(a4) # 40000000 <__bss_end+0x3fff942c>
    6464:	00000013          	nop
    6468:	00000013          	nop
    646c:	00000013          	nop
    6470:	00000013          	nop
    6474:	00000013          	nop
    6478:	00000013          	nop
	}
	RV_LD(v, &SH->balance, 1011);
    647c:	30000737          	lui	a4,0x30000
    6480:	06070693          	addi	a3,a4,96 # 30000060 <__bss_end+0x2fff948c>

00006484 <rvs_1011>:
    6484:	0006a783          	lw	a5,0(a3)
	v += 6u;
    6488:	00678793          	addi	a5,a5,6

0000648c <rvs_1012>:
	RV_ST(&SH->balance, v, 1012);
    648c:	00f6a023          	sw	a5,0(a3)
	RV_LD(c, &SH->count, 1013);
    6490:	06470593          	addi	a1,a4,100

00006494 <rvs_1013>:
    6494:	0005a683          	lw	a3,0(a1)
	RV_ST(&SH->count, c + 1u, 1014);
    6498:	00168513          	addi	a0,a3,1

0000649c <rvs_1014>:
    649c:	00a5a023          	sw	a0,0(a1)
	RV_ST(&SH->checksum, (c ^ v) + 96u, 1015);
    64a0:	00d7c7b3          	xor	a5,a5,a3
    64a4:	06078793          	addi	a5,a5,96
    64a8:	06870693          	addi	a3,a4,104

000064ac <rvs_1015>:
    64ac:	00f6a023          	sw	a5,0(a3)
	if (use_lock) {
    64b0:	00100793          	li	a5,1
    64b4:	02f60c63          	beq	a2,a5,64ec <rvs_1017>
		RV_RELEASE(lk, 0u, 1016);
    64b8:	02070713          	addi	a4,a4,32
    64bc:	00000793          	li	a5,0

000064c0 <rvs_1016>:
    64c0:	00f72023          	sw	a5,0(a4)
    64c4:	b00407b7          	lui	a5,0xb0040
    64c8:	40000737          	lui	a4,0x40000
    64cc:	84178793          	addi	a5,a5,-1983 # b003f841 <__bss_end+0xb0038c6d>
    64d0:	00f72023          	sw	a5,0(a4) # 40000000 <__bss_end+0x3fff942c>
    64d4:	00000013          	nop
    64d8:	00000013          	nop
    64dc:	00000013          	nop
    64e0:	00000013          	nop
    64e4:	00000013          	nop
    64e8:	00000013          	nop

000064ec <rvs_1017>:
	}
	RV_MARK(1017);
    64ec:	00000013          	nop
	rv_local_sum += 6u;
    64f0:	00007737          	lui	a4,0x7
    64f4:	bd072783          	lw	a5,-1072(a4) # 6bd0 <rv_local_sum>
    64f8:	00678793          	addi	a5,a5,6
    64fc:	bcf72823          	sw	a5,-1072(a4)
}
    6500:	00008067          	ret

00006504 <rv_t096_cap>:
void rv_t096_cap(void)
{
	unsigned w;
	/* The tag is COMPUTED here -- an ACT-ST trigger could only ever carry
	 * the constant its table entry was loaded with. */
	w = RV_ACT_WORD(RV_ACT_CMD_DAQ_PC_CURR, RV_ACT_SINK_AXIS,
    6504:	30000537          	lui	a0,0x30000
    6508:	08052703          	lw	a4,128(a0) # 30000080 <__bss_end+0x2fff94ac>
    650c:	200007b7          	lui	a5,0x20000
    6510:	f0078613          	addi	a2,a5,-256 # 1fffff00 <__bss_end+0x1fff932c>
    6514:	00871713          	slli	a4,a4,0x8
    6518:	e00006b7          	lui	a3,0xe0000
    651c:	00c77733          	and	a4,a4,a2
    6520:	04168693          	addi	a3,a3,65 # e0000041 <__bss_end+0xdfff946d>
	                RV_TAG_VALUE(SH->ring_head & RV_VALUE_MASK));
	RV_ACTCAP_AT(1018, w);
    6524:	400005b7          	lui	a1,0x40000
	w = RV_ACT_WORD(RV_ACT_CMD_DAQ_PC_CURR, RV_ACT_SINK_AXIS,
    6528:	00d76733          	or	a4,a4,a3

0000652c <rvs_1018>:
	RV_ACTCAP_AT(1018, w);
    652c:	00e5a023          	sw	a4,0(a1) # 40000000 <__bss_end+0x3fff942c>
    6530:	00000013          	nop
    6534:	00000013          	nop
    6538:	00000013          	nop
    653c:	00000013          	nop
    6540:	00000013          	nop
    6544:	00000013          	nop
	w = RV_ACT_WORD(RV_ACT_CMD_DAQ_PC_CURR, RV_ACT_SINK_AXIS,
    6548:	06052783          	lw	a5,96(a0)
    654c:	00879793          	slli	a5,a5,0x8
    6550:	00c7f7b3          	and	a5,a5,a2
    6554:	00d7e7b3          	or	a5,a5,a3

00006558 <rvs_1019>:
	                RV_TAG_VALUE(SH->balance & RV_VALUE_MASK));
	RV_ACTCAP_AT(1019, w);
    6558:	00f5a023          	sw	a5,0(a1)
    655c:	00000013          	nop
    6560:	00000013          	nop
    6564:	00000013          	nop
    6568:	00000013          	nop
    656c:	00000013          	nop
    6570:	00000013          	nop
	rv_actcap_issued += 2u;
    6574:	00007737          	lui	a4,0x7
    6578:	bc872783          	lw	a5,-1080(a4) # 6bc8 <rv_actcap_issued>
    657c:	00278793          	addi	a5,a5,2
    6580:	bcf72423          	sw	a5,-1080(a4)
}
    6584:	00008067          	ret

00006588 <rv_t097>:

void rv_t097(void)
{
	unsigned v, c, lk;
	unsigned use_lock = (SH->mode != RV_MODE_RACE_OPEN);
    6588:	30000737          	lui	a4,0x30000
    658c:	00472603          	lw	a2,4(a4) # 30000004 <__bss_end+0x2fff9430>
	/* RV_MODE_RACE_WRONG_LOCK: each core takes a DIFFERENT lock, so both
	 * believe they are protected and neither excludes the other. */
	lk = (SH->mode == RV_MODE_RACE_WRONG_LOCK) ? 0u : 0u;
    6590:	00472783          	lw	a5,4(a4)

00006594 <rvs_1020>:

	RV_MARK(1020);
    6594:	00000013          	nop
	if (use_lock) {
    6598:	00100693          	li	a3,1
    659c:	04d60a63          	beq	a2,a3,65f0 <rvs_1022+0x2c>
		RV_ACQUIRE(lk, 0u, 1u, 1021, 1022);
    65a0:	02070793          	addi	a5,a4,32

000065a4 <rvs_1021>:
    65a4:	00d7a023          	sw	a3,0(a5)
    65a8:	300007b7          	lui	a5,0x30000
    65ac:	02d72423          	sw	a3,40(a4)
    65b0:	00c0006f          	j	65bc <rvs_1021+0x18>
    65b4:	0287a703          	lw	a4,40(a5) # 30000028 <__bss_end+0x2fff9454>
    65b8:	00d71663          	bne	a4,a3,65c4 <rvs_1022>
    65bc:	0247a703          	lw	a4,36(a5)
    65c0:	fe071ae3          	bnez	a4,65b4 <rvs_1021+0x10>

000065c4 <rvs_1022>:
    65c4:	00000013          	nop
    65c8:	a80407b7          	lui	a5,0xa8040
    65cc:	40000737          	lui	a4,0x40000
    65d0:	e4178793          	addi	a5,a5,-447 # a803fe41 <__bss_end+0xa803926d>
    65d4:	00f72023          	sw	a5,0(a4) # 40000000 <__bss_end+0x3fff942c>
    65d8:	00000013          	nop
    65dc:	00000013          	nop
    65e0:	00000013          	nop
    65e4:	00000013          	nop
    65e8:	00000013          	nop
    65ec:	00000013          	nop
	}
	RV_LD(v, &SH->balance, 1023);
    65f0:	30000737          	lui	a4,0x30000
    65f4:	06070693          	addi	a3,a4,96 # 30000060 <__bss_end+0x2fff948c>

000065f8 <rvs_1023>:
    65f8:	0006a783          	lw	a5,0(a3)
	v += 7u;
    65fc:	00778793          	addi	a5,a5,7

00006600 <rvs_1024>:
	RV_ST(&SH->balance, v, 1024);
    6600:	00f6a023          	sw	a5,0(a3)
	RV_LD(c, &SH->count, 1025);
    6604:	06470593          	addi	a1,a4,100

00006608 <rvs_1025>:
    6608:	0005a683          	lw	a3,0(a1)
	RV_ST(&SH->count, c + 1u, 1026);
    660c:	00168513          	addi	a0,a3,1

00006610 <rvs_1026>:
    6610:	00a5a023          	sw	a0,0(a1)
	RV_ST(&SH->checksum, (c ^ v) + 97u, 1027);
    6614:	00d7c7b3          	xor	a5,a5,a3
    6618:	06178793          	addi	a5,a5,97
    661c:	06870693          	addi	a3,a4,104

00006620 <rvs_1027>:
    6620:	00f6a023          	sw	a5,0(a3)
	if (use_lock) {
    6624:	00100793          	li	a5,1
    6628:	02f60c63          	beq	a2,a5,6660 <rvs_1029>
		RV_RELEASE(lk, 0u, 1028);
    662c:	02070713          	addi	a4,a4,32
    6630:	00000793          	li	a5,0

00006634 <rvs_1028>:
    6634:	00f72023          	sw	a5,0(a4)
    6638:	b00407b7          	lui	a5,0xb0040
    663c:	40000737          	lui	a4,0x40000
    6640:	44178793          	addi	a5,a5,1089 # b0040441 <__bss_end+0xb003986d>
    6644:	00f72023          	sw	a5,0(a4) # 40000000 <__bss_end+0x3fff942c>
    6648:	00000013          	nop
    664c:	00000013          	nop
    6650:	00000013          	nop
    6654:	00000013          	nop
    6658:	00000013          	nop
    665c:	00000013          	nop

00006660 <rvs_1029>:
	}
	RV_MARK(1029);
    6660:	00000013          	nop
	rv_local_sum += 7u;
    6664:	00007737          	lui	a4,0x7
    6668:	bd072783          	lw	a5,-1072(a4) # 6bd0 <rv_local_sum>
    666c:	00778793          	addi	a5,a5,7
    6670:	bcf72823          	sw	a5,-1072(a4)
}
    6674:	00008067          	ret

00006678 <rv_t098>:

void rv_t098(void)
{
	unsigned v, c, lk;
	unsigned use_lock = (SH->mode != RV_MODE_RACE_OPEN);
    6678:	30000737          	lui	a4,0x30000
    667c:	00472603          	lw	a2,4(a4) # 30000004 <__bss_end+0x2fff9430>
	/* RV_MODE_RACE_WRONG_LOCK: each core takes a DIFFERENT lock, so both
	 * believe they are protected and neither excludes the other. */
	lk = (SH->mode == RV_MODE_RACE_WRONG_LOCK) ? 0u : 0u;
    6680:	00472783          	lw	a5,4(a4)

00006684 <rvs_1030>:

	RV_MARK(1030);
    6684:	00000013          	nop
	if (use_lock) {
    6688:	00100693          	li	a3,1
    668c:	04d60a63          	beq	a2,a3,66e0 <rvs_1032+0x2c>
		RV_ACQUIRE(lk, 0u, 1u, 1031, 1032);
    6690:	02070793          	addi	a5,a4,32

00006694 <rvs_1031>:
    6694:	00d7a023          	sw	a3,0(a5)
    6698:	300007b7          	lui	a5,0x30000
    669c:	02d72423          	sw	a3,40(a4)
    66a0:	00c0006f          	j	66ac <rvs_1031+0x18>
    66a4:	0287a703          	lw	a4,40(a5) # 30000028 <__bss_end+0x2fff9454>
    66a8:	00d71663          	bne	a4,a3,66b4 <rvs_1032>
    66ac:	0247a703          	lw	a4,36(a5)
    66b0:	fe071ae3          	bnez	a4,66a4 <rvs_1031+0x10>

000066b4 <rvs_1032>:
    66b4:	00000013          	nop
    66b8:	a80417b7          	lui	a5,0xa8041
    66bc:	40000737          	lui	a4,0x40000
    66c0:	84178793          	addi	a5,a5,-1983 # a8040841 <__bss_end+0xa8039c6d>
    66c4:	00f72023          	sw	a5,0(a4) # 40000000 <__bss_end+0x3fff942c>
    66c8:	00000013          	nop
    66cc:	00000013          	nop
    66d0:	00000013          	nop
    66d4:	00000013          	nop
    66d8:	00000013          	nop
    66dc:	00000013          	nop
	}
	RV_LD(v, &SH->balance, 1033);
    66e0:	30000737          	lui	a4,0x30000
    66e4:	06070693          	addi	a3,a4,96 # 30000060 <__bss_end+0x2fff948c>

000066e8 <rvs_1033>:
    66e8:	0006a783          	lw	a5,0(a3)
	v += 1u;
    66ec:	00178793          	addi	a5,a5,1

000066f0 <rvs_1034>:
	RV_ST(&SH->balance, v, 1034);
    66f0:	00f6a023          	sw	a5,0(a3)
	RV_LD(c, &SH->count, 1035);
    66f4:	06470593          	addi	a1,a4,100

000066f8 <rvs_1035>:
    66f8:	0005a683          	lw	a3,0(a1)
	RV_ST(&SH->count, c + 1u, 1036);
    66fc:	00168513          	addi	a0,a3,1

00006700 <rvs_1036>:
    6700:	00a5a023          	sw	a0,0(a1)
	RV_ST(&SH->checksum, (c ^ v) + 98u, 1037);
    6704:	00d7c7b3          	xor	a5,a5,a3
    6708:	06278793          	addi	a5,a5,98
    670c:	06870693          	addi	a3,a4,104

00006710 <rvs_1037>:
    6710:	00f6a023          	sw	a5,0(a3)
	if (use_lock) {
    6714:	00100793          	li	a5,1
    6718:	02f60c63          	beq	a2,a5,6750 <rvs_1039>
		RV_RELEASE(lk, 0u, 1038);
    671c:	02070713          	addi	a4,a4,32
    6720:	00000793          	li	a5,0

00006724 <rvs_1038>:
    6724:	00f72023          	sw	a5,0(a4)
    6728:	b00417b7          	lui	a5,0xb0041
    672c:	40000737          	lui	a4,0x40000
    6730:	e4178793          	addi	a5,a5,-447 # b0040e41 <__bss_end+0xb003a26d>
    6734:	00f72023          	sw	a5,0(a4) # 40000000 <__bss_end+0x3fff942c>
    6738:	00000013          	nop
    673c:	00000013          	nop
    6740:	00000013          	nop
    6744:	00000013          	nop
    6748:	00000013          	nop
    674c:	00000013          	nop

00006750 <rvs_1039>:
	}
	RV_MARK(1039);
    6750:	00000013          	nop
	rv_local_sum += 1u;
    6754:	00007737          	lui	a4,0x7
    6758:	bd072783          	lw	a5,-1072(a4) # 6bd0 <rv_local_sum>
    675c:	00178793          	addi	a5,a5,1
    6760:	bcf72823          	sw	a5,-1072(a4)
}
    6764:	00008067          	ret

00006768 <rv_t099>:

void rv_t099(void)
{
	unsigned v, c, lk;
	unsigned use_lock = (SH->mode != RV_MODE_RACE_OPEN);
    6768:	30000737          	lui	a4,0x30000
    676c:	00472603          	lw	a2,4(a4) # 30000004 <__bss_end+0x2fff9430>
	/* RV_MODE_RACE_WRONG_LOCK: each core takes a DIFFERENT lock, so both
	 * believe they are protected and neither excludes the other. */
	lk = (SH->mode == RV_MODE_RACE_WRONG_LOCK) ? 0u : 0u;
    6770:	00472783          	lw	a5,4(a4)

00006774 <rvs_1040>:

	RV_MARK(1040);
    6774:	00000013          	nop
	if (use_lock) {
    6778:	00100693          	li	a3,1
    677c:	04d60a63          	beq	a2,a3,67d0 <rvs_1042+0x2c>
		RV_ACQUIRE(lk, 0u, 1u, 1041, 1042);
    6780:	02070793          	addi	a5,a4,32

00006784 <rvs_1041>:
    6784:	00d7a023          	sw	a3,0(a5)
    6788:	300007b7          	lui	a5,0x30000
    678c:	02d72423          	sw	a3,40(a4)
    6790:	00c0006f          	j	679c <rvs_1041+0x18>
    6794:	0287a703          	lw	a4,40(a5) # 30000028 <__bss_end+0x2fff9454>
    6798:	00d71663          	bne	a4,a3,67a4 <rvs_1042>
    679c:	0247a703          	lw	a4,36(a5)
    67a0:	fe071ae3          	bnez	a4,6794 <rvs_1041+0x10>

000067a4 <rvs_1042>:
    67a4:	00000013          	nop
    67a8:	a80417b7          	lui	a5,0xa8041
    67ac:	40000737          	lui	a4,0x40000
    67b0:	24178793          	addi	a5,a5,577 # a8041241 <__bss_end+0xa803a66d>
    67b4:	00f72023          	sw	a5,0(a4) # 40000000 <__bss_end+0x3fff942c>
    67b8:	00000013          	nop
    67bc:	00000013          	nop
    67c0:	00000013          	nop
    67c4:	00000013          	nop
    67c8:	00000013          	nop
    67cc:	00000013          	nop
	}
	RV_LD(v, &SH->balance, 1043);
    67d0:	30000737          	lui	a4,0x30000
    67d4:	06070693          	addi	a3,a4,96 # 30000060 <__bss_end+0x2fff948c>

000067d8 <rvs_1043>:
    67d8:	0006a783          	lw	a5,0(a3)
	v += 2u;
    67dc:	00278793          	addi	a5,a5,2

000067e0 <rvs_1044>:
	RV_ST(&SH->balance, v, 1044);
    67e0:	00f6a023          	sw	a5,0(a3)
	RV_LD(c, &SH->count, 1045);
    67e4:	06470593          	addi	a1,a4,100

000067e8 <rvs_1045>:
    67e8:	0005a683          	lw	a3,0(a1)
	RV_ST(&SH->count, c + 1u, 1046);
    67ec:	00168513          	addi	a0,a3,1

000067f0 <rvs_1046>:
    67f0:	00a5a023          	sw	a0,0(a1)
	RV_ST(&SH->checksum, (c ^ v) + 99u, 1047);
    67f4:	00d7c7b3          	xor	a5,a5,a3
    67f8:	06378793          	addi	a5,a5,99
    67fc:	06870693          	addi	a3,a4,104

00006800 <rvs_1047>:
    6800:	00f6a023          	sw	a5,0(a3)
	if (use_lock) {
    6804:	00100793          	li	a5,1
    6808:	02f60c63          	beq	a2,a5,6840 <rvs_1049>
		RV_RELEASE(lk, 0u, 1048);
    680c:	02070713          	addi	a4,a4,32
    6810:	00000793          	li	a5,0

00006814 <rvs_1048>:
    6814:	00f72023          	sw	a5,0(a4)
    6818:	b00427b7          	lui	a5,0xb0042
    681c:	40000737          	lui	a4,0x40000
    6820:	84178793          	addi	a5,a5,-1983 # b0041841 <__bss_end+0xb003ac6d>
    6824:	00f72023          	sw	a5,0(a4) # 40000000 <__bss_end+0x3fff942c>
    6828:	00000013          	nop
    682c:	00000013          	nop
    6830:	00000013          	nop
    6834:	00000013          	nop
    6838:	00000013          	nop
    683c:	00000013          	nop

00006840 <rvs_1049>:
	}
	RV_MARK(1049);
    6840:	00000013          	nop
	rv_local_sum += 2u;
    6844:	00007737          	lui	a4,0x7
    6848:	bd072783          	lw	a5,-1072(a4) # 6bd0 <rv_local_sum>
    684c:	00278793          	addi	a5,a5,2
    6850:	bcf72823          	sw	a5,-1072(a4)
}
    6854:	00008067          	ret

00006858 <rv_lock_order>:
 * which a monitor can see in a run that happened to go well. The runtime
 * (ACT-CAP) sync tags are emitted alongside the static ones, so this
 * scenario stays visible under the monitors' runtime-preference rule. */
void rv_lock_order(void)
{
	RV_ST(&SH->lock[2u].flag[0u], 1u, 1050);
    6858:	300007b7          	lui	a5,0x30000
    685c:	04078613          	addi	a2,a5,64 # 30000040 <__bss_end+0x2fff946c>
    6860:	00100593          	li	a1,1

00006864 <rvs_1050>:
    6864:	00b62023          	sw	a1,0(a2)
	RV_ACTCAP(RV_ACT_CMD_DAQ_PC_CURR, RV_ACT_SINK_AXIS,
    6868:	a81006b7          	lui	a3,0xa8100
    686c:	40000737          	lui	a4,0x40000
    6870:	04168693          	addi	a3,a3,65 # a8100041 <__bss_end+0xa80f946d>
    6874:	00d72023          	sw	a3,0(a4) # 40000000 <__bss_end+0x3fff942c>
    6878:	00000013          	nop
    687c:	00000013          	nop
    6880:	00000013          	nop
    6884:	00000013          	nop
    6888:	00000013          	nop
    688c:	00000013          	nop
	          RV_TAG_SYNC(1u, RV_SYNC_ACQ_OK, 2u, 0u));
	RV_ST(&SH->lock[3u].flag[0u], 1u, 1051);
    6890:	05078793          	addi	a5,a5,80

00006894 <rvs_1051>:
    6894:	00b7a023          	sw	a1,0(a5)
	RV_ACTCAP(RV_ACT_CMD_DAQ_PC_CURR, RV_ACT_SINK_AXIS,
    6898:	a81806b7          	lui	a3,0xa8180
    689c:	04168693          	addi	a3,a3,65 # a8180041 <__bss_end+0xa817946d>
    68a0:	00d72023          	sw	a3,0(a4)
    68a4:	00000013          	nop
    68a8:	00000013          	nop
    68ac:	00000013          	nop
    68b0:	00000013          	nop
    68b4:	00000013          	nop
    68b8:	00000013          	nop
	          RV_TAG_SYNC(1u, RV_SYNC_ACQ_OK, 3u, 0u));
	RV_ST(&SH->lock[3u].flag[0u], 0u, 1052);
    68bc:	00000693          	li	a3,0

000068c0 <rvs_1052>:
    68c0:	00d7a023          	sw	a3,0(a5)
	RV_ACTCAP(RV_ACT_CMD_DAQ_PC_CURR, RV_ACT_SINK_AXIS,
    68c4:	b01807b7          	lui	a5,0xb0180
    68c8:	04178793          	addi	a5,a5,65 # b0180041 <__bss_end+0xb017946d>
    68cc:	00f72023          	sw	a5,0(a4)
    68d0:	00000013          	nop
    68d4:	00000013          	nop
    68d8:	00000013          	nop
    68dc:	00000013          	nop
    68e0:	00000013          	nop
    68e4:	00000013          	nop

000068e8 <rvs_1053>:
	          RV_TAG_SYNC(1u, RV_SYNC_RELEASE, 3u, 0u));
	RV_ST(&SH->lock[2u].flag[0u], 0u, 1053);
    68e8:	00d62023          	sw	a3,0(a2)
	RV_ACTCAP(RV_ACT_CMD_DAQ_PC_CURR, RV_ACT_SINK_AXIS,
    68ec:	b01007b7          	lui	a5,0xb0100
    68f0:	04178793          	addi	a5,a5,65 # b0100041 <__bss_end+0xb00f946d>
    68f4:	00f72023          	sw	a5,0(a4)
    68f8:	00000013          	nop
    68fc:	00000013          	nop
    6900:	00000013          	nop
    6904:	00000013          	nop
    6908:	00000013          	nop
    690c:	00000013          	nop
	          RV_TAG_SYNC(1u, RV_SYNC_RELEASE, 2u, 0u));
}
    6910:	00008067          	ret

00006914 <__divsi3>:
    6914:	06054063          	bltz	a0,6974 <__umodsi3+0x10>
    6918:	0605c663          	bltz	a1,6984 <__umodsi3+0x20>

0000691c <__udivsi3>:
    691c:	00058613          	mv	a2,a1
    6920:	00050593          	mv	a1,a0
    6924:	fff00513          	li	a0,-1
    6928:	02060c63          	beqz	a2,6960 <__udivsi3+0x44>
    692c:	00100693          	li	a3,1
    6930:	00b67a63          	bgeu	a2,a1,6944 <__udivsi3+0x28>
    6934:	00c05863          	blez	a2,6944 <__udivsi3+0x28>
    6938:	00161613          	slli	a2,a2,0x1
    693c:	00169693          	slli	a3,a3,0x1
    6940:	feb66ae3          	bltu	a2,a1,6934 <__udivsi3+0x18>
    6944:	00000513          	li	a0,0
    6948:	00c5e663          	bltu	a1,a2,6954 <__udivsi3+0x38>
    694c:	40c585b3          	sub	a1,a1,a2
    6950:	00d56533          	or	a0,a0,a3
    6954:	0016d693          	srli	a3,a3,0x1
    6958:	00165613          	srli	a2,a2,0x1
    695c:	fe0696e3          	bnez	a3,6948 <__udivsi3+0x2c>
    6960:	00008067          	ret

00006964 <__umodsi3>:
    6964:	00008293          	mv	t0,ra
    6968:	fb5ff0ef          	jal	ra,691c <__udivsi3>
    696c:	00058513          	mv	a0,a1
    6970:	00028067          	jr	t0
    6974:	40a00533          	neg	a0,a0
    6978:	00b04863          	bgtz	a1,6988 <__umodsi3+0x24>
    697c:	40b005b3          	neg	a1,a1
    6980:	f9dff06f          	j	691c <__udivsi3>
    6984:	40b005b3          	neg	a1,a1
    6988:	00008293          	mv	t0,ra
    698c:	f91ff0ef          	jal	ra,691c <__udivsi3>
    6990:	40a00533          	neg	a0,a0
    6994:	00028067          	jr	t0

00006998 <__modsi3>:
    6998:	00008293          	mv	t0,ra
    699c:	0005ca63          	bltz	a1,69b0 <__modsi3+0x18>
    69a0:	00054c63          	bltz	a0,69b8 <__modsi3+0x20>
    69a4:	f79ff0ef          	jal	ra,691c <__udivsi3>
    69a8:	00058513          	mv	a0,a1
    69ac:	00028067          	jr	t0
    69b0:	40b005b3          	neg	a1,a1
    69b4:	fe0558e3          	bgez	a0,69a4 <__modsi3+0xc>
    69b8:	40a00533          	neg	a0,a0
    69bc:	f61ff0ef          	jal	ra,691c <__udivsi3>
    69c0:	40b00533          	neg	a0,a1
    69c4:	00028067          	jr	t0
