
D:/shared/engineering/C-Trace/examples/kv260/tgc5b2_rvcfi/sw/rvcfi_core1.elf:     file format elf32-littleriscv


Disassembly of section .text:

00000000 <_start>:

	.section .text.start
	.globl _start

_start:
	li    sp, 0x0000F000             /* stack near top of 64 KiB RAM */
       0:	0000f137          	lui	sp,0xf

	/* Zero .bss: the flat image carries no .bss, and on hardware the RAM
	 * keeps its previous content across runs — without this, globals start
	 * with stale values. */
	la    t0, __bss_start
       4:	00007297          	auipc	t0,0x7
       8:	3e428293          	addi	t0,t0,996 # 73e8 <rv_actcap_issued>
	la    t1, __bss_end
       c:	00007317          	auipc	t1,0x7
      10:	3e830313          	addi	t1,t1,1000 # 73f4 <__bss_end>
1:	bgeu  t0, t1, 2f
      14:	0062f863          	bgeu	t0,t1,24 <_start+0x24>
	sw    zero, 0(t0)
      18:	0002a023          	sw	zero,0(t0)
	addi  t0, t0, 4
      1c:	00428293          	addi	t0,t0,4
	j     1b
      20:	ff5ff06f          	j	14 <_start+0x14>

2:	call  main
      24:	008000ef          	jal	ra,2c <main>

00000028 <halt>:

halt:
	j     halt                       /* park — testbench stops on the stable PC */
      28:	0000006f          	j	28 <halt>

0000002c <main>:
		__asm__ __volatile__("" ::: "memory");
	}
}

int main(void)
{
      2c:	fa010113          	addi	sp,sp,-96 # efa0 <__bss_end+0x7bac>
	unsigned i, idx;

	/* Wait for the host to publish a valid control area. URAM comes up with
	 * whatever the previous run left, so "looks plausible" is not enough --
	 * the magic is the only thing that says the host has been here. */
	while (SH->magic != RV_MAGIC) {
      30:	525656b7          	lui	a3,0x52565
{
      34:	04112e23          	sw	ra,92(sp)
      38:	04812c23          	sw	s0,88(sp)
      3c:	04912a23          	sw	s1,84(sp)
      40:	05212823          	sw	s2,80(sp)
      44:	05312623          	sw	s3,76(sp)
      48:	05412423          	sw	s4,72(sp)
      4c:	05512223          	sw	s5,68(sp)
      50:	05612023          	sw	s6,64(sp)
      54:	03712e23          	sw	s7,60(sp)
      58:	03812c23          	sw	s8,56(sp)
      5c:	03912a23          	sw	s9,52(sp)
      60:	03a12823          	sw	s10,48(sp)
      64:	03b12623          	sw	s11,44(sp)
	while (SH->magic != RV_MAGIC) {
      68:	30000737          	lui	a4,0x30000
      6c:	34868693          	addi	a3,a3,840 # 52565348 <__bss_end+0x5255df54>
      70:	00072783          	lw	a5,0(a4) # 30000000 <__bss_end+0x2fff8c0c>
      74:	fed79ee3          	bne	a5,a3,70 <main+0x44>
		/* uninstrumented spin */
	}

	mode     = SH->mode;
      78:	00472903          	lw	s2,4(a4)
	iters    = SH->iters;
      7c:	00872a03          	lw	s4,8(a4)
	pace_div = SH->pace_div;
      80:	00c72d83          	lw	s11,12(a4)
	seed     = SH->seed + (unsigned)RV_CORE;   /* different order per core */
      84:	01472783          	lw	a5,20(a4)
	cfi_off  = SH->cfi_off;
      88:	01872683          	lw	a3,24(a4)
	cap_every = SH->cap_every;
      8c:	01c72983          	lw	s3,28(a4)
	seed     = SH->seed + (unsigned)RV_CORE;   /* different order per core */
      90:	00178d13          	addi	s10,a5,1
	cfi_off  = SH->cfi_off;
      94:	00d12423          	sw	a3,8(sp)

	SH->result[RV_CORE].done       = 0u;
      98:	1a072023          	sw	zero,416(a4)
	SH->result[RV_CORE].iters_done = 0u;
      9c:	1a072223          	sw	zero,420(a4)
	rv_local_sum    = 0u;
      a0:	000077b7          	lui	a5,0x7
      a4:	3e07a823          	sw	zero,1008(a5) # 73f0 <rv_local_sum>
	rv_private      = 0u;
      a8:	000077b7          	lui	a5,0x7
      ac:	3e07a623          	sw	zero,1004(a5) # 73ec <rv_private>
	rv_actcap_issued = 0u;
      b0:	000077b7          	lui	a5,0x7
      b4:	3e07a423          	sw	zero,1000(a5) # 73e8 <rv_actcap_issued>

	/* Start barrier: both cores are released by separate CONTROL bits and
	 * therefore at slightly different times. Without this they would not
	 * overlap at the start, and the first transactions -- the ones a short
	 * burst capture actually contains -- would never contend. */
	while (SH->go == 0u) {
      b8:	30000737          	lui	a4,0x30000
      bc:	01072783          	lw	a5,16(a4) # 30000010 <__bss_end+0x2fff8c1c>
      c0:	fe078ee3          	beqz	a5,bc <main+0x90>
      c4:	00007637          	lui	a2,0x7
	RV_CON[0] = (unsigned char)c;
}

static inline void rv_puts(const char *s)
{
	while (*s) rv_putc(*s++);
      c8:	06800593          	li	a1,104
      cc:	1e860613          	addi	a2,a2,488 # 71e8 <__modsi3+0x30>
	while (RV_CON[0] == 0u) {
      d0:	400007b7          	lui	a5,0x40000
	while (*s) rv_putc(*s++);
      d4:	00160613          	addi	a2,a2,1
	while (RV_CON[0] == 0u) {
      d8:	1007a703          	lw	a4,256(a5) # 40000100 <__bss_end+0x3fff8d0c>
      dc:	fe070ee3          	beqz	a4,d8 <main+0xac>
	RV_CON[0] = (unsigned char)c;
      e0:	10b7a023          	sw	a1,256(a5)
	while (*s) rv_putc(*s++);
      e4:	00064583          	lbu	a1,0(a2)
      e8:	fe0596e3          	bnez	a1,d4 <main+0xa8>
	while (RV_CON[0] == 0u) {
      ec:	400007b7          	lui	a5,0x40000
      f0:	1007a703          	lw	a4,256(a5) # 40000100 <__bss_end+0x3fff8d0c>
      f4:	10078693          	addi	a3,a5,256
      f8:	fe070ce3          	beqz	a4,f0 <main+0xc4>
	RV_CON[0] = (unsigned char)c;
      fc:	03100793          	li	a5,49
     100:	00f6a023          	sw	a5,0(a3)
	while (RV_CON[0] == 0u) {
     104:	400007b7          	lui	a5,0x40000
     108:	1007a703          	lw	a4,256(a5) # 40000100 <__bss_end+0x3fff8d0c>
     10c:	fe070ee3          	beqz	a4,108 <main+0xdc>
	RV_CON[0] = (unsigned char)c;
     110:	00a00713          	li	a4,10
     114:	10e7a023          	sw	a4,256(a5)
}

/* Non-blocking: -1 if nothing is waiting. */
static inline int rv_getc(void)
{
	unsigned v = RV_CON[2];
     118:	1087a703          	lw	a4,264(a5)
	while (RV_CON[0] == 0u) {
     11c:	400007b7          	lui	a5,0x40000
	return (v & 0x80000000u) ? (int)(v & 0xFFu) : -1;
     120:	00075e63          	bgez	a4,13c <main+0x110>
     124:	0ff77613          	andi	a2,a4,255
	while (RV_CON[0] == 0u) {
     128:	1007a703          	lw	a4,256(a5) # 40000100 <__bss_end+0x3fff8d0c>
     12c:	fe070ee3          	beqz	a4,128 <main+0xfc>
	RV_CON[0] = (unsigned char)c;
     130:	10c7a023          	sw	a2,256(a5)
	unsigned v = RV_CON[2];
     134:	1087a703          	lw	a4,264(a5)
	return (v & 0x80000000u) ? (int)(v & 0xFFu) : -1;
     138:	fe0746e3          	bltz	a4,124 <main+0xf8>
		while ((ch = rv_getc()) >= 0) {
			rv_putc((char)ch);
		}
	}

	for (i = 0; i < iters; i++) {
     13c:	0e0a0863          	beqz	s4,22c <main+0x200>
		/* RV_MODE_CFI_SKIP: corrupt the dispatch index once, midway. The
		 * call goes through a function-pointer table, so this is a genuine
		 * forward-edge CFI violation: control arrives at a target the call
		 * site never legitimately reaches, and the checkpoint sequence says
		 * so even though no memory is corrupted and nothing crashes. */
		if (mode == RV_MODE_CFI_SKIP && i == (iters / 2u)) {
     140:	001a5793          	srli	a5,s4,0x1
     144:	00f12223          	sw	a5,4(sp)
		rv_table[idx]();

		/* Software instrumentation with a runtime payload, spread across
		 * the run rather than clustered at the start. */
		if (cap_every != 0u && (i % cap_every) == 0u && (idx % 4u) == 0u) {
			rv_cap_table[(idx / 4u) % RV_N_CAP]();
     148:	000077b7          	lui	a5,0x7
     14c:	00007b37          	lui	s6,0x7
	*s = (*s * 1664525u) + 1013904223u;
     150:	3c6efab7          	lui	s5,0x3c6ef
			rv_cap_table[(idx / 4u) % RV_N_CAP]();
     154:	1f478793          	addi	a5,a5,500 # 71f4 <rv_cap_table>
		if (mode == RV_MODE_CFI_SKIP && i == (iters / 2u)) {
     158:	00000493          	li	s1,0
     15c:	258b0b13          	addi	s6,s6,600 # 7258 <rv_table>
	*s = (*s * 1664525u) + 1013904223u;
     160:	35fa8a93          	addi	s5,s5,863 # 3c6ef35f <__bss_end+0x3c6e7f6b>
		if (mode == RV_MODE_CFI_SKIP && i == (iters / 2u)) {
     164:	00400c13          	li	s8,4

		/* RV_MODE_LOCK_ORDER: take two locks in opposite order per core.
		 * No deadlock is provoked here -- the point is that the ORDER GRAPH
		 * is cyclic, which a runtime monitor can see in a run that happened
		 * to go well. That is the whole idea of runtime verification. */
		if (mode == RV_MODE_LOCK_ORDER) {
     168:	00300c93          	li	s9,3
			rv_cap_table[(idx / 4u) % RV_N_CAP]();
     16c:	00f12623          	sw	a5,12(sp)
			rv_lock_order();
		}

		SH->result[RV_CORE].iters_done = i + 1u;
     170:	30000bb7          	lui	s7,0x30000
	*s = (*s * 1664525u) + 1013904223u;
     174:	002d1713          	slli	a4,s10,0x2
     178:	01a707b3          	add	a5,a4,s10
     17c:	00679713          	slli	a4,a5,0x6
     180:	40f70733          	sub	a4,a4,a5
     184:	00271713          	slli	a4,a4,0x2
     188:	01a70733          	add	a4,a4,s10
     18c:	00571793          	slli	a5,a4,0x5
     190:	00f707b3          	add	a5,a4,a5
     194:	00379793          	slli	a5,a5,0x3
     198:	01a787b3          	add	a5,a5,s10
     19c:	00279713          	slli	a4,a5,0x2
     1a0:	00e787b3          	add	a5,a5,a4
     1a4:	01578d33          	add	s10,a5,s5
		idx = lcg(&seed) % RV_N_FUNCS;
     1a8:	06400593          	li	a1,100
     1ac:	000d0513          	mv	a0,s10
     1b0:	7d5060ef          	jal	ra,7184 <__umodsi3>
     1b4:	00050413          	mv	s0,a0
		if (mode == RV_MODE_CFI_SKIP && i == (iters / 2u)) {
     1b8:	0f890463          	beq	s2,s8,2a0 <main+0x274>
		rv_table[idx]();
     1bc:	00251793          	slli	a5,a0,0x2
     1c0:	00fb07b3          	add	a5,s6,a5
     1c4:	0007a783          	lw	a5,0(a5)
     1c8:	000780e7          	jalr	a5
		if (cap_every != 0u && (i % cap_every) == 0u && (idx % 4u) == 0u) {
     1cc:	02098863          	beqz	s3,1fc <main+0x1d0>
     1d0:	00098593          	mv	a1,s3
     1d4:	00048513          	mv	a0,s1
     1d8:	7ad060ef          	jal	ra,7184 <__umodsi3>
     1dc:	00347793          	andi	a5,s0,3
     1e0:	00f567b3          	or	a5,a0,a5
     1e4:	00079c63          	bnez	a5,1fc <main+0x1d0>
			rv_cap_table[(idx / 4u) % RV_N_CAP]();
     1e8:	00c12703          	lw	a4,12(sp)
     1ec:	ffc47793          	andi	a5,s0,-4
     1f0:	00f707b3          	add	a5,a4,a5
     1f4:	0007a783          	lw	a5,0(a5)
     1f8:	000780e7          	jalr	a5
		if (mode == RV_MODE_LOCK_ORDER) {
     1fc:	0d990c63          	beq	s2,s9,2d4 <main+0x2a8>
		SH->result[RV_CORE].iters_done = i + 1u;
     200:	00148493          	addi	s1,s1,1
     204:	1a9ba223          	sw	s1,420(s7) # 300001a4 <__bss_end+0x2fff8db0>
	for (i = 0; i < n; i++) {
     208:	00012e23          	sw	zero,28(sp)
     20c:	01c12783          	lw	a5,28(sp)
     210:	01b7fc63          	bgeu	a5,s11,228 <main+0x1fc>
     214:	01c12783          	lw	a5,28(sp)
     218:	00178793          	addi	a5,a5,1
     21c:	00f12e23          	sw	a5,28(sp)
     220:	01c12783          	lw	a5,28(sp)
     224:	ffb7e8e3          	bltu	a5,s11,214 <main+0x1e8>
	for (i = 0; i < iters; i++) {
     228:	f54496e3          	bne	s1,s4,174 <main+0x148>
		pace(pace_div);
	}

	SH->result[RV_CORE].local_sum     = rv_local_sum;
     22c:	000077b7          	lui	a5,0x7
     230:	3f07a703          	lw	a4,1008(a5) # 73f0 <rv_local_sum>
     234:	300007b7          	lui	a5,0x30000
	SH->result[RV_CORE].acct_snapshot = SH->balance;
	SH->result[RV_CORE].actcap_issued = rv_actcap_issued;
	SH->result[RV_CORE].done          = RV_DONE_MAGIC;

	return 0;   /* crt0 parks in a halt loop: a stable PC the bench detects */
}
     238:	05c12083          	lw	ra,92(sp)
	SH->result[RV_CORE].local_sum     = rv_local_sum;
     23c:	1ae7a423          	sw	a4,424(a5) # 300001a8 <__bss_end+0x2fff8db4>
	SH->result[RV_CORE].local_count   = iters;
     240:	1b47a623          	sw	s4,428(a5)
	SH->result[RV_CORE].acct_snapshot = SH->balance;
     244:	0607a703          	lw	a4,96(a5)
}
     248:	05812403          	lw	s0,88(sp)
     24c:	05412483          	lw	s1,84(sp)
	SH->result[RV_CORE].acct_snapshot = SH->balance;
     250:	1ae7a823          	sw	a4,432(a5)
	SH->result[RV_CORE].actcap_issued = rv_actcap_issued;
     254:	00007737          	lui	a4,0x7
     258:	3e872703          	lw	a4,1000(a4) # 73e8 <rv_actcap_issued>
}
     25c:	05012903          	lw	s2,80(sp)
     260:	04c12983          	lw	s3,76(sp)
	SH->result[RV_CORE].actcap_issued = rv_actcap_issued;
     264:	1ae7aa23          	sw	a4,436(a5)
	SH->result[RV_CORE].done          = RV_DONE_MAGIC;
     268:	0e0de737          	lui	a4,0xe0de
     26c:	a7a70713          	addi	a4,a4,-1414 # e0dda7a <__bss_end+0xe0d6686>
     270:	1ae7a023          	sw	a4,416(a5)
}
     274:	04812a03          	lw	s4,72(sp)
     278:	04412a83          	lw	s5,68(sp)
     27c:	04012b03          	lw	s6,64(sp)
     280:	03c12b83          	lw	s7,60(sp)
     284:	03812c03          	lw	s8,56(sp)
     288:	03412c83          	lw	s9,52(sp)
     28c:	03012d03          	lw	s10,48(sp)
     290:	02c12d83          	lw	s11,44(sp)
     294:	00000513          	li	a0,0
     298:	06010113          	addi	sp,sp,96
     29c:	00008067          	ret
		if (mode == RV_MODE_CFI_SKIP && i == (iters / 2u)) {
     2a0:	00412783          	lw	a5,4(sp)
     2a4:	00979c63          	bne	a5,s1,2bc <main+0x290>
			idx = (idx + cfi_off) % RV_N_FUNCS;
     2a8:	00812783          	lw	a5,8(sp)
     2ac:	06400593          	li	a1,100
     2b0:	00a78533          	add	a0,a5,a0
     2b4:	6d1060ef          	jal	ra,7184 <__umodsi3>
     2b8:	00050413          	mv	s0,a0
		rv_table[idx]();
     2bc:	00241793          	slli	a5,s0,0x2
     2c0:	00fb07b3          	add	a5,s6,a5
     2c4:	0007a783          	lw	a5,0(a5)
     2c8:	000780e7          	jalr	a5
		if (cap_every != 0u && (i % cap_every) == 0u && (idx % 4u) == 0u) {
     2cc:	f00992e3          	bnez	s3,1d0 <main+0x1a4>
     2d0:	f31ff06f          	j	200 <main+0x1d4>
			rv_lock_order();
     2d4:	5a5060ef          	jal	ra,7078 <rv_lock_order>
     2d8:	f29ff06f          	j	200 <main+0x1d4>

000002dc <rv_t000>:
unsigned rv_local_sum;
unsigned rv_private;
unsigned rv_actcap_issued;

void rv_t000(void)
{
     2dc:	ff010113          	addi	sp,sp,-16
     2e0:	00112623          	sw	ra,12(sp)
     2e4:	00812423          	sw	s0,8(sp)
     2e8:	00912223          	sw	s1,4(sp)
     2ec:	01212023          	sw	s2,0(sp)

000002f0 <rvs_0>:
	unsigned h, t, v, p;

	RV_MARK(0);
     2f0:	00000013          	nop
	RV_LD(h, &SH->ring_head, 1);
     2f4:	30000437          	lui	s0,0x30000
     2f8:	08040793          	addi	a5,s0,128 # 30000080 <__bss_end+0x2fff8c8c>

000002fc <rvs_1>:
     2fc:	0007a783          	lw	a5,0(a5)
	RV_LD(t, &SH->ring_tail, 2);
     300:	08440913          	addi	s2,s0,132

00000304 <rvs_2>:
     304:	00092483          	lw	s1,0(s2)

00000308 <rvs_7>:
	RV_MARK(7);
     308:	00000013          	nop
	if (h != t) {
     30c:	04978063          	beq	a5,s1,34c <rvs_4+0x4>
		RV_LD(v, &SH->ring[t % RV_RING_SLOTS], 3);
     310:	03c00593          	li	a1,60
     314:	00048513          	mv	a0,s1
     318:	66d060ef          	jal	ra,7184 <__umodsi3>
     31c:	00251793          	slli	a5,a0,0x2
     320:	09040413          	addi	s0,s0,144
     324:	008787b3          	add	a5,a5,s0

00000328 <rvs_3>:
     328:	0007a783          	lw	a5,0(a5)
		rv_local_sum += v;
     32c:	000076b7          	lui	a3,0x7
     330:	3f06a703          	lw	a4,1008(a3) # 73f0 <rv_local_sum>
		RV_ST(&SH->ring_tail, (t + 1u) % RV_RING_SLOTS, 4);
     334:	03c00593          	li	a1,60
     338:	00148513          	addi	a0,s1,1
		rv_local_sum += v;
     33c:	00f707b3          	add	a5,a4,a5
     340:	3ef6a823          	sw	a5,1008(a3)
		RV_ST(&SH->ring_tail, (t + 1u) % RV_RING_SLOTS, 4);
     344:	641060ef          	jal	ra,7184 <__umodsi3>

00000348 <rvs_4>:
     348:	00a92023          	sw	a0,0(s2)
	}
	RV_LD(p, &rv_private, 5);
     34c:	000077b7          	lui	a5,0x7
     350:	3ec78793          	addi	a5,a5,1004 # 73ec <rv_private>

00000354 <rvs_5>:
     354:	0007a703          	lw	a4,0(a5)
	RV_ST(&rv_private, p + 1u, 6);
     358:	00170693          	addi	a3,a4,1

0000035c <rvs_6>:
     35c:	00d7a023          	sw	a3,0(a5)
	RV_ST(&SH->seq, p, 8);
     360:	300007b7          	lui	a5,0x30000
     364:	06c78793          	addi	a5,a5,108 # 3000006c <__bss_end+0x2fff8c78>

00000368 <rvs_8>:
     368:	00e7a023          	sw	a4,0(a5)

0000036c <rvs_9>:
	RV_MARK(9);
     36c:	00000013          	nop
}
     370:	00c12083          	lw	ra,12(sp)
     374:	00812403          	lw	s0,8(sp)
     378:	00412483          	lw	s1,4(sp)
     37c:	00012903          	lw	s2,0(sp)
     380:	01010113          	addi	sp,sp,16
     384:	00008067          	ret

00000388 <rv_t000_cap>:
void rv_t000_cap(void)
{
	unsigned w;
	/* The tag is COMPUTED here -- an ACT-ST trigger could only ever carry
	 * the constant its table entry was loaded with. */
	w = RV_ACT_WORD(RV_ACT_CMD_DAQ_PC_CURR, RV_ACT_SINK_AXIS,
     388:	30000537          	lui	a0,0x30000
     38c:	08052703          	lw	a4,128(a0) # 30000080 <__bss_end+0x2fff8c8c>
     390:	200007b7          	lui	a5,0x20000
     394:	f0078613          	addi	a2,a5,-256 # 1fffff00 <__bss_end+0x1fff8b0c>
     398:	00871713          	slli	a4,a4,0x8
     39c:	e00006b7          	lui	a3,0xe0000
     3a0:	00c77733          	and	a4,a4,a2
     3a4:	04168693          	addi	a3,a3,65 # e0000041 <__bss_end+0xdfff8c4d>
	                RV_TAG_VALUE(SH->ring_head & RV_VALUE_MASK));
	RV_ACTCAP_AT(10, w);
     3a8:	400005b7          	lui	a1,0x40000
	w = RV_ACT_WORD(RV_ACT_CMD_DAQ_PC_CURR, RV_ACT_SINK_AXIS,
     3ac:	00d76733          	or	a4,a4,a3

000003b0 <rvs_10>:
	RV_ACTCAP_AT(10, w);
     3b0:	00e5a023          	sw	a4,0(a1) # 40000000 <__bss_end+0x3fff8c0c>
     3b4:	00000013          	nop
     3b8:	00000013          	nop
     3bc:	00000013          	nop
     3c0:	00000013          	nop
     3c4:	00000013          	nop
     3c8:	00000013          	nop
	w = RV_ACT_WORD(RV_ACT_CMD_DAQ_PC_CURR, RV_ACT_SINK_AXIS,
     3cc:	06052783          	lw	a5,96(a0)
     3d0:	00879793          	slli	a5,a5,0x8
     3d4:	00c7f7b3          	and	a5,a5,a2
     3d8:	00d7e7b3          	or	a5,a5,a3

000003dc <rvs_11>:
	                RV_TAG_VALUE(SH->balance & RV_VALUE_MASK));
	RV_ACTCAP_AT(11, w);
     3dc:	00f5a023          	sw	a5,0(a1)
     3e0:	00000013          	nop
     3e4:	00000013          	nop
     3e8:	00000013          	nop
     3ec:	00000013          	nop
     3f0:	00000013          	nop
     3f4:	00000013          	nop
	rv_actcap_issued += 2u;
     3f8:	00007737          	lui	a4,0x7
     3fc:	3e872783          	lw	a5,1000(a4) # 73e8 <rv_actcap_issued>
     400:	00278793          	addi	a5,a5,2
     404:	3ef72423          	sw	a5,1000(a4)
}
     408:	00008067          	ret

0000040c <rv_t001>:

void rv_t001(void)
{
     40c:	ff010113          	addi	sp,sp,-16
     410:	00112623          	sw	ra,12(sp)
     414:	00812423          	sw	s0,8(sp)
     418:	00912223          	sw	s1,4(sp)
     41c:	01212023          	sw	s2,0(sp)

00000420 <rvs_12>:
	unsigned h, t, v, p;

	RV_MARK(12);
     420:	00000013          	nop
	RV_LD(h, &SH->ring_head, 13);
     424:	30000437          	lui	s0,0x30000
     428:	08040793          	addi	a5,s0,128 # 30000080 <__bss_end+0x2fff8c8c>

0000042c <rvs_13>:
     42c:	0007a783          	lw	a5,0(a5)
	RV_LD(t, &SH->ring_tail, 14);
     430:	08440913          	addi	s2,s0,132

00000434 <rvs_14>:
     434:	00092483          	lw	s1,0(s2)

00000438 <rvs_19>:
	RV_MARK(19);
     438:	00000013          	nop
	if (h != t) {
     43c:	04978063          	beq	a5,s1,47c <rvs_16+0x4>
		RV_LD(v, &SH->ring[t % RV_RING_SLOTS], 15);
     440:	03c00593          	li	a1,60
     444:	00048513          	mv	a0,s1
     448:	53d060ef          	jal	ra,7184 <__umodsi3>
     44c:	00251793          	slli	a5,a0,0x2
     450:	09040413          	addi	s0,s0,144
     454:	008787b3          	add	a5,a5,s0

00000458 <rvs_15>:
     458:	0007a783          	lw	a5,0(a5)
		rv_local_sum += v;
     45c:	000076b7          	lui	a3,0x7
     460:	3f06a703          	lw	a4,1008(a3) # 73f0 <rv_local_sum>
		RV_ST(&SH->ring_tail, (t + 1u) % RV_RING_SLOTS, 16);
     464:	03c00593          	li	a1,60
     468:	00148513          	addi	a0,s1,1
		rv_local_sum += v;
     46c:	00f707b3          	add	a5,a4,a5
     470:	3ef6a823          	sw	a5,1008(a3)
		RV_ST(&SH->ring_tail, (t + 1u) % RV_RING_SLOTS, 16);
     474:	511060ef          	jal	ra,7184 <__umodsi3>

00000478 <rvs_16>:
     478:	00a92023          	sw	a0,0(s2)
	}
	RV_LD(p, &rv_private, 17);
     47c:	000077b7          	lui	a5,0x7
     480:	3ec78793          	addi	a5,a5,1004 # 73ec <rv_private>

00000484 <rvs_17>:
     484:	0007a703          	lw	a4,0(a5)
	RV_ST(&rv_private, p + 1u, 18);
     488:	00170693          	addi	a3,a4,1

0000048c <rvs_18>:
     48c:	00d7a023          	sw	a3,0(a5)
	RV_ST(&SH->seq, p, 20);
     490:	300007b7          	lui	a5,0x30000
     494:	06c78793          	addi	a5,a5,108 # 3000006c <__bss_end+0x2fff8c78>

00000498 <rvs_20>:
     498:	00e7a023          	sw	a4,0(a5)

0000049c <rvs_21>:
	RV_MARK(21);
     49c:	00000013          	nop
}
     4a0:	00c12083          	lw	ra,12(sp)
     4a4:	00812403          	lw	s0,8(sp)
     4a8:	00412483          	lw	s1,4(sp)
     4ac:	00012903          	lw	s2,0(sp)
     4b0:	01010113          	addi	sp,sp,16
     4b4:	00008067          	ret

000004b8 <rv_t002>:

void rv_t002(void)
{
     4b8:	ff010113          	addi	sp,sp,-16
     4bc:	00112623          	sw	ra,12(sp)
     4c0:	00812423          	sw	s0,8(sp)
     4c4:	00912223          	sw	s1,4(sp)
     4c8:	01212023          	sw	s2,0(sp)

000004cc <rvs_22>:
	unsigned h, t, v, p;

	RV_MARK(22);
     4cc:	00000013          	nop
	RV_LD(h, &SH->ring_head, 23);
     4d0:	30000437          	lui	s0,0x30000
     4d4:	08040793          	addi	a5,s0,128 # 30000080 <__bss_end+0x2fff8c8c>

000004d8 <rvs_23>:
     4d8:	0007a783          	lw	a5,0(a5)
	RV_LD(t, &SH->ring_tail, 24);
     4dc:	08440913          	addi	s2,s0,132

000004e0 <rvs_24>:
     4e0:	00092483          	lw	s1,0(s2)

000004e4 <rvs_29>:
	RV_MARK(29);
     4e4:	00000013          	nop
	if (h != t) {
     4e8:	04978063          	beq	a5,s1,528 <rvs_26+0x4>
		RV_LD(v, &SH->ring[t % RV_RING_SLOTS], 25);
     4ec:	03c00593          	li	a1,60
     4f0:	00048513          	mv	a0,s1
     4f4:	491060ef          	jal	ra,7184 <__umodsi3>
     4f8:	00251793          	slli	a5,a0,0x2
     4fc:	09040413          	addi	s0,s0,144
     500:	008787b3          	add	a5,a5,s0

00000504 <rvs_25>:
     504:	0007a783          	lw	a5,0(a5)
		rv_local_sum += v;
     508:	000076b7          	lui	a3,0x7
     50c:	3f06a703          	lw	a4,1008(a3) # 73f0 <rv_local_sum>
		RV_ST(&SH->ring_tail, (t + 1u) % RV_RING_SLOTS, 26);
     510:	03c00593          	li	a1,60
     514:	00148513          	addi	a0,s1,1
		rv_local_sum += v;
     518:	00f707b3          	add	a5,a4,a5
     51c:	3ef6a823          	sw	a5,1008(a3)
		RV_ST(&SH->ring_tail, (t + 1u) % RV_RING_SLOTS, 26);
     520:	465060ef          	jal	ra,7184 <__umodsi3>

00000524 <rvs_26>:
     524:	00a92023          	sw	a0,0(s2)
	}
	RV_LD(p, &rv_private, 27);
     528:	000077b7          	lui	a5,0x7
     52c:	3ec78793          	addi	a5,a5,1004 # 73ec <rv_private>

00000530 <rvs_27>:
     530:	0007a703          	lw	a4,0(a5)
	RV_ST(&rv_private, p + 1u, 28);
     534:	00170693          	addi	a3,a4,1

00000538 <rvs_28>:
     538:	00d7a023          	sw	a3,0(a5)
	RV_ST(&SH->seq, p, 30);
     53c:	300007b7          	lui	a5,0x30000
     540:	06c78793          	addi	a5,a5,108 # 3000006c <__bss_end+0x2fff8c78>

00000544 <rvs_30>:
     544:	00e7a023          	sw	a4,0(a5)

00000548 <rvs_31>:
	RV_MARK(31);
     548:	00000013          	nop
}
     54c:	00c12083          	lw	ra,12(sp)
     550:	00812403          	lw	s0,8(sp)
     554:	00412483          	lw	s1,4(sp)
     558:	00012903          	lw	s2,0(sp)
     55c:	01010113          	addi	sp,sp,16
     560:	00008067          	ret

00000564 <rv_t003>:

void rv_t003(void)
{
	unsigned v, c, lk;
	unsigned use_lock = (SH->mode != RV_MODE_RACE_OPEN);
     564:	300007b7          	lui	a5,0x30000
     568:	0047a603          	lw	a2,4(a5) # 30000004 <__bss_end+0x2fff8c10>
	/* RV_MODE_RACE_WRONG_LOCK: each core takes a DIFFERENT lock, so both
	 * believe they are protected and neither excludes the other. */
	lk = (SH->mode == RV_MODE_RACE_WRONG_LOCK) ? 1u : 0u;
     56c:	0047a683          	lw	a3,4(a5)
     570:	ffe68693          	addi	a3,a3,-2
     574:	0016b693          	seqz	a3,a3

00000578 <rvs_32>:

	RV_MARK(32);
     578:	00000013          	nop
	if (use_lock) {
     57c:	00100713          	li	a4,1
     580:	06e60263          	beq	a2,a4,5e4 <rvs_34+0x34>
		RV_ACQUIRE(lk, 1u, 0u, 33, 34);
     584:	00469513          	slli	a0,a3,0x4
     588:	00a785b3          	add	a1,a5,a0
     58c:	02458593          	addi	a1,a1,36

00000590 <rvs_33>:
     590:	00e5a023          	sw	a4,0(a1)
     594:	00a787b3          	add	a5,a5,a0
     598:	0207a423          	sw	zero,40(a5)
     59c:	00c0006f          	j	5a8 <rvs_33+0x18>
     5a0:	0287a703          	lw	a4,40(a5)
     5a4:	00071663          	bnez	a4,5b0 <rvs_34>
     5a8:	0207a703          	lw	a4,32(a5)
     5ac:	fe071ae3          	bnez	a4,5a0 <rvs_33+0x10>

000005b0 <rvs_34>:
     5b0:	00000013          	nop
     5b4:	a8002737          	lui	a4,0xa8002
     5b8:	01369793          	slli	a5,a3,0x13
     5bc:	24170713          	addi	a4,a4,577 # a8002241 <__bss_end+0xa7ffae4d>
     5c0:	00e7e7b3          	or	a5,a5,a4
     5c4:	40000737          	lui	a4,0x40000
     5c8:	00f72023          	sw	a5,0(a4) # 40000000 <__bss_end+0x3fff8c0c>
     5cc:	00000013          	nop
     5d0:	00000013          	nop
     5d4:	00000013          	nop
     5d8:	00000013          	nop
     5dc:	00000013          	nop
     5e0:	00000013          	nop
	}
	RV_LD(v, &SH->balance, 35);
     5e4:	30000737          	lui	a4,0x30000
     5e8:	06070593          	addi	a1,a4,96 # 30000060 <__bss_end+0x2fff8c6c>

000005ec <rvs_35>:
     5ec:	0005a783          	lw	a5,0(a1)
	v += 4u;
     5f0:	00478793          	addi	a5,a5,4

000005f4 <rvs_36>:
	RV_ST(&SH->balance, v, 36);
     5f4:	00f5a023          	sw	a5,0(a1)
	RV_LD(c, &SH->count, 37);
     5f8:	06470513          	addi	a0,a4,100

000005fc <rvs_37>:
     5fc:	00052583          	lw	a1,0(a0)
	RV_ST(&SH->count, c + 1u, 38);
     600:	00158813          	addi	a6,a1,1

00000604 <rvs_38>:
     604:	01052023          	sw	a6,0(a0)
	RV_ST(&SH->checksum, (c ^ v) + 3u, 39);
     608:	00b7c7b3          	xor	a5,a5,a1
     60c:	00378793          	addi	a5,a5,3
     610:	06870593          	addi	a1,a4,104

00000614 <rvs_39>:
     614:	00f5a023          	sw	a5,0(a1)
	if (use_lock) {
     618:	00100793          	li	a5,1
     61c:	04f60463          	beq	a2,a5,664 <rvs_41>
		RV_RELEASE(lk, 1u, 40);
     620:	00469793          	slli	a5,a3,0x4
     624:	00f70733          	add	a4,a4,a5
     628:	02470713          	addi	a4,a4,36
     62c:	00000793          	li	a5,0

00000630 <rvs_40>:
     630:	00f72023          	sw	a5,0(a4)
     634:	b00037b7          	lui	a5,0xb0003
     638:	84178793          	addi	a5,a5,-1983 # b0002841 <__bss_end+0xafffb44d>
     63c:	01369693          	slli	a3,a3,0x13
     640:	00f6e6b3          	or	a3,a3,a5
     644:	400007b7          	lui	a5,0x40000
     648:	00d7a023          	sw	a3,0(a5) # 40000000 <__bss_end+0x3fff8c0c>
     64c:	00000013          	nop
     650:	00000013          	nop
     654:	00000013          	nop
     658:	00000013          	nop
     65c:	00000013          	nop
     660:	00000013          	nop

00000664 <rvs_41>:
	}
	RV_MARK(41);
     664:	00000013          	nop
	rv_local_sum += 4u;
     668:	00007737          	lui	a4,0x7
     66c:	3f072783          	lw	a5,1008(a4) # 73f0 <rv_local_sum>
     670:	00478793          	addi	a5,a5,4
     674:	3ef72823          	sw	a5,1008(a4)
}
     678:	00008067          	ret

0000067c <rv_t004>:

void rv_t004(void)
{
	unsigned v, c, lk;
	unsigned use_lock = (SH->mode != RV_MODE_RACE_OPEN);
     67c:	300007b7          	lui	a5,0x30000
     680:	0047a603          	lw	a2,4(a5) # 30000004 <__bss_end+0x2fff8c10>
	/* RV_MODE_RACE_WRONG_LOCK: each core takes a DIFFERENT lock, so both
	 * believe they are protected and neither excludes the other. */
	lk = (SH->mode == RV_MODE_RACE_WRONG_LOCK) ? 1u : 0u;
     684:	0047a683          	lw	a3,4(a5)
     688:	ffe68693          	addi	a3,a3,-2
     68c:	0016b693          	seqz	a3,a3

00000690 <rvs_42>:

	RV_MARK(42);
     690:	00000013          	nop
	if (use_lock) {
     694:	00100713          	li	a4,1
     698:	06e60263          	beq	a2,a4,6fc <rvs_44+0x34>
		RV_ACQUIRE(lk, 1u, 0u, 43, 44);
     69c:	00469513          	slli	a0,a3,0x4
     6a0:	00a785b3          	add	a1,a5,a0
     6a4:	02458593          	addi	a1,a1,36

000006a8 <rvs_43>:
     6a8:	00e5a023          	sw	a4,0(a1)
     6ac:	00a787b3          	add	a5,a5,a0
     6b0:	0207a423          	sw	zero,40(a5)
     6b4:	00c0006f          	j	6c0 <rvs_43+0x18>
     6b8:	0287a703          	lw	a4,40(a5)
     6bc:	00071663          	bnez	a4,6c8 <rvs_44>
     6c0:	0207a703          	lw	a4,32(a5)
     6c4:	fe071ae3          	bnez	a4,6b8 <rvs_43+0x10>

000006c8 <rvs_44>:
     6c8:	00000013          	nop
     6cc:	a8003737          	lui	a4,0xa8003
     6d0:	01369793          	slli	a5,a3,0x13
     6d4:	c4170713          	addi	a4,a4,-959 # a8002c41 <__bss_end+0xa7ffb84d>
     6d8:	00e7e7b3          	or	a5,a5,a4
     6dc:	40000737          	lui	a4,0x40000
     6e0:	00f72023          	sw	a5,0(a4) # 40000000 <__bss_end+0x3fff8c0c>
     6e4:	00000013          	nop
     6e8:	00000013          	nop
     6ec:	00000013          	nop
     6f0:	00000013          	nop
     6f4:	00000013          	nop
     6f8:	00000013          	nop
	}
	RV_LD(v, &SH->balance, 45);
     6fc:	30000737          	lui	a4,0x30000
     700:	06070593          	addi	a1,a4,96 # 30000060 <__bss_end+0x2fff8c6c>

00000704 <rvs_45>:
     704:	0005a783          	lw	a5,0(a1)
	v += 5u;
     708:	00578793          	addi	a5,a5,5

0000070c <rvs_46>:
	RV_ST(&SH->balance, v, 46);
     70c:	00f5a023          	sw	a5,0(a1)
	RV_LD(c, &SH->count, 47);
     710:	06470513          	addi	a0,a4,100

00000714 <rvs_47>:
     714:	00052583          	lw	a1,0(a0)
	RV_ST(&SH->count, c + 1u, 48);
     718:	00158813          	addi	a6,a1,1

0000071c <rvs_48>:
     71c:	01052023          	sw	a6,0(a0)
	RV_ST(&SH->checksum, (c ^ v) + 4u, 49);
     720:	00b7c7b3          	xor	a5,a5,a1
     724:	00478793          	addi	a5,a5,4
     728:	06870593          	addi	a1,a4,104

0000072c <rvs_49>:
     72c:	00f5a023          	sw	a5,0(a1)
	if (use_lock) {
     730:	00100793          	li	a5,1
     734:	04f60463          	beq	a2,a5,77c <rvs_51>
		RV_RELEASE(lk, 1u, 50);
     738:	00469793          	slli	a5,a3,0x4
     73c:	00f70733          	add	a4,a4,a5
     740:	02470713          	addi	a4,a4,36
     744:	00000793          	li	a5,0

00000748 <rvs_50>:
     748:	00f72023          	sw	a5,0(a4)
     74c:	b00037b7          	lui	a5,0xb0003
     750:	24178793          	addi	a5,a5,577 # b0003241 <__bss_end+0xafffbe4d>
     754:	01369693          	slli	a3,a3,0x13
     758:	00f6e6b3          	or	a3,a3,a5
     75c:	400007b7          	lui	a5,0x40000
     760:	00d7a023          	sw	a3,0(a5) # 40000000 <__bss_end+0x3fff8c0c>
     764:	00000013          	nop
     768:	00000013          	nop
     76c:	00000013          	nop
     770:	00000013          	nop
     774:	00000013          	nop
     778:	00000013          	nop

0000077c <rvs_51>:
	}
	RV_MARK(51);
     77c:	00000013          	nop
	rv_local_sum += 5u;
     780:	00007737          	lui	a4,0x7
     784:	3f072783          	lw	a5,1008(a4) # 73f0 <rv_local_sum>
     788:	00578793          	addi	a5,a5,5
     78c:	3ef72823          	sw	a5,1008(a4)
}
     790:	00008067          	ret

00000794 <rv_t004_cap>:
void rv_t004_cap(void)
{
	unsigned w;
	/* The tag is COMPUTED here -- an ACT-ST trigger could only ever carry
	 * the constant its table entry was loaded with. */
	w = RV_ACT_WORD(RV_ACT_CMD_DAQ_PC_CURR, RV_ACT_SINK_AXIS,
     794:	30000537          	lui	a0,0x30000
     798:	08052703          	lw	a4,128(a0) # 30000080 <__bss_end+0x2fff8c8c>
     79c:	200007b7          	lui	a5,0x20000
     7a0:	f0078613          	addi	a2,a5,-256 # 1fffff00 <__bss_end+0x1fff8b0c>
     7a4:	00871713          	slli	a4,a4,0x8
     7a8:	e00006b7          	lui	a3,0xe0000
     7ac:	00c77733          	and	a4,a4,a2
     7b0:	04168693          	addi	a3,a3,65 # e0000041 <__bss_end+0xdfff8c4d>
	                RV_TAG_VALUE(SH->ring_head & RV_VALUE_MASK));
	RV_ACTCAP_AT(52, w);
     7b4:	400005b7          	lui	a1,0x40000
	w = RV_ACT_WORD(RV_ACT_CMD_DAQ_PC_CURR, RV_ACT_SINK_AXIS,
     7b8:	00d76733          	or	a4,a4,a3

000007bc <rvs_52>:
	RV_ACTCAP_AT(52, w);
     7bc:	00e5a023          	sw	a4,0(a1) # 40000000 <__bss_end+0x3fff8c0c>
     7c0:	00000013          	nop
     7c4:	00000013          	nop
     7c8:	00000013          	nop
     7cc:	00000013          	nop
     7d0:	00000013          	nop
     7d4:	00000013          	nop
	w = RV_ACT_WORD(RV_ACT_CMD_DAQ_PC_CURR, RV_ACT_SINK_AXIS,
     7d8:	06052783          	lw	a5,96(a0)
     7dc:	00879793          	slli	a5,a5,0x8
     7e0:	00c7f7b3          	and	a5,a5,a2
     7e4:	00d7e7b3          	or	a5,a5,a3

000007e8 <rvs_53>:
	                RV_TAG_VALUE(SH->balance & RV_VALUE_MASK));
	RV_ACTCAP_AT(53, w);
     7e8:	00f5a023          	sw	a5,0(a1)
     7ec:	00000013          	nop
     7f0:	00000013          	nop
     7f4:	00000013          	nop
     7f8:	00000013          	nop
     7fc:	00000013          	nop
     800:	00000013          	nop
	rv_actcap_issued += 2u;
     804:	00007737          	lui	a4,0x7
     808:	3e872783          	lw	a5,1000(a4) # 73e8 <rv_actcap_issued>
     80c:	00278793          	addi	a5,a5,2
     810:	3ef72423          	sw	a5,1000(a4)
}
     814:	00008067          	ret

00000818 <rv_t005>:

void rv_t005(void)
{
	unsigned v, c, lk;
	unsigned use_lock = (SH->mode != RV_MODE_RACE_OPEN);
     818:	300007b7          	lui	a5,0x30000
     81c:	0047a603          	lw	a2,4(a5) # 30000004 <__bss_end+0x2fff8c10>
	/* RV_MODE_RACE_WRONG_LOCK: each core takes a DIFFERENT lock, so both
	 * believe they are protected and neither excludes the other. */
	lk = (SH->mode == RV_MODE_RACE_WRONG_LOCK) ? 1u : 0u;
     820:	0047a683          	lw	a3,4(a5)
     824:	ffe68693          	addi	a3,a3,-2
     828:	0016b693          	seqz	a3,a3

0000082c <rvs_54>:

	RV_MARK(54);
     82c:	00000013          	nop
	if (use_lock) {
     830:	00100713          	li	a4,1
     834:	06e60263          	beq	a2,a4,898 <rvs_56+0x34>
		RV_ACQUIRE(lk, 1u, 0u, 55, 56);
     838:	00469513          	slli	a0,a3,0x4
     83c:	00a785b3          	add	a1,a5,a0
     840:	02458593          	addi	a1,a1,36

00000844 <rvs_55>:
     844:	00e5a023          	sw	a4,0(a1)
     848:	00a787b3          	add	a5,a5,a0
     84c:	0207a423          	sw	zero,40(a5)
     850:	00c0006f          	j	85c <rvs_55+0x18>
     854:	0287a703          	lw	a4,40(a5)
     858:	00071663          	bnez	a4,864 <rvs_56>
     85c:	0207a703          	lw	a4,32(a5)
     860:	fe071ae3          	bnez	a4,854 <rvs_55+0x10>

00000864 <rvs_56>:
     864:	00000013          	nop
     868:	a8004737          	lui	a4,0xa8004
     86c:	01369793          	slli	a5,a3,0x13
     870:	84170713          	addi	a4,a4,-1983 # a8003841 <__bss_end+0xa7ffc44d>
     874:	00e7e7b3          	or	a5,a5,a4
     878:	40000737          	lui	a4,0x40000
     87c:	00f72023          	sw	a5,0(a4) # 40000000 <__bss_end+0x3fff8c0c>
     880:	00000013          	nop
     884:	00000013          	nop
     888:	00000013          	nop
     88c:	00000013          	nop
     890:	00000013          	nop
     894:	00000013          	nop
	}
	RV_LD(v, &SH->balance, 57);
     898:	30000737          	lui	a4,0x30000
     89c:	06070593          	addi	a1,a4,96 # 30000060 <__bss_end+0x2fff8c6c>

000008a0 <rvs_57>:
     8a0:	0005a783          	lw	a5,0(a1)
	v += 6u;
     8a4:	00678793          	addi	a5,a5,6

000008a8 <rvs_58>:
	RV_ST(&SH->balance, v, 58);
     8a8:	00f5a023          	sw	a5,0(a1)
	RV_LD(c, &SH->count, 59);
     8ac:	06470513          	addi	a0,a4,100

000008b0 <rvs_59>:
     8b0:	00052583          	lw	a1,0(a0)
	RV_ST(&SH->count, c + 1u, 60);
     8b4:	00158813          	addi	a6,a1,1

000008b8 <rvs_60>:
     8b8:	01052023          	sw	a6,0(a0)
	RV_ST(&SH->checksum, (c ^ v) + 5u, 61);
     8bc:	00b7c7b3          	xor	a5,a5,a1
     8c0:	00578793          	addi	a5,a5,5
     8c4:	06870593          	addi	a1,a4,104

000008c8 <rvs_61>:
     8c8:	00f5a023          	sw	a5,0(a1)
	if (use_lock) {
     8cc:	00100793          	li	a5,1
     8d0:	04f60463          	beq	a2,a5,918 <rvs_63>
		RV_RELEASE(lk, 1u, 62);
     8d4:	00469793          	slli	a5,a3,0x4
     8d8:	00f70733          	add	a4,a4,a5
     8dc:	02470713          	addi	a4,a4,36
     8e0:	00000793          	li	a5,0

000008e4 <rvs_62>:
     8e4:	00f72023          	sw	a5,0(a4)
     8e8:	b00047b7          	lui	a5,0xb0004
     8ec:	e4178793          	addi	a5,a5,-447 # b0003e41 <__bss_end+0xafffca4d>
     8f0:	01369693          	slli	a3,a3,0x13
     8f4:	00f6e6b3          	or	a3,a3,a5
     8f8:	400007b7          	lui	a5,0x40000
     8fc:	00d7a023          	sw	a3,0(a5) # 40000000 <__bss_end+0x3fff8c0c>
     900:	00000013          	nop
     904:	00000013          	nop
     908:	00000013          	nop
     90c:	00000013          	nop
     910:	00000013          	nop
     914:	00000013          	nop

00000918 <rvs_63>:
	}
	RV_MARK(63);
     918:	00000013          	nop
	rv_local_sum += 6u;
     91c:	00007737          	lui	a4,0x7
     920:	3f072783          	lw	a5,1008(a4) # 73f0 <rv_local_sum>
     924:	00678793          	addi	a5,a5,6
     928:	3ef72823          	sw	a5,1008(a4)
}
     92c:	00008067          	ret

00000930 <rv_t006>:

void rv_t006(void)
{
	unsigned v, c, lk;
	unsigned use_lock = (SH->mode != RV_MODE_RACE_OPEN);
     930:	300007b7          	lui	a5,0x30000
     934:	0047a603          	lw	a2,4(a5) # 30000004 <__bss_end+0x2fff8c10>
	/* RV_MODE_RACE_WRONG_LOCK: each core takes a DIFFERENT lock, so both
	 * believe they are protected and neither excludes the other. */
	lk = (SH->mode == RV_MODE_RACE_WRONG_LOCK) ? 1u : 0u;
     938:	0047a683          	lw	a3,4(a5)
     93c:	ffe68693          	addi	a3,a3,-2
     940:	0016b693          	seqz	a3,a3

00000944 <rvs_64>:

	RV_MARK(64);
     944:	00000013          	nop
	if (use_lock) {
     948:	00100713          	li	a4,1
     94c:	06e60263          	beq	a2,a4,9b0 <rvs_66+0x34>
		RV_ACQUIRE(lk, 1u, 0u, 65, 66);
     950:	00469513          	slli	a0,a3,0x4
     954:	00a785b3          	add	a1,a5,a0
     958:	02458593          	addi	a1,a1,36

0000095c <rvs_65>:
     95c:	00e5a023          	sw	a4,0(a1)
     960:	00a787b3          	add	a5,a5,a0
     964:	0207a423          	sw	zero,40(a5)
     968:	00c0006f          	j	974 <rvs_65+0x18>
     96c:	0287a703          	lw	a4,40(a5)
     970:	00071663          	bnez	a4,97c <rvs_66>
     974:	0207a703          	lw	a4,32(a5)
     978:	fe071ae3          	bnez	a4,96c <rvs_65+0x10>

0000097c <rvs_66>:
     97c:	00000013          	nop
     980:	a8004737          	lui	a4,0xa8004
     984:	01369793          	slli	a5,a3,0x13
     988:	24170713          	addi	a4,a4,577 # a8004241 <__bss_end+0xa7ffce4d>
     98c:	00e7e7b3          	or	a5,a5,a4
     990:	40000737          	lui	a4,0x40000
     994:	00f72023          	sw	a5,0(a4) # 40000000 <__bss_end+0x3fff8c0c>
     998:	00000013          	nop
     99c:	00000013          	nop
     9a0:	00000013          	nop
     9a4:	00000013          	nop
     9a8:	00000013          	nop
     9ac:	00000013          	nop
	}
	RV_LD(v, &SH->balance, 67);
     9b0:	30000737          	lui	a4,0x30000
     9b4:	06070593          	addi	a1,a4,96 # 30000060 <__bss_end+0x2fff8c6c>

000009b8 <rvs_67>:
     9b8:	0005a783          	lw	a5,0(a1)
	v += 7u;
     9bc:	00778793          	addi	a5,a5,7

000009c0 <rvs_68>:
	RV_ST(&SH->balance, v, 68);
     9c0:	00f5a023          	sw	a5,0(a1)
	RV_LD(c, &SH->count, 69);
     9c4:	06470513          	addi	a0,a4,100

000009c8 <rvs_69>:
     9c8:	00052583          	lw	a1,0(a0)
	RV_ST(&SH->count, c + 1u, 70);
     9cc:	00158813          	addi	a6,a1,1

000009d0 <rvs_70>:
     9d0:	01052023          	sw	a6,0(a0)
	RV_ST(&SH->checksum, (c ^ v) + 6u, 71);
     9d4:	00b7c7b3          	xor	a5,a5,a1
     9d8:	00678793          	addi	a5,a5,6
     9dc:	06870593          	addi	a1,a4,104

000009e0 <rvs_71>:
     9e0:	00f5a023          	sw	a5,0(a1)
	if (use_lock) {
     9e4:	00100793          	li	a5,1
     9e8:	04f60463          	beq	a2,a5,a30 <rvs_73>
		RV_RELEASE(lk, 1u, 72);
     9ec:	00469793          	slli	a5,a3,0x4
     9f0:	00f70733          	add	a4,a4,a5
     9f4:	02470713          	addi	a4,a4,36
     9f8:	00000793          	li	a5,0

000009fc <rvs_72>:
     9fc:	00f72023          	sw	a5,0(a4)
     a00:	b00057b7          	lui	a5,0xb0005
     a04:	84178793          	addi	a5,a5,-1983 # b0004841 <__bss_end+0xafffd44d>
     a08:	01369693          	slli	a3,a3,0x13
     a0c:	00f6e6b3          	or	a3,a3,a5
     a10:	400007b7          	lui	a5,0x40000
     a14:	00d7a023          	sw	a3,0(a5) # 40000000 <__bss_end+0x3fff8c0c>
     a18:	00000013          	nop
     a1c:	00000013          	nop
     a20:	00000013          	nop
     a24:	00000013          	nop
     a28:	00000013          	nop
     a2c:	00000013          	nop

00000a30 <rvs_73>:
	}
	RV_MARK(73);
     a30:	00000013          	nop
	rv_local_sum += 7u;
     a34:	00007737          	lui	a4,0x7
     a38:	3f072783          	lw	a5,1008(a4) # 73f0 <rv_local_sum>
     a3c:	00778793          	addi	a5,a5,7
     a40:	3ef72823          	sw	a5,1008(a4)
}
     a44:	00008067          	ret

00000a48 <rv_t007>:

void rv_t007(void)
{
	unsigned v, c, lk;
	unsigned use_lock = (SH->mode != RV_MODE_RACE_OPEN);
     a48:	300007b7          	lui	a5,0x30000
     a4c:	0047a603          	lw	a2,4(a5) # 30000004 <__bss_end+0x2fff8c10>
	/* RV_MODE_RACE_WRONG_LOCK: each core takes a DIFFERENT lock, so both
	 * believe they are protected and neither excludes the other. */
	lk = (SH->mode == RV_MODE_RACE_WRONG_LOCK) ? 1u : 0u;
     a50:	0047a683          	lw	a3,4(a5)
     a54:	ffe68693          	addi	a3,a3,-2
     a58:	0016b693          	seqz	a3,a3

00000a5c <rvs_74>:

	RV_MARK(74);
     a5c:	00000013          	nop
	if (use_lock) {
     a60:	00100713          	li	a4,1
     a64:	06e60263          	beq	a2,a4,ac8 <rvs_76+0x34>
		RV_ACQUIRE(lk, 1u, 0u, 75, 76);
     a68:	00469513          	slli	a0,a3,0x4
     a6c:	00a785b3          	add	a1,a5,a0
     a70:	02458593          	addi	a1,a1,36

00000a74 <rvs_75>:
     a74:	00e5a023          	sw	a4,0(a1)
     a78:	00a787b3          	add	a5,a5,a0
     a7c:	0207a423          	sw	zero,40(a5)
     a80:	00c0006f          	j	a8c <rvs_75+0x18>
     a84:	0287a703          	lw	a4,40(a5)
     a88:	00071663          	bnez	a4,a94 <rvs_76>
     a8c:	0207a703          	lw	a4,32(a5)
     a90:	fe071ae3          	bnez	a4,a84 <rvs_75+0x10>

00000a94 <rvs_76>:
     a94:	00000013          	nop
     a98:	a8005737          	lui	a4,0xa8005
     a9c:	01369793          	slli	a5,a3,0x13
     aa0:	c4170713          	addi	a4,a4,-959 # a8004c41 <__bss_end+0xa7ffd84d>
     aa4:	00e7e7b3          	or	a5,a5,a4
     aa8:	40000737          	lui	a4,0x40000
     aac:	00f72023          	sw	a5,0(a4) # 40000000 <__bss_end+0x3fff8c0c>
     ab0:	00000013          	nop
     ab4:	00000013          	nop
     ab8:	00000013          	nop
     abc:	00000013          	nop
     ac0:	00000013          	nop
     ac4:	00000013          	nop
	}
	RV_LD(v, &SH->balance, 77);
     ac8:	30000737          	lui	a4,0x30000
     acc:	06070593          	addi	a1,a4,96 # 30000060 <__bss_end+0x2fff8c6c>

00000ad0 <rvs_77>:
     ad0:	0005a783          	lw	a5,0(a1)
	v += 1u;
     ad4:	00178793          	addi	a5,a5,1

00000ad8 <rvs_78>:
	RV_ST(&SH->balance, v, 78);
     ad8:	00f5a023          	sw	a5,0(a1)
	RV_LD(c, &SH->count, 79);
     adc:	06470513          	addi	a0,a4,100

00000ae0 <rvs_79>:
     ae0:	00052583          	lw	a1,0(a0)
	RV_ST(&SH->count, c + 1u, 80);
     ae4:	00158813          	addi	a6,a1,1

00000ae8 <rvs_80>:
     ae8:	01052023          	sw	a6,0(a0)
	RV_ST(&SH->checksum, (c ^ v) + 7u, 81);
     aec:	00b7c7b3          	xor	a5,a5,a1
     af0:	00778793          	addi	a5,a5,7
     af4:	06870593          	addi	a1,a4,104

00000af8 <rvs_81>:
     af8:	00f5a023          	sw	a5,0(a1)
	if (use_lock) {
     afc:	00100793          	li	a5,1
     b00:	04f60463          	beq	a2,a5,b48 <rvs_83>
		RV_RELEASE(lk, 1u, 82);
     b04:	00469793          	slli	a5,a3,0x4
     b08:	00f70733          	add	a4,a4,a5
     b0c:	02470713          	addi	a4,a4,36
     b10:	00000793          	li	a5,0

00000b14 <rvs_82>:
     b14:	00f72023          	sw	a5,0(a4)
     b18:	b00057b7          	lui	a5,0xb0005
     b1c:	24178793          	addi	a5,a5,577 # b0005241 <__bss_end+0xafffde4d>
     b20:	01369693          	slli	a3,a3,0x13
     b24:	00f6e6b3          	or	a3,a3,a5
     b28:	400007b7          	lui	a5,0x40000
     b2c:	00d7a023          	sw	a3,0(a5) # 40000000 <__bss_end+0x3fff8c0c>
     b30:	00000013          	nop
     b34:	00000013          	nop
     b38:	00000013          	nop
     b3c:	00000013          	nop
     b40:	00000013          	nop
     b44:	00000013          	nop

00000b48 <rvs_83>:
	}
	RV_MARK(83);
     b48:	00000013          	nop
	rv_local_sum += 1u;
     b4c:	00007737          	lui	a4,0x7
     b50:	3f072783          	lw	a5,1008(a4) # 73f0 <rv_local_sum>
     b54:	00178793          	addi	a5,a5,1
     b58:	3ef72823          	sw	a5,1008(a4)
}
     b5c:	00008067          	ret

00000b60 <rv_t008>:

void rv_t008(void)
{
	unsigned v, c, lk;
	unsigned use_lock = (SH->mode != RV_MODE_RACE_OPEN);
     b60:	300007b7          	lui	a5,0x30000
     b64:	0047a603          	lw	a2,4(a5) # 30000004 <__bss_end+0x2fff8c10>
	/* RV_MODE_RACE_WRONG_LOCK: each core takes a DIFFERENT lock, so both
	 * believe they are protected and neither excludes the other. */
	lk = (SH->mode == RV_MODE_RACE_WRONG_LOCK) ? 1u : 0u;
     b68:	0047a683          	lw	a3,4(a5)
     b6c:	ffe68693          	addi	a3,a3,-2
     b70:	0016b693          	seqz	a3,a3

00000b74 <rvs_84>:

	RV_MARK(84);
     b74:	00000013          	nop
	if (use_lock) {
     b78:	00100713          	li	a4,1
     b7c:	06e60263          	beq	a2,a4,be0 <rvs_86+0x34>
		RV_ACQUIRE(lk, 1u, 0u, 85, 86);
     b80:	00469513          	slli	a0,a3,0x4
     b84:	00a785b3          	add	a1,a5,a0
     b88:	02458593          	addi	a1,a1,36

00000b8c <rvs_85>:
     b8c:	00e5a023          	sw	a4,0(a1)
     b90:	00a787b3          	add	a5,a5,a0
     b94:	0207a423          	sw	zero,40(a5)
     b98:	00c0006f          	j	ba4 <rvs_85+0x18>
     b9c:	0287a703          	lw	a4,40(a5)
     ba0:	00071663          	bnez	a4,bac <rvs_86>
     ba4:	0207a703          	lw	a4,32(a5)
     ba8:	fe071ae3          	bnez	a4,b9c <rvs_85+0x10>

00000bac <rvs_86>:
     bac:	00000013          	nop
     bb0:	a8005737          	lui	a4,0xa8005
     bb4:	01369793          	slli	a5,a3,0x13
     bb8:	64170713          	addi	a4,a4,1601 # a8005641 <__bss_end+0xa7ffe24d>
     bbc:	00e7e7b3          	or	a5,a5,a4
     bc0:	40000737          	lui	a4,0x40000
     bc4:	00f72023          	sw	a5,0(a4) # 40000000 <__bss_end+0x3fff8c0c>
     bc8:	00000013          	nop
     bcc:	00000013          	nop
     bd0:	00000013          	nop
     bd4:	00000013          	nop
     bd8:	00000013          	nop
     bdc:	00000013          	nop
	}
	RV_LD(v, &SH->balance, 87);
     be0:	30000737          	lui	a4,0x30000
     be4:	06070593          	addi	a1,a4,96 # 30000060 <__bss_end+0x2fff8c6c>

00000be8 <rvs_87>:
     be8:	0005a783          	lw	a5,0(a1)
	v += 2u;
     bec:	00278793          	addi	a5,a5,2

00000bf0 <rvs_88>:
	RV_ST(&SH->balance, v, 88);
     bf0:	00f5a023          	sw	a5,0(a1)
	RV_LD(c, &SH->count, 89);
     bf4:	06470513          	addi	a0,a4,100

00000bf8 <rvs_89>:
     bf8:	00052583          	lw	a1,0(a0)
	RV_ST(&SH->count, c + 1u, 90);
     bfc:	00158813          	addi	a6,a1,1

00000c00 <rvs_90>:
     c00:	01052023          	sw	a6,0(a0)
	RV_ST(&SH->checksum, (c ^ v) + 8u, 91);
     c04:	00b7c7b3          	xor	a5,a5,a1
     c08:	00878793          	addi	a5,a5,8
     c0c:	06870593          	addi	a1,a4,104

00000c10 <rvs_91>:
     c10:	00f5a023          	sw	a5,0(a1)
	if (use_lock) {
     c14:	00100793          	li	a5,1
     c18:	04f60463          	beq	a2,a5,c60 <rvs_93>
		RV_RELEASE(lk, 1u, 92);
     c1c:	00469793          	slli	a5,a3,0x4
     c20:	00f70733          	add	a4,a4,a5
     c24:	02470713          	addi	a4,a4,36
     c28:	00000793          	li	a5,0

00000c2c <rvs_92>:
     c2c:	00f72023          	sw	a5,0(a4)
     c30:	b00067b7          	lui	a5,0xb0006
     c34:	c4178793          	addi	a5,a5,-959 # b0005c41 <__bss_end+0xafffe84d>
     c38:	01369693          	slli	a3,a3,0x13
     c3c:	00f6e6b3          	or	a3,a3,a5
     c40:	400007b7          	lui	a5,0x40000
     c44:	00d7a023          	sw	a3,0(a5) # 40000000 <__bss_end+0x3fff8c0c>
     c48:	00000013          	nop
     c4c:	00000013          	nop
     c50:	00000013          	nop
     c54:	00000013          	nop
     c58:	00000013          	nop
     c5c:	00000013          	nop

00000c60 <rvs_93>:
	}
	RV_MARK(93);
     c60:	00000013          	nop
	rv_local_sum += 2u;
     c64:	00007737          	lui	a4,0x7
     c68:	3f072783          	lw	a5,1008(a4) # 73f0 <rv_local_sum>
     c6c:	00278793          	addi	a5,a5,2
     c70:	3ef72823          	sw	a5,1008(a4)
}
     c74:	00008067          	ret

00000c78 <rv_t008_cap>:
void rv_t008_cap(void)
{
	unsigned w;
	/* The tag is COMPUTED here -- an ACT-ST trigger could only ever carry
	 * the constant its table entry was loaded with. */
	w = RV_ACT_WORD(RV_ACT_CMD_DAQ_PC_CURR, RV_ACT_SINK_AXIS,
     c78:	30000537          	lui	a0,0x30000
     c7c:	08052703          	lw	a4,128(a0) # 30000080 <__bss_end+0x2fff8c8c>
     c80:	200007b7          	lui	a5,0x20000
     c84:	f0078613          	addi	a2,a5,-256 # 1fffff00 <__bss_end+0x1fff8b0c>
     c88:	00871713          	slli	a4,a4,0x8
     c8c:	e00006b7          	lui	a3,0xe0000
     c90:	00c77733          	and	a4,a4,a2
     c94:	04168693          	addi	a3,a3,65 # e0000041 <__bss_end+0xdfff8c4d>
	                RV_TAG_VALUE(SH->ring_head & RV_VALUE_MASK));
	RV_ACTCAP_AT(94, w);
     c98:	400005b7          	lui	a1,0x40000
	w = RV_ACT_WORD(RV_ACT_CMD_DAQ_PC_CURR, RV_ACT_SINK_AXIS,
     c9c:	00d76733          	or	a4,a4,a3

00000ca0 <rvs_94>:
	RV_ACTCAP_AT(94, w);
     ca0:	00e5a023          	sw	a4,0(a1) # 40000000 <__bss_end+0x3fff8c0c>
     ca4:	00000013          	nop
     ca8:	00000013          	nop
     cac:	00000013          	nop
     cb0:	00000013          	nop
     cb4:	00000013          	nop
     cb8:	00000013          	nop
	w = RV_ACT_WORD(RV_ACT_CMD_DAQ_PC_CURR, RV_ACT_SINK_AXIS,
     cbc:	06052783          	lw	a5,96(a0)
     cc0:	00879793          	slli	a5,a5,0x8
     cc4:	00c7f7b3          	and	a5,a5,a2
     cc8:	00d7e7b3          	or	a5,a5,a3

00000ccc <rvs_95>:
	                RV_TAG_VALUE(SH->balance & RV_VALUE_MASK));
	RV_ACTCAP_AT(95, w);
     ccc:	00f5a023          	sw	a5,0(a1)
     cd0:	00000013          	nop
     cd4:	00000013          	nop
     cd8:	00000013          	nop
     cdc:	00000013          	nop
     ce0:	00000013          	nop
     ce4:	00000013          	nop
	rv_actcap_issued += 2u;
     ce8:	00007737          	lui	a4,0x7
     cec:	3e872783          	lw	a5,1000(a4) # 73e8 <rv_actcap_issued>
     cf0:	00278793          	addi	a5,a5,2
     cf4:	3ef72423          	sw	a5,1000(a4)
}
     cf8:	00008067          	ret

00000cfc <rv_t009>:

void rv_t009(void)
{
	unsigned v, c, lk;
	unsigned use_lock = (SH->mode != RV_MODE_RACE_OPEN);
     cfc:	300007b7          	lui	a5,0x30000
     d00:	0047a603          	lw	a2,4(a5) # 30000004 <__bss_end+0x2fff8c10>
	/* RV_MODE_RACE_WRONG_LOCK: each core takes a DIFFERENT lock, so both
	 * believe they are protected and neither excludes the other. */
	lk = (SH->mode == RV_MODE_RACE_WRONG_LOCK) ? 1u : 0u;
     d04:	0047a683          	lw	a3,4(a5)
     d08:	ffe68693          	addi	a3,a3,-2
     d0c:	0016b693          	seqz	a3,a3

00000d10 <rvs_96>:

	RV_MARK(96);
     d10:	00000013          	nop
	if (use_lock) {
     d14:	00100713          	li	a4,1
     d18:	06e60263          	beq	a2,a4,d7c <rvs_98+0x34>
		RV_ACQUIRE(lk, 1u, 0u, 97, 98);
     d1c:	00469513          	slli	a0,a3,0x4
     d20:	00a785b3          	add	a1,a5,a0
     d24:	02458593          	addi	a1,a1,36

00000d28 <rvs_97>:
     d28:	00e5a023          	sw	a4,0(a1)
     d2c:	00a787b3          	add	a5,a5,a0
     d30:	0207a423          	sw	zero,40(a5)
     d34:	00c0006f          	j	d40 <rvs_97+0x18>
     d38:	0287a703          	lw	a4,40(a5)
     d3c:	00071663          	bnez	a4,d48 <rvs_98>
     d40:	0207a703          	lw	a4,32(a5)
     d44:	fe071ae3          	bnez	a4,d38 <rvs_97+0x10>

00000d48 <rvs_98>:
     d48:	00000013          	nop
     d4c:	a8006737          	lui	a4,0xa8006
     d50:	01369793          	slli	a5,a3,0x13
     d54:	24170713          	addi	a4,a4,577 # a8006241 <__bss_end+0xa7ffee4d>
     d58:	00e7e7b3          	or	a5,a5,a4
     d5c:	40000737          	lui	a4,0x40000
     d60:	00f72023          	sw	a5,0(a4) # 40000000 <__bss_end+0x3fff8c0c>
     d64:	00000013          	nop
     d68:	00000013          	nop
     d6c:	00000013          	nop
     d70:	00000013          	nop
     d74:	00000013          	nop
     d78:	00000013          	nop
	}
	RV_LD(v, &SH->balance, 99);
     d7c:	30000737          	lui	a4,0x30000
     d80:	06070593          	addi	a1,a4,96 # 30000060 <__bss_end+0x2fff8c6c>

00000d84 <rvs_99>:
     d84:	0005a783          	lw	a5,0(a1)
	v += 3u;
     d88:	00378793          	addi	a5,a5,3

00000d8c <rvs_100>:
	RV_ST(&SH->balance, v, 100);
     d8c:	00f5a023          	sw	a5,0(a1)
	RV_LD(c, &SH->count, 101);
     d90:	06470513          	addi	a0,a4,100

00000d94 <rvs_101>:
     d94:	00052583          	lw	a1,0(a0)
	RV_ST(&SH->count, c + 1u, 102);
     d98:	00158813          	addi	a6,a1,1

00000d9c <rvs_102>:
     d9c:	01052023          	sw	a6,0(a0)
	RV_ST(&SH->checksum, (c ^ v) + 9u, 103);
     da0:	00b7c7b3          	xor	a5,a5,a1
     da4:	00978793          	addi	a5,a5,9
     da8:	06870593          	addi	a1,a4,104

00000dac <rvs_103>:
     dac:	00f5a023          	sw	a5,0(a1)
	if (use_lock) {
     db0:	00100793          	li	a5,1
     db4:	04f60463          	beq	a2,a5,dfc <rvs_105>
		RV_RELEASE(lk, 1u, 104);
     db8:	00469793          	slli	a5,a3,0x4
     dbc:	00f70733          	add	a4,a4,a5
     dc0:	02470713          	addi	a4,a4,36
     dc4:	00000793          	li	a5,0

00000dc8 <rvs_104>:
     dc8:	00f72023          	sw	a5,0(a4)
     dcc:	b00077b7          	lui	a5,0xb0007
     dd0:	84178793          	addi	a5,a5,-1983 # b0006841 <__bss_end+0xaffff44d>
     dd4:	01369693          	slli	a3,a3,0x13
     dd8:	00f6e6b3          	or	a3,a3,a5
     ddc:	400007b7          	lui	a5,0x40000
     de0:	00d7a023          	sw	a3,0(a5) # 40000000 <__bss_end+0x3fff8c0c>
     de4:	00000013          	nop
     de8:	00000013          	nop
     dec:	00000013          	nop
     df0:	00000013          	nop
     df4:	00000013          	nop
     df8:	00000013          	nop

00000dfc <rvs_105>:
	}
	RV_MARK(105);
     dfc:	00000013          	nop
	rv_local_sum += 3u;
     e00:	00007737          	lui	a4,0x7
     e04:	3f072783          	lw	a5,1008(a4) # 73f0 <rv_local_sum>
     e08:	00378793          	addi	a5,a5,3
     e0c:	3ef72823          	sw	a5,1008(a4)
}
     e10:	00008067          	ret

00000e14 <rv_t010>:

void rv_t010(void)
{
     e14:	ff010113          	addi	sp,sp,-16
     e18:	00112623          	sw	ra,12(sp)
     e1c:	00812423          	sw	s0,8(sp)
     e20:	00912223          	sw	s1,4(sp)
     e24:	01212023          	sw	s2,0(sp)

00000e28 <rvs_106>:
	unsigned h, t, v, p;

	RV_MARK(106);
     e28:	00000013          	nop
	RV_LD(h, &SH->ring_head, 107);
     e2c:	30000437          	lui	s0,0x30000
     e30:	08040793          	addi	a5,s0,128 # 30000080 <__bss_end+0x2fff8c8c>

00000e34 <rvs_107>:
     e34:	0007a783          	lw	a5,0(a5)
	RV_LD(t, &SH->ring_tail, 108);
     e38:	08440913          	addi	s2,s0,132

00000e3c <rvs_108>:
     e3c:	00092483          	lw	s1,0(s2)

00000e40 <rvs_113>:
	RV_MARK(113);
     e40:	00000013          	nop
	if (h != t) {
     e44:	04978063          	beq	a5,s1,e84 <rvs_110+0x4>
		RV_LD(v, &SH->ring[t % RV_RING_SLOTS], 109);
     e48:	03c00593          	li	a1,60
     e4c:	00048513          	mv	a0,s1
     e50:	334060ef          	jal	ra,7184 <__umodsi3>
     e54:	00251793          	slli	a5,a0,0x2
     e58:	09040413          	addi	s0,s0,144
     e5c:	008787b3          	add	a5,a5,s0

00000e60 <rvs_109>:
     e60:	0007a783          	lw	a5,0(a5)
		rv_local_sum += v;
     e64:	000076b7          	lui	a3,0x7
     e68:	3f06a703          	lw	a4,1008(a3) # 73f0 <rv_local_sum>
		RV_ST(&SH->ring_tail, (t + 1u) % RV_RING_SLOTS, 110);
     e6c:	03c00593          	li	a1,60
     e70:	00148513          	addi	a0,s1,1
		rv_local_sum += v;
     e74:	00f707b3          	add	a5,a4,a5
     e78:	3ef6a823          	sw	a5,1008(a3)
		RV_ST(&SH->ring_tail, (t + 1u) % RV_RING_SLOTS, 110);
     e7c:	308060ef          	jal	ra,7184 <__umodsi3>

00000e80 <rvs_110>:
     e80:	00a92023          	sw	a0,0(s2)
	}
	RV_LD(p, &rv_private, 111);
     e84:	000077b7          	lui	a5,0x7
     e88:	3ec78793          	addi	a5,a5,1004 # 73ec <rv_private>

00000e8c <rvs_111>:
     e8c:	0007a703          	lw	a4,0(a5)
	RV_ST(&rv_private, p + 1u, 112);
     e90:	00170693          	addi	a3,a4,1

00000e94 <rvs_112>:
     e94:	00d7a023          	sw	a3,0(a5)
	RV_ST(&SH->seq, p, 114);
     e98:	300007b7          	lui	a5,0x30000
     e9c:	06c78793          	addi	a5,a5,108 # 3000006c <__bss_end+0x2fff8c78>

00000ea0 <rvs_114>:
     ea0:	00e7a023          	sw	a4,0(a5)

00000ea4 <rvs_115>:
	RV_MARK(115);
     ea4:	00000013          	nop
}
     ea8:	00c12083          	lw	ra,12(sp)
     eac:	00812403          	lw	s0,8(sp)
     eb0:	00412483          	lw	s1,4(sp)
     eb4:	00012903          	lw	s2,0(sp)
     eb8:	01010113          	addi	sp,sp,16
     ebc:	00008067          	ret

00000ec0 <rv_t011>:

void rv_t011(void)
{
     ec0:	ff010113          	addi	sp,sp,-16
     ec4:	00112623          	sw	ra,12(sp)
     ec8:	00812423          	sw	s0,8(sp)
     ecc:	00912223          	sw	s1,4(sp)
     ed0:	01212023          	sw	s2,0(sp)

00000ed4 <rvs_116>:
	unsigned h, t, v, p;

	RV_MARK(116);
     ed4:	00000013          	nop
	RV_LD(h, &SH->ring_head, 117);
     ed8:	30000437          	lui	s0,0x30000
     edc:	08040793          	addi	a5,s0,128 # 30000080 <__bss_end+0x2fff8c8c>

00000ee0 <rvs_117>:
     ee0:	0007a783          	lw	a5,0(a5)
	RV_LD(t, &SH->ring_tail, 118);
     ee4:	08440913          	addi	s2,s0,132

00000ee8 <rvs_118>:
     ee8:	00092483          	lw	s1,0(s2)

00000eec <rvs_123>:
	RV_MARK(123);
     eec:	00000013          	nop
	if (h != t) {
     ef0:	04978063          	beq	a5,s1,f30 <rvs_120+0x4>
		RV_LD(v, &SH->ring[t % RV_RING_SLOTS], 119);
     ef4:	03c00593          	li	a1,60
     ef8:	00048513          	mv	a0,s1
     efc:	288060ef          	jal	ra,7184 <__umodsi3>
     f00:	00251793          	slli	a5,a0,0x2
     f04:	09040413          	addi	s0,s0,144
     f08:	008787b3          	add	a5,a5,s0

00000f0c <rvs_119>:
     f0c:	0007a783          	lw	a5,0(a5)
		rv_local_sum += v;
     f10:	000076b7          	lui	a3,0x7
     f14:	3f06a703          	lw	a4,1008(a3) # 73f0 <rv_local_sum>
		RV_ST(&SH->ring_tail, (t + 1u) % RV_RING_SLOTS, 120);
     f18:	03c00593          	li	a1,60
     f1c:	00148513          	addi	a0,s1,1
		rv_local_sum += v;
     f20:	00f707b3          	add	a5,a4,a5
     f24:	3ef6a823          	sw	a5,1008(a3)
		RV_ST(&SH->ring_tail, (t + 1u) % RV_RING_SLOTS, 120);
     f28:	25c060ef          	jal	ra,7184 <__umodsi3>

00000f2c <rvs_120>:
     f2c:	00a92023          	sw	a0,0(s2)
	}
	RV_LD(p, &rv_private, 121);
     f30:	000077b7          	lui	a5,0x7
     f34:	3ec78793          	addi	a5,a5,1004 # 73ec <rv_private>

00000f38 <rvs_121>:
     f38:	0007a703          	lw	a4,0(a5)
	RV_ST(&rv_private, p + 1u, 122);
     f3c:	00170693          	addi	a3,a4,1

00000f40 <rvs_122>:
     f40:	00d7a023          	sw	a3,0(a5)
	RV_ST(&SH->seq, p, 124);
     f44:	300007b7          	lui	a5,0x30000
     f48:	06c78793          	addi	a5,a5,108 # 3000006c <__bss_end+0x2fff8c78>

00000f4c <rvs_124>:
     f4c:	00e7a023          	sw	a4,0(a5)

00000f50 <rvs_125>:
	RV_MARK(125);
     f50:	00000013          	nop
}
     f54:	00c12083          	lw	ra,12(sp)
     f58:	00812403          	lw	s0,8(sp)
     f5c:	00412483          	lw	s1,4(sp)
     f60:	00012903          	lw	s2,0(sp)
     f64:	01010113          	addi	sp,sp,16
     f68:	00008067          	ret

00000f6c <rv_t012>:

void rv_t012(void)
{
     f6c:	ff010113          	addi	sp,sp,-16
     f70:	00112623          	sw	ra,12(sp)
     f74:	00812423          	sw	s0,8(sp)
     f78:	00912223          	sw	s1,4(sp)
     f7c:	01212023          	sw	s2,0(sp)

00000f80 <rvs_126>:
	unsigned h, t, v, p;

	RV_MARK(126);
     f80:	00000013          	nop
	RV_LD(h, &SH->ring_head, 127);
     f84:	30000437          	lui	s0,0x30000
     f88:	08040793          	addi	a5,s0,128 # 30000080 <__bss_end+0x2fff8c8c>

00000f8c <rvs_127>:
     f8c:	0007a783          	lw	a5,0(a5)
	RV_LD(t, &SH->ring_tail, 128);
     f90:	08440913          	addi	s2,s0,132

00000f94 <rvs_128>:
     f94:	00092483          	lw	s1,0(s2)

00000f98 <rvs_133>:
	RV_MARK(133);
     f98:	00000013          	nop
	if (h != t) {
     f9c:	04978063          	beq	a5,s1,fdc <rvs_130+0x4>
		RV_LD(v, &SH->ring[t % RV_RING_SLOTS], 129);
     fa0:	03c00593          	li	a1,60
     fa4:	00048513          	mv	a0,s1
     fa8:	1dc060ef          	jal	ra,7184 <__umodsi3>
     fac:	00251793          	slli	a5,a0,0x2
     fb0:	09040413          	addi	s0,s0,144
     fb4:	008787b3          	add	a5,a5,s0

00000fb8 <rvs_129>:
     fb8:	0007a783          	lw	a5,0(a5)
		rv_local_sum += v;
     fbc:	000076b7          	lui	a3,0x7
     fc0:	3f06a703          	lw	a4,1008(a3) # 73f0 <rv_local_sum>
		RV_ST(&SH->ring_tail, (t + 1u) % RV_RING_SLOTS, 130);
     fc4:	03c00593          	li	a1,60
     fc8:	00148513          	addi	a0,s1,1
		rv_local_sum += v;
     fcc:	00f707b3          	add	a5,a4,a5
     fd0:	3ef6a823          	sw	a5,1008(a3)
		RV_ST(&SH->ring_tail, (t + 1u) % RV_RING_SLOTS, 130);
     fd4:	1b0060ef          	jal	ra,7184 <__umodsi3>

00000fd8 <rvs_130>:
     fd8:	00a92023          	sw	a0,0(s2)
	}
	RV_LD(p, &rv_private, 131);
     fdc:	000077b7          	lui	a5,0x7
     fe0:	3ec78793          	addi	a5,a5,1004 # 73ec <rv_private>

00000fe4 <rvs_131>:
     fe4:	0007a703          	lw	a4,0(a5)
	RV_ST(&rv_private, p + 1u, 132);
     fe8:	00170693          	addi	a3,a4,1

00000fec <rvs_132>:
     fec:	00d7a023          	sw	a3,0(a5)
	RV_ST(&SH->seq, p, 134);
     ff0:	300007b7          	lui	a5,0x30000
     ff4:	06c78793          	addi	a5,a5,108 # 3000006c <__bss_end+0x2fff8c78>

00000ff8 <rvs_134>:
     ff8:	00e7a023          	sw	a4,0(a5)

00000ffc <rvs_135>:
	RV_MARK(135);
     ffc:	00000013          	nop
}
    1000:	00c12083          	lw	ra,12(sp)
    1004:	00812403          	lw	s0,8(sp)
    1008:	00412483          	lw	s1,4(sp)
    100c:	00012903          	lw	s2,0(sp)
    1010:	01010113          	addi	sp,sp,16
    1014:	00008067          	ret

00001018 <rv_t012_cap>:
void rv_t012_cap(void)
{
	unsigned w;
	/* The tag is COMPUTED here -- an ACT-ST trigger could only ever carry
	 * the constant its table entry was loaded with. */
	w = RV_ACT_WORD(RV_ACT_CMD_DAQ_PC_CURR, RV_ACT_SINK_AXIS,
    1018:	30000537          	lui	a0,0x30000
    101c:	08052703          	lw	a4,128(a0) # 30000080 <__bss_end+0x2fff8c8c>
    1020:	200007b7          	lui	a5,0x20000
    1024:	f0078613          	addi	a2,a5,-256 # 1fffff00 <__bss_end+0x1fff8b0c>
    1028:	00871713          	slli	a4,a4,0x8
    102c:	e00006b7          	lui	a3,0xe0000
    1030:	00c77733          	and	a4,a4,a2
    1034:	04168693          	addi	a3,a3,65 # e0000041 <__bss_end+0xdfff8c4d>
	                RV_TAG_VALUE(SH->ring_head & RV_VALUE_MASK));
	RV_ACTCAP_AT(136, w);
    1038:	400005b7          	lui	a1,0x40000
	w = RV_ACT_WORD(RV_ACT_CMD_DAQ_PC_CURR, RV_ACT_SINK_AXIS,
    103c:	00d76733          	or	a4,a4,a3

00001040 <rvs_136>:
	RV_ACTCAP_AT(136, w);
    1040:	00e5a023          	sw	a4,0(a1) # 40000000 <__bss_end+0x3fff8c0c>
    1044:	00000013          	nop
    1048:	00000013          	nop
    104c:	00000013          	nop
    1050:	00000013          	nop
    1054:	00000013          	nop
    1058:	00000013          	nop
	w = RV_ACT_WORD(RV_ACT_CMD_DAQ_PC_CURR, RV_ACT_SINK_AXIS,
    105c:	06052783          	lw	a5,96(a0)
    1060:	00879793          	slli	a5,a5,0x8
    1064:	00c7f7b3          	and	a5,a5,a2
    1068:	00d7e7b3          	or	a5,a5,a3

0000106c <rvs_137>:
	                RV_TAG_VALUE(SH->balance & RV_VALUE_MASK));
	RV_ACTCAP_AT(137, w);
    106c:	00f5a023          	sw	a5,0(a1)
    1070:	00000013          	nop
    1074:	00000013          	nop
    1078:	00000013          	nop
    107c:	00000013          	nop
    1080:	00000013          	nop
    1084:	00000013          	nop
	rv_actcap_issued += 2u;
    1088:	00007737          	lui	a4,0x7
    108c:	3e872783          	lw	a5,1000(a4) # 73e8 <rv_actcap_issued>
    1090:	00278793          	addi	a5,a5,2
    1094:	3ef72423          	sw	a5,1000(a4)
}
    1098:	00008067          	ret

0000109c <rv_t013>:

void rv_t013(void)
{
	unsigned v, c, lk;
	unsigned use_lock = (SH->mode != RV_MODE_RACE_OPEN);
    109c:	300007b7          	lui	a5,0x30000
    10a0:	0047a603          	lw	a2,4(a5) # 30000004 <__bss_end+0x2fff8c10>
	/* RV_MODE_RACE_WRONG_LOCK: each core takes a DIFFERENT lock, so both
	 * believe they are protected and neither excludes the other. */
	lk = (SH->mode == RV_MODE_RACE_WRONG_LOCK) ? 1u : 0u;
    10a4:	0047a683          	lw	a3,4(a5)
    10a8:	ffe68693          	addi	a3,a3,-2
    10ac:	0016b693          	seqz	a3,a3

000010b0 <rvs_138>:

	RV_MARK(138);
    10b0:	00000013          	nop
	if (use_lock) {
    10b4:	00100713          	li	a4,1
    10b8:	06e60263          	beq	a2,a4,111c <rvs_140+0x34>
		RV_ACQUIRE(lk, 1u, 0u, 139, 140);
    10bc:	00469513          	slli	a0,a3,0x4
    10c0:	00a785b3          	add	a1,a5,a0
    10c4:	02458593          	addi	a1,a1,36

000010c8 <rvs_139>:
    10c8:	00e5a023          	sw	a4,0(a1)
    10cc:	00a787b3          	add	a5,a5,a0
    10d0:	0207a423          	sw	zero,40(a5)
    10d4:	00c0006f          	j	10e0 <rvs_139+0x18>
    10d8:	0287a703          	lw	a4,40(a5)
    10dc:	00071663          	bnez	a4,10e8 <rvs_140>
    10e0:	0207a703          	lw	a4,32(a5)
    10e4:	fe071ae3          	bnez	a4,10d8 <rvs_139+0x10>

000010e8 <rvs_140>:
    10e8:	00000013          	nop
    10ec:	a8009737          	lui	a4,0xa8009
    10f0:	01369793          	slli	a5,a3,0x13
    10f4:	c4170713          	addi	a4,a4,-959 # a8008c41 <__bss_end+0xa800184d>
    10f8:	00e7e7b3          	or	a5,a5,a4
    10fc:	40000737          	lui	a4,0x40000
    1100:	00f72023          	sw	a5,0(a4) # 40000000 <__bss_end+0x3fff8c0c>
    1104:	00000013          	nop
    1108:	00000013          	nop
    110c:	00000013          	nop
    1110:	00000013          	nop
    1114:	00000013          	nop
    1118:	00000013          	nop
	}
	RV_LD(v, &SH->balance, 141);
    111c:	30000737          	lui	a4,0x30000
    1120:	06070593          	addi	a1,a4,96 # 30000060 <__bss_end+0x2fff8c6c>

00001124 <rvs_141>:
    1124:	0005a783          	lw	a5,0(a1)
	v += 7u;
    1128:	00778793          	addi	a5,a5,7

0000112c <rvs_142>:
	RV_ST(&SH->balance, v, 142);
    112c:	00f5a023          	sw	a5,0(a1)
	RV_LD(c, &SH->count, 143);
    1130:	06470513          	addi	a0,a4,100

00001134 <rvs_143>:
    1134:	00052583          	lw	a1,0(a0)
	RV_ST(&SH->count, c + 1u, 144);
    1138:	00158813          	addi	a6,a1,1

0000113c <rvs_144>:
    113c:	01052023          	sw	a6,0(a0)
	RV_ST(&SH->checksum, (c ^ v) + 13u, 145);
    1140:	00b7c7b3          	xor	a5,a5,a1
    1144:	00d78793          	addi	a5,a5,13
    1148:	06870593          	addi	a1,a4,104

0000114c <rvs_145>:
    114c:	00f5a023          	sw	a5,0(a1)
	if (use_lock) {
    1150:	00100793          	li	a5,1
    1154:	04f60463          	beq	a2,a5,119c <rvs_147>
		RV_RELEASE(lk, 1u, 146);
    1158:	00469793          	slli	a5,a3,0x4
    115c:	00f70733          	add	a4,a4,a5
    1160:	02470713          	addi	a4,a4,36
    1164:	00000793          	li	a5,0

00001168 <rvs_146>:
    1168:	00f72023          	sw	a5,0(a4)
    116c:	b00097b7          	lui	a5,0xb0009
    1170:	24178793          	addi	a5,a5,577 # b0009241 <__bss_end+0xb0001e4d>
    1174:	01369693          	slli	a3,a3,0x13
    1178:	00f6e6b3          	or	a3,a3,a5
    117c:	400007b7          	lui	a5,0x40000
    1180:	00d7a023          	sw	a3,0(a5) # 40000000 <__bss_end+0x3fff8c0c>
    1184:	00000013          	nop
    1188:	00000013          	nop
    118c:	00000013          	nop
    1190:	00000013          	nop
    1194:	00000013          	nop
    1198:	00000013          	nop

0000119c <rvs_147>:
	}
	RV_MARK(147);
    119c:	00000013          	nop
	rv_local_sum += 7u;
    11a0:	00007737          	lui	a4,0x7
    11a4:	3f072783          	lw	a5,1008(a4) # 73f0 <rv_local_sum>
    11a8:	00778793          	addi	a5,a5,7
    11ac:	3ef72823          	sw	a5,1008(a4)
}
    11b0:	00008067          	ret

000011b4 <rv_t014>:

void rv_t014(void)
{
	unsigned v, c, lk;
	unsigned use_lock = (SH->mode != RV_MODE_RACE_OPEN);
    11b4:	300007b7          	lui	a5,0x30000
    11b8:	0047a603          	lw	a2,4(a5) # 30000004 <__bss_end+0x2fff8c10>
	/* RV_MODE_RACE_WRONG_LOCK: each core takes a DIFFERENT lock, so both
	 * believe they are protected and neither excludes the other. */
	lk = (SH->mode == RV_MODE_RACE_WRONG_LOCK) ? 1u : 0u;
    11bc:	0047a683          	lw	a3,4(a5)
    11c0:	ffe68693          	addi	a3,a3,-2
    11c4:	0016b693          	seqz	a3,a3

000011c8 <rvs_148>:

	RV_MARK(148);
    11c8:	00000013          	nop
	if (use_lock) {
    11cc:	00100713          	li	a4,1
    11d0:	06e60263          	beq	a2,a4,1234 <rvs_150+0x34>
		RV_ACQUIRE(lk, 1u, 0u, 149, 150);
    11d4:	00469513          	slli	a0,a3,0x4
    11d8:	00a785b3          	add	a1,a5,a0
    11dc:	02458593          	addi	a1,a1,36

000011e0 <rvs_149>:
    11e0:	00e5a023          	sw	a4,0(a1)
    11e4:	00a787b3          	add	a5,a5,a0
    11e8:	0207a423          	sw	zero,40(a5)
    11ec:	00c0006f          	j	11f8 <rvs_149+0x18>
    11f0:	0287a703          	lw	a4,40(a5)
    11f4:	00071663          	bnez	a4,1200 <rvs_150>
    11f8:	0207a703          	lw	a4,32(a5)
    11fc:	fe071ae3          	bnez	a4,11f0 <rvs_149+0x10>

00001200 <rvs_150>:
    1200:	00000013          	nop
    1204:	a8009737          	lui	a4,0xa8009
    1208:	01369793          	slli	a5,a3,0x13
    120c:	64170713          	addi	a4,a4,1601 # a8009641 <__bss_end+0xa800224d>
    1210:	00e7e7b3          	or	a5,a5,a4
    1214:	40000737          	lui	a4,0x40000
    1218:	00f72023          	sw	a5,0(a4) # 40000000 <__bss_end+0x3fff8c0c>
    121c:	00000013          	nop
    1220:	00000013          	nop
    1224:	00000013          	nop
    1228:	00000013          	nop
    122c:	00000013          	nop
    1230:	00000013          	nop
	}
	RV_LD(v, &SH->balance, 151);
    1234:	30000737          	lui	a4,0x30000
    1238:	06070593          	addi	a1,a4,96 # 30000060 <__bss_end+0x2fff8c6c>

0000123c <rvs_151>:
    123c:	0005a783          	lw	a5,0(a1)
	v += 1u;
    1240:	00178793          	addi	a5,a5,1

00001244 <rvs_152>:
	RV_ST(&SH->balance, v, 152);
    1244:	00f5a023          	sw	a5,0(a1)
	RV_LD(c, &SH->count, 153);
    1248:	06470513          	addi	a0,a4,100

0000124c <rvs_153>:
    124c:	00052583          	lw	a1,0(a0)
	RV_ST(&SH->count, c + 1u, 154);
    1250:	00158813          	addi	a6,a1,1

00001254 <rvs_154>:
    1254:	01052023          	sw	a6,0(a0)
	RV_ST(&SH->checksum, (c ^ v) + 14u, 155);
    1258:	00b7c7b3          	xor	a5,a5,a1
    125c:	00e78793          	addi	a5,a5,14
    1260:	06870593          	addi	a1,a4,104

00001264 <rvs_155>:
    1264:	00f5a023          	sw	a5,0(a1)
	if (use_lock) {
    1268:	00100793          	li	a5,1
    126c:	04f60463          	beq	a2,a5,12b4 <rvs_157>
		RV_RELEASE(lk, 1u, 156);
    1270:	00469793          	slli	a5,a3,0x4
    1274:	00f70733          	add	a4,a4,a5
    1278:	02470713          	addi	a4,a4,36
    127c:	00000793          	li	a5,0

00001280 <rvs_156>:
    1280:	00f72023          	sw	a5,0(a4)
    1284:	b000a7b7          	lui	a5,0xb000a
    1288:	c4178793          	addi	a5,a5,-959 # b0009c41 <__bss_end+0xb000284d>
    128c:	01369693          	slli	a3,a3,0x13
    1290:	00f6e6b3          	or	a3,a3,a5
    1294:	400007b7          	lui	a5,0x40000
    1298:	00d7a023          	sw	a3,0(a5) # 40000000 <__bss_end+0x3fff8c0c>
    129c:	00000013          	nop
    12a0:	00000013          	nop
    12a4:	00000013          	nop
    12a8:	00000013          	nop
    12ac:	00000013          	nop
    12b0:	00000013          	nop

000012b4 <rvs_157>:
	}
	RV_MARK(157);
    12b4:	00000013          	nop
	rv_local_sum += 1u;
    12b8:	00007737          	lui	a4,0x7
    12bc:	3f072783          	lw	a5,1008(a4) # 73f0 <rv_local_sum>
    12c0:	00178793          	addi	a5,a5,1
    12c4:	3ef72823          	sw	a5,1008(a4)
}
    12c8:	00008067          	ret

000012cc <rv_t015>:

void rv_t015(void)
{
	unsigned v, c, lk;
	unsigned use_lock = (SH->mode != RV_MODE_RACE_OPEN);
    12cc:	300007b7          	lui	a5,0x30000
    12d0:	0047a603          	lw	a2,4(a5) # 30000004 <__bss_end+0x2fff8c10>
	/* RV_MODE_RACE_WRONG_LOCK: each core takes a DIFFERENT lock, so both
	 * believe they are protected and neither excludes the other. */
	lk = (SH->mode == RV_MODE_RACE_WRONG_LOCK) ? 1u : 0u;
    12d4:	0047a683          	lw	a3,4(a5)
    12d8:	ffe68693          	addi	a3,a3,-2
    12dc:	0016b693          	seqz	a3,a3

000012e0 <rvs_158>:

	RV_MARK(158);
    12e0:	00000013          	nop
	if (use_lock) {
    12e4:	00100713          	li	a4,1
    12e8:	06e60263          	beq	a2,a4,134c <rvs_160+0x34>
		RV_ACQUIRE(lk, 1u, 0u, 159, 160);
    12ec:	00469513          	slli	a0,a3,0x4
    12f0:	00a785b3          	add	a1,a5,a0
    12f4:	02458593          	addi	a1,a1,36

000012f8 <rvs_159>:
    12f8:	00e5a023          	sw	a4,0(a1)
    12fc:	00a787b3          	add	a5,a5,a0
    1300:	0207a423          	sw	zero,40(a5)
    1304:	00c0006f          	j	1310 <rvs_159+0x18>
    1308:	0287a703          	lw	a4,40(a5)
    130c:	00071663          	bnez	a4,1318 <rvs_160>
    1310:	0207a703          	lw	a4,32(a5)
    1314:	fe071ae3          	bnez	a4,1308 <rvs_159+0x10>

00001318 <rvs_160>:
    1318:	00000013          	nop
    131c:	a800a737          	lui	a4,0xa800a
    1320:	01369793          	slli	a5,a3,0x13
    1324:	04170713          	addi	a4,a4,65 # a800a041 <__bss_end+0xa8002c4d>
    1328:	00e7e7b3          	or	a5,a5,a4
    132c:	40000737          	lui	a4,0x40000
    1330:	00f72023          	sw	a5,0(a4) # 40000000 <__bss_end+0x3fff8c0c>
    1334:	00000013          	nop
    1338:	00000013          	nop
    133c:	00000013          	nop
    1340:	00000013          	nop
    1344:	00000013          	nop
    1348:	00000013          	nop
	}
	RV_LD(v, &SH->balance, 161);
    134c:	30000737          	lui	a4,0x30000
    1350:	06070593          	addi	a1,a4,96 # 30000060 <__bss_end+0x2fff8c6c>

00001354 <rvs_161>:
    1354:	0005a783          	lw	a5,0(a1)
	v += 2u;
    1358:	00278793          	addi	a5,a5,2

0000135c <rvs_162>:
	RV_ST(&SH->balance, v, 162);
    135c:	00f5a023          	sw	a5,0(a1)
	RV_LD(c, &SH->count, 163);
    1360:	06470513          	addi	a0,a4,100

00001364 <rvs_163>:
    1364:	00052583          	lw	a1,0(a0)
	RV_ST(&SH->count, c + 1u, 164);
    1368:	00158813          	addi	a6,a1,1

0000136c <rvs_164>:
    136c:	01052023          	sw	a6,0(a0)
	RV_ST(&SH->checksum, (c ^ v) + 15u, 165);
    1370:	00b7c7b3          	xor	a5,a5,a1
    1374:	00f78793          	addi	a5,a5,15
    1378:	06870593          	addi	a1,a4,104

0000137c <rvs_165>:
    137c:	00f5a023          	sw	a5,0(a1)
	if (use_lock) {
    1380:	00100793          	li	a5,1
    1384:	04f60463          	beq	a2,a5,13cc <rvs_167>
		RV_RELEASE(lk, 1u, 166);
    1388:	00469793          	slli	a5,a3,0x4
    138c:	00f70733          	add	a4,a4,a5
    1390:	02470713          	addi	a4,a4,36
    1394:	00000793          	li	a5,0

00001398 <rvs_166>:
    1398:	00f72023          	sw	a5,0(a4)
    139c:	b000a7b7          	lui	a5,0xb000a
    13a0:	64178793          	addi	a5,a5,1601 # b000a641 <__bss_end+0xb000324d>
    13a4:	01369693          	slli	a3,a3,0x13
    13a8:	00f6e6b3          	or	a3,a3,a5
    13ac:	400007b7          	lui	a5,0x40000
    13b0:	00d7a023          	sw	a3,0(a5) # 40000000 <__bss_end+0x3fff8c0c>
    13b4:	00000013          	nop
    13b8:	00000013          	nop
    13bc:	00000013          	nop
    13c0:	00000013          	nop
    13c4:	00000013          	nop
    13c8:	00000013          	nop

000013cc <rvs_167>:
	}
	RV_MARK(167);
    13cc:	00000013          	nop
	rv_local_sum += 2u;
    13d0:	00007737          	lui	a4,0x7
    13d4:	3f072783          	lw	a5,1008(a4) # 73f0 <rv_local_sum>
    13d8:	00278793          	addi	a5,a5,2
    13dc:	3ef72823          	sw	a5,1008(a4)
}
    13e0:	00008067          	ret

000013e4 <rv_t016>:

void rv_t016(void)
{
	unsigned v, c, lk;
	unsigned use_lock = (SH->mode != RV_MODE_RACE_OPEN);
    13e4:	300007b7          	lui	a5,0x30000
    13e8:	0047a603          	lw	a2,4(a5) # 30000004 <__bss_end+0x2fff8c10>
	/* RV_MODE_RACE_WRONG_LOCK: each core takes a DIFFERENT lock, so both
	 * believe they are protected and neither excludes the other. */
	lk = (SH->mode == RV_MODE_RACE_WRONG_LOCK) ? 1u : 0u;
    13ec:	0047a683          	lw	a3,4(a5)
    13f0:	ffe68693          	addi	a3,a3,-2
    13f4:	0016b693          	seqz	a3,a3

000013f8 <rvs_168>:

	RV_MARK(168);
    13f8:	00000013          	nop
	if (use_lock) {
    13fc:	00100713          	li	a4,1
    1400:	06e60263          	beq	a2,a4,1464 <rvs_170+0x34>
		RV_ACQUIRE(lk, 1u, 0u, 169, 170);
    1404:	00469513          	slli	a0,a3,0x4
    1408:	00a785b3          	add	a1,a5,a0
    140c:	02458593          	addi	a1,a1,36

00001410 <rvs_169>:
    1410:	00e5a023          	sw	a4,0(a1)
    1414:	00a787b3          	add	a5,a5,a0
    1418:	0207a423          	sw	zero,40(a5)
    141c:	00c0006f          	j	1428 <rvs_169+0x18>
    1420:	0287a703          	lw	a4,40(a5)
    1424:	00071663          	bnez	a4,1430 <rvs_170>
    1428:	0207a703          	lw	a4,32(a5)
    142c:	fe071ae3          	bnez	a4,1420 <rvs_169+0x10>

00001430 <rvs_170>:
    1430:	00000013          	nop
    1434:	a800b737          	lui	a4,0xa800b
    1438:	01369793          	slli	a5,a3,0x13
    143c:	a4170713          	addi	a4,a4,-1471 # a800aa41 <__bss_end+0xa800364d>
    1440:	00e7e7b3          	or	a5,a5,a4
    1444:	40000737          	lui	a4,0x40000
    1448:	00f72023          	sw	a5,0(a4) # 40000000 <__bss_end+0x3fff8c0c>
    144c:	00000013          	nop
    1450:	00000013          	nop
    1454:	00000013          	nop
    1458:	00000013          	nop
    145c:	00000013          	nop
    1460:	00000013          	nop
	}
	RV_LD(v, &SH->balance, 171);
    1464:	30000737          	lui	a4,0x30000
    1468:	06070593          	addi	a1,a4,96 # 30000060 <__bss_end+0x2fff8c6c>

0000146c <rvs_171>:
    146c:	0005a783          	lw	a5,0(a1)
	v += 3u;
    1470:	00378793          	addi	a5,a5,3

00001474 <rvs_172>:
	RV_ST(&SH->balance, v, 172);
    1474:	00f5a023          	sw	a5,0(a1)
	RV_LD(c, &SH->count, 173);
    1478:	06470513          	addi	a0,a4,100

0000147c <rvs_173>:
    147c:	00052583          	lw	a1,0(a0)
	RV_ST(&SH->count, c + 1u, 174);
    1480:	00158813          	addi	a6,a1,1

00001484 <rvs_174>:
    1484:	01052023          	sw	a6,0(a0)
	RV_ST(&SH->checksum, (c ^ v) + 16u, 175);
    1488:	00b7c7b3          	xor	a5,a5,a1
    148c:	01078793          	addi	a5,a5,16
    1490:	06870593          	addi	a1,a4,104

00001494 <rvs_175>:
    1494:	00f5a023          	sw	a5,0(a1)
	if (use_lock) {
    1498:	00100793          	li	a5,1
    149c:	04f60463          	beq	a2,a5,14e4 <rvs_177>
		RV_RELEASE(lk, 1u, 176);
    14a0:	00469793          	slli	a5,a3,0x4
    14a4:	00f70733          	add	a4,a4,a5
    14a8:	02470713          	addi	a4,a4,36
    14ac:	00000793          	li	a5,0

000014b0 <rvs_176>:
    14b0:	00f72023          	sw	a5,0(a4)
    14b4:	b000b7b7          	lui	a5,0xb000b
    14b8:	04178793          	addi	a5,a5,65 # b000b041 <__bss_end+0xb0003c4d>
    14bc:	01369693          	slli	a3,a3,0x13
    14c0:	00f6e6b3          	or	a3,a3,a5
    14c4:	400007b7          	lui	a5,0x40000
    14c8:	00d7a023          	sw	a3,0(a5) # 40000000 <__bss_end+0x3fff8c0c>
    14cc:	00000013          	nop
    14d0:	00000013          	nop
    14d4:	00000013          	nop
    14d8:	00000013          	nop
    14dc:	00000013          	nop
    14e0:	00000013          	nop

000014e4 <rvs_177>:
	}
	RV_MARK(177);
    14e4:	00000013          	nop
	rv_local_sum += 3u;
    14e8:	00007737          	lui	a4,0x7
    14ec:	3f072783          	lw	a5,1008(a4) # 73f0 <rv_local_sum>
    14f0:	00378793          	addi	a5,a5,3
    14f4:	3ef72823          	sw	a5,1008(a4)
}
    14f8:	00008067          	ret

000014fc <rv_t016_cap>:
void rv_t016_cap(void)
{
	unsigned w;
	/* The tag is COMPUTED here -- an ACT-ST trigger could only ever carry
	 * the constant its table entry was loaded with. */
	w = RV_ACT_WORD(RV_ACT_CMD_DAQ_PC_CURR, RV_ACT_SINK_AXIS,
    14fc:	30000537          	lui	a0,0x30000
    1500:	08052703          	lw	a4,128(a0) # 30000080 <__bss_end+0x2fff8c8c>
    1504:	200007b7          	lui	a5,0x20000
    1508:	f0078613          	addi	a2,a5,-256 # 1fffff00 <__bss_end+0x1fff8b0c>
    150c:	00871713          	slli	a4,a4,0x8
    1510:	e00006b7          	lui	a3,0xe0000
    1514:	00c77733          	and	a4,a4,a2
    1518:	04168693          	addi	a3,a3,65 # e0000041 <__bss_end+0xdfff8c4d>
	                RV_TAG_VALUE(SH->ring_head & RV_VALUE_MASK));
	RV_ACTCAP_AT(178, w);
    151c:	400005b7          	lui	a1,0x40000
	w = RV_ACT_WORD(RV_ACT_CMD_DAQ_PC_CURR, RV_ACT_SINK_AXIS,
    1520:	00d76733          	or	a4,a4,a3

00001524 <rvs_178>:
	RV_ACTCAP_AT(178, w);
    1524:	00e5a023          	sw	a4,0(a1) # 40000000 <__bss_end+0x3fff8c0c>
    1528:	00000013          	nop
    152c:	00000013          	nop
    1530:	00000013          	nop
    1534:	00000013          	nop
    1538:	00000013          	nop
    153c:	00000013          	nop
	w = RV_ACT_WORD(RV_ACT_CMD_DAQ_PC_CURR, RV_ACT_SINK_AXIS,
    1540:	06052783          	lw	a5,96(a0)
    1544:	00879793          	slli	a5,a5,0x8
    1548:	00c7f7b3          	and	a5,a5,a2
    154c:	00d7e7b3          	or	a5,a5,a3

00001550 <rvs_179>:
	                RV_TAG_VALUE(SH->balance & RV_VALUE_MASK));
	RV_ACTCAP_AT(179, w);
    1550:	00f5a023          	sw	a5,0(a1)
    1554:	00000013          	nop
    1558:	00000013          	nop
    155c:	00000013          	nop
    1560:	00000013          	nop
    1564:	00000013          	nop
    1568:	00000013          	nop
	rv_actcap_issued += 2u;
    156c:	00007737          	lui	a4,0x7
    1570:	3e872783          	lw	a5,1000(a4) # 73e8 <rv_actcap_issued>
    1574:	00278793          	addi	a5,a5,2
    1578:	3ef72423          	sw	a5,1000(a4)
}
    157c:	00008067          	ret

00001580 <rv_t017>:

void rv_t017(void)
{
	unsigned v, c, lk;
	unsigned use_lock = (SH->mode != RV_MODE_RACE_OPEN);
    1580:	300007b7          	lui	a5,0x30000
    1584:	0047a603          	lw	a2,4(a5) # 30000004 <__bss_end+0x2fff8c10>
	/* RV_MODE_RACE_WRONG_LOCK: each core takes a DIFFERENT lock, so both
	 * believe they are protected and neither excludes the other. */
	lk = (SH->mode == RV_MODE_RACE_WRONG_LOCK) ? 1u : 0u;
    1588:	0047a683          	lw	a3,4(a5)
    158c:	ffe68693          	addi	a3,a3,-2
    1590:	0016b693          	seqz	a3,a3

00001594 <rvs_180>:

	RV_MARK(180);
    1594:	00000013          	nop
	if (use_lock) {
    1598:	00100713          	li	a4,1
    159c:	06e60263          	beq	a2,a4,1600 <rvs_182+0x34>
		RV_ACQUIRE(lk, 1u, 0u, 181, 182);
    15a0:	00469513          	slli	a0,a3,0x4
    15a4:	00a785b3          	add	a1,a5,a0
    15a8:	02458593          	addi	a1,a1,36

000015ac <rvs_181>:
    15ac:	00e5a023          	sw	a4,0(a1)
    15b0:	00a787b3          	add	a5,a5,a0
    15b4:	0207a423          	sw	zero,40(a5)
    15b8:	00c0006f          	j	15c4 <rvs_181+0x18>
    15bc:	0287a703          	lw	a4,40(a5)
    15c0:	00071663          	bnez	a4,15cc <rvs_182>
    15c4:	0207a703          	lw	a4,32(a5)
    15c8:	fe071ae3          	bnez	a4,15bc <rvs_181+0x10>

000015cc <rvs_182>:
    15cc:	00000013          	nop
    15d0:	a800b737          	lui	a4,0xa800b
    15d4:	01369793          	slli	a5,a3,0x13
    15d8:	64170713          	addi	a4,a4,1601 # a800b641 <__bss_end+0xa800424d>
    15dc:	00e7e7b3          	or	a5,a5,a4
    15e0:	40000737          	lui	a4,0x40000
    15e4:	00f72023          	sw	a5,0(a4) # 40000000 <__bss_end+0x3fff8c0c>
    15e8:	00000013          	nop
    15ec:	00000013          	nop
    15f0:	00000013          	nop
    15f4:	00000013          	nop
    15f8:	00000013          	nop
    15fc:	00000013          	nop
	}
	RV_LD(v, &SH->balance, 183);
    1600:	30000737          	lui	a4,0x30000
    1604:	06070593          	addi	a1,a4,96 # 30000060 <__bss_end+0x2fff8c6c>

00001608 <rvs_183>:
    1608:	0005a783          	lw	a5,0(a1)
	v += 4u;
    160c:	00478793          	addi	a5,a5,4

00001610 <rvs_184>:
	RV_ST(&SH->balance, v, 184);
    1610:	00f5a023          	sw	a5,0(a1)
	RV_LD(c, &SH->count, 185);
    1614:	06470513          	addi	a0,a4,100

00001618 <rvs_185>:
    1618:	00052583          	lw	a1,0(a0)
	RV_ST(&SH->count, c + 1u, 186);
    161c:	00158813          	addi	a6,a1,1

00001620 <rvs_186>:
    1620:	01052023          	sw	a6,0(a0)
	RV_ST(&SH->checksum, (c ^ v) + 17u, 187);
    1624:	00b7c7b3          	xor	a5,a5,a1
    1628:	01178793          	addi	a5,a5,17
    162c:	06870593          	addi	a1,a4,104

00001630 <rvs_187>:
    1630:	00f5a023          	sw	a5,0(a1)
	if (use_lock) {
    1634:	00100793          	li	a5,1
    1638:	04f60463          	beq	a2,a5,1680 <rvs_189>
		RV_RELEASE(lk, 1u, 188);
    163c:	00469793          	slli	a5,a3,0x4
    1640:	00f70733          	add	a4,a4,a5
    1644:	02470713          	addi	a4,a4,36
    1648:	00000793          	li	a5,0

0000164c <rvs_188>:
    164c:	00f72023          	sw	a5,0(a4)
    1650:	b000c7b7          	lui	a5,0xb000c
    1654:	c4178793          	addi	a5,a5,-959 # b000bc41 <__bss_end+0xb000484d>
    1658:	01369693          	slli	a3,a3,0x13
    165c:	00f6e6b3          	or	a3,a3,a5
    1660:	400007b7          	lui	a5,0x40000
    1664:	00d7a023          	sw	a3,0(a5) # 40000000 <__bss_end+0x3fff8c0c>
    1668:	00000013          	nop
    166c:	00000013          	nop
    1670:	00000013          	nop
    1674:	00000013          	nop
    1678:	00000013          	nop
    167c:	00000013          	nop

00001680 <rvs_189>:
	}
	RV_MARK(189);
    1680:	00000013          	nop
	rv_local_sum += 4u;
    1684:	00007737          	lui	a4,0x7
    1688:	3f072783          	lw	a5,1008(a4) # 73f0 <rv_local_sum>
    168c:	00478793          	addi	a5,a5,4
    1690:	3ef72823          	sw	a5,1008(a4)
}
    1694:	00008067          	ret

00001698 <rv_t018>:

void rv_t018(void)
{
	unsigned v, c, lk;
	unsigned use_lock = (SH->mode != RV_MODE_RACE_OPEN);
    1698:	300007b7          	lui	a5,0x30000
    169c:	0047a603          	lw	a2,4(a5) # 30000004 <__bss_end+0x2fff8c10>
	/* RV_MODE_RACE_WRONG_LOCK: each core takes a DIFFERENT lock, so both
	 * believe they are protected and neither excludes the other. */
	lk = (SH->mode == RV_MODE_RACE_WRONG_LOCK) ? 1u : 0u;
    16a0:	0047a683          	lw	a3,4(a5)
    16a4:	ffe68693          	addi	a3,a3,-2
    16a8:	0016b693          	seqz	a3,a3

000016ac <rvs_190>:

	RV_MARK(190);
    16ac:	00000013          	nop
	if (use_lock) {
    16b0:	00100713          	li	a4,1
    16b4:	06e60263          	beq	a2,a4,1718 <rvs_192+0x34>
		RV_ACQUIRE(lk, 1u, 0u, 191, 192);
    16b8:	00469513          	slli	a0,a3,0x4
    16bc:	00a785b3          	add	a1,a5,a0
    16c0:	02458593          	addi	a1,a1,36

000016c4 <rvs_191>:
    16c4:	00e5a023          	sw	a4,0(a1)
    16c8:	00a787b3          	add	a5,a5,a0
    16cc:	0207a423          	sw	zero,40(a5)
    16d0:	00c0006f          	j	16dc <rvs_191+0x18>
    16d4:	0287a703          	lw	a4,40(a5)
    16d8:	00071663          	bnez	a4,16e4 <rvs_192>
    16dc:	0207a703          	lw	a4,32(a5)
    16e0:	fe071ae3          	bnez	a4,16d4 <rvs_191+0x10>

000016e4 <rvs_192>:
    16e4:	00000013          	nop
    16e8:	a800c737          	lui	a4,0xa800c
    16ec:	01369793          	slli	a5,a3,0x13
    16f0:	04170713          	addi	a4,a4,65 # a800c041 <__bss_end+0xa8004c4d>
    16f4:	00e7e7b3          	or	a5,a5,a4
    16f8:	40000737          	lui	a4,0x40000
    16fc:	00f72023          	sw	a5,0(a4) # 40000000 <__bss_end+0x3fff8c0c>
    1700:	00000013          	nop
    1704:	00000013          	nop
    1708:	00000013          	nop
    170c:	00000013          	nop
    1710:	00000013          	nop
    1714:	00000013          	nop
	}
	RV_LD(v, &SH->balance, 193);
    1718:	30000737          	lui	a4,0x30000
    171c:	06070593          	addi	a1,a4,96 # 30000060 <__bss_end+0x2fff8c6c>

00001720 <rvs_193>:
    1720:	0005a783          	lw	a5,0(a1)
	v += 5u;
    1724:	00578793          	addi	a5,a5,5

00001728 <rvs_194>:
	RV_ST(&SH->balance, v, 194);
    1728:	00f5a023          	sw	a5,0(a1)
	RV_LD(c, &SH->count, 195);
    172c:	06470513          	addi	a0,a4,100

00001730 <rvs_195>:
    1730:	00052583          	lw	a1,0(a0)
	RV_ST(&SH->count, c + 1u, 196);
    1734:	00158813          	addi	a6,a1,1

00001738 <rvs_196>:
    1738:	01052023          	sw	a6,0(a0)
	RV_ST(&SH->checksum, (c ^ v) + 18u, 197);
    173c:	00b7c7b3          	xor	a5,a5,a1
    1740:	01278793          	addi	a5,a5,18
    1744:	06870593          	addi	a1,a4,104

00001748 <rvs_197>:
    1748:	00f5a023          	sw	a5,0(a1)
	if (use_lock) {
    174c:	00100793          	li	a5,1
    1750:	04f60463          	beq	a2,a5,1798 <rvs_199>
		RV_RELEASE(lk, 1u, 198);
    1754:	00469793          	slli	a5,a3,0x4
    1758:	00f70733          	add	a4,a4,a5
    175c:	02470713          	addi	a4,a4,36
    1760:	00000793          	li	a5,0

00001764 <rvs_198>:
    1764:	00f72023          	sw	a5,0(a4)
    1768:	b000c7b7          	lui	a5,0xb000c
    176c:	64178793          	addi	a5,a5,1601 # b000c641 <__bss_end+0xb000524d>
    1770:	01369693          	slli	a3,a3,0x13
    1774:	00f6e6b3          	or	a3,a3,a5
    1778:	400007b7          	lui	a5,0x40000
    177c:	00d7a023          	sw	a3,0(a5) # 40000000 <__bss_end+0x3fff8c0c>
    1780:	00000013          	nop
    1784:	00000013          	nop
    1788:	00000013          	nop
    178c:	00000013          	nop
    1790:	00000013          	nop
    1794:	00000013          	nop

00001798 <rvs_199>:
	}
	RV_MARK(199);
    1798:	00000013          	nop
	rv_local_sum += 5u;
    179c:	00007737          	lui	a4,0x7
    17a0:	3f072783          	lw	a5,1008(a4) # 73f0 <rv_local_sum>
    17a4:	00578793          	addi	a5,a5,5
    17a8:	3ef72823          	sw	a5,1008(a4)
}
    17ac:	00008067          	ret

000017b0 <rv_t019>:

void rv_t019(void)
{
	unsigned v, c, lk;
	unsigned use_lock = (SH->mode != RV_MODE_RACE_OPEN);
    17b0:	300007b7          	lui	a5,0x30000
    17b4:	0047a603          	lw	a2,4(a5) # 30000004 <__bss_end+0x2fff8c10>
	/* RV_MODE_RACE_WRONG_LOCK: each core takes a DIFFERENT lock, so both
	 * believe they are protected and neither excludes the other. */
	lk = (SH->mode == RV_MODE_RACE_WRONG_LOCK) ? 1u : 0u;
    17b8:	0047a683          	lw	a3,4(a5)
    17bc:	ffe68693          	addi	a3,a3,-2
    17c0:	0016b693          	seqz	a3,a3

000017c4 <rvs_200>:

	RV_MARK(200);
    17c4:	00000013          	nop
	if (use_lock) {
    17c8:	00100713          	li	a4,1
    17cc:	06e60263          	beq	a2,a4,1830 <rvs_202+0x34>
		RV_ACQUIRE(lk, 1u, 0u, 201, 202);
    17d0:	00469513          	slli	a0,a3,0x4
    17d4:	00a785b3          	add	a1,a5,a0
    17d8:	02458593          	addi	a1,a1,36

000017dc <rvs_201>:
    17dc:	00e5a023          	sw	a4,0(a1)
    17e0:	00a787b3          	add	a5,a5,a0
    17e4:	0207a423          	sw	zero,40(a5)
    17e8:	00c0006f          	j	17f4 <rvs_201+0x18>
    17ec:	0287a703          	lw	a4,40(a5)
    17f0:	00071663          	bnez	a4,17fc <rvs_202>
    17f4:	0207a703          	lw	a4,32(a5)
    17f8:	fe071ae3          	bnez	a4,17ec <rvs_201+0x10>

000017fc <rvs_202>:
    17fc:	00000013          	nop
    1800:	a800d737          	lui	a4,0xa800d
    1804:	01369793          	slli	a5,a3,0x13
    1808:	a4170713          	addi	a4,a4,-1471 # a800ca41 <__bss_end+0xa800564d>
    180c:	00e7e7b3          	or	a5,a5,a4
    1810:	40000737          	lui	a4,0x40000
    1814:	00f72023          	sw	a5,0(a4) # 40000000 <__bss_end+0x3fff8c0c>
    1818:	00000013          	nop
    181c:	00000013          	nop
    1820:	00000013          	nop
    1824:	00000013          	nop
    1828:	00000013          	nop
    182c:	00000013          	nop
	}
	RV_LD(v, &SH->balance, 203);
    1830:	30000737          	lui	a4,0x30000
    1834:	06070593          	addi	a1,a4,96 # 30000060 <__bss_end+0x2fff8c6c>

00001838 <rvs_203>:
    1838:	0005a783          	lw	a5,0(a1)
	v += 6u;
    183c:	00678793          	addi	a5,a5,6

00001840 <rvs_204>:
	RV_ST(&SH->balance, v, 204);
    1840:	00f5a023          	sw	a5,0(a1)
	RV_LD(c, &SH->count, 205);
    1844:	06470513          	addi	a0,a4,100

00001848 <rvs_205>:
    1848:	00052583          	lw	a1,0(a0)
	RV_ST(&SH->count, c + 1u, 206);
    184c:	00158813          	addi	a6,a1,1

00001850 <rvs_206>:
    1850:	01052023          	sw	a6,0(a0)
	RV_ST(&SH->checksum, (c ^ v) + 19u, 207);
    1854:	00b7c7b3          	xor	a5,a5,a1
    1858:	01378793          	addi	a5,a5,19
    185c:	06870593          	addi	a1,a4,104

00001860 <rvs_207>:
    1860:	00f5a023          	sw	a5,0(a1)
	if (use_lock) {
    1864:	00100793          	li	a5,1
    1868:	04f60463          	beq	a2,a5,18b0 <rvs_209>
		RV_RELEASE(lk, 1u, 208);
    186c:	00469793          	slli	a5,a3,0x4
    1870:	00f70733          	add	a4,a4,a5
    1874:	02470713          	addi	a4,a4,36
    1878:	00000793          	li	a5,0

0000187c <rvs_208>:
    187c:	00f72023          	sw	a5,0(a4)
    1880:	b000d7b7          	lui	a5,0xb000d
    1884:	04178793          	addi	a5,a5,65 # b000d041 <__bss_end+0xb0005c4d>
    1888:	01369693          	slli	a3,a3,0x13
    188c:	00f6e6b3          	or	a3,a3,a5
    1890:	400007b7          	lui	a5,0x40000
    1894:	00d7a023          	sw	a3,0(a5) # 40000000 <__bss_end+0x3fff8c0c>
    1898:	00000013          	nop
    189c:	00000013          	nop
    18a0:	00000013          	nop
    18a4:	00000013          	nop
    18a8:	00000013          	nop
    18ac:	00000013          	nop

000018b0 <rvs_209>:
	}
	RV_MARK(209);
    18b0:	00000013          	nop
	rv_local_sum += 6u;
    18b4:	00007737          	lui	a4,0x7
    18b8:	3f072783          	lw	a5,1008(a4) # 73f0 <rv_local_sum>
    18bc:	00678793          	addi	a5,a5,6
    18c0:	3ef72823          	sw	a5,1008(a4)
}
    18c4:	00008067          	ret

000018c8 <rv_t020>:

void rv_t020(void)
{
    18c8:	ff010113          	addi	sp,sp,-16
    18cc:	00112623          	sw	ra,12(sp)
    18d0:	00812423          	sw	s0,8(sp)
    18d4:	00912223          	sw	s1,4(sp)
    18d8:	01212023          	sw	s2,0(sp)

000018dc <rvs_210>:
	unsigned h, t, v, p;

	RV_MARK(210);
    18dc:	00000013          	nop
	RV_LD(h, &SH->ring_head, 211);
    18e0:	30000437          	lui	s0,0x30000
    18e4:	08040793          	addi	a5,s0,128 # 30000080 <__bss_end+0x2fff8c8c>

000018e8 <rvs_211>:
    18e8:	0007a783          	lw	a5,0(a5)
	RV_LD(t, &SH->ring_tail, 212);
    18ec:	08440913          	addi	s2,s0,132

000018f0 <rvs_212>:
    18f0:	00092483          	lw	s1,0(s2)

000018f4 <rvs_217>:
	RV_MARK(217);
    18f4:	00000013          	nop
	if (h != t) {
    18f8:	04978063          	beq	a5,s1,1938 <rvs_214+0x4>
		RV_LD(v, &SH->ring[t % RV_RING_SLOTS], 213);
    18fc:	03c00593          	li	a1,60
    1900:	00048513          	mv	a0,s1
    1904:	081050ef          	jal	ra,7184 <__umodsi3>
    1908:	00251793          	slli	a5,a0,0x2
    190c:	09040413          	addi	s0,s0,144
    1910:	008787b3          	add	a5,a5,s0

00001914 <rvs_213>:
    1914:	0007a783          	lw	a5,0(a5)
		rv_local_sum += v;
    1918:	000076b7          	lui	a3,0x7
    191c:	3f06a703          	lw	a4,1008(a3) # 73f0 <rv_local_sum>
		RV_ST(&SH->ring_tail, (t + 1u) % RV_RING_SLOTS, 214);
    1920:	03c00593          	li	a1,60
    1924:	00148513          	addi	a0,s1,1
		rv_local_sum += v;
    1928:	00f707b3          	add	a5,a4,a5
    192c:	3ef6a823          	sw	a5,1008(a3)
		RV_ST(&SH->ring_tail, (t + 1u) % RV_RING_SLOTS, 214);
    1930:	055050ef          	jal	ra,7184 <__umodsi3>

00001934 <rvs_214>:
    1934:	00a92023          	sw	a0,0(s2)
	}
	RV_LD(p, &rv_private, 215);
    1938:	000077b7          	lui	a5,0x7
    193c:	3ec78793          	addi	a5,a5,1004 # 73ec <rv_private>

00001940 <rvs_215>:
    1940:	0007a703          	lw	a4,0(a5)
	RV_ST(&rv_private, p + 1u, 216);
    1944:	00170693          	addi	a3,a4,1

00001948 <rvs_216>:
    1948:	00d7a023          	sw	a3,0(a5)
	RV_ST(&SH->seq, p, 218);
    194c:	300007b7          	lui	a5,0x30000
    1950:	06c78793          	addi	a5,a5,108 # 3000006c <__bss_end+0x2fff8c78>

00001954 <rvs_218>:
    1954:	00e7a023          	sw	a4,0(a5)

00001958 <rvs_219>:
	RV_MARK(219);
    1958:	00000013          	nop
}
    195c:	00c12083          	lw	ra,12(sp)
    1960:	00812403          	lw	s0,8(sp)
    1964:	00412483          	lw	s1,4(sp)
    1968:	00012903          	lw	s2,0(sp)
    196c:	01010113          	addi	sp,sp,16
    1970:	00008067          	ret

00001974 <rv_t020_cap>:
void rv_t020_cap(void)
{
	unsigned w;
	/* The tag is COMPUTED here -- an ACT-ST trigger could only ever carry
	 * the constant its table entry was loaded with. */
	w = RV_ACT_WORD(RV_ACT_CMD_DAQ_PC_CURR, RV_ACT_SINK_AXIS,
    1974:	30000537          	lui	a0,0x30000
    1978:	08052703          	lw	a4,128(a0) # 30000080 <__bss_end+0x2fff8c8c>
    197c:	200007b7          	lui	a5,0x20000
    1980:	f0078613          	addi	a2,a5,-256 # 1fffff00 <__bss_end+0x1fff8b0c>
    1984:	00871713          	slli	a4,a4,0x8
    1988:	e00006b7          	lui	a3,0xe0000
    198c:	00c77733          	and	a4,a4,a2
    1990:	04168693          	addi	a3,a3,65 # e0000041 <__bss_end+0xdfff8c4d>
	                RV_TAG_VALUE(SH->ring_head & RV_VALUE_MASK));
	RV_ACTCAP_AT(220, w);
    1994:	400005b7          	lui	a1,0x40000
	w = RV_ACT_WORD(RV_ACT_CMD_DAQ_PC_CURR, RV_ACT_SINK_AXIS,
    1998:	00d76733          	or	a4,a4,a3

0000199c <rvs_220>:
	RV_ACTCAP_AT(220, w);
    199c:	00e5a023          	sw	a4,0(a1) # 40000000 <__bss_end+0x3fff8c0c>
    19a0:	00000013          	nop
    19a4:	00000013          	nop
    19a8:	00000013          	nop
    19ac:	00000013          	nop
    19b0:	00000013          	nop
    19b4:	00000013          	nop
	w = RV_ACT_WORD(RV_ACT_CMD_DAQ_PC_CURR, RV_ACT_SINK_AXIS,
    19b8:	06052783          	lw	a5,96(a0)
    19bc:	00879793          	slli	a5,a5,0x8
    19c0:	00c7f7b3          	and	a5,a5,a2
    19c4:	00d7e7b3          	or	a5,a5,a3

000019c8 <rvs_221>:
	                RV_TAG_VALUE(SH->balance & RV_VALUE_MASK));
	RV_ACTCAP_AT(221, w);
    19c8:	00f5a023          	sw	a5,0(a1)
    19cc:	00000013          	nop
    19d0:	00000013          	nop
    19d4:	00000013          	nop
    19d8:	00000013          	nop
    19dc:	00000013          	nop
    19e0:	00000013          	nop
	rv_actcap_issued += 2u;
    19e4:	00007737          	lui	a4,0x7
    19e8:	3e872783          	lw	a5,1000(a4) # 73e8 <rv_actcap_issued>
    19ec:	00278793          	addi	a5,a5,2
    19f0:	3ef72423          	sw	a5,1000(a4)
}
    19f4:	00008067          	ret

000019f8 <rv_t021>:

void rv_t021(void)
{
    19f8:	ff010113          	addi	sp,sp,-16
    19fc:	00112623          	sw	ra,12(sp)
    1a00:	00812423          	sw	s0,8(sp)
    1a04:	00912223          	sw	s1,4(sp)
    1a08:	01212023          	sw	s2,0(sp)

00001a0c <rvs_222>:
	unsigned h, t, v, p;

	RV_MARK(222);
    1a0c:	00000013          	nop
	RV_LD(h, &SH->ring_head, 223);
    1a10:	30000437          	lui	s0,0x30000
    1a14:	08040793          	addi	a5,s0,128 # 30000080 <__bss_end+0x2fff8c8c>

00001a18 <rvs_223>:
    1a18:	0007a783          	lw	a5,0(a5)
	RV_LD(t, &SH->ring_tail, 224);
    1a1c:	08440913          	addi	s2,s0,132

00001a20 <rvs_224>:
    1a20:	00092483          	lw	s1,0(s2)

00001a24 <rvs_229>:
	RV_MARK(229);
    1a24:	00000013          	nop
	if (h != t) {
    1a28:	04978063          	beq	a5,s1,1a68 <rvs_226+0x4>
		RV_LD(v, &SH->ring[t % RV_RING_SLOTS], 225);
    1a2c:	03c00593          	li	a1,60
    1a30:	00048513          	mv	a0,s1
    1a34:	750050ef          	jal	ra,7184 <__umodsi3>
    1a38:	00251793          	slli	a5,a0,0x2
    1a3c:	09040413          	addi	s0,s0,144
    1a40:	008787b3          	add	a5,a5,s0

00001a44 <rvs_225>:
    1a44:	0007a783          	lw	a5,0(a5)
		rv_local_sum += v;
    1a48:	000076b7          	lui	a3,0x7
    1a4c:	3f06a703          	lw	a4,1008(a3) # 73f0 <rv_local_sum>
		RV_ST(&SH->ring_tail, (t + 1u) % RV_RING_SLOTS, 226);
    1a50:	03c00593          	li	a1,60
    1a54:	00148513          	addi	a0,s1,1
		rv_local_sum += v;
    1a58:	00f707b3          	add	a5,a4,a5
    1a5c:	3ef6a823          	sw	a5,1008(a3)
		RV_ST(&SH->ring_tail, (t + 1u) % RV_RING_SLOTS, 226);
    1a60:	724050ef          	jal	ra,7184 <__umodsi3>

00001a64 <rvs_226>:
    1a64:	00a92023          	sw	a0,0(s2)
	}
	RV_LD(p, &rv_private, 227);
    1a68:	000077b7          	lui	a5,0x7
    1a6c:	3ec78793          	addi	a5,a5,1004 # 73ec <rv_private>

00001a70 <rvs_227>:
    1a70:	0007a703          	lw	a4,0(a5)
	RV_ST(&rv_private, p + 1u, 228);
    1a74:	00170693          	addi	a3,a4,1

00001a78 <rvs_228>:
    1a78:	00d7a023          	sw	a3,0(a5)
	RV_ST(&SH->seq, p, 230);
    1a7c:	300007b7          	lui	a5,0x30000
    1a80:	06c78793          	addi	a5,a5,108 # 3000006c <__bss_end+0x2fff8c78>

00001a84 <rvs_230>:
    1a84:	00e7a023          	sw	a4,0(a5)

00001a88 <rvs_231>:
	RV_MARK(231);
    1a88:	00000013          	nop
}
    1a8c:	00c12083          	lw	ra,12(sp)
    1a90:	00812403          	lw	s0,8(sp)
    1a94:	00412483          	lw	s1,4(sp)
    1a98:	00012903          	lw	s2,0(sp)
    1a9c:	01010113          	addi	sp,sp,16
    1aa0:	00008067          	ret

00001aa4 <rv_t022>:

void rv_t022(void)
{
    1aa4:	ff010113          	addi	sp,sp,-16
    1aa8:	00112623          	sw	ra,12(sp)
    1aac:	00812423          	sw	s0,8(sp)
    1ab0:	00912223          	sw	s1,4(sp)
    1ab4:	01212023          	sw	s2,0(sp)

00001ab8 <rvs_232>:
	unsigned h, t, v, p;

	RV_MARK(232);
    1ab8:	00000013          	nop
	RV_LD(h, &SH->ring_head, 233);
    1abc:	30000437          	lui	s0,0x30000
    1ac0:	08040793          	addi	a5,s0,128 # 30000080 <__bss_end+0x2fff8c8c>

00001ac4 <rvs_233>:
    1ac4:	0007a783          	lw	a5,0(a5)
	RV_LD(t, &SH->ring_tail, 234);
    1ac8:	08440913          	addi	s2,s0,132

00001acc <rvs_234>:
    1acc:	00092483          	lw	s1,0(s2)

00001ad0 <rvs_239>:
	RV_MARK(239);
    1ad0:	00000013          	nop
	if (h != t) {
    1ad4:	04978063          	beq	a5,s1,1b14 <rvs_236+0x4>
		RV_LD(v, &SH->ring[t % RV_RING_SLOTS], 235);
    1ad8:	03c00593          	li	a1,60
    1adc:	00048513          	mv	a0,s1
    1ae0:	6a4050ef          	jal	ra,7184 <__umodsi3>
    1ae4:	00251793          	slli	a5,a0,0x2
    1ae8:	09040413          	addi	s0,s0,144
    1aec:	008787b3          	add	a5,a5,s0

00001af0 <rvs_235>:
    1af0:	0007a783          	lw	a5,0(a5)
		rv_local_sum += v;
    1af4:	000076b7          	lui	a3,0x7
    1af8:	3f06a703          	lw	a4,1008(a3) # 73f0 <rv_local_sum>
		RV_ST(&SH->ring_tail, (t + 1u) % RV_RING_SLOTS, 236);
    1afc:	03c00593          	li	a1,60
    1b00:	00148513          	addi	a0,s1,1
		rv_local_sum += v;
    1b04:	00f707b3          	add	a5,a4,a5
    1b08:	3ef6a823          	sw	a5,1008(a3)
		RV_ST(&SH->ring_tail, (t + 1u) % RV_RING_SLOTS, 236);
    1b0c:	678050ef          	jal	ra,7184 <__umodsi3>

00001b10 <rvs_236>:
    1b10:	00a92023          	sw	a0,0(s2)
	}
	RV_LD(p, &rv_private, 237);
    1b14:	000077b7          	lui	a5,0x7
    1b18:	3ec78793          	addi	a5,a5,1004 # 73ec <rv_private>

00001b1c <rvs_237>:
    1b1c:	0007a703          	lw	a4,0(a5)
	RV_ST(&rv_private, p + 1u, 238);
    1b20:	00170693          	addi	a3,a4,1

00001b24 <rvs_238>:
    1b24:	00d7a023          	sw	a3,0(a5)
	RV_ST(&SH->seq, p, 240);
    1b28:	300007b7          	lui	a5,0x30000
    1b2c:	06c78793          	addi	a5,a5,108 # 3000006c <__bss_end+0x2fff8c78>

00001b30 <rvs_240>:
    1b30:	00e7a023          	sw	a4,0(a5)

00001b34 <rvs_241>:
	RV_MARK(241);
    1b34:	00000013          	nop
}
    1b38:	00c12083          	lw	ra,12(sp)
    1b3c:	00812403          	lw	s0,8(sp)
    1b40:	00412483          	lw	s1,4(sp)
    1b44:	00012903          	lw	s2,0(sp)
    1b48:	01010113          	addi	sp,sp,16
    1b4c:	00008067          	ret

00001b50 <rv_t023>:

void rv_t023(void)
{
	unsigned v, c, lk;
	unsigned use_lock = (SH->mode != RV_MODE_RACE_OPEN);
    1b50:	300007b7          	lui	a5,0x30000
    1b54:	0047a603          	lw	a2,4(a5) # 30000004 <__bss_end+0x2fff8c10>
	/* RV_MODE_RACE_WRONG_LOCK: each core takes a DIFFERENT lock, so both
	 * believe they are protected and neither excludes the other. */
	lk = (SH->mode == RV_MODE_RACE_WRONG_LOCK) ? 1u : 0u;
    1b58:	0047a683          	lw	a3,4(a5)
    1b5c:	ffe68693          	addi	a3,a3,-2
    1b60:	0016b693          	seqz	a3,a3

00001b64 <rvs_242>:

	RV_MARK(242);
    1b64:	00000013          	nop
	if (use_lock) {
    1b68:	00100713          	li	a4,1
    1b6c:	06e60263          	beq	a2,a4,1bd0 <rvs_244+0x34>
		RV_ACQUIRE(lk, 1u, 0u, 243, 244);
    1b70:	00469513          	slli	a0,a3,0x4
    1b74:	00a785b3          	add	a1,a5,a0
    1b78:	02458593          	addi	a1,a1,36

00001b7c <rvs_243>:
    1b7c:	00e5a023          	sw	a4,0(a1)
    1b80:	00a787b3          	add	a5,a5,a0
    1b84:	0207a423          	sw	zero,40(a5)
    1b88:	00c0006f          	j	1b94 <rvs_243+0x18>
    1b8c:	0287a703          	lw	a4,40(a5)
    1b90:	00071663          	bnez	a4,1b9c <rvs_244>
    1b94:	0207a703          	lw	a4,32(a5)
    1b98:	fe071ae3          	bnez	a4,1b8c <rvs_243+0x10>

00001b9c <rvs_244>:
    1b9c:	00000013          	nop
    1ba0:	a800f737          	lui	a4,0xa800f
    1ba4:	01369793          	slli	a5,a3,0x13
    1ba8:	44170713          	addi	a4,a4,1089 # a800f441 <__bss_end+0xa800804d>
    1bac:	00e7e7b3          	or	a5,a5,a4
    1bb0:	40000737          	lui	a4,0x40000
    1bb4:	00f72023          	sw	a5,0(a4) # 40000000 <__bss_end+0x3fff8c0c>
    1bb8:	00000013          	nop
    1bbc:	00000013          	nop
    1bc0:	00000013          	nop
    1bc4:	00000013          	nop
    1bc8:	00000013          	nop
    1bcc:	00000013          	nop
	}
	RV_LD(v, &SH->balance, 245);
    1bd0:	30000737          	lui	a4,0x30000
    1bd4:	06070593          	addi	a1,a4,96 # 30000060 <__bss_end+0x2fff8c6c>

00001bd8 <rvs_245>:
    1bd8:	0005a783          	lw	a5,0(a1)
	v += 3u;
    1bdc:	00378793          	addi	a5,a5,3

00001be0 <rvs_246>:
	RV_ST(&SH->balance, v, 246);
    1be0:	00f5a023          	sw	a5,0(a1)
	RV_LD(c, &SH->count, 247);
    1be4:	06470513          	addi	a0,a4,100

00001be8 <rvs_247>:
    1be8:	00052583          	lw	a1,0(a0)
	RV_ST(&SH->count, c + 1u, 248);
    1bec:	00158813          	addi	a6,a1,1

00001bf0 <rvs_248>:
    1bf0:	01052023          	sw	a6,0(a0)
	RV_ST(&SH->checksum, (c ^ v) + 23u, 249);
    1bf4:	00b7c7b3          	xor	a5,a5,a1
    1bf8:	01778793          	addi	a5,a5,23
    1bfc:	06870593          	addi	a1,a4,104

00001c00 <rvs_249>:
    1c00:	00f5a023          	sw	a5,0(a1)
	if (use_lock) {
    1c04:	00100793          	li	a5,1
    1c08:	04f60463          	beq	a2,a5,1c50 <rvs_251>
		RV_RELEASE(lk, 1u, 250);
    1c0c:	00469793          	slli	a5,a3,0x4
    1c10:	00f70733          	add	a4,a4,a5
    1c14:	02470713          	addi	a4,a4,36
    1c18:	00000793          	li	a5,0

00001c1c <rvs_250>:
    1c1c:	00f72023          	sw	a5,0(a4)
    1c20:	b00107b7          	lui	a5,0xb0010
    1c24:	a4178793          	addi	a5,a5,-1471 # b000fa41 <__bss_end+0xb000864d>
    1c28:	01369693          	slli	a3,a3,0x13
    1c2c:	00f6e6b3          	or	a3,a3,a5
    1c30:	400007b7          	lui	a5,0x40000
    1c34:	00d7a023          	sw	a3,0(a5) # 40000000 <__bss_end+0x3fff8c0c>
    1c38:	00000013          	nop
    1c3c:	00000013          	nop
    1c40:	00000013          	nop
    1c44:	00000013          	nop
    1c48:	00000013          	nop
    1c4c:	00000013          	nop

00001c50 <rvs_251>:
	}
	RV_MARK(251);
    1c50:	00000013          	nop
	rv_local_sum += 3u;
    1c54:	00007737          	lui	a4,0x7
    1c58:	3f072783          	lw	a5,1008(a4) # 73f0 <rv_local_sum>
    1c5c:	00378793          	addi	a5,a5,3
    1c60:	3ef72823          	sw	a5,1008(a4)
}
    1c64:	00008067          	ret

00001c68 <rv_t024>:

void rv_t024(void)
{
	unsigned v, c, lk;
	unsigned use_lock = (SH->mode != RV_MODE_RACE_OPEN);
    1c68:	300007b7          	lui	a5,0x30000
    1c6c:	0047a603          	lw	a2,4(a5) # 30000004 <__bss_end+0x2fff8c10>
	/* RV_MODE_RACE_WRONG_LOCK: each core takes a DIFFERENT lock, so both
	 * believe they are protected and neither excludes the other. */
	lk = (SH->mode == RV_MODE_RACE_WRONG_LOCK) ? 1u : 0u;
    1c70:	0047a683          	lw	a3,4(a5)
    1c74:	ffe68693          	addi	a3,a3,-2
    1c78:	0016b693          	seqz	a3,a3

00001c7c <rvs_252>:

	RV_MARK(252);
    1c7c:	00000013          	nop
	if (use_lock) {
    1c80:	00100713          	li	a4,1
    1c84:	06e60263          	beq	a2,a4,1ce8 <rvs_254+0x34>
		RV_ACQUIRE(lk, 1u, 0u, 253, 254);
    1c88:	00469513          	slli	a0,a3,0x4
    1c8c:	00a785b3          	add	a1,a5,a0
    1c90:	02458593          	addi	a1,a1,36

00001c94 <rvs_253>:
    1c94:	00e5a023          	sw	a4,0(a1)
    1c98:	00a787b3          	add	a5,a5,a0
    1c9c:	0207a423          	sw	zero,40(a5)
    1ca0:	00c0006f          	j	1cac <rvs_253+0x18>
    1ca4:	0287a703          	lw	a4,40(a5)
    1ca8:	00071663          	bnez	a4,1cb4 <rvs_254>
    1cac:	0207a703          	lw	a4,32(a5)
    1cb0:	fe071ae3          	bnez	a4,1ca4 <rvs_253+0x10>

00001cb4 <rvs_254>:
    1cb4:	00000013          	nop
    1cb8:	a8010737          	lui	a4,0xa8010
    1cbc:	01369793          	slli	a5,a3,0x13
    1cc0:	e4170713          	addi	a4,a4,-447 # a800fe41 <__bss_end+0xa8008a4d>
    1cc4:	00e7e7b3          	or	a5,a5,a4
    1cc8:	40000737          	lui	a4,0x40000
    1ccc:	00f72023          	sw	a5,0(a4) # 40000000 <__bss_end+0x3fff8c0c>
    1cd0:	00000013          	nop
    1cd4:	00000013          	nop
    1cd8:	00000013          	nop
    1cdc:	00000013          	nop
    1ce0:	00000013          	nop
    1ce4:	00000013          	nop
	}
	RV_LD(v, &SH->balance, 255);
    1ce8:	30000737          	lui	a4,0x30000
    1cec:	06070593          	addi	a1,a4,96 # 30000060 <__bss_end+0x2fff8c6c>

00001cf0 <rvs_255>:
    1cf0:	0005a783          	lw	a5,0(a1)
	v += 4u;
    1cf4:	00478793          	addi	a5,a5,4

00001cf8 <rvs_256>:
	RV_ST(&SH->balance, v, 256);
    1cf8:	00f5a023          	sw	a5,0(a1)
	RV_LD(c, &SH->count, 257);
    1cfc:	06470513          	addi	a0,a4,100

00001d00 <rvs_257>:
    1d00:	00052583          	lw	a1,0(a0)
	RV_ST(&SH->count, c + 1u, 258);
    1d04:	00158813          	addi	a6,a1,1

00001d08 <rvs_258>:
    1d08:	01052023          	sw	a6,0(a0)
	RV_ST(&SH->checksum, (c ^ v) + 24u, 259);
    1d0c:	00b7c7b3          	xor	a5,a5,a1
    1d10:	01878793          	addi	a5,a5,24
    1d14:	06870593          	addi	a1,a4,104

00001d18 <rvs_259>:
    1d18:	00f5a023          	sw	a5,0(a1)
	if (use_lock) {
    1d1c:	00100793          	li	a5,1
    1d20:	04f60463          	beq	a2,a5,1d68 <rvs_261>
		RV_RELEASE(lk, 1u, 260);
    1d24:	00469793          	slli	a5,a3,0x4
    1d28:	00f70733          	add	a4,a4,a5
    1d2c:	02470713          	addi	a4,a4,36
    1d30:	00000793          	li	a5,0

00001d34 <rvs_260>:
    1d34:	00f72023          	sw	a5,0(a4)
    1d38:	b00107b7          	lui	a5,0xb0010
    1d3c:	44178793          	addi	a5,a5,1089 # b0010441 <__bss_end+0xb000904d>
    1d40:	01369693          	slli	a3,a3,0x13
    1d44:	00f6e6b3          	or	a3,a3,a5
    1d48:	400007b7          	lui	a5,0x40000
    1d4c:	00d7a023          	sw	a3,0(a5) # 40000000 <__bss_end+0x3fff8c0c>
    1d50:	00000013          	nop
    1d54:	00000013          	nop
    1d58:	00000013          	nop
    1d5c:	00000013          	nop
    1d60:	00000013          	nop
    1d64:	00000013          	nop

00001d68 <rvs_261>:
	}
	RV_MARK(261);
    1d68:	00000013          	nop
	rv_local_sum += 4u;
    1d6c:	00007737          	lui	a4,0x7
    1d70:	3f072783          	lw	a5,1008(a4) # 73f0 <rv_local_sum>
    1d74:	00478793          	addi	a5,a5,4
    1d78:	3ef72823          	sw	a5,1008(a4)
}
    1d7c:	00008067          	ret

00001d80 <rv_t024_cap>:
void rv_t024_cap(void)
{
	unsigned w;
	/* The tag is COMPUTED here -- an ACT-ST trigger could only ever carry
	 * the constant its table entry was loaded with. */
	w = RV_ACT_WORD(RV_ACT_CMD_DAQ_PC_CURR, RV_ACT_SINK_AXIS,
    1d80:	30000537          	lui	a0,0x30000
    1d84:	08052703          	lw	a4,128(a0) # 30000080 <__bss_end+0x2fff8c8c>
    1d88:	200007b7          	lui	a5,0x20000
    1d8c:	f0078613          	addi	a2,a5,-256 # 1fffff00 <__bss_end+0x1fff8b0c>
    1d90:	00871713          	slli	a4,a4,0x8
    1d94:	e00006b7          	lui	a3,0xe0000
    1d98:	00c77733          	and	a4,a4,a2
    1d9c:	04168693          	addi	a3,a3,65 # e0000041 <__bss_end+0xdfff8c4d>
	                RV_TAG_VALUE(SH->ring_head & RV_VALUE_MASK));
	RV_ACTCAP_AT(262, w);
    1da0:	400005b7          	lui	a1,0x40000
	w = RV_ACT_WORD(RV_ACT_CMD_DAQ_PC_CURR, RV_ACT_SINK_AXIS,
    1da4:	00d76733          	or	a4,a4,a3

00001da8 <rvs_262>:
	RV_ACTCAP_AT(262, w);
    1da8:	00e5a023          	sw	a4,0(a1) # 40000000 <__bss_end+0x3fff8c0c>
    1dac:	00000013          	nop
    1db0:	00000013          	nop
    1db4:	00000013          	nop
    1db8:	00000013          	nop
    1dbc:	00000013          	nop
    1dc0:	00000013          	nop
	w = RV_ACT_WORD(RV_ACT_CMD_DAQ_PC_CURR, RV_ACT_SINK_AXIS,
    1dc4:	06052783          	lw	a5,96(a0)
    1dc8:	00879793          	slli	a5,a5,0x8
    1dcc:	00c7f7b3          	and	a5,a5,a2
    1dd0:	00d7e7b3          	or	a5,a5,a3

00001dd4 <rvs_263>:
	                RV_TAG_VALUE(SH->balance & RV_VALUE_MASK));
	RV_ACTCAP_AT(263, w);
    1dd4:	00f5a023          	sw	a5,0(a1)
    1dd8:	00000013          	nop
    1ddc:	00000013          	nop
    1de0:	00000013          	nop
    1de4:	00000013          	nop
    1de8:	00000013          	nop
    1dec:	00000013          	nop
	rv_actcap_issued += 2u;
    1df0:	00007737          	lui	a4,0x7
    1df4:	3e872783          	lw	a5,1000(a4) # 73e8 <rv_actcap_issued>
    1df8:	00278793          	addi	a5,a5,2
    1dfc:	3ef72423          	sw	a5,1000(a4)
}
    1e00:	00008067          	ret

00001e04 <rv_t025>:

void rv_t025(void)
{
	unsigned v, c, lk;
	unsigned use_lock = (SH->mode != RV_MODE_RACE_OPEN);
    1e04:	300007b7          	lui	a5,0x30000
    1e08:	0047a603          	lw	a2,4(a5) # 30000004 <__bss_end+0x2fff8c10>
	/* RV_MODE_RACE_WRONG_LOCK: each core takes a DIFFERENT lock, so both
	 * believe they are protected and neither excludes the other. */
	lk = (SH->mode == RV_MODE_RACE_WRONG_LOCK) ? 1u : 0u;
    1e0c:	0047a683          	lw	a3,4(a5)
    1e10:	ffe68693          	addi	a3,a3,-2
    1e14:	0016b693          	seqz	a3,a3

00001e18 <rvs_264>:

	RV_MARK(264);
    1e18:	00000013          	nop
	if (use_lock) {
    1e1c:	00100713          	li	a4,1
    1e20:	06e60263          	beq	a2,a4,1e84 <rvs_266+0x34>
		RV_ACQUIRE(lk, 1u, 0u, 265, 266);
    1e24:	00469513          	slli	a0,a3,0x4
    1e28:	00a785b3          	add	a1,a5,a0
    1e2c:	02458593          	addi	a1,a1,36

00001e30 <rvs_265>:
    1e30:	00e5a023          	sw	a4,0(a1)
    1e34:	00a787b3          	add	a5,a5,a0
    1e38:	0207a423          	sw	zero,40(a5)
    1e3c:	00c0006f          	j	1e48 <rvs_265+0x18>
    1e40:	0287a703          	lw	a4,40(a5)
    1e44:	00071663          	bnez	a4,1e50 <rvs_266>
    1e48:	0207a703          	lw	a4,32(a5)
    1e4c:	fe071ae3          	bnez	a4,1e40 <rvs_265+0x10>

00001e50 <rvs_266>:
    1e50:	00000013          	nop
    1e54:	a8011737          	lui	a4,0xa8011
    1e58:	01369793          	slli	a5,a3,0x13
    1e5c:	a4170713          	addi	a4,a4,-1471 # a8010a41 <__bss_end+0xa800964d>
    1e60:	00e7e7b3          	or	a5,a5,a4
    1e64:	40000737          	lui	a4,0x40000
    1e68:	00f72023          	sw	a5,0(a4) # 40000000 <__bss_end+0x3fff8c0c>
    1e6c:	00000013          	nop
    1e70:	00000013          	nop
    1e74:	00000013          	nop
    1e78:	00000013          	nop
    1e7c:	00000013          	nop
    1e80:	00000013          	nop
	}
	RV_LD(v, &SH->balance, 267);
    1e84:	30000737          	lui	a4,0x30000
    1e88:	06070593          	addi	a1,a4,96 # 30000060 <__bss_end+0x2fff8c6c>

00001e8c <rvs_267>:
    1e8c:	0005a783          	lw	a5,0(a1)
	v += 5u;
    1e90:	00578793          	addi	a5,a5,5

00001e94 <rvs_268>:
	RV_ST(&SH->balance, v, 268);
    1e94:	00f5a023          	sw	a5,0(a1)
	RV_LD(c, &SH->count, 269);
    1e98:	06470513          	addi	a0,a4,100

00001e9c <rvs_269>:
    1e9c:	00052583          	lw	a1,0(a0)
	RV_ST(&SH->count, c + 1u, 270);
    1ea0:	00158813          	addi	a6,a1,1

00001ea4 <rvs_270>:
    1ea4:	01052023          	sw	a6,0(a0)
	RV_ST(&SH->checksum, (c ^ v) + 25u, 271);
    1ea8:	00b7c7b3          	xor	a5,a5,a1
    1eac:	01978793          	addi	a5,a5,25
    1eb0:	06870593          	addi	a1,a4,104

00001eb4 <rvs_271>:
    1eb4:	00f5a023          	sw	a5,0(a1)
	if (use_lock) {
    1eb8:	00100793          	li	a5,1
    1ebc:	04f60463          	beq	a2,a5,1f04 <rvs_273>
		RV_RELEASE(lk, 1u, 272);
    1ec0:	00469793          	slli	a5,a3,0x4
    1ec4:	00f70733          	add	a4,a4,a5
    1ec8:	02470713          	addi	a4,a4,36
    1ecc:	00000793          	li	a5,0

00001ed0 <rvs_272>:
    1ed0:	00f72023          	sw	a5,0(a4)
    1ed4:	b00117b7          	lui	a5,0xb0011
    1ed8:	04178793          	addi	a5,a5,65 # b0011041 <__bss_end+0xb0009c4d>
    1edc:	01369693          	slli	a3,a3,0x13
    1ee0:	00f6e6b3          	or	a3,a3,a5
    1ee4:	400007b7          	lui	a5,0x40000
    1ee8:	00d7a023          	sw	a3,0(a5) # 40000000 <__bss_end+0x3fff8c0c>
    1eec:	00000013          	nop
    1ef0:	00000013          	nop
    1ef4:	00000013          	nop
    1ef8:	00000013          	nop
    1efc:	00000013          	nop
    1f00:	00000013          	nop

00001f04 <rvs_273>:
	}
	RV_MARK(273);
    1f04:	00000013          	nop
	rv_local_sum += 5u;
    1f08:	00007737          	lui	a4,0x7
    1f0c:	3f072783          	lw	a5,1008(a4) # 73f0 <rv_local_sum>
    1f10:	00578793          	addi	a5,a5,5
    1f14:	3ef72823          	sw	a5,1008(a4)
}
    1f18:	00008067          	ret

00001f1c <rv_t026>:

void rv_t026(void)
{
	unsigned v, c, lk;
	unsigned use_lock = (SH->mode != RV_MODE_RACE_OPEN);
    1f1c:	300007b7          	lui	a5,0x30000
    1f20:	0047a603          	lw	a2,4(a5) # 30000004 <__bss_end+0x2fff8c10>
	/* RV_MODE_RACE_WRONG_LOCK: each core takes a DIFFERENT lock, so both
	 * believe they are protected and neither excludes the other. */
	lk = (SH->mode == RV_MODE_RACE_WRONG_LOCK) ? 1u : 0u;
    1f24:	0047a683          	lw	a3,4(a5)
    1f28:	ffe68693          	addi	a3,a3,-2
    1f2c:	0016b693          	seqz	a3,a3

00001f30 <rvs_274>:

	RV_MARK(274);
    1f30:	00000013          	nop
	if (use_lock) {
    1f34:	00100713          	li	a4,1
    1f38:	06e60263          	beq	a2,a4,1f9c <rvs_276+0x34>
		RV_ACQUIRE(lk, 1u, 0u, 275, 276);
    1f3c:	00469513          	slli	a0,a3,0x4
    1f40:	00a785b3          	add	a1,a5,a0
    1f44:	02458593          	addi	a1,a1,36

00001f48 <rvs_275>:
    1f48:	00e5a023          	sw	a4,0(a1)
    1f4c:	00a787b3          	add	a5,a5,a0
    1f50:	0207a423          	sw	zero,40(a5)
    1f54:	00c0006f          	j	1f60 <rvs_275+0x18>
    1f58:	0287a703          	lw	a4,40(a5)
    1f5c:	00071663          	bnez	a4,1f68 <rvs_276>
    1f60:	0207a703          	lw	a4,32(a5)
    1f64:	fe071ae3          	bnez	a4,1f58 <rvs_275+0x10>

00001f68 <rvs_276>:
    1f68:	00000013          	nop
    1f6c:	a8011737          	lui	a4,0xa8011
    1f70:	01369793          	slli	a5,a3,0x13
    1f74:	44170713          	addi	a4,a4,1089 # a8011441 <__bss_end+0xa800a04d>
    1f78:	00e7e7b3          	or	a5,a5,a4
    1f7c:	40000737          	lui	a4,0x40000
    1f80:	00f72023          	sw	a5,0(a4) # 40000000 <__bss_end+0x3fff8c0c>
    1f84:	00000013          	nop
    1f88:	00000013          	nop
    1f8c:	00000013          	nop
    1f90:	00000013          	nop
    1f94:	00000013          	nop
    1f98:	00000013          	nop
	}
	RV_LD(v, &SH->balance, 277);
    1f9c:	30000737          	lui	a4,0x30000
    1fa0:	06070593          	addi	a1,a4,96 # 30000060 <__bss_end+0x2fff8c6c>

00001fa4 <rvs_277>:
    1fa4:	0005a783          	lw	a5,0(a1)
	v += 6u;
    1fa8:	00678793          	addi	a5,a5,6

00001fac <rvs_278>:
	RV_ST(&SH->balance, v, 278);
    1fac:	00f5a023          	sw	a5,0(a1)
	RV_LD(c, &SH->count, 279);
    1fb0:	06470513          	addi	a0,a4,100

00001fb4 <rvs_279>:
    1fb4:	00052583          	lw	a1,0(a0)
	RV_ST(&SH->count, c + 1u, 280);
    1fb8:	00158813          	addi	a6,a1,1

00001fbc <rvs_280>:
    1fbc:	01052023          	sw	a6,0(a0)
	RV_ST(&SH->checksum, (c ^ v) + 26u, 281);
    1fc0:	00b7c7b3          	xor	a5,a5,a1
    1fc4:	01a78793          	addi	a5,a5,26
    1fc8:	06870593          	addi	a1,a4,104

00001fcc <rvs_281>:
    1fcc:	00f5a023          	sw	a5,0(a1)
	if (use_lock) {
    1fd0:	00100793          	li	a5,1
    1fd4:	04f60463          	beq	a2,a5,201c <rvs_283>
		RV_RELEASE(lk, 1u, 282);
    1fd8:	00469793          	slli	a5,a3,0x4
    1fdc:	00f70733          	add	a4,a4,a5
    1fe0:	02470713          	addi	a4,a4,36
    1fe4:	00000793          	li	a5,0

00001fe8 <rvs_282>:
    1fe8:	00f72023          	sw	a5,0(a4)
    1fec:	b00127b7          	lui	a5,0xb0012
    1ff0:	a4178793          	addi	a5,a5,-1471 # b0011a41 <__bss_end+0xb000a64d>
    1ff4:	01369693          	slli	a3,a3,0x13
    1ff8:	00f6e6b3          	or	a3,a3,a5
    1ffc:	400007b7          	lui	a5,0x40000
    2000:	00d7a023          	sw	a3,0(a5) # 40000000 <__bss_end+0x3fff8c0c>
    2004:	00000013          	nop
    2008:	00000013          	nop
    200c:	00000013          	nop
    2010:	00000013          	nop
    2014:	00000013          	nop
    2018:	00000013          	nop

0000201c <rvs_283>:
	}
	RV_MARK(283);
    201c:	00000013          	nop
	rv_local_sum += 6u;
    2020:	00007737          	lui	a4,0x7
    2024:	3f072783          	lw	a5,1008(a4) # 73f0 <rv_local_sum>
    2028:	00678793          	addi	a5,a5,6
    202c:	3ef72823          	sw	a5,1008(a4)
}
    2030:	00008067          	ret

00002034 <rv_t027>:

void rv_t027(void)
{
	unsigned v, c, lk;
	unsigned use_lock = (SH->mode != RV_MODE_RACE_OPEN);
    2034:	300007b7          	lui	a5,0x30000
    2038:	0047a603          	lw	a2,4(a5) # 30000004 <__bss_end+0x2fff8c10>
	/* RV_MODE_RACE_WRONG_LOCK: each core takes a DIFFERENT lock, so both
	 * believe they are protected and neither excludes the other. */
	lk = (SH->mode == RV_MODE_RACE_WRONG_LOCK) ? 1u : 0u;
    203c:	0047a683          	lw	a3,4(a5)
    2040:	ffe68693          	addi	a3,a3,-2
    2044:	0016b693          	seqz	a3,a3

00002048 <rvs_284>:

	RV_MARK(284);
    2048:	00000013          	nop
	if (use_lock) {
    204c:	00100713          	li	a4,1
    2050:	06e60263          	beq	a2,a4,20b4 <rvs_286+0x34>
		RV_ACQUIRE(lk, 1u, 0u, 285, 286);
    2054:	00469513          	slli	a0,a3,0x4
    2058:	00a785b3          	add	a1,a5,a0
    205c:	02458593          	addi	a1,a1,36

00002060 <rvs_285>:
    2060:	00e5a023          	sw	a4,0(a1)
    2064:	00a787b3          	add	a5,a5,a0
    2068:	0207a423          	sw	zero,40(a5)
    206c:	00c0006f          	j	2078 <rvs_285+0x18>
    2070:	0287a703          	lw	a4,40(a5)
    2074:	00071663          	bnez	a4,2080 <rvs_286>
    2078:	0207a703          	lw	a4,32(a5)
    207c:	fe071ae3          	bnez	a4,2070 <rvs_285+0x10>

00002080 <rvs_286>:
    2080:	00000013          	nop
    2084:	a8012737          	lui	a4,0xa8012
    2088:	01369793          	slli	a5,a3,0x13
    208c:	e4170713          	addi	a4,a4,-447 # a8011e41 <__bss_end+0xa800aa4d>
    2090:	00e7e7b3          	or	a5,a5,a4
    2094:	40000737          	lui	a4,0x40000
    2098:	00f72023          	sw	a5,0(a4) # 40000000 <__bss_end+0x3fff8c0c>
    209c:	00000013          	nop
    20a0:	00000013          	nop
    20a4:	00000013          	nop
    20a8:	00000013          	nop
    20ac:	00000013          	nop
    20b0:	00000013          	nop
	}
	RV_LD(v, &SH->balance, 287);
    20b4:	30000737          	lui	a4,0x30000
    20b8:	06070593          	addi	a1,a4,96 # 30000060 <__bss_end+0x2fff8c6c>

000020bc <rvs_287>:
    20bc:	0005a783          	lw	a5,0(a1)
	v += 7u;
    20c0:	00778793          	addi	a5,a5,7

000020c4 <rvs_288>:
	RV_ST(&SH->balance, v, 288);
    20c4:	00f5a023          	sw	a5,0(a1)
	RV_LD(c, &SH->count, 289);
    20c8:	06470513          	addi	a0,a4,100

000020cc <rvs_289>:
    20cc:	00052583          	lw	a1,0(a0)
	RV_ST(&SH->count, c + 1u, 290);
    20d0:	00158813          	addi	a6,a1,1

000020d4 <rvs_290>:
    20d4:	01052023          	sw	a6,0(a0)
	RV_ST(&SH->checksum, (c ^ v) + 27u, 291);
    20d8:	00b7c7b3          	xor	a5,a5,a1
    20dc:	01b78793          	addi	a5,a5,27
    20e0:	06870593          	addi	a1,a4,104

000020e4 <rvs_291>:
    20e4:	00f5a023          	sw	a5,0(a1)
	if (use_lock) {
    20e8:	00100793          	li	a5,1
    20ec:	04f60463          	beq	a2,a5,2134 <rvs_293>
		RV_RELEASE(lk, 1u, 292);
    20f0:	00469793          	slli	a5,a3,0x4
    20f4:	00f70733          	add	a4,a4,a5
    20f8:	02470713          	addi	a4,a4,36
    20fc:	00000793          	li	a5,0

00002100 <rvs_292>:
    2100:	00f72023          	sw	a5,0(a4)
    2104:	b00127b7          	lui	a5,0xb0012
    2108:	44178793          	addi	a5,a5,1089 # b0012441 <__bss_end+0xb000b04d>
    210c:	01369693          	slli	a3,a3,0x13
    2110:	00f6e6b3          	or	a3,a3,a5
    2114:	400007b7          	lui	a5,0x40000
    2118:	00d7a023          	sw	a3,0(a5) # 40000000 <__bss_end+0x3fff8c0c>
    211c:	00000013          	nop
    2120:	00000013          	nop
    2124:	00000013          	nop
    2128:	00000013          	nop
    212c:	00000013          	nop
    2130:	00000013          	nop

00002134 <rvs_293>:
	}
	RV_MARK(293);
    2134:	00000013          	nop
	rv_local_sum += 7u;
    2138:	00007737          	lui	a4,0x7
    213c:	3f072783          	lw	a5,1008(a4) # 73f0 <rv_local_sum>
    2140:	00778793          	addi	a5,a5,7
    2144:	3ef72823          	sw	a5,1008(a4)
}
    2148:	00008067          	ret

0000214c <rv_t028>:

void rv_t028(void)
{
	unsigned v, c, lk;
	unsigned use_lock = (SH->mode != RV_MODE_RACE_OPEN);
    214c:	300007b7          	lui	a5,0x30000
    2150:	0047a603          	lw	a2,4(a5) # 30000004 <__bss_end+0x2fff8c10>
	/* RV_MODE_RACE_WRONG_LOCK: each core takes a DIFFERENT lock, so both
	 * believe they are protected and neither excludes the other. */
	lk = (SH->mode == RV_MODE_RACE_WRONG_LOCK) ? 1u : 0u;
    2154:	0047a683          	lw	a3,4(a5)
    2158:	ffe68693          	addi	a3,a3,-2
    215c:	0016b693          	seqz	a3,a3

00002160 <rvs_294>:

	RV_MARK(294);
    2160:	00000013          	nop
	if (use_lock) {
    2164:	00100713          	li	a4,1
    2168:	06e60263          	beq	a2,a4,21cc <rvs_296+0x34>
		RV_ACQUIRE(lk, 1u, 0u, 295, 296);
    216c:	00469513          	slli	a0,a3,0x4
    2170:	00a785b3          	add	a1,a5,a0
    2174:	02458593          	addi	a1,a1,36

00002178 <rvs_295>:
    2178:	00e5a023          	sw	a4,0(a1)
    217c:	00a787b3          	add	a5,a5,a0
    2180:	0207a423          	sw	zero,40(a5)
    2184:	00c0006f          	j	2190 <rvs_295+0x18>
    2188:	0287a703          	lw	a4,40(a5)
    218c:	00071663          	bnez	a4,2198 <rvs_296>
    2190:	0207a703          	lw	a4,32(a5)
    2194:	fe071ae3          	bnez	a4,2188 <rvs_295+0x10>

00002198 <rvs_296>:
    2198:	00000013          	nop
    219c:	a8013737          	lui	a4,0xa8013
    21a0:	01369793          	slli	a5,a3,0x13
    21a4:	84170713          	addi	a4,a4,-1983 # a8012841 <__bss_end+0xa800b44d>
    21a8:	00e7e7b3          	or	a5,a5,a4
    21ac:	40000737          	lui	a4,0x40000
    21b0:	00f72023          	sw	a5,0(a4) # 40000000 <__bss_end+0x3fff8c0c>
    21b4:	00000013          	nop
    21b8:	00000013          	nop
    21bc:	00000013          	nop
    21c0:	00000013          	nop
    21c4:	00000013          	nop
    21c8:	00000013          	nop
	}
	RV_LD(v, &SH->balance, 297);
    21cc:	30000737          	lui	a4,0x30000
    21d0:	06070593          	addi	a1,a4,96 # 30000060 <__bss_end+0x2fff8c6c>

000021d4 <rvs_297>:
    21d4:	0005a783          	lw	a5,0(a1)
	v += 1u;
    21d8:	00178793          	addi	a5,a5,1

000021dc <rvs_298>:
	RV_ST(&SH->balance, v, 298);
    21dc:	00f5a023          	sw	a5,0(a1)
	RV_LD(c, &SH->count, 299);
    21e0:	06470513          	addi	a0,a4,100

000021e4 <rvs_299>:
    21e4:	00052583          	lw	a1,0(a0)
	RV_ST(&SH->count, c + 1u, 300);
    21e8:	00158813          	addi	a6,a1,1

000021ec <rvs_300>:
    21ec:	01052023          	sw	a6,0(a0)
	RV_ST(&SH->checksum, (c ^ v) + 28u, 301);
    21f0:	00b7c7b3          	xor	a5,a5,a1
    21f4:	01c78793          	addi	a5,a5,28
    21f8:	06870593          	addi	a1,a4,104

000021fc <rvs_301>:
    21fc:	00f5a023          	sw	a5,0(a1)
	if (use_lock) {
    2200:	00100793          	li	a5,1
    2204:	04f60463          	beq	a2,a5,224c <rvs_303>
		RV_RELEASE(lk, 1u, 302);
    2208:	00469793          	slli	a5,a3,0x4
    220c:	00f70733          	add	a4,a4,a5
    2210:	02470713          	addi	a4,a4,36
    2214:	00000793          	li	a5,0

00002218 <rvs_302>:
    2218:	00f72023          	sw	a5,0(a4)
    221c:	b00137b7          	lui	a5,0xb0013
    2220:	e4178793          	addi	a5,a5,-447 # b0012e41 <__bss_end+0xb000ba4d>
    2224:	01369693          	slli	a3,a3,0x13
    2228:	00f6e6b3          	or	a3,a3,a5
    222c:	400007b7          	lui	a5,0x40000
    2230:	00d7a023          	sw	a3,0(a5) # 40000000 <__bss_end+0x3fff8c0c>
    2234:	00000013          	nop
    2238:	00000013          	nop
    223c:	00000013          	nop
    2240:	00000013          	nop
    2244:	00000013          	nop
    2248:	00000013          	nop

0000224c <rvs_303>:
	}
	RV_MARK(303);
    224c:	00000013          	nop
	rv_local_sum += 1u;
    2250:	00007737          	lui	a4,0x7
    2254:	3f072783          	lw	a5,1008(a4) # 73f0 <rv_local_sum>
    2258:	00178793          	addi	a5,a5,1
    225c:	3ef72823          	sw	a5,1008(a4)
}
    2260:	00008067          	ret

00002264 <rv_t028_cap>:
void rv_t028_cap(void)
{
	unsigned w;
	/* The tag is COMPUTED here -- an ACT-ST trigger could only ever carry
	 * the constant its table entry was loaded with. */
	w = RV_ACT_WORD(RV_ACT_CMD_DAQ_PC_CURR, RV_ACT_SINK_AXIS,
    2264:	30000537          	lui	a0,0x30000
    2268:	08052703          	lw	a4,128(a0) # 30000080 <__bss_end+0x2fff8c8c>
    226c:	200007b7          	lui	a5,0x20000
    2270:	f0078613          	addi	a2,a5,-256 # 1fffff00 <__bss_end+0x1fff8b0c>
    2274:	00871713          	slli	a4,a4,0x8
    2278:	e00006b7          	lui	a3,0xe0000
    227c:	00c77733          	and	a4,a4,a2
    2280:	04168693          	addi	a3,a3,65 # e0000041 <__bss_end+0xdfff8c4d>
	                RV_TAG_VALUE(SH->ring_head & RV_VALUE_MASK));
	RV_ACTCAP_AT(304, w);
    2284:	400005b7          	lui	a1,0x40000
	w = RV_ACT_WORD(RV_ACT_CMD_DAQ_PC_CURR, RV_ACT_SINK_AXIS,
    2288:	00d76733          	or	a4,a4,a3

0000228c <rvs_304>:
	RV_ACTCAP_AT(304, w);
    228c:	00e5a023          	sw	a4,0(a1) # 40000000 <__bss_end+0x3fff8c0c>
    2290:	00000013          	nop
    2294:	00000013          	nop
    2298:	00000013          	nop
    229c:	00000013          	nop
    22a0:	00000013          	nop
    22a4:	00000013          	nop
	w = RV_ACT_WORD(RV_ACT_CMD_DAQ_PC_CURR, RV_ACT_SINK_AXIS,
    22a8:	06052783          	lw	a5,96(a0)
    22ac:	00879793          	slli	a5,a5,0x8
    22b0:	00c7f7b3          	and	a5,a5,a2
    22b4:	00d7e7b3          	or	a5,a5,a3

000022b8 <rvs_305>:
	                RV_TAG_VALUE(SH->balance & RV_VALUE_MASK));
	RV_ACTCAP_AT(305, w);
    22b8:	00f5a023          	sw	a5,0(a1)
    22bc:	00000013          	nop
    22c0:	00000013          	nop
    22c4:	00000013          	nop
    22c8:	00000013          	nop
    22cc:	00000013          	nop
    22d0:	00000013          	nop
	rv_actcap_issued += 2u;
    22d4:	00007737          	lui	a4,0x7
    22d8:	3e872783          	lw	a5,1000(a4) # 73e8 <rv_actcap_issued>
    22dc:	00278793          	addi	a5,a5,2
    22e0:	3ef72423          	sw	a5,1000(a4)
}
    22e4:	00008067          	ret

000022e8 <rv_t029>:

void rv_t029(void)
{
	unsigned v, c, lk;
	unsigned use_lock = (SH->mode != RV_MODE_RACE_OPEN);
    22e8:	300007b7          	lui	a5,0x30000
    22ec:	0047a603          	lw	a2,4(a5) # 30000004 <__bss_end+0x2fff8c10>
	/* RV_MODE_RACE_WRONG_LOCK: each core takes a DIFFERENT lock, so both
	 * believe they are protected and neither excludes the other. */
	lk = (SH->mode == RV_MODE_RACE_WRONG_LOCK) ? 1u : 0u;
    22f0:	0047a683          	lw	a3,4(a5)
    22f4:	ffe68693          	addi	a3,a3,-2
    22f8:	0016b693          	seqz	a3,a3

000022fc <rvs_306>:

	RV_MARK(306);
    22fc:	00000013          	nop
	if (use_lock) {
    2300:	00100713          	li	a4,1
    2304:	06e60263          	beq	a2,a4,2368 <rvs_308+0x34>
		RV_ACQUIRE(lk, 1u, 0u, 307, 308);
    2308:	00469513          	slli	a0,a3,0x4
    230c:	00a785b3          	add	a1,a5,a0
    2310:	02458593          	addi	a1,a1,36

00002314 <rvs_307>:
    2314:	00e5a023          	sw	a4,0(a1)
    2318:	00a787b3          	add	a5,a5,a0
    231c:	0207a423          	sw	zero,40(a5)
    2320:	00c0006f          	j	232c <rvs_307+0x18>
    2324:	0287a703          	lw	a4,40(a5)
    2328:	00071663          	bnez	a4,2334 <rvs_308>
    232c:	0207a703          	lw	a4,32(a5)
    2330:	fe071ae3          	bnez	a4,2324 <rvs_307+0x10>

00002334 <rvs_308>:
    2334:	00000013          	nop
    2338:	a8013737          	lui	a4,0xa8013
    233c:	01369793          	slli	a5,a3,0x13
    2340:	44170713          	addi	a4,a4,1089 # a8013441 <__bss_end+0xa800c04d>
    2344:	00e7e7b3          	or	a5,a5,a4
    2348:	40000737          	lui	a4,0x40000
    234c:	00f72023          	sw	a5,0(a4) # 40000000 <__bss_end+0x3fff8c0c>
    2350:	00000013          	nop
    2354:	00000013          	nop
    2358:	00000013          	nop
    235c:	00000013          	nop
    2360:	00000013          	nop
    2364:	00000013          	nop
	}
	RV_LD(v, &SH->balance, 309);
    2368:	30000737          	lui	a4,0x30000
    236c:	06070593          	addi	a1,a4,96 # 30000060 <__bss_end+0x2fff8c6c>

00002370 <rvs_309>:
    2370:	0005a783          	lw	a5,0(a1)
	v += 2u;
    2374:	00278793          	addi	a5,a5,2

00002378 <rvs_310>:
	RV_ST(&SH->balance, v, 310);
    2378:	00f5a023          	sw	a5,0(a1)
	RV_LD(c, &SH->count, 311);
    237c:	06470513          	addi	a0,a4,100

00002380 <rvs_311>:
    2380:	00052583          	lw	a1,0(a0)
	RV_ST(&SH->count, c + 1u, 312);
    2384:	00158813          	addi	a6,a1,1

00002388 <rvs_312>:
    2388:	01052023          	sw	a6,0(a0)
	RV_ST(&SH->checksum, (c ^ v) + 29u, 313);
    238c:	00b7c7b3          	xor	a5,a5,a1
    2390:	01d78793          	addi	a5,a5,29
    2394:	06870593          	addi	a1,a4,104

00002398 <rvs_313>:
    2398:	00f5a023          	sw	a5,0(a1)
	if (use_lock) {
    239c:	00100793          	li	a5,1
    23a0:	04f60463          	beq	a2,a5,23e8 <rvs_315>
		RV_RELEASE(lk, 1u, 314);
    23a4:	00469793          	slli	a5,a3,0x4
    23a8:	00f70733          	add	a4,a4,a5
    23ac:	02470713          	addi	a4,a4,36
    23b0:	00000793          	li	a5,0

000023b4 <rvs_314>:
    23b4:	00f72023          	sw	a5,0(a4)
    23b8:	b00147b7          	lui	a5,0xb0014
    23bc:	a4178793          	addi	a5,a5,-1471 # b0013a41 <__bss_end+0xb000c64d>
    23c0:	01369693          	slli	a3,a3,0x13
    23c4:	00f6e6b3          	or	a3,a3,a5
    23c8:	400007b7          	lui	a5,0x40000
    23cc:	00d7a023          	sw	a3,0(a5) # 40000000 <__bss_end+0x3fff8c0c>
    23d0:	00000013          	nop
    23d4:	00000013          	nop
    23d8:	00000013          	nop
    23dc:	00000013          	nop
    23e0:	00000013          	nop
    23e4:	00000013          	nop

000023e8 <rvs_315>:
	}
	RV_MARK(315);
    23e8:	00000013          	nop
	rv_local_sum += 2u;
    23ec:	00007737          	lui	a4,0x7
    23f0:	3f072783          	lw	a5,1008(a4) # 73f0 <rv_local_sum>
    23f4:	00278793          	addi	a5,a5,2
    23f8:	3ef72823          	sw	a5,1008(a4)
}
    23fc:	00008067          	ret

00002400 <rv_t030>:

void rv_t030(void)
{
    2400:	ff010113          	addi	sp,sp,-16
    2404:	00112623          	sw	ra,12(sp)
    2408:	00812423          	sw	s0,8(sp)
    240c:	00912223          	sw	s1,4(sp)
    2410:	01212023          	sw	s2,0(sp)

00002414 <rvs_316>:
	unsigned h, t, v, p;

	RV_MARK(316);
    2414:	00000013          	nop
	RV_LD(h, &SH->ring_head, 317);
    2418:	30000437          	lui	s0,0x30000
    241c:	08040793          	addi	a5,s0,128 # 30000080 <__bss_end+0x2fff8c8c>

00002420 <rvs_317>:
    2420:	0007a783          	lw	a5,0(a5)
	RV_LD(t, &SH->ring_tail, 318);
    2424:	08440913          	addi	s2,s0,132

00002428 <rvs_318>:
    2428:	00092483          	lw	s1,0(s2)

0000242c <rvs_323>:
	RV_MARK(323);
    242c:	00000013          	nop
	if (h != t) {
    2430:	04978063          	beq	a5,s1,2470 <rvs_320+0x4>
		RV_LD(v, &SH->ring[t % RV_RING_SLOTS], 319);
    2434:	03c00593          	li	a1,60
    2438:	00048513          	mv	a0,s1
    243c:	549040ef          	jal	ra,7184 <__umodsi3>
    2440:	00251793          	slli	a5,a0,0x2
    2444:	09040413          	addi	s0,s0,144
    2448:	008787b3          	add	a5,a5,s0

0000244c <rvs_319>:
    244c:	0007a783          	lw	a5,0(a5)
		rv_local_sum += v;
    2450:	000076b7          	lui	a3,0x7
    2454:	3f06a703          	lw	a4,1008(a3) # 73f0 <rv_local_sum>
		RV_ST(&SH->ring_tail, (t + 1u) % RV_RING_SLOTS, 320);
    2458:	03c00593          	li	a1,60
    245c:	00148513          	addi	a0,s1,1
		rv_local_sum += v;
    2460:	00f707b3          	add	a5,a4,a5
    2464:	3ef6a823          	sw	a5,1008(a3)
		RV_ST(&SH->ring_tail, (t + 1u) % RV_RING_SLOTS, 320);
    2468:	51d040ef          	jal	ra,7184 <__umodsi3>

0000246c <rvs_320>:
    246c:	00a92023          	sw	a0,0(s2)
	}
	RV_LD(p, &rv_private, 321);
    2470:	000077b7          	lui	a5,0x7
    2474:	3ec78793          	addi	a5,a5,1004 # 73ec <rv_private>

00002478 <rvs_321>:
    2478:	0007a703          	lw	a4,0(a5)
	RV_ST(&rv_private, p + 1u, 322);
    247c:	00170693          	addi	a3,a4,1

00002480 <rvs_322>:
    2480:	00d7a023          	sw	a3,0(a5)
	RV_ST(&SH->seq, p, 324);
    2484:	300007b7          	lui	a5,0x30000
    2488:	06c78793          	addi	a5,a5,108 # 3000006c <__bss_end+0x2fff8c78>

0000248c <rvs_324>:
    248c:	00e7a023          	sw	a4,0(a5)

00002490 <rvs_325>:
	RV_MARK(325);
    2490:	00000013          	nop
}
    2494:	00c12083          	lw	ra,12(sp)
    2498:	00812403          	lw	s0,8(sp)
    249c:	00412483          	lw	s1,4(sp)
    24a0:	00012903          	lw	s2,0(sp)
    24a4:	01010113          	addi	sp,sp,16
    24a8:	00008067          	ret

000024ac <rv_t031>:

void rv_t031(void)
{
    24ac:	ff010113          	addi	sp,sp,-16
    24b0:	00112623          	sw	ra,12(sp)
    24b4:	00812423          	sw	s0,8(sp)
    24b8:	00912223          	sw	s1,4(sp)
    24bc:	01212023          	sw	s2,0(sp)

000024c0 <rvs_326>:
	unsigned h, t, v, p;

	RV_MARK(326);
    24c0:	00000013          	nop
	RV_LD(h, &SH->ring_head, 327);
    24c4:	30000437          	lui	s0,0x30000
    24c8:	08040793          	addi	a5,s0,128 # 30000080 <__bss_end+0x2fff8c8c>

000024cc <rvs_327>:
    24cc:	0007a783          	lw	a5,0(a5)
	RV_LD(t, &SH->ring_tail, 328);
    24d0:	08440913          	addi	s2,s0,132

000024d4 <rvs_328>:
    24d4:	00092483          	lw	s1,0(s2)

000024d8 <rvs_333>:
	RV_MARK(333);
    24d8:	00000013          	nop
	if (h != t) {
    24dc:	04978063          	beq	a5,s1,251c <rvs_330+0x4>
		RV_LD(v, &SH->ring[t % RV_RING_SLOTS], 329);
    24e0:	03c00593          	li	a1,60
    24e4:	00048513          	mv	a0,s1
    24e8:	49d040ef          	jal	ra,7184 <__umodsi3>
    24ec:	00251793          	slli	a5,a0,0x2
    24f0:	09040413          	addi	s0,s0,144
    24f4:	008787b3          	add	a5,a5,s0

000024f8 <rvs_329>:
    24f8:	0007a783          	lw	a5,0(a5)
		rv_local_sum += v;
    24fc:	000076b7          	lui	a3,0x7
    2500:	3f06a703          	lw	a4,1008(a3) # 73f0 <rv_local_sum>
		RV_ST(&SH->ring_tail, (t + 1u) % RV_RING_SLOTS, 330);
    2504:	03c00593          	li	a1,60
    2508:	00148513          	addi	a0,s1,1
		rv_local_sum += v;
    250c:	00f707b3          	add	a5,a4,a5
    2510:	3ef6a823          	sw	a5,1008(a3)
		RV_ST(&SH->ring_tail, (t + 1u) % RV_RING_SLOTS, 330);
    2514:	471040ef          	jal	ra,7184 <__umodsi3>

00002518 <rvs_330>:
    2518:	00a92023          	sw	a0,0(s2)
	}
	RV_LD(p, &rv_private, 331);
    251c:	000077b7          	lui	a5,0x7
    2520:	3ec78793          	addi	a5,a5,1004 # 73ec <rv_private>

00002524 <rvs_331>:
    2524:	0007a703          	lw	a4,0(a5)
	RV_ST(&rv_private, p + 1u, 332);
    2528:	00170693          	addi	a3,a4,1

0000252c <rvs_332>:
    252c:	00d7a023          	sw	a3,0(a5)
	RV_ST(&SH->seq, p, 334);
    2530:	300007b7          	lui	a5,0x30000
    2534:	06c78793          	addi	a5,a5,108 # 3000006c <__bss_end+0x2fff8c78>

00002538 <rvs_334>:
    2538:	00e7a023          	sw	a4,0(a5)

0000253c <rvs_335>:
	RV_MARK(335);
    253c:	00000013          	nop
}
    2540:	00c12083          	lw	ra,12(sp)
    2544:	00812403          	lw	s0,8(sp)
    2548:	00412483          	lw	s1,4(sp)
    254c:	00012903          	lw	s2,0(sp)
    2550:	01010113          	addi	sp,sp,16
    2554:	00008067          	ret

00002558 <rv_t032>:

void rv_t032(void)
{
    2558:	ff010113          	addi	sp,sp,-16
    255c:	00112623          	sw	ra,12(sp)
    2560:	00812423          	sw	s0,8(sp)
    2564:	00912223          	sw	s1,4(sp)
    2568:	01212023          	sw	s2,0(sp)

0000256c <rvs_336>:
	unsigned h, t, v, p;

	RV_MARK(336);
    256c:	00000013          	nop
	RV_LD(h, &SH->ring_head, 337);
    2570:	30000437          	lui	s0,0x30000
    2574:	08040793          	addi	a5,s0,128 # 30000080 <__bss_end+0x2fff8c8c>

00002578 <rvs_337>:
    2578:	0007a783          	lw	a5,0(a5)
	RV_LD(t, &SH->ring_tail, 338);
    257c:	08440913          	addi	s2,s0,132

00002580 <rvs_338>:
    2580:	00092483          	lw	s1,0(s2)

00002584 <rvs_343>:
	RV_MARK(343);
    2584:	00000013          	nop
	if (h != t) {
    2588:	04978063          	beq	a5,s1,25c8 <rvs_340+0x4>
		RV_LD(v, &SH->ring[t % RV_RING_SLOTS], 339);
    258c:	03c00593          	li	a1,60
    2590:	00048513          	mv	a0,s1
    2594:	3f1040ef          	jal	ra,7184 <__umodsi3>
    2598:	00251793          	slli	a5,a0,0x2
    259c:	09040413          	addi	s0,s0,144
    25a0:	008787b3          	add	a5,a5,s0

000025a4 <rvs_339>:
    25a4:	0007a783          	lw	a5,0(a5)
		rv_local_sum += v;
    25a8:	000076b7          	lui	a3,0x7
    25ac:	3f06a703          	lw	a4,1008(a3) # 73f0 <rv_local_sum>
		RV_ST(&SH->ring_tail, (t + 1u) % RV_RING_SLOTS, 340);
    25b0:	03c00593          	li	a1,60
    25b4:	00148513          	addi	a0,s1,1
		rv_local_sum += v;
    25b8:	00f707b3          	add	a5,a4,a5
    25bc:	3ef6a823          	sw	a5,1008(a3)
		RV_ST(&SH->ring_tail, (t + 1u) % RV_RING_SLOTS, 340);
    25c0:	3c5040ef          	jal	ra,7184 <__umodsi3>

000025c4 <rvs_340>:
    25c4:	00a92023          	sw	a0,0(s2)
	}
	RV_LD(p, &rv_private, 341);
    25c8:	000077b7          	lui	a5,0x7
    25cc:	3ec78793          	addi	a5,a5,1004 # 73ec <rv_private>

000025d0 <rvs_341>:
    25d0:	0007a703          	lw	a4,0(a5)
	RV_ST(&rv_private, p + 1u, 342);
    25d4:	00170693          	addi	a3,a4,1

000025d8 <rvs_342>:
    25d8:	00d7a023          	sw	a3,0(a5)
	RV_ST(&SH->seq, p, 344);
    25dc:	300007b7          	lui	a5,0x30000
    25e0:	06c78793          	addi	a5,a5,108 # 3000006c <__bss_end+0x2fff8c78>

000025e4 <rvs_344>:
    25e4:	00e7a023          	sw	a4,0(a5)

000025e8 <rvs_345>:
	RV_MARK(345);
    25e8:	00000013          	nop
}
    25ec:	00c12083          	lw	ra,12(sp)
    25f0:	00812403          	lw	s0,8(sp)
    25f4:	00412483          	lw	s1,4(sp)
    25f8:	00012903          	lw	s2,0(sp)
    25fc:	01010113          	addi	sp,sp,16
    2600:	00008067          	ret

00002604 <rv_t032_cap>:
void rv_t032_cap(void)
{
	unsigned w;
	/* The tag is COMPUTED here -- an ACT-ST trigger could only ever carry
	 * the constant its table entry was loaded with. */
	w = RV_ACT_WORD(RV_ACT_CMD_DAQ_PC_CURR, RV_ACT_SINK_AXIS,
    2604:	30000537          	lui	a0,0x30000
    2608:	08052703          	lw	a4,128(a0) # 30000080 <__bss_end+0x2fff8c8c>
    260c:	200007b7          	lui	a5,0x20000
    2610:	f0078613          	addi	a2,a5,-256 # 1fffff00 <__bss_end+0x1fff8b0c>
    2614:	00871713          	slli	a4,a4,0x8
    2618:	e00006b7          	lui	a3,0xe0000
    261c:	00c77733          	and	a4,a4,a2
    2620:	04168693          	addi	a3,a3,65 # e0000041 <__bss_end+0xdfff8c4d>
	                RV_TAG_VALUE(SH->ring_head & RV_VALUE_MASK));
	RV_ACTCAP_AT(346, w);
    2624:	400005b7          	lui	a1,0x40000
	w = RV_ACT_WORD(RV_ACT_CMD_DAQ_PC_CURR, RV_ACT_SINK_AXIS,
    2628:	00d76733          	or	a4,a4,a3

0000262c <rvs_346>:
	RV_ACTCAP_AT(346, w);
    262c:	00e5a023          	sw	a4,0(a1) # 40000000 <__bss_end+0x3fff8c0c>
    2630:	00000013          	nop
    2634:	00000013          	nop
    2638:	00000013          	nop
    263c:	00000013          	nop
    2640:	00000013          	nop
    2644:	00000013          	nop
	w = RV_ACT_WORD(RV_ACT_CMD_DAQ_PC_CURR, RV_ACT_SINK_AXIS,
    2648:	06052783          	lw	a5,96(a0)
    264c:	00879793          	slli	a5,a5,0x8
    2650:	00c7f7b3          	and	a5,a5,a2
    2654:	00d7e7b3          	or	a5,a5,a3

00002658 <rvs_347>:
	                RV_TAG_VALUE(SH->balance & RV_VALUE_MASK));
	RV_ACTCAP_AT(347, w);
    2658:	00f5a023          	sw	a5,0(a1)
    265c:	00000013          	nop
    2660:	00000013          	nop
    2664:	00000013          	nop
    2668:	00000013          	nop
    266c:	00000013          	nop
    2670:	00000013          	nop
	rv_actcap_issued += 2u;
    2674:	00007737          	lui	a4,0x7
    2678:	3e872783          	lw	a5,1000(a4) # 73e8 <rv_actcap_issued>
    267c:	00278793          	addi	a5,a5,2
    2680:	3ef72423          	sw	a5,1000(a4)
}
    2684:	00008067          	ret

00002688 <rv_t033>:

void rv_t033(void)
{
	unsigned v, c, lk;
	unsigned use_lock = (SH->mode != RV_MODE_RACE_OPEN);
    2688:	300007b7          	lui	a5,0x30000
    268c:	0047a603          	lw	a2,4(a5) # 30000004 <__bss_end+0x2fff8c10>
	/* RV_MODE_RACE_WRONG_LOCK: each core takes a DIFFERENT lock, so both
	 * believe they are protected and neither excludes the other. */
	lk = (SH->mode == RV_MODE_RACE_WRONG_LOCK) ? 1u : 0u;
    2690:	0047a683          	lw	a3,4(a5)
    2694:	ffe68693          	addi	a3,a3,-2
    2698:	0016b693          	seqz	a3,a3

0000269c <rvs_348>:

	RV_MARK(348);
    269c:	00000013          	nop
	if (use_lock) {
    26a0:	00100713          	li	a4,1
    26a4:	06e60263          	beq	a2,a4,2708 <rvs_350+0x34>
		RV_ACQUIRE(lk, 1u, 0u, 349, 350);
    26a8:	00469513          	slli	a0,a3,0x4
    26ac:	00a785b3          	add	a1,a5,a0
    26b0:	02458593          	addi	a1,a1,36

000026b4 <rvs_349>:
    26b4:	00e5a023          	sw	a4,0(a1)
    26b8:	00a787b3          	add	a5,a5,a0
    26bc:	0207a423          	sw	zero,40(a5)
    26c0:	00c0006f          	j	26cc <rvs_349+0x18>
    26c4:	0287a703          	lw	a4,40(a5)
    26c8:	00071663          	bnez	a4,26d4 <rvs_350>
    26cc:	0207a703          	lw	a4,32(a5)
    26d0:	fe071ae3          	bnez	a4,26c4 <rvs_349+0x10>

000026d4 <rvs_350>:
    26d4:	00000013          	nop
    26d8:	a8016737          	lui	a4,0xa8016
    26dc:	01369793          	slli	a5,a3,0x13
    26e0:	e4170713          	addi	a4,a4,-447 # a8015e41 <__bss_end+0xa800ea4d>
    26e4:	00e7e7b3          	or	a5,a5,a4
    26e8:	40000737          	lui	a4,0x40000
    26ec:	00f72023          	sw	a5,0(a4) # 40000000 <__bss_end+0x3fff8c0c>
    26f0:	00000013          	nop
    26f4:	00000013          	nop
    26f8:	00000013          	nop
    26fc:	00000013          	nop
    2700:	00000013          	nop
    2704:	00000013          	nop
	}
	RV_LD(v, &SH->balance, 351);
    2708:	30000737          	lui	a4,0x30000
    270c:	06070593          	addi	a1,a4,96 # 30000060 <__bss_end+0x2fff8c6c>

00002710 <rvs_351>:
    2710:	0005a783          	lw	a5,0(a1)
	v += 6u;
    2714:	00678793          	addi	a5,a5,6

00002718 <rvs_352>:
	RV_ST(&SH->balance, v, 352);
    2718:	00f5a023          	sw	a5,0(a1)
	RV_LD(c, &SH->count, 353);
    271c:	06470513          	addi	a0,a4,100

00002720 <rvs_353>:
    2720:	00052583          	lw	a1,0(a0)
	RV_ST(&SH->count, c + 1u, 354);
    2724:	00158813          	addi	a6,a1,1

00002728 <rvs_354>:
    2728:	01052023          	sw	a6,0(a0)
	RV_ST(&SH->checksum, (c ^ v) + 33u, 355);
    272c:	00b7c7b3          	xor	a5,a5,a1
    2730:	02178793          	addi	a5,a5,33
    2734:	06870593          	addi	a1,a4,104

00002738 <rvs_355>:
    2738:	00f5a023          	sw	a5,0(a1)
	if (use_lock) {
    273c:	00100793          	li	a5,1
    2740:	04f60463          	beq	a2,a5,2788 <rvs_357>
		RV_RELEASE(lk, 1u, 356);
    2744:	00469793          	slli	a5,a3,0x4
    2748:	00f70733          	add	a4,a4,a5
    274c:	02470713          	addi	a4,a4,36
    2750:	00000793          	li	a5,0

00002754 <rvs_356>:
    2754:	00f72023          	sw	a5,0(a4)
    2758:	b00167b7          	lui	a5,0xb0016
    275c:	44178793          	addi	a5,a5,1089 # b0016441 <__bss_end+0xb000f04d>
    2760:	01369693          	slli	a3,a3,0x13
    2764:	00f6e6b3          	or	a3,a3,a5
    2768:	400007b7          	lui	a5,0x40000
    276c:	00d7a023          	sw	a3,0(a5) # 40000000 <__bss_end+0x3fff8c0c>
    2770:	00000013          	nop
    2774:	00000013          	nop
    2778:	00000013          	nop
    277c:	00000013          	nop
    2780:	00000013          	nop
    2784:	00000013          	nop

00002788 <rvs_357>:
	}
	RV_MARK(357);
    2788:	00000013          	nop
	rv_local_sum += 6u;
    278c:	00007737          	lui	a4,0x7
    2790:	3f072783          	lw	a5,1008(a4) # 73f0 <rv_local_sum>
    2794:	00678793          	addi	a5,a5,6
    2798:	3ef72823          	sw	a5,1008(a4)
}
    279c:	00008067          	ret

000027a0 <rv_t034>:

void rv_t034(void)
{
	unsigned v, c, lk;
	unsigned use_lock = (SH->mode != RV_MODE_RACE_OPEN);
    27a0:	300007b7          	lui	a5,0x30000
    27a4:	0047a603          	lw	a2,4(a5) # 30000004 <__bss_end+0x2fff8c10>
	/* RV_MODE_RACE_WRONG_LOCK: each core takes a DIFFERENT lock, so both
	 * believe they are protected and neither excludes the other. */
	lk = (SH->mode == RV_MODE_RACE_WRONG_LOCK) ? 1u : 0u;
    27a8:	0047a683          	lw	a3,4(a5)
    27ac:	ffe68693          	addi	a3,a3,-2
    27b0:	0016b693          	seqz	a3,a3

000027b4 <rvs_358>:

	RV_MARK(358);
    27b4:	00000013          	nop
	if (use_lock) {
    27b8:	00100713          	li	a4,1
    27bc:	06e60263          	beq	a2,a4,2820 <rvs_360+0x34>
		RV_ACQUIRE(lk, 1u, 0u, 359, 360);
    27c0:	00469513          	slli	a0,a3,0x4
    27c4:	00a785b3          	add	a1,a5,a0
    27c8:	02458593          	addi	a1,a1,36

000027cc <rvs_359>:
    27cc:	00e5a023          	sw	a4,0(a1)
    27d0:	00a787b3          	add	a5,a5,a0
    27d4:	0207a423          	sw	zero,40(a5)
    27d8:	00c0006f          	j	27e4 <rvs_359+0x18>
    27dc:	0287a703          	lw	a4,40(a5)
    27e0:	00071663          	bnez	a4,27ec <rvs_360>
    27e4:	0207a703          	lw	a4,32(a5)
    27e8:	fe071ae3          	bnez	a4,27dc <rvs_359+0x10>

000027ec <rvs_360>:
    27ec:	00000013          	nop
    27f0:	a8017737          	lui	a4,0xa8017
    27f4:	01369793          	slli	a5,a3,0x13
    27f8:	84170713          	addi	a4,a4,-1983 # a8016841 <__bss_end+0xa800f44d>
    27fc:	00e7e7b3          	or	a5,a5,a4
    2800:	40000737          	lui	a4,0x40000
    2804:	00f72023          	sw	a5,0(a4) # 40000000 <__bss_end+0x3fff8c0c>
    2808:	00000013          	nop
    280c:	00000013          	nop
    2810:	00000013          	nop
    2814:	00000013          	nop
    2818:	00000013          	nop
    281c:	00000013          	nop
	}
	RV_LD(v, &SH->balance, 361);
    2820:	30000737          	lui	a4,0x30000
    2824:	06070593          	addi	a1,a4,96 # 30000060 <__bss_end+0x2fff8c6c>

00002828 <rvs_361>:
    2828:	0005a783          	lw	a5,0(a1)
	v += 7u;
    282c:	00778793          	addi	a5,a5,7

00002830 <rvs_362>:
	RV_ST(&SH->balance, v, 362);
    2830:	00f5a023          	sw	a5,0(a1)
	RV_LD(c, &SH->count, 363);
    2834:	06470513          	addi	a0,a4,100

00002838 <rvs_363>:
    2838:	00052583          	lw	a1,0(a0)
	RV_ST(&SH->count, c + 1u, 364);
    283c:	00158813          	addi	a6,a1,1

00002840 <rvs_364>:
    2840:	01052023          	sw	a6,0(a0)
	RV_ST(&SH->checksum, (c ^ v) + 34u, 365);
    2844:	00b7c7b3          	xor	a5,a5,a1
    2848:	02278793          	addi	a5,a5,34
    284c:	06870593          	addi	a1,a4,104

00002850 <rvs_365>:
    2850:	00f5a023          	sw	a5,0(a1)
	if (use_lock) {
    2854:	00100793          	li	a5,1
    2858:	04f60463          	beq	a2,a5,28a0 <rvs_367>
		RV_RELEASE(lk, 1u, 366);
    285c:	00469793          	slli	a5,a3,0x4
    2860:	00f70733          	add	a4,a4,a5
    2864:	02470713          	addi	a4,a4,36
    2868:	00000793          	li	a5,0

0000286c <rvs_366>:
    286c:	00f72023          	sw	a5,0(a4)
    2870:	b00177b7          	lui	a5,0xb0017
    2874:	e4178793          	addi	a5,a5,-447 # b0016e41 <__bss_end+0xb000fa4d>
    2878:	01369693          	slli	a3,a3,0x13
    287c:	00f6e6b3          	or	a3,a3,a5
    2880:	400007b7          	lui	a5,0x40000
    2884:	00d7a023          	sw	a3,0(a5) # 40000000 <__bss_end+0x3fff8c0c>
    2888:	00000013          	nop
    288c:	00000013          	nop
    2890:	00000013          	nop
    2894:	00000013          	nop
    2898:	00000013          	nop
    289c:	00000013          	nop

000028a0 <rvs_367>:
	}
	RV_MARK(367);
    28a0:	00000013          	nop
	rv_local_sum += 7u;
    28a4:	00007737          	lui	a4,0x7
    28a8:	3f072783          	lw	a5,1008(a4) # 73f0 <rv_local_sum>
    28ac:	00778793          	addi	a5,a5,7
    28b0:	3ef72823          	sw	a5,1008(a4)
}
    28b4:	00008067          	ret

000028b8 <rv_t035>:

void rv_t035(void)
{
	unsigned v, c, lk;
	unsigned use_lock = (SH->mode != RV_MODE_RACE_OPEN);
    28b8:	300007b7          	lui	a5,0x30000
    28bc:	0047a603          	lw	a2,4(a5) # 30000004 <__bss_end+0x2fff8c10>
	/* RV_MODE_RACE_WRONG_LOCK: each core takes a DIFFERENT lock, so both
	 * believe they are protected and neither excludes the other. */
	lk = (SH->mode == RV_MODE_RACE_WRONG_LOCK) ? 1u : 0u;
    28c0:	0047a683          	lw	a3,4(a5)
    28c4:	ffe68693          	addi	a3,a3,-2
    28c8:	0016b693          	seqz	a3,a3

000028cc <rvs_368>:

	RV_MARK(368);
    28cc:	00000013          	nop
	if (use_lock) {
    28d0:	00100713          	li	a4,1
    28d4:	06e60263          	beq	a2,a4,2938 <rvs_370+0x34>
		RV_ACQUIRE(lk, 1u, 0u, 369, 370);
    28d8:	00469513          	slli	a0,a3,0x4
    28dc:	00a785b3          	add	a1,a5,a0
    28e0:	02458593          	addi	a1,a1,36

000028e4 <rvs_369>:
    28e4:	00e5a023          	sw	a4,0(a1)
    28e8:	00a787b3          	add	a5,a5,a0
    28ec:	0207a423          	sw	zero,40(a5)
    28f0:	00c0006f          	j	28fc <rvs_369+0x18>
    28f4:	0287a703          	lw	a4,40(a5)
    28f8:	00071663          	bnez	a4,2904 <rvs_370>
    28fc:	0207a703          	lw	a4,32(a5)
    2900:	fe071ae3          	bnez	a4,28f4 <rvs_369+0x10>

00002904 <rvs_370>:
    2904:	00000013          	nop
    2908:	a8017737          	lui	a4,0xa8017
    290c:	01369793          	slli	a5,a3,0x13
    2910:	24170713          	addi	a4,a4,577 # a8017241 <__bss_end+0xa800fe4d>
    2914:	00e7e7b3          	or	a5,a5,a4
    2918:	40000737          	lui	a4,0x40000
    291c:	00f72023          	sw	a5,0(a4) # 40000000 <__bss_end+0x3fff8c0c>
    2920:	00000013          	nop
    2924:	00000013          	nop
    2928:	00000013          	nop
    292c:	00000013          	nop
    2930:	00000013          	nop
    2934:	00000013          	nop
	}
	RV_LD(v, &SH->balance, 371);
    2938:	30000737          	lui	a4,0x30000
    293c:	06070593          	addi	a1,a4,96 # 30000060 <__bss_end+0x2fff8c6c>

00002940 <rvs_371>:
    2940:	0005a783          	lw	a5,0(a1)
	v += 1u;
    2944:	00178793          	addi	a5,a5,1

00002948 <rvs_372>:
	RV_ST(&SH->balance, v, 372);
    2948:	00f5a023          	sw	a5,0(a1)
	RV_LD(c, &SH->count, 373);
    294c:	06470513          	addi	a0,a4,100

00002950 <rvs_373>:
    2950:	00052583          	lw	a1,0(a0)
	RV_ST(&SH->count, c + 1u, 374);
    2954:	00158813          	addi	a6,a1,1

00002958 <rvs_374>:
    2958:	01052023          	sw	a6,0(a0)
	RV_ST(&SH->checksum, (c ^ v) + 35u, 375);
    295c:	00b7c7b3          	xor	a5,a5,a1
    2960:	02378793          	addi	a5,a5,35
    2964:	06870593          	addi	a1,a4,104

00002968 <rvs_375>:
    2968:	00f5a023          	sw	a5,0(a1)
	if (use_lock) {
    296c:	00100793          	li	a5,1
    2970:	04f60463          	beq	a2,a5,29b8 <rvs_377>
		RV_RELEASE(lk, 1u, 376);
    2974:	00469793          	slli	a5,a3,0x4
    2978:	00f70733          	add	a4,a4,a5
    297c:	02470713          	addi	a4,a4,36
    2980:	00000793          	li	a5,0

00002984 <rvs_376>:
    2984:	00f72023          	sw	a5,0(a4)
    2988:	b00187b7          	lui	a5,0xb0018
    298c:	84178793          	addi	a5,a5,-1983 # b0017841 <__bss_end+0xb001044d>
    2990:	01369693          	slli	a3,a3,0x13
    2994:	00f6e6b3          	or	a3,a3,a5
    2998:	400007b7          	lui	a5,0x40000
    299c:	00d7a023          	sw	a3,0(a5) # 40000000 <__bss_end+0x3fff8c0c>
    29a0:	00000013          	nop
    29a4:	00000013          	nop
    29a8:	00000013          	nop
    29ac:	00000013          	nop
    29b0:	00000013          	nop
    29b4:	00000013          	nop

000029b8 <rvs_377>:
	}
	RV_MARK(377);
    29b8:	00000013          	nop
	rv_local_sum += 1u;
    29bc:	00007737          	lui	a4,0x7
    29c0:	3f072783          	lw	a5,1008(a4) # 73f0 <rv_local_sum>
    29c4:	00178793          	addi	a5,a5,1
    29c8:	3ef72823          	sw	a5,1008(a4)
}
    29cc:	00008067          	ret

000029d0 <rv_t036>:

void rv_t036(void)
{
	unsigned v, c, lk;
	unsigned use_lock = (SH->mode != RV_MODE_RACE_OPEN);
    29d0:	300007b7          	lui	a5,0x30000
    29d4:	0047a603          	lw	a2,4(a5) # 30000004 <__bss_end+0x2fff8c10>
	/* RV_MODE_RACE_WRONG_LOCK: each core takes a DIFFERENT lock, so both
	 * believe they are protected and neither excludes the other. */
	lk = (SH->mode == RV_MODE_RACE_WRONG_LOCK) ? 1u : 0u;
    29d8:	0047a683          	lw	a3,4(a5)
    29dc:	ffe68693          	addi	a3,a3,-2
    29e0:	0016b693          	seqz	a3,a3

000029e4 <rvs_378>:

	RV_MARK(378);
    29e4:	00000013          	nop
	if (use_lock) {
    29e8:	00100713          	li	a4,1
    29ec:	06e60263          	beq	a2,a4,2a50 <rvs_380+0x34>
		RV_ACQUIRE(lk, 1u, 0u, 379, 380);
    29f0:	00469513          	slli	a0,a3,0x4
    29f4:	00a785b3          	add	a1,a5,a0
    29f8:	02458593          	addi	a1,a1,36

000029fc <rvs_379>:
    29fc:	00e5a023          	sw	a4,0(a1)
    2a00:	00a787b3          	add	a5,a5,a0
    2a04:	0207a423          	sw	zero,40(a5)
    2a08:	00c0006f          	j	2a14 <rvs_379+0x18>
    2a0c:	0287a703          	lw	a4,40(a5)
    2a10:	00071663          	bnez	a4,2a1c <rvs_380>
    2a14:	0207a703          	lw	a4,32(a5)
    2a18:	fe071ae3          	bnez	a4,2a0c <rvs_379+0x10>

00002a1c <rvs_380>:
    2a1c:	00000013          	nop
    2a20:	a8018737          	lui	a4,0xa8018
    2a24:	01369793          	slli	a5,a3,0x13
    2a28:	c4170713          	addi	a4,a4,-959 # a8017c41 <__bss_end+0xa801084d>
    2a2c:	00e7e7b3          	or	a5,a5,a4
    2a30:	40000737          	lui	a4,0x40000
    2a34:	00f72023          	sw	a5,0(a4) # 40000000 <__bss_end+0x3fff8c0c>
    2a38:	00000013          	nop
    2a3c:	00000013          	nop
    2a40:	00000013          	nop
    2a44:	00000013          	nop
    2a48:	00000013          	nop
    2a4c:	00000013          	nop
	}
	RV_LD(v, &SH->balance, 381);
    2a50:	30000737          	lui	a4,0x30000
    2a54:	06070593          	addi	a1,a4,96 # 30000060 <__bss_end+0x2fff8c6c>

00002a58 <rvs_381>:
    2a58:	0005a783          	lw	a5,0(a1)
	v += 2u;
    2a5c:	00278793          	addi	a5,a5,2

00002a60 <rvs_382>:
	RV_ST(&SH->balance, v, 382);
    2a60:	00f5a023          	sw	a5,0(a1)
	RV_LD(c, &SH->count, 383);
    2a64:	06470513          	addi	a0,a4,100

00002a68 <rvs_383>:
    2a68:	00052583          	lw	a1,0(a0)
	RV_ST(&SH->count, c + 1u, 384);
    2a6c:	00158813          	addi	a6,a1,1

00002a70 <rvs_384>:
    2a70:	01052023          	sw	a6,0(a0)
	RV_ST(&SH->checksum, (c ^ v) + 36u, 385);
    2a74:	00b7c7b3          	xor	a5,a5,a1
    2a78:	02478793          	addi	a5,a5,36
    2a7c:	06870593          	addi	a1,a4,104

00002a80 <rvs_385>:
    2a80:	00f5a023          	sw	a5,0(a1)
	if (use_lock) {
    2a84:	00100793          	li	a5,1
    2a88:	04f60463          	beq	a2,a5,2ad0 <rvs_387>
		RV_RELEASE(lk, 1u, 386);
    2a8c:	00469793          	slli	a5,a3,0x4
    2a90:	00f70733          	add	a4,a4,a5
    2a94:	02470713          	addi	a4,a4,36
    2a98:	00000793          	li	a5,0

00002a9c <rvs_386>:
    2a9c:	00f72023          	sw	a5,0(a4)
    2aa0:	b00187b7          	lui	a5,0xb0018
    2aa4:	24178793          	addi	a5,a5,577 # b0018241 <__bss_end+0xb0010e4d>
    2aa8:	01369693          	slli	a3,a3,0x13
    2aac:	00f6e6b3          	or	a3,a3,a5
    2ab0:	400007b7          	lui	a5,0x40000
    2ab4:	00d7a023          	sw	a3,0(a5) # 40000000 <__bss_end+0x3fff8c0c>
    2ab8:	00000013          	nop
    2abc:	00000013          	nop
    2ac0:	00000013          	nop
    2ac4:	00000013          	nop
    2ac8:	00000013          	nop
    2acc:	00000013          	nop

00002ad0 <rvs_387>:
	}
	RV_MARK(387);
    2ad0:	00000013          	nop
	rv_local_sum += 2u;
    2ad4:	00007737          	lui	a4,0x7
    2ad8:	3f072783          	lw	a5,1008(a4) # 73f0 <rv_local_sum>
    2adc:	00278793          	addi	a5,a5,2
    2ae0:	3ef72823          	sw	a5,1008(a4)
}
    2ae4:	00008067          	ret

00002ae8 <rv_t036_cap>:
void rv_t036_cap(void)
{
	unsigned w;
	/* The tag is COMPUTED here -- an ACT-ST trigger could only ever carry
	 * the constant its table entry was loaded with. */
	w = RV_ACT_WORD(RV_ACT_CMD_DAQ_PC_CURR, RV_ACT_SINK_AXIS,
    2ae8:	30000537          	lui	a0,0x30000
    2aec:	08052703          	lw	a4,128(a0) # 30000080 <__bss_end+0x2fff8c8c>
    2af0:	200007b7          	lui	a5,0x20000
    2af4:	f0078613          	addi	a2,a5,-256 # 1fffff00 <__bss_end+0x1fff8b0c>
    2af8:	00871713          	slli	a4,a4,0x8
    2afc:	e00006b7          	lui	a3,0xe0000
    2b00:	00c77733          	and	a4,a4,a2
    2b04:	04168693          	addi	a3,a3,65 # e0000041 <__bss_end+0xdfff8c4d>
	                RV_TAG_VALUE(SH->ring_head & RV_VALUE_MASK));
	RV_ACTCAP_AT(388, w);
    2b08:	400005b7          	lui	a1,0x40000
	w = RV_ACT_WORD(RV_ACT_CMD_DAQ_PC_CURR, RV_ACT_SINK_AXIS,
    2b0c:	00d76733          	or	a4,a4,a3

00002b10 <rvs_388>:
	RV_ACTCAP_AT(388, w);
    2b10:	00e5a023          	sw	a4,0(a1) # 40000000 <__bss_end+0x3fff8c0c>
    2b14:	00000013          	nop
    2b18:	00000013          	nop
    2b1c:	00000013          	nop
    2b20:	00000013          	nop
    2b24:	00000013          	nop
    2b28:	00000013          	nop
	w = RV_ACT_WORD(RV_ACT_CMD_DAQ_PC_CURR, RV_ACT_SINK_AXIS,
    2b2c:	06052783          	lw	a5,96(a0)
    2b30:	00879793          	slli	a5,a5,0x8
    2b34:	00c7f7b3          	and	a5,a5,a2
    2b38:	00d7e7b3          	or	a5,a5,a3

00002b3c <rvs_389>:
	                RV_TAG_VALUE(SH->balance & RV_VALUE_MASK));
	RV_ACTCAP_AT(389, w);
    2b3c:	00f5a023          	sw	a5,0(a1)
    2b40:	00000013          	nop
    2b44:	00000013          	nop
    2b48:	00000013          	nop
    2b4c:	00000013          	nop
    2b50:	00000013          	nop
    2b54:	00000013          	nop
	rv_actcap_issued += 2u;
    2b58:	00007737          	lui	a4,0x7
    2b5c:	3e872783          	lw	a5,1000(a4) # 73e8 <rv_actcap_issued>
    2b60:	00278793          	addi	a5,a5,2
    2b64:	3ef72423          	sw	a5,1000(a4)
}
    2b68:	00008067          	ret

00002b6c <rv_t037>:

void rv_t037(void)
{
	unsigned v, c, lk;
	unsigned use_lock = (SH->mode != RV_MODE_RACE_OPEN);
    2b6c:	300007b7          	lui	a5,0x30000
    2b70:	0047a603          	lw	a2,4(a5) # 30000004 <__bss_end+0x2fff8c10>
	/* RV_MODE_RACE_WRONG_LOCK: each core takes a DIFFERENT lock, so both
	 * believe they are protected and neither excludes the other. */
	lk = (SH->mode == RV_MODE_RACE_WRONG_LOCK) ? 1u : 0u;
    2b74:	0047a683          	lw	a3,4(a5)
    2b78:	ffe68693          	addi	a3,a3,-2
    2b7c:	0016b693          	seqz	a3,a3

00002b80 <rvs_390>:

	RV_MARK(390);
    2b80:	00000013          	nop
	if (use_lock) {
    2b84:	00100713          	li	a4,1
    2b88:	06e60263          	beq	a2,a4,2bec <rvs_392+0x34>
		RV_ACQUIRE(lk, 1u, 0u, 391, 392);
    2b8c:	00469513          	slli	a0,a3,0x4
    2b90:	00a785b3          	add	a1,a5,a0
    2b94:	02458593          	addi	a1,a1,36

00002b98 <rvs_391>:
    2b98:	00e5a023          	sw	a4,0(a1)
    2b9c:	00a787b3          	add	a5,a5,a0
    2ba0:	0207a423          	sw	zero,40(a5)
    2ba4:	00c0006f          	j	2bb0 <rvs_391+0x18>
    2ba8:	0287a703          	lw	a4,40(a5)
    2bac:	00071663          	bnez	a4,2bb8 <rvs_392>
    2bb0:	0207a703          	lw	a4,32(a5)
    2bb4:	fe071ae3          	bnez	a4,2ba8 <rvs_391+0x10>

00002bb8 <rvs_392>:
    2bb8:	00000013          	nop
    2bbc:	a8019737          	lui	a4,0xa8019
    2bc0:	01369793          	slli	a5,a3,0x13
    2bc4:	84170713          	addi	a4,a4,-1983 # a8018841 <__bss_end+0xa801144d>
    2bc8:	00e7e7b3          	or	a5,a5,a4
    2bcc:	40000737          	lui	a4,0x40000
    2bd0:	00f72023          	sw	a5,0(a4) # 40000000 <__bss_end+0x3fff8c0c>
    2bd4:	00000013          	nop
    2bd8:	00000013          	nop
    2bdc:	00000013          	nop
    2be0:	00000013          	nop
    2be4:	00000013          	nop
    2be8:	00000013          	nop
	}
	RV_LD(v, &SH->balance, 393);
    2bec:	30000737          	lui	a4,0x30000
    2bf0:	06070593          	addi	a1,a4,96 # 30000060 <__bss_end+0x2fff8c6c>

00002bf4 <rvs_393>:
    2bf4:	0005a783          	lw	a5,0(a1)
	v += 3u;
    2bf8:	00378793          	addi	a5,a5,3

00002bfc <rvs_394>:
	RV_ST(&SH->balance, v, 394);
    2bfc:	00f5a023          	sw	a5,0(a1)
	RV_LD(c, &SH->count, 395);
    2c00:	06470513          	addi	a0,a4,100

00002c04 <rvs_395>:
    2c04:	00052583          	lw	a1,0(a0)
	RV_ST(&SH->count, c + 1u, 396);
    2c08:	00158813          	addi	a6,a1,1

00002c0c <rvs_396>:
    2c0c:	01052023          	sw	a6,0(a0)
	RV_ST(&SH->checksum, (c ^ v) + 37u, 397);
    2c10:	00b7c7b3          	xor	a5,a5,a1
    2c14:	02578793          	addi	a5,a5,37
    2c18:	06870593          	addi	a1,a4,104

00002c1c <rvs_397>:
    2c1c:	00f5a023          	sw	a5,0(a1)
	if (use_lock) {
    2c20:	00100793          	li	a5,1
    2c24:	04f60463          	beq	a2,a5,2c6c <rvs_399>
		RV_RELEASE(lk, 1u, 398);
    2c28:	00469793          	slli	a5,a3,0x4
    2c2c:	00f70733          	add	a4,a4,a5
    2c30:	02470713          	addi	a4,a4,36
    2c34:	00000793          	li	a5,0

00002c38 <rvs_398>:
    2c38:	00f72023          	sw	a5,0(a4)
    2c3c:	b00197b7          	lui	a5,0xb0019
    2c40:	e4178793          	addi	a5,a5,-447 # b0018e41 <__bss_end+0xb0011a4d>
    2c44:	01369693          	slli	a3,a3,0x13
    2c48:	00f6e6b3          	or	a3,a3,a5
    2c4c:	400007b7          	lui	a5,0x40000
    2c50:	00d7a023          	sw	a3,0(a5) # 40000000 <__bss_end+0x3fff8c0c>
    2c54:	00000013          	nop
    2c58:	00000013          	nop
    2c5c:	00000013          	nop
    2c60:	00000013          	nop
    2c64:	00000013          	nop
    2c68:	00000013          	nop

00002c6c <rvs_399>:
	}
	RV_MARK(399);
    2c6c:	00000013          	nop
	rv_local_sum += 3u;
    2c70:	00007737          	lui	a4,0x7
    2c74:	3f072783          	lw	a5,1008(a4) # 73f0 <rv_local_sum>
    2c78:	00378793          	addi	a5,a5,3
    2c7c:	3ef72823          	sw	a5,1008(a4)
}
    2c80:	00008067          	ret

00002c84 <rv_t038>:

void rv_t038(void)
{
	unsigned v, c, lk;
	unsigned use_lock = (SH->mode != RV_MODE_RACE_OPEN);
    2c84:	300007b7          	lui	a5,0x30000
    2c88:	0047a603          	lw	a2,4(a5) # 30000004 <__bss_end+0x2fff8c10>
	/* RV_MODE_RACE_WRONG_LOCK: each core takes a DIFFERENT lock, so both
	 * believe they are protected and neither excludes the other. */
	lk = (SH->mode == RV_MODE_RACE_WRONG_LOCK) ? 1u : 0u;
    2c8c:	0047a683          	lw	a3,4(a5)
    2c90:	ffe68693          	addi	a3,a3,-2
    2c94:	0016b693          	seqz	a3,a3

00002c98 <rvs_400>:

	RV_MARK(400);
    2c98:	00000013          	nop
	if (use_lock) {
    2c9c:	00100713          	li	a4,1
    2ca0:	06e60263          	beq	a2,a4,2d04 <rvs_402+0x34>
		RV_ACQUIRE(lk, 1u, 0u, 401, 402);
    2ca4:	00469513          	slli	a0,a3,0x4
    2ca8:	00a785b3          	add	a1,a5,a0
    2cac:	02458593          	addi	a1,a1,36

00002cb0 <rvs_401>:
    2cb0:	00e5a023          	sw	a4,0(a1)
    2cb4:	00a787b3          	add	a5,a5,a0
    2cb8:	0207a423          	sw	zero,40(a5)
    2cbc:	00c0006f          	j	2cc8 <rvs_401+0x18>
    2cc0:	0287a703          	lw	a4,40(a5)
    2cc4:	00071663          	bnez	a4,2cd0 <rvs_402>
    2cc8:	0207a703          	lw	a4,32(a5)
    2ccc:	fe071ae3          	bnez	a4,2cc0 <rvs_401+0x10>

00002cd0 <rvs_402>:
    2cd0:	00000013          	nop
    2cd4:	a8019737          	lui	a4,0xa8019
    2cd8:	01369793          	slli	a5,a3,0x13
    2cdc:	24170713          	addi	a4,a4,577 # a8019241 <__bss_end+0xa8011e4d>
    2ce0:	00e7e7b3          	or	a5,a5,a4
    2ce4:	40000737          	lui	a4,0x40000
    2ce8:	00f72023          	sw	a5,0(a4) # 40000000 <__bss_end+0x3fff8c0c>
    2cec:	00000013          	nop
    2cf0:	00000013          	nop
    2cf4:	00000013          	nop
    2cf8:	00000013          	nop
    2cfc:	00000013          	nop
    2d00:	00000013          	nop
	}
	RV_LD(v, &SH->balance, 403);
    2d04:	30000737          	lui	a4,0x30000
    2d08:	06070593          	addi	a1,a4,96 # 30000060 <__bss_end+0x2fff8c6c>

00002d0c <rvs_403>:
    2d0c:	0005a783          	lw	a5,0(a1)
	v += 4u;
    2d10:	00478793          	addi	a5,a5,4

00002d14 <rvs_404>:
	RV_ST(&SH->balance, v, 404);
    2d14:	00f5a023          	sw	a5,0(a1)
	RV_LD(c, &SH->count, 405);
    2d18:	06470513          	addi	a0,a4,100

00002d1c <rvs_405>:
    2d1c:	00052583          	lw	a1,0(a0)
	RV_ST(&SH->count, c + 1u, 406);
    2d20:	00158813          	addi	a6,a1,1

00002d24 <rvs_406>:
    2d24:	01052023          	sw	a6,0(a0)
	RV_ST(&SH->checksum, (c ^ v) + 38u, 407);
    2d28:	00b7c7b3          	xor	a5,a5,a1
    2d2c:	02678793          	addi	a5,a5,38
    2d30:	06870593          	addi	a1,a4,104

00002d34 <rvs_407>:
    2d34:	00f5a023          	sw	a5,0(a1)
	if (use_lock) {
    2d38:	00100793          	li	a5,1
    2d3c:	04f60463          	beq	a2,a5,2d84 <rvs_409>
		RV_RELEASE(lk, 1u, 408);
    2d40:	00469793          	slli	a5,a3,0x4
    2d44:	00f70733          	add	a4,a4,a5
    2d48:	02470713          	addi	a4,a4,36
    2d4c:	00000793          	li	a5,0

00002d50 <rvs_408>:
    2d50:	00f72023          	sw	a5,0(a4)
    2d54:	b001a7b7          	lui	a5,0xb001a
    2d58:	84178793          	addi	a5,a5,-1983 # b0019841 <__bss_end+0xb001244d>
    2d5c:	01369693          	slli	a3,a3,0x13
    2d60:	00f6e6b3          	or	a3,a3,a5
    2d64:	400007b7          	lui	a5,0x40000
    2d68:	00d7a023          	sw	a3,0(a5) # 40000000 <__bss_end+0x3fff8c0c>
    2d6c:	00000013          	nop
    2d70:	00000013          	nop
    2d74:	00000013          	nop
    2d78:	00000013          	nop
    2d7c:	00000013          	nop
    2d80:	00000013          	nop

00002d84 <rvs_409>:
	}
	RV_MARK(409);
    2d84:	00000013          	nop
	rv_local_sum += 4u;
    2d88:	00007737          	lui	a4,0x7
    2d8c:	3f072783          	lw	a5,1008(a4) # 73f0 <rv_local_sum>
    2d90:	00478793          	addi	a5,a5,4
    2d94:	3ef72823          	sw	a5,1008(a4)
}
    2d98:	00008067          	ret

00002d9c <rv_t039>:

void rv_t039(void)
{
	unsigned v, c, lk;
	unsigned use_lock = (SH->mode != RV_MODE_RACE_OPEN);
    2d9c:	300007b7          	lui	a5,0x30000
    2da0:	0047a603          	lw	a2,4(a5) # 30000004 <__bss_end+0x2fff8c10>
	/* RV_MODE_RACE_WRONG_LOCK: each core takes a DIFFERENT lock, so both
	 * believe they are protected and neither excludes the other. */
	lk = (SH->mode == RV_MODE_RACE_WRONG_LOCK) ? 1u : 0u;
    2da4:	0047a683          	lw	a3,4(a5)
    2da8:	ffe68693          	addi	a3,a3,-2
    2dac:	0016b693          	seqz	a3,a3

00002db0 <rvs_410>:

	RV_MARK(410);
    2db0:	00000013          	nop
	if (use_lock) {
    2db4:	00100713          	li	a4,1
    2db8:	06e60263          	beq	a2,a4,2e1c <rvs_412+0x34>
		RV_ACQUIRE(lk, 1u, 0u, 411, 412);
    2dbc:	00469513          	slli	a0,a3,0x4
    2dc0:	00a785b3          	add	a1,a5,a0
    2dc4:	02458593          	addi	a1,a1,36

00002dc8 <rvs_411>:
    2dc8:	00e5a023          	sw	a4,0(a1)
    2dcc:	00a787b3          	add	a5,a5,a0
    2dd0:	0207a423          	sw	zero,40(a5)
    2dd4:	00c0006f          	j	2de0 <rvs_411+0x18>
    2dd8:	0287a703          	lw	a4,40(a5)
    2ddc:	00071663          	bnez	a4,2de8 <rvs_412>
    2de0:	0207a703          	lw	a4,32(a5)
    2de4:	fe071ae3          	bnez	a4,2dd8 <rvs_411+0x10>

00002de8 <rvs_412>:
    2de8:	00000013          	nop
    2dec:	a801a737          	lui	a4,0xa801a
    2df0:	01369793          	slli	a5,a3,0x13
    2df4:	c4170713          	addi	a4,a4,-959 # a8019c41 <__bss_end+0xa801284d>
    2df8:	00e7e7b3          	or	a5,a5,a4
    2dfc:	40000737          	lui	a4,0x40000
    2e00:	00f72023          	sw	a5,0(a4) # 40000000 <__bss_end+0x3fff8c0c>
    2e04:	00000013          	nop
    2e08:	00000013          	nop
    2e0c:	00000013          	nop
    2e10:	00000013          	nop
    2e14:	00000013          	nop
    2e18:	00000013          	nop
	}
	RV_LD(v, &SH->balance, 413);
    2e1c:	30000737          	lui	a4,0x30000
    2e20:	06070593          	addi	a1,a4,96 # 30000060 <__bss_end+0x2fff8c6c>

00002e24 <rvs_413>:
    2e24:	0005a783          	lw	a5,0(a1)
	v += 5u;
    2e28:	00578793          	addi	a5,a5,5

00002e2c <rvs_414>:
	RV_ST(&SH->balance, v, 414);
    2e2c:	00f5a023          	sw	a5,0(a1)
	RV_LD(c, &SH->count, 415);
    2e30:	06470513          	addi	a0,a4,100

00002e34 <rvs_415>:
    2e34:	00052583          	lw	a1,0(a0)
	RV_ST(&SH->count, c + 1u, 416);
    2e38:	00158813          	addi	a6,a1,1

00002e3c <rvs_416>:
    2e3c:	01052023          	sw	a6,0(a0)
	RV_ST(&SH->checksum, (c ^ v) + 39u, 417);
    2e40:	00b7c7b3          	xor	a5,a5,a1
    2e44:	02778793          	addi	a5,a5,39
    2e48:	06870593          	addi	a1,a4,104

00002e4c <rvs_417>:
    2e4c:	00f5a023          	sw	a5,0(a1)
	if (use_lock) {
    2e50:	00100793          	li	a5,1
    2e54:	04f60463          	beq	a2,a5,2e9c <rvs_419>
		RV_RELEASE(lk, 1u, 418);
    2e58:	00469793          	slli	a5,a3,0x4
    2e5c:	00f70733          	add	a4,a4,a5
    2e60:	02470713          	addi	a4,a4,36
    2e64:	00000793          	li	a5,0

00002e68 <rvs_418>:
    2e68:	00f72023          	sw	a5,0(a4)
    2e6c:	b001a7b7          	lui	a5,0xb001a
    2e70:	24178793          	addi	a5,a5,577 # b001a241 <__bss_end+0xb0012e4d>
    2e74:	01369693          	slli	a3,a3,0x13
    2e78:	00f6e6b3          	or	a3,a3,a5
    2e7c:	400007b7          	lui	a5,0x40000
    2e80:	00d7a023          	sw	a3,0(a5) # 40000000 <__bss_end+0x3fff8c0c>
    2e84:	00000013          	nop
    2e88:	00000013          	nop
    2e8c:	00000013          	nop
    2e90:	00000013          	nop
    2e94:	00000013          	nop
    2e98:	00000013          	nop

00002e9c <rvs_419>:
	}
	RV_MARK(419);
    2e9c:	00000013          	nop
	rv_local_sum += 5u;
    2ea0:	00007737          	lui	a4,0x7
    2ea4:	3f072783          	lw	a5,1008(a4) # 73f0 <rv_local_sum>
    2ea8:	00578793          	addi	a5,a5,5
    2eac:	3ef72823          	sw	a5,1008(a4)
}
    2eb0:	00008067          	ret

00002eb4 <rv_t040>:

void rv_t040(void)
{
    2eb4:	ff010113          	addi	sp,sp,-16
    2eb8:	00112623          	sw	ra,12(sp)
    2ebc:	00812423          	sw	s0,8(sp)
    2ec0:	00912223          	sw	s1,4(sp)
    2ec4:	01212023          	sw	s2,0(sp)

00002ec8 <rvs_420>:
	unsigned h, t, v, p;

	RV_MARK(420);
    2ec8:	00000013          	nop
	RV_LD(h, &SH->ring_head, 421);
    2ecc:	30000437          	lui	s0,0x30000
    2ed0:	08040793          	addi	a5,s0,128 # 30000080 <__bss_end+0x2fff8c8c>

00002ed4 <rvs_421>:
    2ed4:	0007a783          	lw	a5,0(a5)
	RV_LD(t, &SH->ring_tail, 422);
    2ed8:	08440913          	addi	s2,s0,132

00002edc <rvs_422>:
    2edc:	00092483          	lw	s1,0(s2)

00002ee0 <rvs_427>:
	RV_MARK(427);
    2ee0:	00000013          	nop
	if (h != t) {
    2ee4:	04978063          	beq	a5,s1,2f24 <rvs_424+0x4>
		RV_LD(v, &SH->ring[t % RV_RING_SLOTS], 423);
    2ee8:	03c00593          	li	a1,60
    2eec:	00048513          	mv	a0,s1
    2ef0:	294040ef          	jal	ra,7184 <__umodsi3>
    2ef4:	00251793          	slli	a5,a0,0x2
    2ef8:	09040413          	addi	s0,s0,144
    2efc:	008787b3          	add	a5,a5,s0

00002f00 <rvs_423>:
    2f00:	0007a783          	lw	a5,0(a5)
		rv_local_sum += v;
    2f04:	000076b7          	lui	a3,0x7
    2f08:	3f06a703          	lw	a4,1008(a3) # 73f0 <rv_local_sum>
		RV_ST(&SH->ring_tail, (t + 1u) % RV_RING_SLOTS, 424);
    2f0c:	03c00593          	li	a1,60
    2f10:	00148513          	addi	a0,s1,1
		rv_local_sum += v;
    2f14:	00f707b3          	add	a5,a4,a5
    2f18:	3ef6a823          	sw	a5,1008(a3)
		RV_ST(&SH->ring_tail, (t + 1u) % RV_RING_SLOTS, 424);
    2f1c:	268040ef          	jal	ra,7184 <__umodsi3>

00002f20 <rvs_424>:
    2f20:	00a92023          	sw	a0,0(s2)
	}
	RV_LD(p, &rv_private, 425);
    2f24:	000077b7          	lui	a5,0x7
    2f28:	3ec78793          	addi	a5,a5,1004 # 73ec <rv_private>

00002f2c <rvs_425>:
    2f2c:	0007a703          	lw	a4,0(a5)
	RV_ST(&rv_private, p + 1u, 426);
    2f30:	00170693          	addi	a3,a4,1

00002f34 <rvs_426>:
    2f34:	00d7a023          	sw	a3,0(a5)
	RV_ST(&SH->seq, p, 428);
    2f38:	300007b7          	lui	a5,0x30000
    2f3c:	06c78793          	addi	a5,a5,108 # 3000006c <__bss_end+0x2fff8c78>

00002f40 <rvs_428>:
    2f40:	00e7a023          	sw	a4,0(a5)

00002f44 <rvs_429>:
	RV_MARK(429);
    2f44:	00000013          	nop
}
    2f48:	00c12083          	lw	ra,12(sp)
    2f4c:	00812403          	lw	s0,8(sp)
    2f50:	00412483          	lw	s1,4(sp)
    2f54:	00012903          	lw	s2,0(sp)
    2f58:	01010113          	addi	sp,sp,16
    2f5c:	00008067          	ret

00002f60 <rv_t040_cap>:
void rv_t040_cap(void)
{
	unsigned w;
	/* The tag is COMPUTED here -- an ACT-ST trigger could only ever carry
	 * the constant its table entry was loaded with. */
	w = RV_ACT_WORD(RV_ACT_CMD_DAQ_PC_CURR, RV_ACT_SINK_AXIS,
    2f60:	30000537          	lui	a0,0x30000
    2f64:	08052703          	lw	a4,128(a0) # 30000080 <__bss_end+0x2fff8c8c>
    2f68:	200007b7          	lui	a5,0x20000
    2f6c:	f0078613          	addi	a2,a5,-256 # 1fffff00 <__bss_end+0x1fff8b0c>
    2f70:	00871713          	slli	a4,a4,0x8
    2f74:	e00006b7          	lui	a3,0xe0000
    2f78:	00c77733          	and	a4,a4,a2
    2f7c:	04168693          	addi	a3,a3,65 # e0000041 <__bss_end+0xdfff8c4d>
	                RV_TAG_VALUE(SH->ring_head & RV_VALUE_MASK));
	RV_ACTCAP_AT(430, w);
    2f80:	400005b7          	lui	a1,0x40000
	w = RV_ACT_WORD(RV_ACT_CMD_DAQ_PC_CURR, RV_ACT_SINK_AXIS,
    2f84:	00d76733          	or	a4,a4,a3

00002f88 <rvs_430>:
	RV_ACTCAP_AT(430, w);
    2f88:	00e5a023          	sw	a4,0(a1) # 40000000 <__bss_end+0x3fff8c0c>
    2f8c:	00000013          	nop
    2f90:	00000013          	nop
    2f94:	00000013          	nop
    2f98:	00000013          	nop
    2f9c:	00000013          	nop
    2fa0:	00000013          	nop
	w = RV_ACT_WORD(RV_ACT_CMD_DAQ_PC_CURR, RV_ACT_SINK_AXIS,
    2fa4:	06052783          	lw	a5,96(a0)
    2fa8:	00879793          	slli	a5,a5,0x8
    2fac:	00c7f7b3          	and	a5,a5,a2
    2fb0:	00d7e7b3          	or	a5,a5,a3

00002fb4 <rvs_431>:
	                RV_TAG_VALUE(SH->balance & RV_VALUE_MASK));
	RV_ACTCAP_AT(431, w);
    2fb4:	00f5a023          	sw	a5,0(a1)
    2fb8:	00000013          	nop
    2fbc:	00000013          	nop
    2fc0:	00000013          	nop
    2fc4:	00000013          	nop
    2fc8:	00000013          	nop
    2fcc:	00000013          	nop
	rv_actcap_issued += 2u;
    2fd0:	00007737          	lui	a4,0x7
    2fd4:	3e872783          	lw	a5,1000(a4) # 73e8 <rv_actcap_issued>
    2fd8:	00278793          	addi	a5,a5,2
    2fdc:	3ef72423          	sw	a5,1000(a4)
}
    2fe0:	00008067          	ret

00002fe4 <rv_t041>:

void rv_t041(void)
{
    2fe4:	ff010113          	addi	sp,sp,-16
    2fe8:	00112623          	sw	ra,12(sp)
    2fec:	00812423          	sw	s0,8(sp)
    2ff0:	00912223          	sw	s1,4(sp)
    2ff4:	01212023          	sw	s2,0(sp)

00002ff8 <rvs_432>:
	unsigned h, t, v, p;

	RV_MARK(432);
    2ff8:	00000013          	nop
	RV_LD(h, &SH->ring_head, 433);
    2ffc:	30000437          	lui	s0,0x30000
    3000:	08040793          	addi	a5,s0,128 # 30000080 <__bss_end+0x2fff8c8c>

00003004 <rvs_433>:
    3004:	0007a783          	lw	a5,0(a5)
	RV_LD(t, &SH->ring_tail, 434);
    3008:	08440913          	addi	s2,s0,132

0000300c <rvs_434>:
    300c:	00092483          	lw	s1,0(s2)

00003010 <rvs_439>:
	RV_MARK(439);
    3010:	00000013          	nop
	if (h != t) {
    3014:	04978063          	beq	a5,s1,3054 <rvs_436+0x4>
		RV_LD(v, &SH->ring[t % RV_RING_SLOTS], 435);
    3018:	03c00593          	li	a1,60
    301c:	00048513          	mv	a0,s1
    3020:	164040ef          	jal	ra,7184 <__umodsi3>
    3024:	00251793          	slli	a5,a0,0x2
    3028:	09040413          	addi	s0,s0,144
    302c:	008787b3          	add	a5,a5,s0

00003030 <rvs_435>:
    3030:	0007a783          	lw	a5,0(a5)
		rv_local_sum += v;
    3034:	000076b7          	lui	a3,0x7
    3038:	3f06a703          	lw	a4,1008(a3) # 73f0 <rv_local_sum>
		RV_ST(&SH->ring_tail, (t + 1u) % RV_RING_SLOTS, 436);
    303c:	03c00593          	li	a1,60
    3040:	00148513          	addi	a0,s1,1
		rv_local_sum += v;
    3044:	00f707b3          	add	a5,a4,a5
    3048:	3ef6a823          	sw	a5,1008(a3)
		RV_ST(&SH->ring_tail, (t + 1u) % RV_RING_SLOTS, 436);
    304c:	138040ef          	jal	ra,7184 <__umodsi3>

00003050 <rvs_436>:
    3050:	00a92023          	sw	a0,0(s2)
	}
	RV_LD(p, &rv_private, 437);
    3054:	000077b7          	lui	a5,0x7
    3058:	3ec78793          	addi	a5,a5,1004 # 73ec <rv_private>

0000305c <rvs_437>:
    305c:	0007a703          	lw	a4,0(a5)
	RV_ST(&rv_private, p + 1u, 438);
    3060:	00170693          	addi	a3,a4,1

00003064 <rvs_438>:
    3064:	00d7a023          	sw	a3,0(a5)
	RV_ST(&SH->seq, p, 440);
    3068:	300007b7          	lui	a5,0x30000
    306c:	06c78793          	addi	a5,a5,108 # 3000006c <__bss_end+0x2fff8c78>

00003070 <rvs_440>:
    3070:	00e7a023          	sw	a4,0(a5)

00003074 <rvs_441>:
	RV_MARK(441);
    3074:	00000013          	nop
}
    3078:	00c12083          	lw	ra,12(sp)
    307c:	00812403          	lw	s0,8(sp)
    3080:	00412483          	lw	s1,4(sp)
    3084:	00012903          	lw	s2,0(sp)
    3088:	01010113          	addi	sp,sp,16
    308c:	00008067          	ret

00003090 <rv_t042>:

void rv_t042(void)
{
    3090:	ff010113          	addi	sp,sp,-16
    3094:	00112623          	sw	ra,12(sp)
    3098:	00812423          	sw	s0,8(sp)
    309c:	00912223          	sw	s1,4(sp)
    30a0:	01212023          	sw	s2,0(sp)

000030a4 <rvs_442>:
	unsigned h, t, v, p;

	RV_MARK(442);
    30a4:	00000013          	nop
	RV_LD(h, &SH->ring_head, 443);
    30a8:	30000437          	lui	s0,0x30000
    30ac:	08040793          	addi	a5,s0,128 # 30000080 <__bss_end+0x2fff8c8c>

000030b0 <rvs_443>:
    30b0:	0007a783          	lw	a5,0(a5)
	RV_LD(t, &SH->ring_tail, 444);
    30b4:	08440913          	addi	s2,s0,132

000030b8 <rvs_444>:
    30b8:	00092483          	lw	s1,0(s2)

000030bc <rvs_449>:
	RV_MARK(449);
    30bc:	00000013          	nop
	if (h != t) {
    30c0:	04978063          	beq	a5,s1,3100 <rvs_446+0x4>
		RV_LD(v, &SH->ring[t % RV_RING_SLOTS], 445);
    30c4:	03c00593          	li	a1,60
    30c8:	00048513          	mv	a0,s1
    30cc:	0b8040ef          	jal	ra,7184 <__umodsi3>
    30d0:	00251793          	slli	a5,a0,0x2
    30d4:	09040413          	addi	s0,s0,144
    30d8:	008787b3          	add	a5,a5,s0

000030dc <rvs_445>:
    30dc:	0007a783          	lw	a5,0(a5)
		rv_local_sum += v;
    30e0:	000076b7          	lui	a3,0x7
    30e4:	3f06a703          	lw	a4,1008(a3) # 73f0 <rv_local_sum>
		RV_ST(&SH->ring_tail, (t + 1u) % RV_RING_SLOTS, 446);
    30e8:	03c00593          	li	a1,60
    30ec:	00148513          	addi	a0,s1,1
		rv_local_sum += v;
    30f0:	00f707b3          	add	a5,a4,a5
    30f4:	3ef6a823          	sw	a5,1008(a3)
		RV_ST(&SH->ring_tail, (t + 1u) % RV_RING_SLOTS, 446);
    30f8:	08c040ef          	jal	ra,7184 <__umodsi3>

000030fc <rvs_446>:
    30fc:	00a92023          	sw	a0,0(s2)
	}
	RV_LD(p, &rv_private, 447);
    3100:	000077b7          	lui	a5,0x7
    3104:	3ec78793          	addi	a5,a5,1004 # 73ec <rv_private>

00003108 <rvs_447>:
    3108:	0007a703          	lw	a4,0(a5)
	RV_ST(&rv_private, p + 1u, 448);
    310c:	00170693          	addi	a3,a4,1

00003110 <rvs_448>:
    3110:	00d7a023          	sw	a3,0(a5)
	RV_ST(&SH->seq, p, 450);
    3114:	300007b7          	lui	a5,0x30000
    3118:	06c78793          	addi	a5,a5,108 # 3000006c <__bss_end+0x2fff8c78>

0000311c <rvs_450>:
    311c:	00e7a023          	sw	a4,0(a5)

00003120 <rvs_451>:
	RV_MARK(451);
    3120:	00000013          	nop
}
    3124:	00c12083          	lw	ra,12(sp)
    3128:	00812403          	lw	s0,8(sp)
    312c:	00412483          	lw	s1,4(sp)
    3130:	00012903          	lw	s2,0(sp)
    3134:	01010113          	addi	sp,sp,16
    3138:	00008067          	ret

0000313c <rv_t043>:

void rv_t043(void)
{
	unsigned v, c, lk;
	unsigned use_lock = (SH->mode != RV_MODE_RACE_OPEN);
    313c:	300007b7          	lui	a5,0x30000
    3140:	0047a603          	lw	a2,4(a5) # 30000004 <__bss_end+0x2fff8c10>
	/* RV_MODE_RACE_WRONG_LOCK: each core takes a DIFFERENT lock, so both
	 * believe they are protected and neither excludes the other. */
	lk = (SH->mode == RV_MODE_RACE_WRONG_LOCK) ? 1u : 0u;
    3144:	0047a683          	lw	a3,4(a5)
    3148:	ffe68693          	addi	a3,a3,-2
    314c:	0016b693          	seqz	a3,a3

00003150 <rvs_452>:

	RV_MARK(452);
    3150:	00000013          	nop
	if (use_lock) {
    3154:	00100713          	li	a4,1
    3158:	06e60263          	beq	a2,a4,31bc <rvs_454+0x34>
		RV_ACQUIRE(lk, 1u, 0u, 453, 454);
    315c:	00469513          	slli	a0,a3,0x4
    3160:	00a785b3          	add	a1,a5,a0
    3164:	02458593          	addi	a1,a1,36

00003168 <rvs_453>:
    3168:	00e5a023          	sw	a4,0(a1)
    316c:	00a787b3          	add	a5,a5,a0
    3170:	0207a423          	sw	zero,40(a5)
    3174:	00c0006f          	j	3180 <rvs_453+0x18>
    3178:	0287a703          	lw	a4,40(a5)
    317c:	00071663          	bnez	a4,3188 <rvs_454>
    3180:	0207a703          	lw	a4,32(a5)
    3184:	fe071ae3          	bnez	a4,3178 <rvs_453+0x10>

00003188 <rvs_454>:
    3188:	00000013          	nop
    318c:	a801c737          	lui	a4,0xa801c
    3190:	01369793          	slli	a5,a3,0x13
    3194:	64170713          	addi	a4,a4,1601 # a801c641 <__bss_end+0xa801524d>
    3198:	00e7e7b3          	or	a5,a5,a4
    319c:	40000737          	lui	a4,0x40000
    31a0:	00f72023          	sw	a5,0(a4) # 40000000 <__bss_end+0x3fff8c0c>
    31a4:	00000013          	nop
    31a8:	00000013          	nop
    31ac:	00000013          	nop
    31b0:	00000013          	nop
    31b4:	00000013          	nop
    31b8:	00000013          	nop
	}
	RV_LD(v, &SH->balance, 455);
    31bc:	30000737          	lui	a4,0x30000
    31c0:	06070593          	addi	a1,a4,96 # 30000060 <__bss_end+0x2fff8c6c>

000031c4 <rvs_455>:
    31c4:	0005a783          	lw	a5,0(a1)
	v += 2u;
    31c8:	00278793          	addi	a5,a5,2

000031cc <rvs_456>:
	RV_ST(&SH->balance, v, 456);
    31cc:	00f5a023          	sw	a5,0(a1)
	RV_LD(c, &SH->count, 457);
    31d0:	06470513          	addi	a0,a4,100

000031d4 <rvs_457>:
    31d4:	00052583          	lw	a1,0(a0)
	RV_ST(&SH->count, c + 1u, 458);
    31d8:	00158813          	addi	a6,a1,1

000031dc <rvs_458>:
    31dc:	01052023          	sw	a6,0(a0)
	RV_ST(&SH->checksum, (c ^ v) + 43u, 459);
    31e0:	00b7c7b3          	xor	a5,a5,a1
    31e4:	02b78793          	addi	a5,a5,43
    31e8:	06870593          	addi	a1,a4,104

000031ec <rvs_459>:
    31ec:	00f5a023          	sw	a5,0(a1)
	if (use_lock) {
    31f0:	00100793          	li	a5,1
    31f4:	04f60463          	beq	a2,a5,323c <rvs_461>
		RV_RELEASE(lk, 1u, 460);
    31f8:	00469793          	slli	a5,a3,0x4
    31fc:	00f70733          	add	a4,a4,a5
    3200:	02470713          	addi	a4,a4,36
    3204:	00000793          	li	a5,0

00003208 <rvs_460>:
    3208:	00f72023          	sw	a5,0(a4)
    320c:	b001d7b7          	lui	a5,0xb001d
    3210:	c4178793          	addi	a5,a5,-959 # b001cc41 <__bss_end+0xb001584d>
    3214:	01369693          	slli	a3,a3,0x13
    3218:	00f6e6b3          	or	a3,a3,a5
    321c:	400007b7          	lui	a5,0x40000
    3220:	00d7a023          	sw	a3,0(a5) # 40000000 <__bss_end+0x3fff8c0c>
    3224:	00000013          	nop
    3228:	00000013          	nop
    322c:	00000013          	nop
    3230:	00000013          	nop
    3234:	00000013          	nop
    3238:	00000013          	nop

0000323c <rvs_461>:
	}
	RV_MARK(461);
    323c:	00000013          	nop
	rv_local_sum += 2u;
    3240:	00007737          	lui	a4,0x7
    3244:	3f072783          	lw	a5,1008(a4) # 73f0 <rv_local_sum>
    3248:	00278793          	addi	a5,a5,2
    324c:	3ef72823          	sw	a5,1008(a4)
}
    3250:	00008067          	ret

00003254 <rv_t044>:

void rv_t044(void)
{
	unsigned v, c, lk;
	unsigned use_lock = (SH->mode != RV_MODE_RACE_OPEN);
    3254:	300007b7          	lui	a5,0x30000
    3258:	0047a603          	lw	a2,4(a5) # 30000004 <__bss_end+0x2fff8c10>
	/* RV_MODE_RACE_WRONG_LOCK: each core takes a DIFFERENT lock, so both
	 * believe they are protected and neither excludes the other. */
	lk = (SH->mode == RV_MODE_RACE_WRONG_LOCK) ? 1u : 0u;
    325c:	0047a683          	lw	a3,4(a5)
    3260:	ffe68693          	addi	a3,a3,-2
    3264:	0016b693          	seqz	a3,a3

00003268 <rvs_462>:

	RV_MARK(462);
    3268:	00000013          	nop
	if (use_lock) {
    326c:	00100713          	li	a4,1
    3270:	06e60263          	beq	a2,a4,32d4 <rvs_464+0x34>
		RV_ACQUIRE(lk, 1u, 0u, 463, 464);
    3274:	00469513          	slli	a0,a3,0x4
    3278:	00a785b3          	add	a1,a5,a0
    327c:	02458593          	addi	a1,a1,36

00003280 <rvs_463>:
    3280:	00e5a023          	sw	a4,0(a1)
    3284:	00a787b3          	add	a5,a5,a0
    3288:	0207a423          	sw	zero,40(a5)
    328c:	00c0006f          	j	3298 <rvs_463+0x18>
    3290:	0287a703          	lw	a4,40(a5)
    3294:	00071663          	bnez	a4,32a0 <rvs_464>
    3298:	0207a703          	lw	a4,32(a5)
    329c:	fe071ae3          	bnez	a4,3290 <rvs_463+0x10>

000032a0 <rvs_464>:
    32a0:	00000013          	nop
    32a4:	a801d737          	lui	a4,0xa801d
    32a8:	01369793          	slli	a5,a3,0x13
    32ac:	04170713          	addi	a4,a4,65 # a801d041 <__bss_end+0xa8015c4d>
    32b0:	00e7e7b3          	or	a5,a5,a4
    32b4:	40000737          	lui	a4,0x40000
    32b8:	00f72023          	sw	a5,0(a4) # 40000000 <__bss_end+0x3fff8c0c>
    32bc:	00000013          	nop
    32c0:	00000013          	nop
    32c4:	00000013          	nop
    32c8:	00000013          	nop
    32cc:	00000013          	nop
    32d0:	00000013          	nop
	}
	RV_LD(v, &SH->balance, 465);
    32d4:	30000737          	lui	a4,0x30000
    32d8:	06070593          	addi	a1,a4,96 # 30000060 <__bss_end+0x2fff8c6c>

000032dc <rvs_465>:
    32dc:	0005a783          	lw	a5,0(a1)
	v += 3u;
    32e0:	00378793          	addi	a5,a5,3

000032e4 <rvs_466>:
	RV_ST(&SH->balance, v, 466);
    32e4:	00f5a023          	sw	a5,0(a1)
	RV_LD(c, &SH->count, 467);
    32e8:	06470513          	addi	a0,a4,100

000032ec <rvs_467>:
    32ec:	00052583          	lw	a1,0(a0)
	RV_ST(&SH->count, c + 1u, 468);
    32f0:	00158813          	addi	a6,a1,1

000032f4 <rvs_468>:
    32f4:	01052023          	sw	a6,0(a0)
	RV_ST(&SH->checksum, (c ^ v) + 44u, 469);
    32f8:	00b7c7b3          	xor	a5,a5,a1
    32fc:	02c78793          	addi	a5,a5,44
    3300:	06870593          	addi	a1,a4,104

00003304 <rvs_469>:
    3304:	00f5a023          	sw	a5,0(a1)
	if (use_lock) {
    3308:	00100793          	li	a5,1
    330c:	04f60463          	beq	a2,a5,3354 <rvs_471>
		RV_RELEASE(lk, 1u, 470);
    3310:	00469793          	slli	a5,a3,0x4
    3314:	00f70733          	add	a4,a4,a5
    3318:	02470713          	addi	a4,a4,36
    331c:	00000793          	li	a5,0

00003320 <rvs_470>:
    3320:	00f72023          	sw	a5,0(a4)
    3324:	b001d7b7          	lui	a5,0xb001d
    3328:	64178793          	addi	a5,a5,1601 # b001d641 <__bss_end+0xb001624d>
    332c:	01369693          	slli	a3,a3,0x13
    3330:	00f6e6b3          	or	a3,a3,a5
    3334:	400007b7          	lui	a5,0x40000
    3338:	00d7a023          	sw	a3,0(a5) # 40000000 <__bss_end+0x3fff8c0c>
    333c:	00000013          	nop
    3340:	00000013          	nop
    3344:	00000013          	nop
    3348:	00000013          	nop
    334c:	00000013          	nop
    3350:	00000013          	nop

00003354 <rvs_471>:
	}
	RV_MARK(471);
    3354:	00000013          	nop
	rv_local_sum += 3u;
    3358:	00007737          	lui	a4,0x7
    335c:	3f072783          	lw	a5,1008(a4) # 73f0 <rv_local_sum>
    3360:	00378793          	addi	a5,a5,3
    3364:	3ef72823          	sw	a5,1008(a4)
}
    3368:	00008067          	ret

0000336c <rv_t044_cap>:
void rv_t044_cap(void)
{
	unsigned w;
	/* The tag is COMPUTED here -- an ACT-ST trigger could only ever carry
	 * the constant its table entry was loaded with. */
	w = RV_ACT_WORD(RV_ACT_CMD_DAQ_PC_CURR, RV_ACT_SINK_AXIS,
    336c:	30000537          	lui	a0,0x30000
    3370:	08052703          	lw	a4,128(a0) # 30000080 <__bss_end+0x2fff8c8c>
    3374:	200007b7          	lui	a5,0x20000
    3378:	f0078613          	addi	a2,a5,-256 # 1fffff00 <__bss_end+0x1fff8b0c>
    337c:	00871713          	slli	a4,a4,0x8
    3380:	e00006b7          	lui	a3,0xe0000
    3384:	00c77733          	and	a4,a4,a2
    3388:	04168693          	addi	a3,a3,65 # e0000041 <__bss_end+0xdfff8c4d>
	                RV_TAG_VALUE(SH->ring_head & RV_VALUE_MASK));
	RV_ACTCAP_AT(472, w);
    338c:	400005b7          	lui	a1,0x40000
	w = RV_ACT_WORD(RV_ACT_CMD_DAQ_PC_CURR, RV_ACT_SINK_AXIS,
    3390:	00d76733          	or	a4,a4,a3

00003394 <rvs_472>:
	RV_ACTCAP_AT(472, w);
    3394:	00e5a023          	sw	a4,0(a1) # 40000000 <__bss_end+0x3fff8c0c>
    3398:	00000013          	nop
    339c:	00000013          	nop
    33a0:	00000013          	nop
    33a4:	00000013          	nop
    33a8:	00000013          	nop
    33ac:	00000013          	nop
	w = RV_ACT_WORD(RV_ACT_CMD_DAQ_PC_CURR, RV_ACT_SINK_AXIS,
    33b0:	06052783          	lw	a5,96(a0)
    33b4:	00879793          	slli	a5,a5,0x8
    33b8:	00c7f7b3          	and	a5,a5,a2
    33bc:	00d7e7b3          	or	a5,a5,a3

000033c0 <rvs_473>:
	                RV_TAG_VALUE(SH->balance & RV_VALUE_MASK));
	RV_ACTCAP_AT(473, w);
    33c0:	00f5a023          	sw	a5,0(a1)
    33c4:	00000013          	nop
    33c8:	00000013          	nop
    33cc:	00000013          	nop
    33d0:	00000013          	nop
    33d4:	00000013          	nop
    33d8:	00000013          	nop
	rv_actcap_issued += 2u;
    33dc:	00007737          	lui	a4,0x7
    33e0:	3e872783          	lw	a5,1000(a4) # 73e8 <rv_actcap_issued>
    33e4:	00278793          	addi	a5,a5,2
    33e8:	3ef72423          	sw	a5,1000(a4)
}
    33ec:	00008067          	ret

000033f0 <rv_t045>:

void rv_t045(void)
{
	unsigned v, c, lk;
	unsigned use_lock = (SH->mode != RV_MODE_RACE_OPEN);
    33f0:	300007b7          	lui	a5,0x30000
    33f4:	0047a603          	lw	a2,4(a5) # 30000004 <__bss_end+0x2fff8c10>
	/* RV_MODE_RACE_WRONG_LOCK: each core takes a DIFFERENT lock, so both
	 * believe they are protected and neither excludes the other. */
	lk = (SH->mode == RV_MODE_RACE_WRONG_LOCK) ? 1u : 0u;
    33f8:	0047a683          	lw	a3,4(a5)
    33fc:	ffe68693          	addi	a3,a3,-2
    3400:	0016b693          	seqz	a3,a3

00003404 <rvs_474>:

	RV_MARK(474);
    3404:	00000013          	nop
	if (use_lock) {
    3408:	00100713          	li	a4,1
    340c:	06e60263          	beq	a2,a4,3470 <rvs_476+0x34>
		RV_ACQUIRE(lk, 1u, 0u, 475, 476);
    3410:	00469513          	slli	a0,a3,0x4
    3414:	00a785b3          	add	a1,a5,a0
    3418:	02458593          	addi	a1,a1,36

0000341c <rvs_475>:
    341c:	00e5a023          	sw	a4,0(a1)
    3420:	00a787b3          	add	a5,a5,a0
    3424:	0207a423          	sw	zero,40(a5)
    3428:	00c0006f          	j	3434 <rvs_475+0x18>
    342c:	0287a703          	lw	a4,40(a5)
    3430:	00071663          	bnez	a4,343c <rvs_476>
    3434:	0207a703          	lw	a4,32(a5)
    3438:	fe071ae3          	bnez	a4,342c <rvs_475+0x10>

0000343c <rvs_476>:
    343c:	00000013          	nop
    3440:	a801e737          	lui	a4,0xa801e
    3444:	01369793          	slli	a5,a3,0x13
    3448:	c4170713          	addi	a4,a4,-959 # a801dc41 <__bss_end+0xa801684d>
    344c:	00e7e7b3          	or	a5,a5,a4
    3450:	40000737          	lui	a4,0x40000
    3454:	00f72023          	sw	a5,0(a4) # 40000000 <__bss_end+0x3fff8c0c>
    3458:	00000013          	nop
    345c:	00000013          	nop
    3460:	00000013          	nop
    3464:	00000013          	nop
    3468:	00000013          	nop
    346c:	00000013          	nop
	}
	RV_LD(v, &SH->balance, 477);
    3470:	30000737          	lui	a4,0x30000
    3474:	06070593          	addi	a1,a4,96 # 30000060 <__bss_end+0x2fff8c6c>

00003478 <rvs_477>:
    3478:	0005a783          	lw	a5,0(a1)
	v += 4u;
    347c:	00478793          	addi	a5,a5,4

00003480 <rvs_478>:
	RV_ST(&SH->balance, v, 478);
    3480:	00f5a023          	sw	a5,0(a1)
	RV_LD(c, &SH->count, 479);
    3484:	06470513          	addi	a0,a4,100

00003488 <rvs_479>:
    3488:	00052583          	lw	a1,0(a0)
	RV_ST(&SH->count, c + 1u, 480);
    348c:	00158813          	addi	a6,a1,1

00003490 <rvs_480>:
    3490:	01052023          	sw	a6,0(a0)
	RV_ST(&SH->checksum, (c ^ v) + 45u, 481);
    3494:	00b7c7b3          	xor	a5,a5,a1
    3498:	02d78793          	addi	a5,a5,45
    349c:	06870593          	addi	a1,a4,104

000034a0 <rvs_481>:
    34a0:	00f5a023          	sw	a5,0(a1)
	if (use_lock) {
    34a4:	00100793          	li	a5,1
    34a8:	04f60463          	beq	a2,a5,34f0 <rvs_483>
		RV_RELEASE(lk, 1u, 482);
    34ac:	00469793          	slli	a5,a3,0x4
    34b0:	00f70733          	add	a4,a4,a5
    34b4:	02470713          	addi	a4,a4,36
    34b8:	00000793          	li	a5,0

000034bc <rvs_482>:
    34bc:	00f72023          	sw	a5,0(a4)
    34c0:	b001e7b7          	lui	a5,0xb001e
    34c4:	24178793          	addi	a5,a5,577 # b001e241 <__bss_end+0xb0016e4d>
    34c8:	01369693          	slli	a3,a3,0x13
    34cc:	00f6e6b3          	or	a3,a3,a5
    34d0:	400007b7          	lui	a5,0x40000
    34d4:	00d7a023          	sw	a3,0(a5) # 40000000 <__bss_end+0x3fff8c0c>
    34d8:	00000013          	nop
    34dc:	00000013          	nop
    34e0:	00000013          	nop
    34e4:	00000013          	nop
    34e8:	00000013          	nop
    34ec:	00000013          	nop

000034f0 <rvs_483>:
	}
	RV_MARK(483);
    34f0:	00000013          	nop
	rv_local_sum += 4u;
    34f4:	00007737          	lui	a4,0x7
    34f8:	3f072783          	lw	a5,1008(a4) # 73f0 <rv_local_sum>
    34fc:	00478793          	addi	a5,a5,4
    3500:	3ef72823          	sw	a5,1008(a4)
}
    3504:	00008067          	ret

00003508 <rv_t046>:

void rv_t046(void)
{
	unsigned v, c, lk;
	unsigned use_lock = (SH->mode != RV_MODE_RACE_OPEN);
    3508:	300007b7          	lui	a5,0x30000
    350c:	0047a603          	lw	a2,4(a5) # 30000004 <__bss_end+0x2fff8c10>
	/* RV_MODE_RACE_WRONG_LOCK: each core takes a DIFFERENT lock, so both
	 * believe they are protected and neither excludes the other. */
	lk = (SH->mode == RV_MODE_RACE_WRONG_LOCK) ? 1u : 0u;
    3510:	0047a683          	lw	a3,4(a5)
    3514:	ffe68693          	addi	a3,a3,-2
    3518:	0016b693          	seqz	a3,a3

0000351c <rvs_484>:

	RV_MARK(484);
    351c:	00000013          	nop
	if (use_lock) {
    3520:	00100713          	li	a4,1
    3524:	06e60263          	beq	a2,a4,3588 <rvs_486+0x34>
		RV_ACQUIRE(lk, 1u, 0u, 485, 486);
    3528:	00469513          	slli	a0,a3,0x4
    352c:	00a785b3          	add	a1,a5,a0
    3530:	02458593          	addi	a1,a1,36

00003534 <rvs_485>:
    3534:	00e5a023          	sw	a4,0(a1)
    3538:	00a787b3          	add	a5,a5,a0
    353c:	0207a423          	sw	zero,40(a5)
    3540:	00c0006f          	j	354c <rvs_485+0x18>
    3544:	0287a703          	lw	a4,40(a5)
    3548:	00071663          	bnez	a4,3554 <rvs_486>
    354c:	0207a703          	lw	a4,32(a5)
    3550:	fe071ae3          	bnez	a4,3544 <rvs_485+0x10>

00003554 <rvs_486>:
    3554:	00000013          	nop
    3558:	a801e737          	lui	a4,0xa801e
    355c:	01369793          	slli	a5,a3,0x13
    3560:	64170713          	addi	a4,a4,1601 # a801e641 <__bss_end+0xa801724d>
    3564:	00e7e7b3          	or	a5,a5,a4
    3568:	40000737          	lui	a4,0x40000
    356c:	00f72023          	sw	a5,0(a4) # 40000000 <__bss_end+0x3fff8c0c>
    3570:	00000013          	nop
    3574:	00000013          	nop
    3578:	00000013          	nop
    357c:	00000013          	nop
    3580:	00000013          	nop
    3584:	00000013          	nop
	}
	RV_LD(v, &SH->balance, 487);
    3588:	30000737          	lui	a4,0x30000
    358c:	06070593          	addi	a1,a4,96 # 30000060 <__bss_end+0x2fff8c6c>

00003590 <rvs_487>:
    3590:	0005a783          	lw	a5,0(a1)
	v += 5u;
    3594:	00578793          	addi	a5,a5,5

00003598 <rvs_488>:
	RV_ST(&SH->balance, v, 488);
    3598:	00f5a023          	sw	a5,0(a1)
	RV_LD(c, &SH->count, 489);
    359c:	06470513          	addi	a0,a4,100

000035a0 <rvs_489>:
    35a0:	00052583          	lw	a1,0(a0)
	RV_ST(&SH->count, c + 1u, 490);
    35a4:	00158813          	addi	a6,a1,1

000035a8 <rvs_490>:
    35a8:	01052023          	sw	a6,0(a0)
	RV_ST(&SH->checksum, (c ^ v) + 46u, 491);
    35ac:	00b7c7b3          	xor	a5,a5,a1
    35b0:	02e78793          	addi	a5,a5,46
    35b4:	06870593          	addi	a1,a4,104

000035b8 <rvs_491>:
    35b8:	00f5a023          	sw	a5,0(a1)
	if (use_lock) {
    35bc:	00100793          	li	a5,1
    35c0:	04f60463          	beq	a2,a5,3608 <rvs_493>
		RV_RELEASE(lk, 1u, 492);
    35c4:	00469793          	slli	a5,a3,0x4
    35c8:	00f70733          	add	a4,a4,a5
    35cc:	02470713          	addi	a4,a4,36
    35d0:	00000793          	li	a5,0

000035d4 <rvs_492>:
    35d4:	00f72023          	sw	a5,0(a4)
    35d8:	b001f7b7          	lui	a5,0xb001f
    35dc:	c4178793          	addi	a5,a5,-959 # b001ec41 <__bss_end+0xb001784d>
    35e0:	01369693          	slli	a3,a3,0x13
    35e4:	00f6e6b3          	or	a3,a3,a5
    35e8:	400007b7          	lui	a5,0x40000
    35ec:	00d7a023          	sw	a3,0(a5) # 40000000 <__bss_end+0x3fff8c0c>
    35f0:	00000013          	nop
    35f4:	00000013          	nop
    35f8:	00000013          	nop
    35fc:	00000013          	nop
    3600:	00000013          	nop
    3604:	00000013          	nop

00003608 <rvs_493>:
	}
	RV_MARK(493);
    3608:	00000013          	nop
	rv_local_sum += 5u;
    360c:	00007737          	lui	a4,0x7
    3610:	3f072783          	lw	a5,1008(a4) # 73f0 <rv_local_sum>
    3614:	00578793          	addi	a5,a5,5
    3618:	3ef72823          	sw	a5,1008(a4)
}
    361c:	00008067          	ret

00003620 <rv_t047>:

void rv_t047(void)
{
	unsigned v, c, lk;
	unsigned use_lock = (SH->mode != RV_MODE_RACE_OPEN);
    3620:	300007b7          	lui	a5,0x30000
    3624:	0047a603          	lw	a2,4(a5) # 30000004 <__bss_end+0x2fff8c10>
	/* RV_MODE_RACE_WRONG_LOCK: each core takes a DIFFERENT lock, so both
	 * believe they are protected and neither excludes the other. */
	lk = (SH->mode == RV_MODE_RACE_WRONG_LOCK) ? 1u : 0u;
    3628:	0047a683          	lw	a3,4(a5)
    362c:	ffe68693          	addi	a3,a3,-2
    3630:	0016b693          	seqz	a3,a3

00003634 <rvs_494>:

	RV_MARK(494);
    3634:	00000013          	nop
	if (use_lock) {
    3638:	00100713          	li	a4,1
    363c:	06e60263          	beq	a2,a4,36a0 <rvs_496+0x34>
		RV_ACQUIRE(lk, 1u, 0u, 495, 496);
    3640:	00469513          	slli	a0,a3,0x4
    3644:	00a785b3          	add	a1,a5,a0
    3648:	02458593          	addi	a1,a1,36

0000364c <rvs_495>:
    364c:	00e5a023          	sw	a4,0(a1)
    3650:	00a787b3          	add	a5,a5,a0
    3654:	0207a423          	sw	zero,40(a5)
    3658:	00c0006f          	j	3664 <rvs_495+0x18>
    365c:	0287a703          	lw	a4,40(a5)
    3660:	00071663          	bnez	a4,366c <rvs_496>
    3664:	0207a703          	lw	a4,32(a5)
    3668:	fe071ae3          	bnez	a4,365c <rvs_495+0x10>

0000366c <rvs_496>:
    366c:	00000013          	nop
    3670:	a801f737          	lui	a4,0xa801f
    3674:	01369793          	slli	a5,a3,0x13
    3678:	04170713          	addi	a4,a4,65 # a801f041 <__bss_end+0xa8017c4d>
    367c:	00e7e7b3          	or	a5,a5,a4
    3680:	40000737          	lui	a4,0x40000
    3684:	00f72023          	sw	a5,0(a4) # 40000000 <__bss_end+0x3fff8c0c>
    3688:	00000013          	nop
    368c:	00000013          	nop
    3690:	00000013          	nop
    3694:	00000013          	nop
    3698:	00000013          	nop
    369c:	00000013          	nop
	}
	RV_LD(v, &SH->balance, 497);
    36a0:	30000737          	lui	a4,0x30000
    36a4:	06070593          	addi	a1,a4,96 # 30000060 <__bss_end+0x2fff8c6c>

000036a8 <rvs_497>:
    36a8:	0005a783          	lw	a5,0(a1)
	v += 6u;
    36ac:	00678793          	addi	a5,a5,6

000036b0 <rvs_498>:
	RV_ST(&SH->balance, v, 498);
    36b0:	00f5a023          	sw	a5,0(a1)
	RV_LD(c, &SH->count, 499);
    36b4:	06470513          	addi	a0,a4,100

000036b8 <rvs_499>:
    36b8:	00052583          	lw	a1,0(a0)
	RV_ST(&SH->count, c + 1u, 500);
    36bc:	00158813          	addi	a6,a1,1

000036c0 <rvs_500>:
    36c0:	01052023          	sw	a6,0(a0)
	RV_ST(&SH->checksum, (c ^ v) + 47u, 501);
    36c4:	00b7c7b3          	xor	a5,a5,a1
    36c8:	02f78793          	addi	a5,a5,47
    36cc:	06870593          	addi	a1,a4,104

000036d0 <rvs_501>:
    36d0:	00f5a023          	sw	a5,0(a1)
	if (use_lock) {
    36d4:	00100793          	li	a5,1
    36d8:	04f60463          	beq	a2,a5,3720 <rvs_503>
		RV_RELEASE(lk, 1u, 502);
    36dc:	00469793          	slli	a5,a3,0x4
    36e0:	00f70733          	add	a4,a4,a5
    36e4:	02470713          	addi	a4,a4,36
    36e8:	00000793          	li	a5,0

000036ec <rvs_502>:
    36ec:	00f72023          	sw	a5,0(a4)
    36f0:	b001f7b7          	lui	a5,0xb001f
    36f4:	64178793          	addi	a5,a5,1601 # b001f641 <__bss_end+0xb001824d>
    36f8:	01369693          	slli	a3,a3,0x13
    36fc:	00f6e6b3          	or	a3,a3,a5
    3700:	400007b7          	lui	a5,0x40000
    3704:	00d7a023          	sw	a3,0(a5) # 40000000 <__bss_end+0x3fff8c0c>
    3708:	00000013          	nop
    370c:	00000013          	nop
    3710:	00000013          	nop
    3714:	00000013          	nop
    3718:	00000013          	nop
    371c:	00000013          	nop

00003720 <rvs_503>:
	}
	RV_MARK(503);
    3720:	00000013          	nop
	rv_local_sum += 6u;
    3724:	00007737          	lui	a4,0x7
    3728:	3f072783          	lw	a5,1008(a4) # 73f0 <rv_local_sum>
    372c:	00678793          	addi	a5,a5,6
    3730:	3ef72823          	sw	a5,1008(a4)
}
    3734:	00008067          	ret

00003738 <rv_t048>:

void rv_t048(void)
{
	unsigned v, c, lk;
	unsigned use_lock = (SH->mode != RV_MODE_RACE_OPEN);
    3738:	300007b7          	lui	a5,0x30000
    373c:	0047a603          	lw	a2,4(a5) # 30000004 <__bss_end+0x2fff8c10>
	/* RV_MODE_RACE_WRONG_LOCK: each core takes a DIFFERENT lock, so both
	 * believe they are protected and neither excludes the other. */
	lk = (SH->mode == RV_MODE_RACE_WRONG_LOCK) ? 1u : 0u;
    3740:	0047a683          	lw	a3,4(a5)
    3744:	ffe68693          	addi	a3,a3,-2
    3748:	0016b693          	seqz	a3,a3

0000374c <rvs_504>:

	RV_MARK(504);
    374c:	00000013          	nop
	if (use_lock) {
    3750:	00100713          	li	a4,1
    3754:	06e60263          	beq	a2,a4,37b8 <rvs_506+0x34>
		RV_ACQUIRE(lk, 1u, 0u, 505, 506);
    3758:	00469513          	slli	a0,a3,0x4
    375c:	00a785b3          	add	a1,a5,a0
    3760:	02458593          	addi	a1,a1,36

00003764 <rvs_505>:
    3764:	00e5a023          	sw	a4,0(a1)
    3768:	00a787b3          	add	a5,a5,a0
    376c:	0207a423          	sw	zero,40(a5)
    3770:	00c0006f          	j	377c <rvs_505+0x18>
    3774:	0287a703          	lw	a4,40(a5)
    3778:	00071663          	bnez	a4,3784 <rvs_506>
    377c:	0207a703          	lw	a4,32(a5)
    3780:	fe071ae3          	bnez	a4,3774 <rvs_505+0x10>

00003784 <rvs_506>:
    3784:	00000013          	nop
    3788:	a8020737          	lui	a4,0xa8020
    378c:	01369793          	slli	a5,a3,0x13
    3790:	a4170713          	addi	a4,a4,-1471 # a801fa41 <__bss_end+0xa801864d>
    3794:	00e7e7b3          	or	a5,a5,a4
    3798:	40000737          	lui	a4,0x40000
    379c:	00f72023          	sw	a5,0(a4) # 40000000 <__bss_end+0x3fff8c0c>
    37a0:	00000013          	nop
    37a4:	00000013          	nop
    37a8:	00000013          	nop
    37ac:	00000013          	nop
    37b0:	00000013          	nop
    37b4:	00000013          	nop
	}
	RV_LD(v, &SH->balance, 507);
    37b8:	30000737          	lui	a4,0x30000
    37bc:	06070593          	addi	a1,a4,96 # 30000060 <__bss_end+0x2fff8c6c>

000037c0 <rvs_507>:
    37c0:	0005a783          	lw	a5,0(a1)
	v += 7u;
    37c4:	00778793          	addi	a5,a5,7

000037c8 <rvs_508>:
	RV_ST(&SH->balance, v, 508);
    37c8:	00f5a023          	sw	a5,0(a1)
	RV_LD(c, &SH->count, 509);
    37cc:	06470513          	addi	a0,a4,100

000037d0 <rvs_509>:
    37d0:	00052583          	lw	a1,0(a0)
	RV_ST(&SH->count, c + 1u, 510);
    37d4:	00158813          	addi	a6,a1,1

000037d8 <rvs_510>:
    37d8:	01052023          	sw	a6,0(a0)
	RV_ST(&SH->checksum, (c ^ v) + 48u, 511);
    37dc:	00b7c7b3          	xor	a5,a5,a1
    37e0:	03078793          	addi	a5,a5,48
    37e4:	06870593          	addi	a1,a4,104

000037e8 <rvs_511>:
    37e8:	00f5a023          	sw	a5,0(a1)
	if (use_lock) {
    37ec:	00100793          	li	a5,1
    37f0:	04f60463          	beq	a2,a5,3838 <rvs_513>
		RV_RELEASE(lk, 1u, 512);
    37f4:	00469793          	slli	a5,a3,0x4
    37f8:	00f70733          	add	a4,a4,a5
    37fc:	02470713          	addi	a4,a4,36
    3800:	00000793          	li	a5,0

00003804 <rvs_512>:
    3804:	00f72023          	sw	a5,0(a4)
    3808:	b00207b7          	lui	a5,0xb0020
    380c:	04178793          	addi	a5,a5,65 # b0020041 <__bss_end+0xb0018c4d>
    3810:	01369693          	slli	a3,a3,0x13
    3814:	00f6e6b3          	or	a3,a3,a5
    3818:	400007b7          	lui	a5,0x40000
    381c:	00d7a023          	sw	a3,0(a5) # 40000000 <__bss_end+0x3fff8c0c>
    3820:	00000013          	nop
    3824:	00000013          	nop
    3828:	00000013          	nop
    382c:	00000013          	nop
    3830:	00000013          	nop
    3834:	00000013          	nop

00003838 <rvs_513>:
	}
	RV_MARK(513);
    3838:	00000013          	nop
	rv_local_sum += 7u;
    383c:	00007737          	lui	a4,0x7
    3840:	3f072783          	lw	a5,1008(a4) # 73f0 <rv_local_sum>
    3844:	00778793          	addi	a5,a5,7
    3848:	3ef72823          	sw	a5,1008(a4)
}
    384c:	00008067          	ret

00003850 <rv_t048_cap>:
void rv_t048_cap(void)
{
	unsigned w;
	/* The tag is COMPUTED here -- an ACT-ST trigger could only ever carry
	 * the constant its table entry was loaded with. */
	w = RV_ACT_WORD(RV_ACT_CMD_DAQ_PC_CURR, RV_ACT_SINK_AXIS,
    3850:	30000537          	lui	a0,0x30000
    3854:	08052703          	lw	a4,128(a0) # 30000080 <__bss_end+0x2fff8c8c>
    3858:	200007b7          	lui	a5,0x20000
    385c:	f0078613          	addi	a2,a5,-256 # 1fffff00 <__bss_end+0x1fff8b0c>
    3860:	00871713          	slli	a4,a4,0x8
    3864:	e00006b7          	lui	a3,0xe0000
    3868:	00c77733          	and	a4,a4,a2
    386c:	04168693          	addi	a3,a3,65 # e0000041 <__bss_end+0xdfff8c4d>
	                RV_TAG_VALUE(SH->ring_head & RV_VALUE_MASK));
	RV_ACTCAP_AT(514, w);
    3870:	400005b7          	lui	a1,0x40000
	w = RV_ACT_WORD(RV_ACT_CMD_DAQ_PC_CURR, RV_ACT_SINK_AXIS,
    3874:	00d76733          	or	a4,a4,a3

00003878 <rvs_514>:
	RV_ACTCAP_AT(514, w);
    3878:	00e5a023          	sw	a4,0(a1) # 40000000 <__bss_end+0x3fff8c0c>
    387c:	00000013          	nop
    3880:	00000013          	nop
    3884:	00000013          	nop
    3888:	00000013          	nop
    388c:	00000013          	nop
    3890:	00000013          	nop
	w = RV_ACT_WORD(RV_ACT_CMD_DAQ_PC_CURR, RV_ACT_SINK_AXIS,
    3894:	06052783          	lw	a5,96(a0)
    3898:	00879793          	slli	a5,a5,0x8
    389c:	00c7f7b3          	and	a5,a5,a2
    38a0:	00d7e7b3          	or	a5,a5,a3

000038a4 <rvs_515>:
	                RV_TAG_VALUE(SH->balance & RV_VALUE_MASK));
	RV_ACTCAP_AT(515, w);
    38a4:	00f5a023          	sw	a5,0(a1)
    38a8:	00000013          	nop
    38ac:	00000013          	nop
    38b0:	00000013          	nop
    38b4:	00000013          	nop
    38b8:	00000013          	nop
    38bc:	00000013          	nop
	rv_actcap_issued += 2u;
    38c0:	00007737          	lui	a4,0x7
    38c4:	3e872783          	lw	a5,1000(a4) # 73e8 <rv_actcap_issued>
    38c8:	00278793          	addi	a5,a5,2
    38cc:	3ef72423          	sw	a5,1000(a4)
}
    38d0:	00008067          	ret

000038d4 <rv_t049>:

void rv_t049(void)
{
	unsigned v, c, lk;
	unsigned use_lock = (SH->mode != RV_MODE_RACE_OPEN);
    38d4:	300007b7          	lui	a5,0x30000
    38d8:	0047a603          	lw	a2,4(a5) # 30000004 <__bss_end+0x2fff8c10>
	/* RV_MODE_RACE_WRONG_LOCK: each core takes a DIFFERENT lock, so both
	 * believe they are protected and neither excludes the other. */
	lk = (SH->mode == RV_MODE_RACE_WRONG_LOCK) ? 1u : 0u;
    38dc:	0047a683          	lw	a3,4(a5)
    38e0:	ffe68693          	addi	a3,a3,-2
    38e4:	0016b693          	seqz	a3,a3

000038e8 <rvs_516>:

	RV_MARK(516);
    38e8:	00000013          	nop
	if (use_lock) {
    38ec:	00100713          	li	a4,1
    38f0:	06e60263          	beq	a2,a4,3954 <rvs_518+0x34>
		RV_ACQUIRE(lk, 1u, 0u, 517, 518);
    38f4:	00469513          	slli	a0,a3,0x4
    38f8:	00a785b3          	add	a1,a5,a0
    38fc:	02458593          	addi	a1,a1,36

00003900 <rvs_517>:
    3900:	00e5a023          	sw	a4,0(a1)
    3904:	00a787b3          	add	a5,a5,a0
    3908:	0207a423          	sw	zero,40(a5)
    390c:	00c0006f          	j	3918 <rvs_517+0x18>
    3910:	0287a703          	lw	a4,40(a5)
    3914:	00071663          	bnez	a4,3920 <rvs_518>
    3918:	0207a703          	lw	a4,32(a5)
    391c:	fe071ae3          	bnez	a4,3910 <rvs_517+0x10>

00003920 <rvs_518>:
    3920:	00000013          	nop
    3924:	a8020737          	lui	a4,0xa8020
    3928:	01369793          	slli	a5,a3,0x13
    392c:	64170713          	addi	a4,a4,1601 # a8020641 <__bss_end+0xa801924d>
    3930:	00e7e7b3          	or	a5,a5,a4
    3934:	40000737          	lui	a4,0x40000
    3938:	00f72023          	sw	a5,0(a4) # 40000000 <__bss_end+0x3fff8c0c>
    393c:	00000013          	nop
    3940:	00000013          	nop
    3944:	00000013          	nop
    3948:	00000013          	nop
    394c:	00000013          	nop
    3950:	00000013          	nop
	}
	RV_LD(v, &SH->balance, 519);
    3954:	30000737          	lui	a4,0x30000
    3958:	06070593          	addi	a1,a4,96 # 30000060 <__bss_end+0x2fff8c6c>

0000395c <rvs_519>:
    395c:	0005a783          	lw	a5,0(a1)
	v += 1u;
    3960:	00178793          	addi	a5,a5,1

00003964 <rvs_520>:
	RV_ST(&SH->balance, v, 520);
    3964:	00f5a023          	sw	a5,0(a1)
	RV_LD(c, &SH->count, 521);
    3968:	06470513          	addi	a0,a4,100

0000396c <rvs_521>:
    396c:	00052583          	lw	a1,0(a0)
	RV_ST(&SH->count, c + 1u, 522);
    3970:	00158813          	addi	a6,a1,1

00003974 <rvs_522>:
    3974:	01052023          	sw	a6,0(a0)
	RV_ST(&SH->checksum, (c ^ v) + 49u, 523);
    3978:	00b7c7b3          	xor	a5,a5,a1
    397c:	03178793          	addi	a5,a5,49
    3980:	06870593          	addi	a1,a4,104

00003984 <rvs_523>:
    3984:	00f5a023          	sw	a5,0(a1)
	if (use_lock) {
    3988:	00100793          	li	a5,1
    398c:	04f60463          	beq	a2,a5,39d4 <rvs_525>
		RV_RELEASE(lk, 1u, 524);
    3990:	00469793          	slli	a5,a3,0x4
    3994:	00f70733          	add	a4,a4,a5
    3998:	02470713          	addi	a4,a4,36
    399c:	00000793          	li	a5,0

000039a0 <rvs_524>:
    39a0:	00f72023          	sw	a5,0(a4)
    39a4:	b00217b7          	lui	a5,0xb0021
    39a8:	c4178793          	addi	a5,a5,-959 # b0020c41 <__bss_end+0xb001984d>
    39ac:	01369693          	slli	a3,a3,0x13
    39b0:	00f6e6b3          	or	a3,a3,a5
    39b4:	400007b7          	lui	a5,0x40000
    39b8:	00d7a023          	sw	a3,0(a5) # 40000000 <__bss_end+0x3fff8c0c>
    39bc:	00000013          	nop
    39c0:	00000013          	nop
    39c4:	00000013          	nop
    39c8:	00000013          	nop
    39cc:	00000013          	nop
    39d0:	00000013          	nop

000039d4 <rvs_525>:
	}
	RV_MARK(525);
    39d4:	00000013          	nop
	rv_local_sum += 1u;
    39d8:	00007737          	lui	a4,0x7
    39dc:	3f072783          	lw	a5,1008(a4) # 73f0 <rv_local_sum>
    39e0:	00178793          	addi	a5,a5,1
    39e4:	3ef72823          	sw	a5,1008(a4)
}
    39e8:	00008067          	ret

000039ec <rv_t050>:

void rv_t050(void)
{
    39ec:	ff010113          	addi	sp,sp,-16
    39f0:	00112623          	sw	ra,12(sp)
    39f4:	00812423          	sw	s0,8(sp)
    39f8:	00912223          	sw	s1,4(sp)
    39fc:	01212023          	sw	s2,0(sp)

00003a00 <rvs_526>:
	unsigned h, t, v, p;

	RV_MARK(526);
    3a00:	00000013          	nop
	RV_LD(h, &SH->ring_head, 527);
    3a04:	30000437          	lui	s0,0x30000
    3a08:	08040793          	addi	a5,s0,128 # 30000080 <__bss_end+0x2fff8c8c>

00003a0c <rvs_527>:
    3a0c:	0007a783          	lw	a5,0(a5)
	RV_LD(t, &SH->ring_tail, 528);
    3a10:	08440913          	addi	s2,s0,132

00003a14 <rvs_528>:
    3a14:	00092483          	lw	s1,0(s2)

00003a18 <rvs_533>:
	RV_MARK(533);
    3a18:	00000013          	nop
	if (h != t) {
    3a1c:	04978063          	beq	a5,s1,3a5c <rvs_530+0x4>
		RV_LD(v, &SH->ring[t % RV_RING_SLOTS], 529);
    3a20:	03c00593          	li	a1,60
    3a24:	00048513          	mv	a0,s1
    3a28:	75c030ef          	jal	ra,7184 <__umodsi3>
    3a2c:	00251793          	slli	a5,a0,0x2
    3a30:	09040413          	addi	s0,s0,144
    3a34:	008787b3          	add	a5,a5,s0

00003a38 <rvs_529>:
    3a38:	0007a783          	lw	a5,0(a5)
		rv_local_sum += v;
    3a3c:	000076b7          	lui	a3,0x7
    3a40:	3f06a703          	lw	a4,1008(a3) # 73f0 <rv_local_sum>
		RV_ST(&SH->ring_tail, (t + 1u) % RV_RING_SLOTS, 530);
    3a44:	03c00593          	li	a1,60
    3a48:	00148513          	addi	a0,s1,1
		rv_local_sum += v;
    3a4c:	00f707b3          	add	a5,a4,a5
    3a50:	3ef6a823          	sw	a5,1008(a3)
		RV_ST(&SH->ring_tail, (t + 1u) % RV_RING_SLOTS, 530);
    3a54:	730030ef          	jal	ra,7184 <__umodsi3>

00003a58 <rvs_530>:
    3a58:	00a92023          	sw	a0,0(s2)
	}
	RV_LD(p, &rv_private, 531);
    3a5c:	000077b7          	lui	a5,0x7
    3a60:	3ec78793          	addi	a5,a5,1004 # 73ec <rv_private>

00003a64 <rvs_531>:
    3a64:	0007a703          	lw	a4,0(a5)
	RV_ST(&rv_private, p + 1u, 532);
    3a68:	00170693          	addi	a3,a4,1

00003a6c <rvs_532>:
    3a6c:	00d7a023          	sw	a3,0(a5)
	RV_ST(&SH->seq, p, 534);
    3a70:	300007b7          	lui	a5,0x30000
    3a74:	06c78793          	addi	a5,a5,108 # 3000006c <__bss_end+0x2fff8c78>

00003a78 <rvs_534>:
    3a78:	00e7a023          	sw	a4,0(a5)

00003a7c <rvs_535>:
	RV_MARK(535);
    3a7c:	00000013          	nop
}
    3a80:	00c12083          	lw	ra,12(sp)
    3a84:	00812403          	lw	s0,8(sp)
    3a88:	00412483          	lw	s1,4(sp)
    3a8c:	00012903          	lw	s2,0(sp)
    3a90:	01010113          	addi	sp,sp,16
    3a94:	00008067          	ret

00003a98 <rv_t051>:

void rv_t051(void)
{
    3a98:	ff010113          	addi	sp,sp,-16
    3a9c:	00112623          	sw	ra,12(sp)
    3aa0:	00812423          	sw	s0,8(sp)
    3aa4:	00912223          	sw	s1,4(sp)
    3aa8:	01212023          	sw	s2,0(sp)

00003aac <rvs_536>:
	unsigned h, t, v, p;

	RV_MARK(536);
    3aac:	00000013          	nop
	RV_LD(h, &SH->ring_head, 537);
    3ab0:	30000437          	lui	s0,0x30000
    3ab4:	08040793          	addi	a5,s0,128 # 30000080 <__bss_end+0x2fff8c8c>

00003ab8 <rvs_537>:
    3ab8:	0007a783          	lw	a5,0(a5)
	RV_LD(t, &SH->ring_tail, 538);
    3abc:	08440913          	addi	s2,s0,132

00003ac0 <rvs_538>:
    3ac0:	00092483          	lw	s1,0(s2)

00003ac4 <rvs_543>:
	RV_MARK(543);
    3ac4:	00000013          	nop
	if (h != t) {
    3ac8:	04978063          	beq	a5,s1,3b08 <rvs_540+0x4>
		RV_LD(v, &SH->ring[t % RV_RING_SLOTS], 539);
    3acc:	03c00593          	li	a1,60
    3ad0:	00048513          	mv	a0,s1
    3ad4:	6b0030ef          	jal	ra,7184 <__umodsi3>
    3ad8:	00251793          	slli	a5,a0,0x2
    3adc:	09040413          	addi	s0,s0,144
    3ae0:	008787b3          	add	a5,a5,s0

00003ae4 <rvs_539>:
    3ae4:	0007a783          	lw	a5,0(a5)
		rv_local_sum += v;
    3ae8:	000076b7          	lui	a3,0x7
    3aec:	3f06a703          	lw	a4,1008(a3) # 73f0 <rv_local_sum>
		RV_ST(&SH->ring_tail, (t + 1u) % RV_RING_SLOTS, 540);
    3af0:	03c00593          	li	a1,60
    3af4:	00148513          	addi	a0,s1,1
		rv_local_sum += v;
    3af8:	00f707b3          	add	a5,a4,a5
    3afc:	3ef6a823          	sw	a5,1008(a3)
		RV_ST(&SH->ring_tail, (t + 1u) % RV_RING_SLOTS, 540);
    3b00:	684030ef          	jal	ra,7184 <__umodsi3>

00003b04 <rvs_540>:
    3b04:	00a92023          	sw	a0,0(s2)
	}
	RV_LD(p, &rv_private, 541);
    3b08:	000077b7          	lui	a5,0x7
    3b0c:	3ec78793          	addi	a5,a5,1004 # 73ec <rv_private>

00003b10 <rvs_541>:
    3b10:	0007a703          	lw	a4,0(a5)
	RV_ST(&rv_private, p + 1u, 542);
    3b14:	00170693          	addi	a3,a4,1

00003b18 <rvs_542>:
    3b18:	00d7a023          	sw	a3,0(a5)
	RV_ST(&SH->seq, p, 544);
    3b1c:	300007b7          	lui	a5,0x30000
    3b20:	06c78793          	addi	a5,a5,108 # 3000006c <__bss_end+0x2fff8c78>

00003b24 <rvs_544>:
    3b24:	00e7a023          	sw	a4,0(a5)

00003b28 <rvs_545>:
	RV_MARK(545);
    3b28:	00000013          	nop
}
    3b2c:	00c12083          	lw	ra,12(sp)
    3b30:	00812403          	lw	s0,8(sp)
    3b34:	00412483          	lw	s1,4(sp)
    3b38:	00012903          	lw	s2,0(sp)
    3b3c:	01010113          	addi	sp,sp,16
    3b40:	00008067          	ret

00003b44 <rv_t052>:

void rv_t052(void)
{
    3b44:	ff010113          	addi	sp,sp,-16
    3b48:	00112623          	sw	ra,12(sp)
    3b4c:	00812423          	sw	s0,8(sp)
    3b50:	00912223          	sw	s1,4(sp)
    3b54:	01212023          	sw	s2,0(sp)

00003b58 <rvs_546>:
	unsigned h, t, v, p;

	RV_MARK(546);
    3b58:	00000013          	nop
	RV_LD(h, &SH->ring_head, 547);
    3b5c:	30000437          	lui	s0,0x30000
    3b60:	08040793          	addi	a5,s0,128 # 30000080 <__bss_end+0x2fff8c8c>

00003b64 <rvs_547>:
    3b64:	0007a783          	lw	a5,0(a5)
	RV_LD(t, &SH->ring_tail, 548);
    3b68:	08440913          	addi	s2,s0,132

00003b6c <rvs_548>:
    3b6c:	00092483          	lw	s1,0(s2)

00003b70 <rvs_553>:
	RV_MARK(553);
    3b70:	00000013          	nop
	if (h != t) {
    3b74:	04978063          	beq	a5,s1,3bb4 <rvs_550+0x4>
		RV_LD(v, &SH->ring[t % RV_RING_SLOTS], 549);
    3b78:	03c00593          	li	a1,60
    3b7c:	00048513          	mv	a0,s1
    3b80:	604030ef          	jal	ra,7184 <__umodsi3>
    3b84:	00251793          	slli	a5,a0,0x2
    3b88:	09040413          	addi	s0,s0,144
    3b8c:	008787b3          	add	a5,a5,s0

00003b90 <rvs_549>:
    3b90:	0007a783          	lw	a5,0(a5)
		rv_local_sum += v;
    3b94:	000076b7          	lui	a3,0x7
    3b98:	3f06a703          	lw	a4,1008(a3) # 73f0 <rv_local_sum>
		RV_ST(&SH->ring_tail, (t + 1u) % RV_RING_SLOTS, 550);
    3b9c:	03c00593          	li	a1,60
    3ba0:	00148513          	addi	a0,s1,1
		rv_local_sum += v;
    3ba4:	00f707b3          	add	a5,a4,a5
    3ba8:	3ef6a823          	sw	a5,1008(a3)
		RV_ST(&SH->ring_tail, (t + 1u) % RV_RING_SLOTS, 550);
    3bac:	5d8030ef          	jal	ra,7184 <__umodsi3>

00003bb0 <rvs_550>:
    3bb0:	00a92023          	sw	a0,0(s2)
	}
	RV_LD(p, &rv_private, 551);
    3bb4:	000077b7          	lui	a5,0x7
    3bb8:	3ec78793          	addi	a5,a5,1004 # 73ec <rv_private>

00003bbc <rvs_551>:
    3bbc:	0007a703          	lw	a4,0(a5)
	RV_ST(&rv_private, p + 1u, 552);
    3bc0:	00170693          	addi	a3,a4,1

00003bc4 <rvs_552>:
    3bc4:	00d7a023          	sw	a3,0(a5)
	RV_ST(&SH->seq, p, 554);
    3bc8:	300007b7          	lui	a5,0x30000
    3bcc:	06c78793          	addi	a5,a5,108 # 3000006c <__bss_end+0x2fff8c78>

00003bd0 <rvs_554>:
    3bd0:	00e7a023          	sw	a4,0(a5)

00003bd4 <rvs_555>:
	RV_MARK(555);
    3bd4:	00000013          	nop
}
    3bd8:	00c12083          	lw	ra,12(sp)
    3bdc:	00812403          	lw	s0,8(sp)
    3be0:	00412483          	lw	s1,4(sp)
    3be4:	00012903          	lw	s2,0(sp)
    3be8:	01010113          	addi	sp,sp,16
    3bec:	00008067          	ret

00003bf0 <rv_t052_cap>:
void rv_t052_cap(void)
{
	unsigned w;
	/* The tag is COMPUTED here -- an ACT-ST trigger could only ever carry
	 * the constant its table entry was loaded with. */
	w = RV_ACT_WORD(RV_ACT_CMD_DAQ_PC_CURR, RV_ACT_SINK_AXIS,
    3bf0:	30000537          	lui	a0,0x30000
    3bf4:	08052703          	lw	a4,128(a0) # 30000080 <__bss_end+0x2fff8c8c>
    3bf8:	200007b7          	lui	a5,0x20000
    3bfc:	f0078613          	addi	a2,a5,-256 # 1fffff00 <__bss_end+0x1fff8b0c>
    3c00:	00871713          	slli	a4,a4,0x8
    3c04:	e00006b7          	lui	a3,0xe0000
    3c08:	00c77733          	and	a4,a4,a2
    3c0c:	04168693          	addi	a3,a3,65 # e0000041 <__bss_end+0xdfff8c4d>
	                RV_TAG_VALUE(SH->ring_head & RV_VALUE_MASK));
	RV_ACTCAP_AT(556, w);
    3c10:	400005b7          	lui	a1,0x40000
	w = RV_ACT_WORD(RV_ACT_CMD_DAQ_PC_CURR, RV_ACT_SINK_AXIS,
    3c14:	00d76733          	or	a4,a4,a3

00003c18 <rvs_556>:
	RV_ACTCAP_AT(556, w);
    3c18:	00e5a023          	sw	a4,0(a1) # 40000000 <__bss_end+0x3fff8c0c>
    3c1c:	00000013          	nop
    3c20:	00000013          	nop
    3c24:	00000013          	nop
    3c28:	00000013          	nop
    3c2c:	00000013          	nop
    3c30:	00000013          	nop
	w = RV_ACT_WORD(RV_ACT_CMD_DAQ_PC_CURR, RV_ACT_SINK_AXIS,
    3c34:	06052783          	lw	a5,96(a0)
    3c38:	00879793          	slli	a5,a5,0x8
    3c3c:	00c7f7b3          	and	a5,a5,a2
    3c40:	00d7e7b3          	or	a5,a5,a3

00003c44 <rvs_557>:
	                RV_TAG_VALUE(SH->balance & RV_VALUE_MASK));
	RV_ACTCAP_AT(557, w);
    3c44:	00f5a023          	sw	a5,0(a1)
    3c48:	00000013          	nop
    3c4c:	00000013          	nop
    3c50:	00000013          	nop
    3c54:	00000013          	nop
    3c58:	00000013          	nop
    3c5c:	00000013          	nop
	rv_actcap_issued += 2u;
    3c60:	00007737          	lui	a4,0x7
    3c64:	3e872783          	lw	a5,1000(a4) # 73e8 <rv_actcap_issued>
    3c68:	00278793          	addi	a5,a5,2
    3c6c:	3ef72423          	sw	a5,1000(a4)
}
    3c70:	00008067          	ret

00003c74 <rv_t053>:

void rv_t053(void)
{
	unsigned v, c, lk;
	unsigned use_lock = (SH->mode != RV_MODE_RACE_OPEN);
    3c74:	300007b7          	lui	a5,0x30000
    3c78:	0047a603          	lw	a2,4(a5) # 30000004 <__bss_end+0x2fff8c10>
	/* RV_MODE_RACE_WRONG_LOCK: each core takes a DIFFERENT lock, so both
	 * believe they are protected and neither excludes the other. */
	lk = (SH->mode == RV_MODE_RACE_WRONG_LOCK) ? 1u : 0u;
    3c7c:	0047a683          	lw	a3,4(a5)
    3c80:	ffe68693          	addi	a3,a3,-2
    3c84:	0016b693          	seqz	a3,a3

00003c88 <rvs_558>:

	RV_MARK(558);
    3c88:	00000013          	nop
	if (use_lock) {
    3c8c:	00100713          	li	a4,1
    3c90:	06e60263          	beq	a2,a4,3cf4 <rvs_560+0x34>
		RV_ACQUIRE(lk, 1u, 0u, 559, 560);
    3c94:	00469513          	slli	a0,a3,0x4
    3c98:	00a785b3          	add	a1,a5,a0
    3c9c:	02458593          	addi	a1,a1,36

00003ca0 <rvs_559>:
    3ca0:	00e5a023          	sw	a4,0(a1)
    3ca4:	00a787b3          	add	a5,a5,a0
    3ca8:	0207a423          	sw	zero,40(a5)
    3cac:	00c0006f          	j	3cb8 <rvs_559+0x18>
    3cb0:	0287a703          	lw	a4,40(a5)
    3cb4:	00071663          	bnez	a4,3cc0 <rvs_560>
    3cb8:	0207a703          	lw	a4,32(a5)
    3cbc:	fe071ae3          	bnez	a4,3cb0 <rvs_559+0x10>

00003cc0 <rvs_560>:
    3cc0:	00000013          	nop
    3cc4:	a8023737          	lui	a4,0xa8023
    3cc8:	01369793          	slli	a5,a3,0x13
    3ccc:	04170713          	addi	a4,a4,65 # a8023041 <__bss_end+0xa801bc4d>
    3cd0:	00e7e7b3          	or	a5,a5,a4
    3cd4:	40000737          	lui	a4,0x40000
    3cd8:	00f72023          	sw	a5,0(a4) # 40000000 <__bss_end+0x3fff8c0c>
    3cdc:	00000013          	nop
    3ce0:	00000013          	nop
    3ce4:	00000013          	nop
    3ce8:	00000013          	nop
    3cec:	00000013          	nop
    3cf0:	00000013          	nop
	}
	RV_LD(v, &SH->balance, 561);
    3cf4:	30000737          	lui	a4,0x30000
    3cf8:	06070593          	addi	a1,a4,96 # 30000060 <__bss_end+0x2fff8c6c>

00003cfc <rvs_561>:
    3cfc:	0005a783          	lw	a5,0(a1)
	v += 5u;
    3d00:	00578793          	addi	a5,a5,5

00003d04 <rvs_562>:
	RV_ST(&SH->balance, v, 562);
    3d04:	00f5a023          	sw	a5,0(a1)
	RV_LD(c, &SH->count, 563);
    3d08:	06470513          	addi	a0,a4,100

00003d0c <rvs_563>:
    3d0c:	00052583          	lw	a1,0(a0)
	RV_ST(&SH->count, c + 1u, 564);
    3d10:	00158813          	addi	a6,a1,1

00003d14 <rvs_564>:
    3d14:	01052023          	sw	a6,0(a0)
	RV_ST(&SH->checksum, (c ^ v) + 53u, 565);
    3d18:	00b7c7b3          	xor	a5,a5,a1
    3d1c:	03578793          	addi	a5,a5,53
    3d20:	06870593          	addi	a1,a4,104

00003d24 <rvs_565>:
    3d24:	00f5a023          	sw	a5,0(a1)
	if (use_lock) {
    3d28:	00100793          	li	a5,1
    3d2c:	04f60463          	beq	a2,a5,3d74 <rvs_567>
		RV_RELEASE(lk, 1u, 566);
    3d30:	00469793          	slli	a5,a3,0x4
    3d34:	00f70733          	add	a4,a4,a5
    3d38:	02470713          	addi	a4,a4,36
    3d3c:	00000793          	li	a5,0

00003d40 <rvs_566>:
    3d40:	00f72023          	sw	a5,0(a4)
    3d44:	b00237b7          	lui	a5,0xb0023
    3d48:	64178793          	addi	a5,a5,1601 # b0023641 <__bss_end+0xb001c24d>
    3d4c:	01369693          	slli	a3,a3,0x13
    3d50:	00f6e6b3          	or	a3,a3,a5
    3d54:	400007b7          	lui	a5,0x40000
    3d58:	00d7a023          	sw	a3,0(a5) # 40000000 <__bss_end+0x3fff8c0c>
    3d5c:	00000013          	nop
    3d60:	00000013          	nop
    3d64:	00000013          	nop
    3d68:	00000013          	nop
    3d6c:	00000013          	nop
    3d70:	00000013          	nop

00003d74 <rvs_567>:
	}
	RV_MARK(567);
    3d74:	00000013          	nop
	rv_local_sum += 5u;
    3d78:	00007737          	lui	a4,0x7
    3d7c:	3f072783          	lw	a5,1008(a4) # 73f0 <rv_local_sum>
    3d80:	00578793          	addi	a5,a5,5
    3d84:	3ef72823          	sw	a5,1008(a4)
}
    3d88:	00008067          	ret

00003d8c <rv_t054>:

void rv_t054(void)
{
	unsigned v, c, lk;
	unsigned use_lock = (SH->mode != RV_MODE_RACE_OPEN);
    3d8c:	300007b7          	lui	a5,0x30000
    3d90:	0047a603          	lw	a2,4(a5) # 30000004 <__bss_end+0x2fff8c10>
	/* RV_MODE_RACE_WRONG_LOCK: each core takes a DIFFERENT lock, so both
	 * believe they are protected and neither excludes the other. */
	lk = (SH->mode == RV_MODE_RACE_WRONG_LOCK) ? 1u : 0u;
    3d94:	0047a683          	lw	a3,4(a5)
    3d98:	ffe68693          	addi	a3,a3,-2
    3d9c:	0016b693          	seqz	a3,a3

00003da0 <rvs_568>:

	RV_MARK(568);
    3da0:	00000013          	nop
	if (use_lock) {
    3da4:	00100713          	li	a4,1
    3da8:	06e60263          	beq	a2,a4,3e0c <rvs_570+0x34>
		RV_ACQUIRE(lk, 1u, 0u, 569, 570);
    3dac:	00469513          	slli	a0,a3,0x4
    3db0:	00a785b3          	add	a1,a5,a0
    3db4:	02458593          	addi	a1,a1,36

00003db8 <rvs_569>:
    3db8:	00e5a023          	sw	a4,0(a1)
    3dbc:	00a787b3          	add	a5,a5,a0
    3dc0:	0207a423          	sw	zero,40(a5)
    3dc4:	00c0006f          	j	3dd0 <rvs_569+0x18>
    3dc8:	0287a703          	lw	a4,40(a5)
    3dcc:	00071663          	bnez	a4,3dd8 <rvs_570>
    3dd0:	0207a703          	lw	a4,32(a5)
    3dd4:	fe071ae3          	bnez	a4,3dc8 <rvs_569+0x10>

00003dd8 <rvs_570>:
    3dd8:	00000013          	nop
    3ddc:	a8024737          	lui	a4,0xa8024
    3de0:	01369793          	slli	a5,a3,0x13
    3de4:	a4170713          	addi	a4,a4,-1471 # a8023a41 <__bss_end+0xa801c64d>
    3de8:	00e7e7b3          	or	a5,a5,a4
    3dec:	40000737          	lui	a4,0x40000
    3df0:	00f72023          	sw	a5,0(a4) # 40000000 <__bss_end+0x3fff8c0c>
    3df4:	00000013          	nop
    3df8:	00000013          	nop
    3dfc:	00000013          	nop
    3e00:	00000013          	nop
    3e04:	00000013          	nop
    3e08:	00000013          	nop
	}
	RV_LD(v, &SH->balance, 571);
    3e0c:	30000737          	lui	a4,0x30000
    3e10:	06070593          	addi	a1,a4,96 # 30000060 <__bss_end+0x2fff8c6c>

00003e14 <rvs_571>:
    3e14:	0005a783          	lw	a5,0(a1)
	v += 6u;
    3e18:	00678793          	addi	a5,a5,6

00003e1c <rvs_572>:
	RV_ST(&SH->balance, v, 572);
    3e1c:	00f5a023          	sw	a5,0(a1)
	RV_LD(c, &SH->count, 573);
    3e20:	06470513          	addi	a0,a4,100

00003e24 <rvs_573>:
    3e24:	00052583          	lw	a1,0(a0)
	RV_ST(&SH->count, c + 1u, 574);
    3e28:	00158813          	addi	a6,a1,1

00003e2c <rvs_574>:
    3e2c:	01052023          	sw	a6,0(a0)
	RV_ST(&SH->checksum, (c ^ v) + 54u, 575);
    3e30:	00b7c7b3          	xor	a5,a5,a1
    3e34:	03678793          	addi	a5,a5,54
    3e38:	06870593          	addi	a1,a4,104

00003e3c <rvs_575>:
    3e3c:	00f5a023          	sw	a5,0(a1)
	if (use_lock) {
    3e40:	00100793          	li	a5,1
    3e44:	04f60463          	beq	a2,a5,3e8c <rvs_577>
		RV_RELEASE(lk, 1u, 576);
    3e48:	00469793          	slli	a5,a3,0x4
    3e4c:	00f70733          	add	a4,a4,a5
    3e50:	02470713          	addi	a4,a4,36
    3e54:	00000793          	li	a5,0

00003e58 <rvs_576>:
    3e58:	00f72023          	sw	a5,0(a4)
    3e5c:	b00247b7          	lui	a5,0xb0024
    3e60:	04178793          	addi	a5,a5,65 # b0024041 <__bss_end+0xb001cc4d>
    3e64:	01369693          	slli	a3,a3,0x13
    3e68:	00f6e6b3          	or	a3,a3,a5
    3e6c:	400007b7          	lui	a5,0x40000
    3e70:	00d7a023          	sw	a3,0(a5) # 40000000 <__bss_end+0x3fff8c0c>
    3e74:	00000013          	nop
    3e78:	00000013          	nop
    3e7c:	00000013          	nop
    3e80:	00000013          	nop
    3e84:	00000013          	nop
    3e88:	00000013          	nop

00003e8c <rvs_577>:
	}
	RV_MARK(577);
    3e8c:	00000013          	nop
	rv_local_sum += 6u;
    3e90:	00007737          	lui	a4,0x7
    3e94:	3f072783          	lw	a5,1008(a4) # 73f0 <rv_local_sum>
    3e98:	00678793          	addi	a5,a5,6
    3e9c:	3ef72823          	sw	a5,1008(a4)
}
    3ea0:	00008067          	ret

00003ea4 <rv_t055>:

void rv_t055(void)
{
	unsigned v, c, lk;
	unsigned use_lock = (SH->mode != RV_MODE_RACE_OPEN);
    3ea4:	300007b7          	lui	a5,0x30000
    3ea8:	0047a603          	lw	a2,4(a5) # 30000004 <__bss_end+0x2fff8c10>
	/* RV_MODE_RACE_WRONG_LOCK: each core takes a DIFFERENT lock, so both
	 * believe they are protected and neither excludes the other. */
	lk = (SH->mode == RV_MODE_RACE_WRONG_LOCK) ? 1u : 0u;
    3eac:	0047a683          	lw	a3,4(a5)
    3eb0:	ffe68693          	addi	a3,a3,-2
    3eb4:	0016b693          	seqz	a3,a3

00003eb8 <rvs_578>:

	RV_MARK(578);
    3eb8:	00000013          	nop
	if (use_lock) {
    3ebc:	00100713          	li	a4,1
    3ec0:	06e60263          	beq	a2,a4,3f24 <rvs_580+0x34>
		RV_ACQUIRE(lk, 1u, 0u, 579, 580);
    3ec4:	00469513          	slli	a0,a3,0x4
    3ec8:	00a785b3          	add	a1,a5,a0
    3ecc:	02458593          	addi	a1,a1,36

00003ed0 <rvs_579>:
    3ed0:	00e5a023          	sw	a4,0(a1)
    3ed4:	00a787b3          	add	a5,a5,a0
    3ed8:	0207a423          	sw	zero,40(a5)
    3edc:	00c0006f          	j	3ee8 <rvs_579+0x18>
    3ee0:	0287a703          	lw	a4,40(a5)
    3ee4:	00071663          	bnez	a4,3ef0 <rvs_580>
    3ee8:	0207a703          	lw	a4,32(a5)
    3eec:	fe071ae3          	bnez	a4,3ee0 <rvs_579+0x10>

00003ef0 <rvs_580>:
    3ef0:	00000013          	nop
    3ef4:	a8024737          	lui	a4,0xa8024
    3ef8:	01369793          	slli	a5,a3,0x13
    3efc:	44170713          	addi	a4,a4,1089 # a8024441 <__bss_end+0xa801d04d>
    3f00:	00e7e7b3          	or	a5,a5,a4
    3f04:	40000737          	lui	a4,0x40000
    3f08:	00f72023          	sw	a5,0(a4) # 40000000 <__bss_end+0x3fff8c0c>
    3f0c:	00000013          	nop
    3f10:	00000013          	nop
    3f14:	00000013          	nop
    3f18:	00000013          	nop
    3f1c:	00000013          	nop
    3f20:	00000013          	nop
	}
	RV_LD(v, &SH->balance, 581);
    3f24:	30000737          	lui	a4,0x30000
    3f28:	06070593          	addi	a1,a4,96 # 30000060 <__bss_end+0x2fff8c6c>

00003f2c <rvs_581>:
    3f2c:	0005a783          	lw	a5,0(a1)
	v += 7u;
    3f30:	00778793          	addi	a5,a5,7

00003f34 <rvs_582>:
	RV_ST(&SH->balance, v, 582);
    3f34:	00f5a023          	sw	a5,0(a1)
	RV_LD(c, &SH->count, 583);
    3f38:	06470513          	addi	a0,a4,100

00003f3c <rvs_583>:
    3f3c:	00052583          	lw	a1,0(a0)
	RV_ST(&SH->count, c + 1u, 584);
    3f40:	00158813          	addi	a6,a1,1

00003f44 <rvs_584>:
    3f44:	01052023          	sw	a6,0(a0)
	RV_ST(&SH->checksum, (c ^ v) + 55u, 585);
    3f48:	00b7c7b3          	xor	a5,a5,a1
    3f4c:	03778793          	addi	a5,a5,55
    3f50:	06870593          	addi	a1,a4,104

00003f54 <rvs_585>:
    3f54:	00f5a023          	sw	a5,0(a1)
	if (use_lock) {
    3f58:	00100793          	li	a5,1
    3f5c:	04f60463          	beq	a2,a5,3fa4 <rvs_587>
		RV_RELEASE(lk, 1u, 586);
    3f60:	00469793          	slli	a5,a3,0x4
    3f64:	00f70733          	add	a4,a4,a5
    3f68:	02470713          	addi	a4,a4,36
    3f6c:	00000793          	li	a5,0

00003f70 <rvs_586>:
    3f70:	00f72023          	sw	a5,0(a4)
    3f74:	b00257b7          	lui	a5,0xb0025
    3f78:	a4178793          	addi	a5,a5,-1471 # b0024a41 <__bss_end+0xb001d64d>
    3f7c:	01369693          	slli	a3,a3,0x13
    3f80:	00f6e6b3          	or	a3,a3,a5
    3f84:	400007b7          	lui	a5,0x40000
    3f88:	00d7a023          	sw	a3,0(a5) # 40000000 <__bss_end+0x3fff8c0c>
    3f8c:	00000013          	nop
    3f90:	00000013          	nop
    3f94:	00000013          	nop
    3f98:	00000013          	nop
    3f9c:	00000013          	nop
    3fa0:	00000013          	nop

00003fa4 <rvs_587>:
	}
	RV_MARK(587);
    3fa4:	00000013          	nop
	rv_local_sum += 7u;
    3fa8:	00007737          	lui	a4,0x7
    3fac:	3f072783          	lw	a5,1008(a4) # 73f0 <rv_local_sum>
    3fb0:	00778793          	addi	a5,a5,7
    3fb4:	3ef72823          	sw	a5,1008(a4)
}
    3fb8:	00008067          	ret

00003fbc <rv_t056>:

void rv_t056(void)
{
	unsigned v, c, lk;
	unsigned use_lock = (SH->mode != RV_MODE_RACE_OPEN);
    3fbc:	300007b7          	lui	a5,0x30000
    3fc0:	0047a603          	lw	a2,4(a5) # 30000004 <__bss_end+0x2fff8c10>
	/* RV_MODE_RACE_WRONG_LOCK: each core takes a DIFFERENT lock, so both
	 * believe they are protected and neither excludes the other. */
	lk = (SH->mode == RV_MODE_RACE_WRONG_LOCK) ? 1u : 0u;
    3fc4:	0047a683          	lw	a3,4(a5)
    3fc8:	ffe68693          	addi	a3,a3,-2
    3fcc:	0016b693          	seqz	a3,a3

00003fd0 <rvs_588>:

	RV_MARK(588);
    3fd0:	00000013          	nop
	if (use_lock) {
    3fd4:	00100713          	li	a4,1
    3fd8:	06e60263          	beq	a2,a4,403c <rvs_590+0x34>
		RV_ACQUIRE(lk, 1u, 0u, 589, 590);
    3fdc:	00469513          	slli	a0,a3,0x4
    3fe0:	00a785b3          	add	a1,a5,a0
    3fe4:	02458593          	addi	a1,a1,36

00003fe8 <rvs_589>:
    3fe8:	00e5a023          	sw	a4,0(a1)
    3fec:	00a787b3          	add	a5,a5,a0
    3ff0:	0207a423          	sw	zero,40(a5)
    3ff4:	00c0006f          	j	4000 <rvs_589+0x18>
    3ff8:	0287a703          	lw	a4,40(a5)
    3ffc:	00071663          	bnez	a4,4008 <rvs_590>
    4000:	0207a703          	lw	a4,32(a5)
    4004:	fe071ae3          	bnez	a4,3ff8 <rvs_589+0x10>

00004008 <rvs_590>:
    4008:	00000013          	nop
    400c:	a8025737          	lui	a4,0xa8025
    4010:	01369793          	slli	a5,a3,0x13
    4014:	e4170713          	addi	a4,a4,-447 # a8024e41 <__bss_end+0xa801da4d>
    4018:	00e7e7b3          	or	a5,a5,a4
    401c:	40000737          	lui	a4,0x40000
    4020:	00f72023          	sw	a5,0(a4) # 40000000 <__bss_end+0x3fff8c0c>
    4024:	00000013          	nop
    4028:	00000013          	nop
    402c:	00000013          	nop
    4030:	00000013          	nop
    4034:	00000013          	nop
    4038:	00000013          	nop
	}
	RV_LD(v, &SH->balance, 591);
    403c:	30000737          	lui	a4,0x30000
    4040:	06070593          	addi	a1,a4,96 # 30000060 <__bss_end+0x2fff8c6c>

00004044 <rvs_591>:
    4044:	0005a783          	lw	a5,0(a1)
	v += 1u;
    4048:	00178793          	addi	a5,a5,1

0000404c <rvs_592>:
	RV_ST(&SH->balance, v, 592);
    404c:	00f5a023          	sw	a5,0(a1)
	RV_LD(c, &SH->count, 593);
    4050:	06470513          	addi	a0,a4,100

00004054 <rvs_593>:
    4054:	00052583          	lw	a1,0(a0)
	RV_ST(&SH->count, c + 1u, 594);
    4058:	00158813          	addi	a6,a1,1

0000405c <rvs_594>:
    405c:	01052023          	sw	a6,0(a0)
	RV_ST(&SH->checksum, (c ^ v) + 56u, 595);
    4060:	00b7c7b3          	xor	a5,a5,a1
    4064:	03878793          	addi	a5,a5,56
    4068:	06870593          	addi	a1,a4,104

0000406c <rvs_595>:
    406c:	00f5a023          	sw	a5,0(a1)
	if (use_lock) {
    4070:	00100793          	li	a5,1
    4074:	04f60463          	beq	a2,a5,40bc <rvs_597>
		RV_RELEASE(lk, 1u, 596);
    4078:	00469793          	slli	a5,a3,0x4
    407c:	00f70733          	add	a4,a4,a5
    4080:	02470713          	addi	a4,a4,36
    4084:	00000793          	li	a5,0

00004088 <rvs_596>:
    4088:	00f72023          	sw	a5,0(a4)
    408c:	b00257b7          	lui	a5,0xb0025
    4090:	44178793          	addi	a5,a5,1089 # b0025441 <__bss_end+0xb001e04d>
    4094:	01369693          	slli	a3,a3,0x13
    4098:	00f6e6b3          	or	a3,a3,a5
    409c:	400007b7          	lui	a5,0x40000
    40a0:	00d7a023          	sw	a3,0(a5) # 40000000 <__bss_end+0x3fff8c0c>
    40a4:	00000013          	nop
    40a8:	00000013          	nop
    40ac:	00000013          	nop
    40b0:	00000013          	nop
    40b4:	00000013          	nop
    40b8:	00000013          	nop

000040bc <rvs_597>:
	}
	RV_MARK(597);
    40bc:	00000013          	nop
	rv_local_sum += 1u;
    40c0:	00007737          	lui	a4,0x7
    40c4:	3f072783          	lw	a5,1008(a4) # 73f0 <rv_local_sum>
    40c8:	00178793          	addi	a5,a5,1
    40cc:	3ef72823          	sw	a5,1008(a4)
}
    40d0:	00008067          	ret

000040d4 <rv_t056_cap>:
void rv_t056_cap(void)
{
	unsigned w;
	/* The tag is COMPUTED here -- an ACT-ST trigger could only ever carry
	 * the constant its table entry was loaded with. */
	w = RV_ACT_WORD(RV_ACT_CMD_DAQ_PC_CURR, RV_ACT_SINK_AXIS,
    40d4:	30000537          	lui	a0,0x30000
    40d8:	08052703          	lw	a4,128(a0) # 30000080 <__bss_end+0x2fff8c8c>
    40dc:	200007b7          	lui	a5,0x20000
    40e0:	f0078613          	addi	a2,a5,-256 # 1fffff00 <__bss_end+0x1fff8b0c>
    40e4:	00871713          	slli	a4,a4,0x8
    40e8:	e00006b7          	lui	a3,0xe0000
    40ec:	00c77733          	and	a4,a4,a2
    40f0:	04168693          	addi	a3,a3,65 # e0000041 <__bss_end+0xdfff8c4d>
	                RV_TAG_VALUE(SH->ring_head & RV_VALUE_MASK));
	RV_ACTCAP_AT(598, w);
    40f4:	400005b7          	lui	a1,0x40000
	w = RV_ACT_WORD(RV_ACT_CMD_DAQ_PC_CURR, RV_ACT_SINK_AXIS,
    40f8:	00d76733          	or	a4,a4,a3

000040fc <rvs_598>:
	RV_ACTCAP_AT(598, w);
    40fc:	00e5a023          	sw	a4,0(a1) # 40000000 <__bss_end+0x3fff8c0c>
    4100:	00000013          	nop
    4104:	00000013          	nop
    4108:	00000013          	nop
    410c:	00000013          	nop
    4110:	00000013          	nop
    4114:	00000013          	nop
	w = RV_ACT_WORD(RV_ACT_CMD_DAQ_PC_CURR, RV_ACT_SINK_AXIS,
    4118:	06052783          	lw	a5,96(a0)
    411c:	00879793          	slli	a5,a5,0x8
    4120:	00c7f7b3          	and	a5,a5,a2
    4124:	00d7e7b3          	or	a5,a5,a3

00004128 <rvs_599>:
	                RV_TAG_VALUE(SH->balance & RV_VALUE_MASK));
	RV_ACTCAP_AT(599, w);
    4128:	00f5a023          	sw	a5,0(a1)
    412c:	00000013          	nop
    4130:	00000013          	nop
    4134:	00000013          	nop
    4138:	00000013          	nop
    413c:	00000013          	nop
    4140:	00000013          	nop
	rv_actcap_issued += 2u;
    4144:	00007737          	lui	a4,0x7
    4148:	3e872783          	lw	a5,1000(a4) # 73e8 <rv_actcap_issued>
    414c:	00278793          	addi	a5,a5,2
    4150:	3ef72423          	sw	a5,1000(a4)
}
    4154:	00008067          	ret

00004158 <rv_t057>:

void rv_t057(void)
{
	unsigned v, c, lk;
	unsigned use_lock = (SH->mode != RV_MODE_RACE_OPEN);
    4158:	300007b7          	lui	a5,0x30000
    415c:	0047a603          	lw	a2,4(a5) # 30000004 <__bss_end+0x2fff8c10>
	/* RV_MODE_RACE_WRONG_LOCK: each core takes a DIFFERENT lock, so both
	 * believe they are protected and neither excludes the other. */
	lk = (SH->mode == RV_MODE_RACE_WRONG_LOCK) ? 1u : 0u;
    4160:	0047a683          	lw	a3,4(a5)
    4164:	ffe68693          	addi	a3,a3,-2
    4168:	0016b693          	seqz	a3,a3

0000416c <rvs_600>:

	RV_MARK(600);
    416c:	00000013          	nop
	if (use_lock) {
    4170:	00100713          	li	a4,1
    4174:	06e60263          	beq	a2,a4,41d8 <rvs_602+0x34>
		RV_ACQUIRE(lk, 1u, 0u, 601, 602);
    4178:	00469513          	slli	a0,a3,0x4
    417c:	00a785b3          	add	a1,a5,a0
    4180:	02458593          	addi	a1,a1,36

00004184 <rvs_601>:
    4184:	00e5a023          	sw	a4,0(a1)
    4188:	00a787b3          	add	a5,a5,a0
    418c:	0207a423          	sw	zero,40(a5)
    4190:	00c0006f          	j	419c <rvs_601+0x18>
    4194:	0287a703          	lw	a4,40(a5)
    4198:	00071663          	bnez	a4,41a4 <rvs_602>
    419c:	0207a703          	lw	a4,32(a5)
    41a0:	fe071ae3          	bnez	a4,4194 <rvs_601+0x10>

000041a4 <rvs_602>:
    41a4:	00000013          	nop
    41a8:	a8026737          	lui	a4,0xa8026
    41ac:	01369793          	slli	a5,a3,0x13
    41b0:	a4170713          	addi	a4,a4,-1471 # a8025a41 <__bss_end+0xa801e64d>
    41b4:	00e7e7b3          	or	a5,a5,a4
    41b8:	40000737          	lui	a4,0x40000
    41bc:	00f72023          	sw	a5,0(a4) # 40000000 <__bss_end+0x3fff8c0c>
    41c0:	00000013          	nop
    41c4:	00000013          	nop
    41c8:	00000013          	nop
    41cc:	00000013          	nop
    41d0:	00000013          	nop
    41d4:	00000013          	nop
	}
	RV_LD(v, &SH->balance, 603);
    41d8:	30000737          	lui	a4,0x30000
    41dc:	06070593          	addi	a1,a4,96 # 30000060 <__bss_end+0x2fff8c6c>

000041e0 <rvs_603>:
    41e0:	0005a783          	lw	a5,0(a1)
	v += 2u;
    41e4:	00278793          	addi	a5,a5,2

000041e8 <rvs_604>:
	RV_ST(&SH->balance, v, 604);
    41e8:	00f5a023          	sw	a5,0(a1)
	RV_LD(c, &SH->count, 605);
    41ec:	06470513          	addi	a0,a4,100

000041f0 <rvs_605>:
    41f0:	00052583          	lw	a1,0(a0)
	RV_ST(&SH->count, c + 1u, 606);
    41f4:	00158813          	addi	a6,a1,1

000041f8 <rvs_606>:
    41f8:	01052023          	sw	a6,0(a0)
	RV_ST(&SH->checksum, (c ^ v) + 57u, 607);
    41fc:	00b7c7b3          	xor	a5,a5,a1
    4200:	03978793          	addi	a5,a5,57
    4204:	06870593          	addi	a1,a4,104

00004208 <rvs_607>:
    4208:	00f5a023          	sw	a5,0(a1)
	if (use_lock) {
    420c:	00100793          	li	a5,1
    4210:	04f60463          	beq	a2,a5,4258 <rvs_609>
		RV_RELEASE(lk, 1u, 608);
    4214:	00469793          	slli	a5,a3,0x4
    4218:	00f70733          	add	a4,a4,a5
    421c:	02470713          	addi	a4,a4,36
    4220:	00000793          	li	a5,0

00004224 <rvs_608>:
    4224:	00f72023          	sw	a5,0(a4)
    4228:	b00267b7          	lui	a5,0xb0026
    422c:	04178793          	addi	a5,a5,65 # b0026041 <__bss_end+0xb001ec4d>
    4230:	01369693          	slli	a3,a3,0x13
    4234:	00f6e6b3          	or	a3,a3,a5
    4238:	400007b7          	lui	a5,0x40000
    423c:	00d7a023          	sw	a3,0(a5) # 40000000 <__bss_end+0x3fff8c0c>
    4240:	00000013          	nop
    4244:	00000013          	nop
    4248:	00000013          	nop
    424c:	00000013          	nop
    4250:	00000013          	nop
    4254:	00000013          	nop

00004258 <rvs_609>:
	}
	RV_MARK(609);
    4258:	00000013          	nop
	rv_local_sum += 2u;
    425c:	00007737          	lui	a4,0x7
    4260:	3f072783          	lw	a5,1008(a4) # 73f0 <rv_local_sum>
    4264:	00278793          	addi	a5,a5,2
    4268:	3ef72823          	sw	a5,1008(a4)
}
    426c:	00008067          	ret

00004270 <rv_t058>:

void rv_t058(void)
{
	unsigned v, c, lk;
	unsigned use_lock = (SH->mode != RV_MODE_RACE_OPEN);
    4270:	300007b7          	lui	a5,0x30000
    4274:	0047a603          	lw	a2,4(a5) # 30000004 <__bss_end+0x2fff8c10>
	/* RV_MODE_RACE_WRONG_LOCK: each core takes a DIFFERENT lock, so both
	 * believe they are protected and neither excludes the other. */
	lk = (SH->mode == RV_MODE_RACE_WRONG_LOCK) ? 1u : 0u;
    4278:	0047a683          	lw	a3,4(a5)
    427c:	ffe68693          	addi	a3,a3,-2
    4280:	0016b693          	seqz	a3,a3

00004284 <rvs_610>:

	RV_MARK(610);
    4284:	00000013          	nop
	if (use_lock) {
    4288:	00100713          	li	a4,1
    428c:	06e60263          	beq	a2,a4,42f0 <rvs_612+0x34>
		RV_ACQUIRE(lk, 1u, 0u, 611, 612);
    4290:	00469513          	slli	a0,a3,0x4
    4294:	00a785b3          	add	a1,a5,a0
    4298:	02458593          	addi	a1,a1,36

0000429c <rvs_611>:
    429c:	00e5a023          	sw	a4,0(a1)
    42a0:	00a787b3          	add	a5,a5,a0
    42a4:	0207a423          	sw	zero,40(a5)
    42a8:	00c0006f          	j	42b4 <rvs_611+0x18>
    42ac:	0287a703          	lw	a4,40(a5)
    42b0:	00071663          	bnez	a4,42bc <rvs_612>
    42b4:	0207a703          	lw	a4,32(a5)
    42b8:	fe071ae3          	bnez	a4,42ac <rvs_611+0x10>

000042bc <rvs_612>:
    42bc:	00000013          	nop
    42c0:	a8026737          	lui	a4,0xa8026
    42c4:	01369793          	slli	a5,a3,0x13
    42c8:	44170713          	addi	a4,a4,1089 # a8026441 <__bss_end+0xa801f04d>
    42cc:	00e7e7b3          	or	a5,a5,a4
    42d0:	40000737          	lui	a4,0x40000
    42d4:	00f72023          	sw	a5,0(a4) # 40000000 <__bss_end+0x3fff8c0c>
    42d8:	00000013          	nop
    42dc:	00000013          	nop
    42e0:	00000013          	nop
    42e4:	00000013          	nop
    42e8:	00000013          	nop
    42ec:	00000013          	nop
	}
	RV_LD(v, &SH->balance, 613);
    42f0:	30000737          	lui	a4,0x30000
    42f4:	06070593          	addi	a1,a4,96 # 30000060 <__bss_end+0x2fff8c6c>

000042f8 <rvs_613>:
    42f8:	0005a783          	lw	a5,0(a1)
	v += 3u;
    42fc:	00378793          	addi	a5,a5,3

00004300 <rvs_614>:
	RV_ST(&SH->balance, v, 614);
    4300:	00f5a023          	sw	a5,0(a1)
	RV_LD(c, &SH->count, 615);
    4304:	06470513          	addi	a0,a4,100

00004308 <rvs_615>:
    4308:	00052583          	lw	a1,0(a0)
	RV_ST(&SH->count, c + 1u, 616);
    430c:	00158813          	addi	a6,a1,1

00004310 <rvs_616>:
    4310:	01052023          	sw	a6,0(a0)
	RV_ST(&SH->checksum, (c ^ v) + 58u, 617);
    4314:	00b7c7b3          	xor	a5,a5,a1
    4318:	03a78793          	addi	a5,a5,58
    431c:	06870593          	addi	a1,a4,104

00004320 <rvs_617>:
    4320:	00f5a023          	sw	a5,0(a1)
	if (use_lock) {
    4324:	00100793          	li	a5,1
    4328:	04f60463          	beq	a2,a5,4370 <rvs_619>
		RV_RELEASE(lk, 1u, 618);
    432c:	00469793          	slli	a5,a3,0x4
    4330:	00f70733          	add	a4,a4,a5
    4334:	02470713          	addi	a4,a4,36
    4338:	00000793          	li	a5,0

0000433c <rvs_618>:
    433c:	00f72023          	sw	a5,0(a4)
    4340:	b00277b7          	lui	a5,0xb0027
    4344:	a4178793          	addi	a5,a5,-1471 # b0026a41 <__bss_end+0xb001f64d>
    4348:	01369693          	slli	a3,a3,0x13
    434c:	00f6e6b3          	or	a3,a3,a5
    4350:	400007b7          	lui	a5,0x40000
    4354:	00d7a023          	sw	a3,0(a5) # 40000000 <__bss_end+0x3fff8c0c>
    4358:	00000013          	nop
    435c:	00000013          	nop
    4360:	00000013          	nop
    4364:	00000013          	nop
    4368:	00000013          	nop
    436c:	00000013          	nop

00004370 <rvs_619>:
	}
	RV_MARK(619);
    4370:	00000013          	nop
	rv_local_sum += 3u;
    4374:	00007737          	lui	a4,0x7
    4378:	3f072783          	lw	a5,1008(a4) # 73f0 <rv_local_sum>
    437c:	00378793          	addi	a5,a5,3
    4380:	3ef72823          	sw	a5,1008(a4)
}
    4384:	00008067          	ret

00004388 <rv_t059>:

void rv_t059(void)
{
	unsigned v, c, lk;
	unsigned use_lock = (SH->mode != RV_MODE_RACE_OPEN);
    4388:	300007b7          	lui	a5,0x30000
    438c:	0047a603          	lw	a2,4(a5) # 30000004 <__bss_end+0x2fff8c10>
	/* RV_MODE_RACE_WRONG_LOCK: each core takes a DIFFERENT lock, so both
	 * believe they are protected and neither excludes the other. */
	lk = (SH->mode == RV_MODE_RACE_WRONG_LOCK) ? 1u : 0u;
    4390:	0047a683          	lw	a3,4(a5)
    4394:	ffe68693          	addi	a3,a3,-2
    4398:	0016b693          	seqz	a3,a3

0000439c <rvs_620>:

	RV_MARK(620);
    439c:	00000013          	nop
	if (use_lock) {
    43a0:	00100713          	li	a4,1
    43a4:	06e60263          	beq	a2,a4,4408 <rvs_622+0x34>
		RV_ACQUIRE(lk, 1u, 0u, 621, 622);
    43a8:	00469513          	slli	a0,a3,0x4
    43ac:	00a785b3          	add	a1,a5,a0
    43b0:	02458593          	addi	a1,a1,36

000043b4 <rvs_621>:
    43b4:	00e5a023          	sw	a4,0(a1)
    43b8:	00a787b3          	add	a5,a5,a0
    43bc:	0207a423          	sw	zero,40(a5)
    43c0:	00c0006f          	j	43cc <rvs_621+0x18>
    43c4:	0287a703          	lw	a4,40(a5)
    43c8:	00071663          	bnez	a4,43d4 <rvs_622>
    43cc:	0207a703          	lw	a4,32(a5)
    43d0:	fe071ae3          	bnez	a4,43c4 <rvs_621+0x10>

000043d4 <rvs_622>:
    43d4:	00000013          	nop
    43d8:	a8027737          	lui	a4,0xa8027
    43dc:	01369793          	slli	a5,a3,0x13
    43e0:	e4170713          	addi	a4,a4,-447 # a8026e41 <__bss_end+0xa801fa4d>
    43e4:	00e7e7b3          	or	a5,a5,a4
    43e8:	40000737          	lui	a4,0x40000
    43ec:	00f72023          	sw	a5,0(a4) # 40000000 <__bss_end+0x3fff8c0c>
    43f0:	00000013          	nop
    43f4:	00000013          	nop
    43f8:	00000013          	nop
    43fc:	00000013          	nop
    4400:	00000013          	nop
    4404:	00000013          	nop
	}
	RV_LD(v, &SH->balance, 623);
    4408:	30000737          	lui	a4,0x30000
    440c:	06070593          	addi	a1,a4,96 # 30000060 <__bss_end+0x2fff8c6c>

00004410 <rvs_623>:
    4410:	0005a783          	lw	a5,0(a1)
	v += 4u;
    4414:	00478793          	addi	a5,a5,4

00004418 <rvs_624>:
	RV_ST(&SH->balance, v, 624);
    4418:	00f5a023          	sw	a5,0(a1)
	RV_LD(c, &SH->count, 625);
    441c:	06470513          	addi	a0,a4,100

00004420 <rvs_625>:
    4420:	00052583          	lw	a1,0(a0)
	RV_ST(&SH->count, c + 1u, 626);
    4424:	00158813          	addi	a6,a1,1

00004428 <rvs_626>:
    4428:	01052023          	sw	a6,0(a0)
	RV_ST(&SH->checksum, (c ^ v) + 59u, 627);
    442c:	00b7c7b3          	xor	a5,a5,a1
    4430:	03b78793          	addi	a5,a5,59
    4434:	06870593          	addi	a1,a4,104

00004438 <rvs_627>:
    4438:	00f5a023          	sw	a5,0(a1)
	if (use_lock) {
    443c:	00100793          	li	a5,1
    4440:	04f60463          	beq	a2,a5,4488 <rvs_629>
		RV_RELEASE(lk, 1u, 628);
    4444:	00469793          	slli	a5,a3,0x4
    4448:	00f70733          	add	a4,a4,a5
    444c:	02470713          	addi	a4,a4,36
    4450:	00000793          	li	a5,0

00004454 <rvs_628>:
    4454:	00f72023          	sw	a5,0(a4)
    4458:	b00277b7          	lui	a5,0xb0027
    445c:	44178793          	addi	a5,a5,1089 # b0027441 <__bss_end+0xb002004d>
    4460:	01369693          	slli	a3,a3,0x13
    4464:	00f6e6b3          	or	a3,a3,a5
    4468:	400007b7          	lui	a5,0x40000
    446c:	00d7a023          	sw	a3,0(a5) # 40000000 <__bss_end+0x3fff8c0c>
    4470:	00000013          	nop
    4474:	00000013          	nop
    4478:	00000013          	nop
    447c:	00000013          	nop
    4480:	00000013          	nop
    4484:	00000013          	nop

00004488 <rvs_629>:
	}
	RV_MARK(629);
    4488:	00000013          	nop
	rv_local_sum += 4u;
    448c:	00007737          	lui	a4,0x7
    4490:	3f072783          	lw	a5,1008(a4) # 73f0 <rv_local_sum>
    4494:	00478793          	addi	a5,a5,4
    4498:	3ef72823          	sw	a5,1008(a4)
}
    449c:	00008067          	ret

000044a0 <rv_t060>:

void rv_t060(void)
{
    44a0:	ff010113          	addi	sp,sp,-16
    44a4:	00112623          	sw	ra,12(sp)
    44a8:	00812423          	sw	s0,8(sp)
    44ac:	00912223          	sw	s1,4(sp)
    44b0:	01212023          	sw	s2,0(sp)

000044b4 <rvs_630>:
	unsigned h, t, v, p;

	RV_MARK(630);
    44b4:	00000013          	nop
	RV_LD(h, &SH->ring_head, 631);
    44b8:	30000437          	lui	s0,0x30000
    44bc:	08040793          	addi	a5,s0,128 # 30000080 <__bss_end+0x2fff8c8c>

000044c0 <rvs_631>:
    44c0:	0007a783          	lw	a5,0(a5)
	RV_LD(t, &SH->ring_tail, 632);
    44c4:	08440913          	addi	s2,s0,132

000044c8 <rvs_632>:
    44c8:	00092483          	lw	s1,0(s2)

000044cc <rvs_637>:
	RV_MARK(637);
    44cc:	00000013          	nop
	if (h != t) {
    44d0:	04978063          	beq	a5,s1,4510 <rvs_634+0x4>
		RV_LD(v, &SH->ring[t % RV_RING_SLOTS], 633);
    44d4:	03c00593          	li	a1,60
    44d8:	00048513          	mv	a0,s1
    44dc:	4a9020ef          	jal	ra,7184 <__umodsi3>
    44e0:	00251793          	slli	a5,a0,0x2
    44e4:	09040413          	addi	s0,s0,144
    44e8:	008787b3          	add	a5,a5,s0

000044ec <rvs_633>:
    44ec:	0007a783          	lw	a5,0(a5)
		rv_local_sum += v;
    44f0:	000076b7          	lui	a3,0x7
    44f4:	3f06a703          	lw	a4,1008(a3) # 73f0 <rv_local_sum>
		RV_ST(&SH->ring_tail, (t + 1u) % RV_RING_SLOTS, 634);
    44f8:	03c00593          	li	a1,60
    44fc:	00148513          	addi	a0,s1,1
		rv_local_sum += v;
    4500:	00f707b3          	add	a5,a4,a5
    4504:	3ef6a823          	sw	a5,1008(a3)
		RV_ST(&SH->ring_tail, (t + 1u) % RV_RING_SLOTS, 634);
    4508:	47d020ef          	jal	ra,7184 <__umodsi3>

0000450c <rvs_634>:
    450c:	00a92023          	sw	a0,0(s2)
	}
	RV_LD(p, &rv_private, 635);
    4510:	000077b7          	lui	a5,0x7
    4514:	3ec78793          	addi	a5,a5,1004 # 73ec <rv_private>

00004518 <rvs_635>:
    4518:	0007a703          	lw	a4,0(a5)
	RV_ST(&rv_private, p + 1u, 636);
    451c:	00170693          	addi	a3,a4,1

00004520 <rvs_636>:
    4520:	00d7a023          	sw	a3,0(a5)
	RV_ST(&SH->seq, p, 638);
    4524:	300007b7          	lui	a5,0x30000
    4528:	06c78793          	addi	a5,a5,108 # 3000006c <__bss_end+0x2fff8c78>

0000452c <rvs_638>:
    452c:	00e7a023          	sw	a4,0(a5)

00004530 <rvs_639>:
	RV_MARK(639);
    4530:	00000013          	nop
}
    4534:	00c12083          	lw	ra,12(sp)
    4538:	00812403          	lw	s0,8(sp)
    453c:	00412483          	lw	s1,4(sp)
    4540:	00012903          	lw	s2,0(sp)
    4544:	01010113          	addi	sp,sp,16
    4548:	00008067          	ret

0000454c <rv_t060_cap>:
void rv_t060_cap(void)
{
	unsigned w;
	/* The tag is COMPUTED here -- an ACT-ST trigger could only ever carry
	 * the constant its table entry was loaded with. */
	w = RV_ACT_WORD(RV_ACT_CMD_DAQ_PC_CURR, RV_ACT_SINK_AXIS,
    454c:	30000537          	lui	a0,0x30000
    4550:	08052703          	lw	a4,128(a0) # 30000080 <__bss_end+0x2fff8c8c>
    4554:	200007b7          	lui	a5,0x20000
    4558:	f0078613          	addi	a2,a5,-256 # 1fffff00 <__bss_end+0x1fff8b0c>
    455c:	00871713          	slli	a4,a4,0x8
    4560:	e00006b7          	lui	a3,0xe0000
    4564:	00c77733          	and	a4,a4,a2
    4568:	04168693          	addi	a3,a3,65 # e0000041 <__bss_end+0xdfff8c4d>
	                RV_TAG_VALUE(SH->ring_head & RV_VALUE_MASK));
	RV_ACTCAP_AT(640, w);
    456c:	400005b7          	lui	a1,0x40000
	w = RV_ACT_WORD(RV_ACT_CMD_DAQ_PC_CURR, RV_ACT_SINK_AXIS,
    4570:	00d76733          	or	a4,a4,a3

00004574 <rvs_640>:
	RV_ACTCAP_AT(640, w);
    4574:	00e5a023          	sw	a4,0(a1) # 40000000 <__bss_end+0x3fff8c0c>
    4578:	00000013          	nop
    457c:	00000013          	nop
    4580:	00000013          	nop
    4584:	00000013          	nop
    4588:	00000013          	nop
    458c:	00000013          	nop
	w = RV_ACT_WORD(RV_ACT_CMD_DAQ_PC_CURR, RV_ACT_SINK_AXIS,
    4590:	06052783          	lw	a5,96(a0)
    4594:	00879793          	slli	a5,a5,0x8
    4598:	00c7f7b3          	and	a5,a5,a2
    459c:	00d7e7b3          	or	a5,a5,a3

000045a0 <rvs_641>:
	                RV_TAG_VALUE(SH->balance & RV_VALUE_MASK));
	RV_ACTCAP_AT(641, w);
    45a0:	00f5a023          	sw	a5,0(a1)
    45a4:	00000013          	nop
    45a8:	00000013          	nop
    45ac:	00000013          	nop
    45b0:	00000013          	nop
    45b4:	00000013          	nop
    45b8:	00000013          	nop
	rv_actcap_issued += 2u;
    45bc:	00007737          	lui	a4,0x7
    45c0:	3e872783          	lw	a5,1000(a4) # 73e8 <rv_actcap_issued>
    45c4:	00278793          	addi	a5,a5,2
    45c8:	3ef72423          	sw	a5,1000(a4)
}
    45cc:	00008067          	ret

000045d0 <rv_t061>:

void rv_t061(void)
{
    45d0:	ff010113          	addi	sp,sp,-16
    45d4:	00112623          	sw	ra,12(sp)
    45d8:	00812423          	sw	s0,8(sp)
    45dc:	00912223          	sw	s1,4(sp)
    45e0:	01212023          	sw	s2,0(sp)

000045e4 <rvs_642>:
	unsigned h, t, v, p;

	RV_MARK(642);
    45e4:	00000013          	nop
	RV_LD(h, &SH->ring_head, 643);
    45e8:	30000437          	lui	s0,0x30000
    45ec:	08040793          	addi	a5,s0,128 # 30000080 <__bss_end+0x2fff8c8c>

000045f0 <rvs_643>:
    45f0:	0007a783          	lw	a5,0(a5)
	RV_LD(t, &SH->ring_tail, 644);
    45f4:	08440913          	addi	s2,s0,132

000045f8 <rvs_644>:
    45f8:	00092483          	lw	s1,0(s2)

000045fc <rvs_649>:
	RV_MARK(649);
    45fc:	00000013          	nop
	if (h != t) {
    4600:	04978063          	beq	a5,s1,4640 <rvs_646+0x4>
		RV_LD(v, &SH->ring[t % RV_RING_SLOTS], 645);
    4604:	03c00593          	li	a1,60
    4608:	00048513          	mv	a0,s1
    460c:	379020ef          	jal	ra,7184 <__umodsi3>
    4610:	00251793          	slli	a5,a0,0x2
    4614:	09040413          	addi	s0,s0,144
    4618:	008787b3          	add	a5,a5,s0

0000461c <rvs_645>:
    461c:	0007a783          	lw	a5,0(a5)
		rv_local_sum += v;
    4620:	000076b7          	lui	a3,0x7
    4624:	3f06a703          	lw	a4,1008(a3) # 73f0 <rv_local_sum>
		RV_ST(&SH->ring_tail, (t + 1u) % RV_RING_SLOTS, 646);
    4628:	03c00593          	li	a1,60
    462c:	00148513          	addi	a0,s1,1
		rv_local_sum += v;
    4630:	00f707b3          	add	a5,a4,a5
    4634:	3ef6a823          	sw	a5,1008(a3)
		RV_ST(&SH->ring_tail, (t + 1u) % RV_RING_SLOTS, 646);
    4638:	34d020ef          	jal	ra,7184 <__umodsi3>

0000463c <rvs_646>:
    463c:	00a92023          	sw	a0,0(s2)
	}
	RV_LD(p, &rv_private, 647);
    4640:	000077b7          	lui	a5,0x7
    4644:	3ec78793          	addi	a5,a5,1004 # 73ec <rv_private>

00004648 <rvs_647>:
    4648:	0007a703          	lw	a4,0(a5)
	RV_ST(&rv_private, p + 1u, 648);
    464c:	00170693          	addi	a3,a4,1

00004650 <rvs_648>:
    4650:	00d7a023          	sw	a3,0(a5)
	RV_ST(&SH->seq, p, 650);
    4654:	300007b7          	lui	a5,0x30000
    4658:	06c78793          	addi	a5,a5,108 # 3000006c <__bss_end+0x2fff8c78>

0000465c <rvs_650>:
    465c:	00e7a023          	sw	a4,0(a5)

00004660 <rvs_651>:
	RV_MARK(651);
    4660:	00000013          	nop
}
    4664:	00c12083          	lw	ra,12(sp)
    4668:	00812403          	lw	s0,8(sp)
    466c:	00412483          	lw	s1,4(sp)
    4670:	00012903          	lw	s2,0(sp)
    4674:	01010113          	addi	sp,sp,16
    4678:	00008067          	ret

0000467c <rv_t062>:

void rv_t062(void)
{
    467c:	ff010113          	addi	sp,sp,-16
    4680:	00112623          	sw	ra,12(sp)
    4684:	00812423          	sw	s0,8(sp)
    4688:	00912223          	sw	s1,4(sp)
    468c:	01212023          	sw	s2,0(sp)

00004690 <rvs_652>:
	unsigned h, t, v, p;

	RV_MARK(652);
    4690:	00000013          	nop
	RV_LD(h, &SH->ring_head, 653);
    4694:	30000437          	lui	s0,0x30000
    4698:	08040793          	addi	a5,s0,128 # 30000080 <__bss_end+0x2fff8c8c>

0000469c <rvs_653>:
    469c:	0007a783          	lw	a5,0(a5)
	RV_LD(t, &SH->ring_tail, 654);
    46a0:	08440913          	addi	s2,s0,132

000046a4 <rvs_654>:
    46a4:	00092483          	lw	s1,0(s2)

000046a8 <rvs_659>:
	RV_MARK(659);
    46a8:	00000013          	nop
	if (h != t) {
    46ac:	04978063          	beq	a5,s1,46ec <rvs_656+0x4>
		RV_LD(v, &SH->ring[t % RV_RING_SLOTS], 655);
    46b0:	03c00593          	li	a1,60
    46b4:	00048513          	mv	a0,s1
    46b8:	2cd020ef          	jal	ra,7184 <__umodsi3>
    46bc:	00251793          	slli	a5,a0,0x2
    46c0:	09040413          	addi	s0,s0,144
    46c4:	008787b3          	add	a5,a5,s0

000046c8 <rvs_655>:
    46c8:	0007a783          	lw	a5,0(a5)
		rv_local_sum += v;
    46cc:	000076b7          	lui	a3,0x7
    46d0:	3f06a703          	lw	a4,1008(a3) # 73f0 <rv_local_sum>
		RV_ST(&SH->ring_tail, (t + 1u) % RV_RING_SLOTS, 656);
    46d4:	03c00593          	li	a1,60
    46d8:	00148513          	addi	a0,s1,1
		rv_local_sum += v;
    46dc:	00f707b3          	add	a5,a4,a5
    46e0:	3ef6a823          	sw	a5,1008(a3)
		RV_ST(&SH->ring_tail, (t + 1u) % RV_RING_SLOTS, 656);
    46e4:	2a1020ef          	jal	ra,7184 <__umodsi3>

000046e8 <rvs_656>:
    46e8:	00a92023          	sw	a0,0(s2)
	}
	RV_LD(p, &rv_private, 657);
    46ec:	000077b7          	lui	a5,0x7
    46f0:	3ec78793          	addi	a5,a5,1004 # 73ec <rv_private>

000046f4 <rvs_657>:
    46f4:	0007a703          	lw	a4,0(a5)
	RV_ST(&rv_private, p + 1u, 658);
    46f8:	00170693          	addi	a3,a4,1

000046fc <rvs_658>:
    46fc:	00d7a023          	sw	a3,0(a5)
	RV_ST(&SH->seq, p, 660);
    4700:	300007b7          	lui	a5,0x30000
    4704:	06c78793          	addi	a5,a5,108 # 3000006c <__bss_end+0x2fff8c78>

00004708 <rvs_660>:
    4708:	00e7a023          	sw	a4,0(a5)

0000470c <rvs_661>:
	RV_MARK(661);
    470c:	00000013          	nop
}
    4710:	00c12083          	lw	ra,12(sp)
    4714:	00812403          	lw	s0,8(sp)
    4718:	00412483          	lw	s1,4(sp)
    471c:	00012903          	lw	s2,0(sp)
    4720:	01010113          	addi	sp,sp,16
    4724:	00008067          	ret

00004728 <rv_t063>:

void rv_t063(void)
{
	unsigned v, c, lk;
	unsigned use_lock = (SH->mode != RV_MODE_RACE_OPEN);
    4728:	300007b7          	lui	a5,0x30000
    472c:	0047a603          	lw	a2,4(a5) # 30000004 <__bss_end+0x2fff8c10>
	/* RV_MODE_RACE_WRONG_LOCK: each core takes a DIFFERENT lock, so both
	 * believe they are protected and neither excludes the other. */
	lk = (SH->mode == RV_MODE_RACE_WRONG_LOCK) ? 1u : 0u;
    4730:	0047a683          	lw	a3,4(a5)
    4734:	ffe68693          	addi	a3,a3,-2
    4738:	0016b693          	seqz	a3,a3

0000473c <rvs_662>:

	RV_MARK(662);
    473c:	00000013          	nop
	if (use_lock) {
    4740:	00100713          	li	a4,1
    4744:	06e60263          	beq	a2,a4,47a8 <rvs_664+0x34>
		RV_ACQUIRE(lk, 1u, 0u, 663, 664);
    4748:	00469513          	slli	a0,a3,0x4
    474c:	00a785b3          	add	a1,a5,a0
    4750:	02458593          	addi	a1,a1,36

00004754 <rvs_663>:
    4754:	00e5a023          	sw	a4,0(a1)
    4758:	00a787b3          	add	a5,a5,a0
    475c:	0207a423          	sw	zero,40(a5)
    4760:	00c0006f          	j	476c <rvs_663+0x18>
    4764:	0287a703          	lw	a4,40(a5)
    4768:	00071663          	bnez	a4,4774 <rvs_664>
    476c:	0207a703          	lw	a4,32(a5)
    4770:	fe071ae3          	bnez	a4,4764 <rvs_663+0x10>

00004774 <rvs_664>:
    4774:	00000013          	nop
    4778:	a802a737          	lui	a4,0xa802a
    477c:	01369793          	slli	a5,a3,0x13
    4780:	84170713          	addi	a4,a4,-1983 # a8029841 <__bss_end+0xa802244d>
    4784:	00e7e7b3          	or	a5,a5,a4
    4788:	40000737          	lui	a4,0x40000
    478c:	00f72023          	sw	a5,0(a4) # 40000000 <__bss_end+0x3fff8c0c>
    4790:	00000013          	nop
    4794:	00000013          	nop
    4798:	00000013          	nop
    479c:	00000013          	nop
    47a0:	00000013          	nop
    47a4:	00000013          	nop
	}
	RV_LD(v, &SH->balance, 665);
    47a8:	30000737          	lui	a4,0x30000
    47ac:	06070593          	addi	a1,a4,96 # 30000060 <__bss_end+0x2fff8c6c>

000047b0 <rvs_665>:
    47b0:	0005a783          	lw	a5,0(a1)
	v += 1u;
    47b4:	00178793          	addi	a5,a5,1

000047b8 <rvs_666>:
	RV_ST(&SH->balance, v, 666);
    47b8:	00f5a023          	sw	a5,0(a1)
	RV_LD(c, &SH->count, 667);
    47bc:	06470513          	addi	a0,a4,100

000047c0 <rvs_667>:
    47c0:	00052583          	lw	a1,0(a0)
	RV_ST(&SH->count, c + 1u, 668);
    47c4:	00158813          	addi	a6,a1,1

000047c8 <rvs_668>:
    47c8:	01052023          	sw	a6,0(a0)
	RV_ST(&SH->checksum, (c ^ v) + 63u, 669);
    47cc:	00b7c7b3          	xor	a5,a5,a1
    47d0:	03f78793          	addi	a5,a5,63
    47d4:	06870593          	addi	a1,a4,104

000047d8 <rvs_669>:
    47d8:	00f5a023          	sw	a5,0(a1)
	if (use_lock) {
    47dc:	00100793          	li	a5,1
    47e0:	04f60463          	beq	a2,a5,4828 <rvs_671>
		RV_RELEASE(lk, 1u, 670);
    47e4:	00469793          	slli	a5,a3,0x4
    47e8:	00f70733          	add	a4,a4,a5
    47ec:	02470713          	addi	a4,a4,36
    47f0:	00000793          	li	a5,0

000047f4 <rvs_670>:
    47f4:	00f72023          	sw	a5,0(a4)
    47f8:	b002a7b7          	lui	a5,0xb002a
    47fc:	e4178793          	addi	a5,a5,-447 # b0029e41 <__bss_end+0xb0022a4d>
    4800:	01369693          	slli	a3,a3,0x13
    4804:	00f6e6b3          	or	a3,a3,a5
    4808:	400007b7          	lui	a5,0x40000
    480c:	00d7a023          	sw	a3,0(a5) # 40000000 <__bss_end+0x3fff8c0c>
    4810:	00000013          	nop
    4814:	00000013          	nop
    4818:	00000013          	nop
    481c:	00000013          	nop
    4820:	00000013          	nop
    4824:	00000013          	nop

00004828 <rvs_671>:
	}
	RV_MARK(671);
    4828:	00000013          	nop
	rv_local_sum += 1u;
    482c:	00007737          	lui	a4,0x7
    4830:	3f072783          	lw	a5,1008(a4) # 73f0 <rv_local_sum>
    4834:	00178793          	addi	a5,a5,1
    4838:	3ef72823          	sw	a5,1008(a4)
}
    483c:	00008067          	ret

00004840 <rv_t064>:

void rv_t064(void)
{
	unsigned v, c, lk;
	unsigned use_lock = (SH->mode != RV_MODE_RACE_OPEN);
    4840:	300007b7          	lui	a5,0x30000
    4844:	0047a603          	lw	a2,4(a5) # 30000004 <__bss_end+0x2fff8c10>
	/* RV_MODE_RACE_WRONG_LOCK: each core takes a DIFFERENT lock, so both
	 * believe they are protected and neither excludes the other. */
	lk = (SH->mode == RV_MODE_RACE_WRONG_LOCK) ? 1u : 0u;
    4848:	0047a683          	lw	a3,4(a5)
    484c:	ffe68693          	addi	a3,a3,-2
    4850:	0016b693          	seqz	a3,a3

00004854 <rvs_672>:

	RV_MARK(672);
    4854:	00000013          	nop
	if (use_lock) {
    4858:	00100713          	li	a4,1
    485c:	06e60263          	beq	a2,a4,48c0 <rvs_674+0x34>
		RV_ACQUIRE(lk, 1u, 0u, 673, 674);
    4860:	00469513          	slli	a0,a3,0x4
    4864:	00a785b3          	add	a1,a5,a0
    4868:	02458593          	addi	a1,a1,36

0000486c <rvs_673>:
    486c:	00e5a023          	sw	a4,0(a1)
    4870:	00a787b3          	add	a5,a5,a0
    4874:	0207a423          	sw	zero,40(a5)
    4878:	00c0006f          	j	4884 <rvs_673+0x18>
    487c:	0287a703          	lw	a4,40(a5)
    4880:	00071663          	bnez	a4,488c <rvs_674>
    4884:	0207a703          	lw	a4,32(a5)
    4888:	fe071ae3          	bnez	a4,487c <rvs_673+0x10>

0000488c <rvs_674>:
    488c:	00000013          	nop
    4890:	a802a737          	lui	a4,0xa802a
    4894:	01369793          	slli	a5,a3,0x13
    4898:	24170713          	addi	a4,a4,577 # a802a241 <__bss_end+0xa8022e4d>
    489c:	00e7e7b3          	or	a5,a5,a4
    48a0:	40000737          	lui	a4,0x40000
    48a4:	00f72023          	sw	a5,0(a4) # 40000000 <__bss_end+0x3fff8c0c>
    48a8:	00000013          	nop
    48ac:	00000013          	nop
    48b0:	00000013          	nop
    48b4:	00000013          	nop
    48b8:	00000013          	nop
    48bc:	00000013          	nop
	}
	RV_LD(v, &SH->balance, 675);
    48c0:	30000737          	lui	a4,0x30000
    48c4:	06070593          	addi	a1,a4,96 # 30000060 <__bss_end+0x2fff8c6c>

000048c8 <rvs_675>:
    48c8:	0005a783          	lw	a5,0(a1)
	v += 2u;
    48cc:	00278793          	addi	a5,a5,2

000048d0 <rvs_676>:
	RV_ST(&SH->balance, v, 676);
    48d0:	00f5a023          	sw	a5,0(a1)
	RV_LD(c, &SH->count, 677);
    48d4:	06470513          	addi	a0,a4,100

000048d8 <rvs_677>:
    48d8:	00052583          	lw	a1,0(a0)
	RV_ST(&SH->count, c + 1u, 678);
    48dc:	00158813          	addi	a6,a1,1

000048e0 <rvs_678>:
    48e0:	01052023          	sw	a6,0(a0)
	RV_ST(&SH->checksum, (c ^ v) + 64u, 679);
    48e4:	00b7c7b3          	xor	a5,a5,a1
    48e8:	04078793          	addi	a5,a5,64
    48ec:	06870593          	addi	a1,a4,104

000048f0 <rvs_679>:
    48f0:	00f5a023          	sw	a5,0(a1)
	if (use_lock) {
    48f4:	00100793          	li	a5,1
    48f8:	04f60463          	beq	a2,a5,4940 <rvs_681>
		RV_RELEASE(lk, 1u, 680);
    48fc:	00469793          	slli	a5,a3,0x4
    4900:	00f70733          	add	a4,a4,a5
    4904:	02470713          	addi	a4,a4,36
    4908:	00000793          	li	a5,0

0000490c <rvs_680>:
    490c:	00f72023          	sw	a5,0(a4)
    4910:	b002b7b7          	lui	a5,0xb002b
    4914:	84178793          	addi	a5,a5,-1983 # b002a841 <__bss_end+0xb002344d>
    4918:	01369693          	slli	a3,a3,0x13
    491c:	00f6e6b3          	or	a3,a3,a5
    4920:	400007b7          	lui	a5,0x40000
    4924:	00d7a023          	sw	a3,0(a5) # 40000000 <__bss_end+0x3fff8c0c>
    4928:	00000013          	nop
    492c:	00000013          	nop
    4930:	00000013          	nop
    4934:	00000013          	nop
    4938:	00000013          	nop
    493c:	00000013          	nop

00004940 <rvs_681>:
	}
	RV_MARK(681);
    4940:	00000013          	nop
	rv_local_sum += 2u;
    4944:	00007737          	lui	a4,0x7
    4948:	3f072783          	lw	a5,1008(a4) # 73f0 <rv_local_sum>
    494c:	00278793          	addi	a5,a5,2
    4950:	3ef72823          	sw	a5,1008(a4)
}
    4954:	00008067          	ret

00004958 <rv_t064_cap>:
void rv_t064_cap(void)
{
	unsigned w;
	/* The tag is COMPUTED here -- an ACT-ST trigger could only ever carry
	 * the constant its table entry was loaded with. */
	w = RV_ACT_WORD(RV_ACT_CMD_DAQ_PC_CURR, RV_ACT_SINK_AXIS,
    4958:	30000537          	lui	a0,0x30000
    495c:	08052703          	lw	a4,128(a0) # 30000080 <__bss_end+0x2fff8c8c>
    4960:	200007b7          	lui	a5,0x20000
    4964:	f0078613          	addi	a2,a5,-256 # 1fffff00 <__bss_end+0x1fff8b0c>
    4968:	00871713          	slli	a4,a4,0x8
    496c:	e00006b7          	lui	a3,0xe0000
    4970:	00c77733          	and	a4,a4,a2
    4974:	04168693          	addi	a3,a3,65 # e0000041 <__bss_end+0xdfff8c4d>
	                RV_TAG_VALUE(SH->ring_head & RV_VALUE_MASK));
	RV_ACTCAP_AT(682, w);
    4978:	400005b7          	lui	a1,0x40000
	w = RV_ACT_WORD(RV_ACT_CMD_DAQ_PC_CURR, RV_ACT_SINK_AXIS,
    497c:	00d76733          	or	a4,a4,a3

00004980 <rvs_682>:
	RV_ACTCAP_AT(682, w);
    4980:	00e5a023          	sw	a4,0(a1) # 40000000 <__bss_end+0x3fff8c0c>
    4984:	00000013          	nop
    4988:	00000013          	nop
    498c:	00000013          	nop
    4990:	00000013          	nop
    4994:	00000013          	nop
    4998:	00000013          	nop
	w = RV_ACT_WORD(RV_ACT_CMD_DAQ_PC_CURR, RV_ACT_SINK_AXIS,
    499c:	06052783          	lw	a5,96(a0)
    49a0:	00879793          	slli	a5,a5,0x8
    49a4:	00c7f7b3          	and	a5,a5,a2
    49a8:	00d7e7b3          	or	a5,a5,a3

000049ac <rvs_683>:
	                RV_TAG_VALUE(SH->balance & RV_VALUE_MASK));
	RV_ACTCAP_AT(683, w);
    49ac:	00f5a023          	sw	a5,0(a1)
    49b0:	00000013          	nop
    49b4:	00000013          	nop
    49b8:	00000013          	nop
    49bc:	00000013          	nop
    49c0:	00000013          	nop
    49c4:	00000013          	nop
	rv_actcap_issued += 2u;
    49c8:	00007737          	lui	a4,0x7
    49cc:	3e872783          	lw	a5,1000(a4) # 73e8 <rv_actcap_issued>
    49d0:	00278793          	addi	a5,a5,2
    49d4:	3ef72423          	sw	a5,1000(a4)
}
    49d8:	00008067          	ret

000049dc <rv_t065>:

void rv_t065(void)
{
	unsigned v, c, lk;
	unsigned use_lock = (SH->mode != RV_MODE_RACE_OPEN);
    49dc:	300007b7          	lui	a5,0x30000
    49e0:	0047a603          	lw	a2,4(a5) # 30000004 <__bss_end+0x2fff8c10>
	/* RV_MODE_RACE_WRONG_LOCK: each core takes a DIFFERENT lock, so both
	 * believe they are protected and neither excludes the other. */
	lk = (SH->mode == RV_MODE_RACE_WRONG_LOCK) ? 1u : 0u;
    49e4:	0047a683          	lw	a3,4(a5)
    49e8:	ffe68693          	addi	a3,a3,-2
    49ec:	0016b693          	seqz	a3,a3

000049f0 <rvs_684>:

	RV_MARK(684);
    49f0:	00000013          	nop
	if (use_lock) {
    49f4:	00100713          	li	a4,1
    49f8:	06e60263          	beq	a2,a4,4a5c <rvs_686+0x34>
		RV_ACQUIRE(lk, 1u, 0u, 685, 686);
    49fc:	00469513          	slli	a0,a3,0x4
    4a00:	00a785b3          	add	a1,a5,a0
    4a04:	02458593          	addi	a1,a1,36

00004a08 <rvs_685>:
    4a08:	00e5a023          	sw	a4,0(a1)
    4a0c:	00a787b3          	add	a5,a5,a0
    4a10:	0207a423          	sw	zero,40(a5)
    4a14:	00c0006f          	j	4a20 <rvs_685+0x18>
    4a18:	0287a703          	lw	a4,40(a5)
    4a1c:	00071663          	bnez	a4,4a28 <rvs_686>
    4a20:	0207a703          	lw	a4,32(a5)
    4a24:	fe071ae3          	bnez	a4,4a18 <rvs_685+0x10>

00004a28 <rvs_686>:
    4a28:	00000013          	nop
    4a2c:	a802b737          	lui	a4,0xa802b
    4a30:	01369793          	slli	a5,a3,0x13
    4a34:	e4170713          	addi	a4,a4,-447 # a802ae41 <__bss_end+0xa8023a4d>
    4a38:	00e7e7b3          	or	a5,a5,a4
    4a3c:	40000737          	lui	a4,0x40000
    4a40:	00f72023          	sw	a5,0(a4) # 40000000 <__bss_end+0x3fff8c0c>
    4a44:	00000013          	nop
    4a48:	00000013          	nop
    4a4c:	00000013          	nop
    4a50:	00000013          	nop
    4a54:	00000013          	nop
    4a58:	00000013          	nop
	}
	RV_LD(v, &SH->balance, 687);
    4a5c:	30000737          	lui	a4,0x30000
    4a60:	06070593          	addi	a1,a4,96 # 30000060 <__bss_end+0x2fff8c6c>

00004a64 <rvs_687>:
    4a64:	0005a783          	lw	a5,0(a1)
	v += 3u;
    4a68:	00378793          	addi	a5,a5,3

00004a6c <rvs_688>:
	RV_ST(&SH->balance, v, 688);
    4a6c:	00f5a023          	sw	a5,0(a1)
	RV_LD(c, &SH->count, 689);
    4a70:	06470513          	addi	a0,a4,100

00004a74 <rvs_689>:
    4a74:	00052583          	lw	a1,0(a0)
	RV_ST(&SH->count, c + 1u, 690);
    4a78:	00158813          	addi	a6,a1,1

00004a7c <rvs_690>:
    4a7c:	01052023          	sw	a6,0(a0)
	RV_ST(&SH->checksum, (c ^ v) + 65u, 691);
    4a80:	00b7c7b3          	xor	a5,a5,a1
    4a84:	04178793          	addi	a5,a5,65
    4a88:	06870593          	addi	a1,a4,104

00004a8c <rvs_691>:
    4a8c:	00f5a023          	sw	a5,0(a1)
	if (use_lock) {
    4a90:	00100793          	li	a5,1
    4a94:	04f60463          	beq	a2,a5,4adc <rvs_693>
		RV_RELEASE(lk, 1u, 692);
    4a98:	00469793          	slli	a5,a3,0x4
    4a9c:	00f70733          	add	a4,a4,a5
    4aa0:	02470713          	addi	a4,a4,36
    4aa4:	00000793          	li	a5,0

00004aa8 <rvs_692>:
    4aa8:	00f72023          	sw	a5,0(a4)
    4aac:	b002b7b7          	lui	a5,0xb002b
    4ab0:	44178793          	addi	a5,a5,1089 # b002b441 <__bss_end+0xb002404d>
    4ab4:	01369693          	slli	a3,a3,0x13
    4ab8:	00f6e6b3          	or	a3,a3,a5
    4abc:	400007b7          	lui	a5,0x40000
    4ac0:	00d7a023          	sw	a3,0(a5) # 40000000 <__bss_end+0x3fff8c0c>
    4ac4:	00000013          	nop
    4ac8:	00000013          	nop
    4acc:	00000013          	nop
    4ad0:	00000013          	nop
    4ad4:	00000013          	nop
    4ad8:	00000013          	nop

00004adc <rvs_693>:
	}
	RV_MARK(693);
    4adc:	00000013          	nop
	rv_local_sum += 3u;
    4ae0:	00007737          	lui	a4,0x7
    4ae4:	3f072783          	lw	a5,1008(a4) # 73f0 <rv_local_sum>
    4ae8:	00378793          	addi	a5,a5,3
    4aec:	3ef72823          	sw	a5,1008(a4)
}
    4af0:	00008067          	ret

00004af4 <rv_t066>:

void rv_t066(void)
{
	unsigned v, c, lk;
	unsigned use_lock = (SH->mode != RV_MODE_RACE_OPEN);
    4af4:	300007b7          	lui	a5,0x30000
    4af8:	0047a603          	lw	a2,4(a5) # 30000004 <__bss_end+0x2fff8c10>
	/* RV_MODE_RACE_WRONG_LOCK: each core takes a DIFFERENT lock, so both
	 * believe they are protected and neither excludes the other. */
	lk = (SH->mode == RV_MODE_RACE_WRONG_LOCK) ? 1u : 0u;
    4afc:	0047a683          	lw	a3,4(a5)
    4b00:	ffe68693          	addi	a3,a3,-2
    4b04:	0016b693          	seqz	a3,a3

00004b08 <rvs_694>:

	RV_MARK(694);
    4b08:	00000013          	nop
	if (use_lock) {
    4b0c:	00100713          	li	a4,1
    4b10:	06e60263          	beq	a2,a4,4b74 <rvs_696+0x34>
		RV_ACQUIRE(lk, 1u, 0u, 695, 696);
    4b14:	00469513          	slli	a0,a3,0x4
    4b18:	00a785b3          	add	a1,a5,a0
    4b1c:	02458593          	addi	a1,a1,36

00004b20 <rvs_695>:
    4b20:	00e5a023          	sw	a4,0(a1)
    4b24:	00a787b3          	add	a5,a5,a0
    4b28:	0207a423          	sw	zero,40(a5)
    4b2c:	00c0006f          	j	4b38 <rvs_695+0x18>
    4b30:	0287a703          	lw	a4,40(a5)
    4b34:	00071663          	bnez	a4,4b40 <rvs_696>
    4b38:	0207a703          	lw	a4,32(a5)
    4b3c:	fe071ae3          	bnez	a4,4b30 <rvs_695+0x10>

00004b40 <rvs_696>:
    4b40:	00000013          	nop
    4b44:	a802c737          	lui	a4,0xa802c
    4b48:	01369793          	slli	a5,a3,0x13
    4b4c:	84170713          	addi	a4,a4,-1983 # a802b841 <__bss_end+0xa802444d>
    4b50:	00e7e7b3          	or	a5,a5,a4
    4b54:	40000737          	lui	a4,0x40000
    4b58:	00f72023          	sw	a5,0(a4) # 40000000 <__bss_end+0x3fff8c0c>
    4b5c:	00000013          	nop
    4b60:	00000013          	nop
    4b64:	00000013          	nop
    4b68:	00000013          	nop
    4b6c:	00000013          	nop
    4b70:	00000013          	nop
	}
	RV_LD(v, &SH->balance, 697);
    4b74:	30000737          	lui	a4,0x30000
    4b78:	06070593          	addi	a1,a4,96 # 30000060 <__bss_end+0x2fff8c6c>

00004b7c <rvs_697>:
    4b7c:	0005a783          	lw	a5,0(a1)
	v += 4u;
    4b80:	00478793          	addi	a5,a5,4

00004b84 <rvs_698>:
	RV_ST(&SH->balance, v, 698);
    4b84:	00f5a023          	sw	a5,0(a1)
	RV_LD(c, &SH->count, 699);
    4b88:	06470513          	addi	a0,a4,100

00004b8c <rvs_699>:
    4b8c:	00052583          	lw	a1,0(a0)
	RV_ST(&SH->count, c + 1u, 700);
    4b90:	00158813          	addi	a6,a1,1

00004b94 <rvs_700>:
    4b94:	01052023          	sw	a6,0(a0)
	RV_ST(&SH->checksum, (c ^ v) + 66u, 701);
    4b98:	00b7c7b3          	xor	a5,a5,a1
    4b9c:	04278793          	addi	a5,a5,66
    4ba0:	06870593          	addi	a1,a4,104

00004ba4 <rvs_701>:
    4ba4:	00f5a023          	sw	a5,0(a1)
	if (use_lock) {
    4ba8:	00100793          	li	a5,1
    4bac:	04f60463          	beq	a2,a5,4bf4 <rvs_703>
		RV_RELEASE(lk, 1u, 702);
    4bb0:	00469793          	slli	a5,a3,0x4
    4bb4:	00f70733          	add	a4,a4,a5
    4bb8:	02470713          	addi	a4,a4,36
    4bbc:	00000793          	li	a5,0

00004bc0 <rvs_702>:
    4bc0:	00f72023          	sw	a5,0(a4)
    4bc4:	b002c7b7          	lui	a5,0xb002c
    4bc8:	e4178793          	addi	a5,a5,-447 # b002be41 <__bss_end+0xb0024a4d>
    4bcc:	01369693          	slli	a3,a3,0x13
    4bd0:	00f6e6b3          	or	a3,a3,a5
    4bd4:	400007b7          	lui	a5,0x40000
    4bd8:	00d7a023          	sw	a3,0(a5) # 40000000 <__bss_end+0x3fff8c0c>
    4bdc:	00000013          	nop
    4be0:	00000013          	nop
    4be4:	00000013          	nop
    4be8:	00000013          	nop
    4bec:	00000013          	nop
    4bf0:	00000013          	nop

00004bf4 <rvs_703>:
	}
	RV_MARK(703);
    4bf4:	00000013          	nop
	rv_local_sum += 4u;
    4bf8:	00007737          	lui	a4,0x7
    4bfc:	3f072783          	lw	a5,1008(a4) # 73f0 <rv_local_sum>
    4c00:	00478793          	addi	a5,a5,4
    4c04:	3ef72823          	sw	a5,1008(a4)
}
    4c08:	00008067          	ret

00004c0c <rv_t067>:

void rv_t067(void)
{
	unsigned v, c, lk;
	unsigned use_lock = (SH->mode != RV_MODE_RACE_OPEN);
    4c0c:	300007b7          	lui	a5,0x30000
    4c10:	0047a603          	lw	a2,4(a5) # 30000004 <__bss_end+0x2fff8c10>
	/* RV_MODE_RACE_WRONG_LOCK: each core takes a DIFFERENT lock, so both
	 * believe they are protected and neither excludes the other. */
	lk = (SH->mode == RV_MODE_RACE_WRONG_LOCK) ? 1u : 0u;
    4c14:	0047a683          	lw	a3,4(a5)
    4c18:	ffe68693          	addi	a3,a3,-2
    4c1c:	0016b693          	seqz	a3,a3

00004c20 <rvs_704>:

	RV_MARK(704);
    4c20:	00000013          	nop
	if (use_lock) {
    4c24:	00100713          	li	a4,1
    4c28:	06e60263          	beq	a2,a4,4c8c <rvs_706+0x34>
		RV_ACQUIRE(lk, 1u, 0u, 705, 706);
    4c2c:	00469513          	slli	a0,a3,0x4
    4c30:	00a785b3          	add	a1,a5,a0
    4c34:	02458593          	addi	a1,a1,36

00004c38 <rvs_705>:
    4c38:	00e5a023          	sw	a4,0(a1)
    4c3c:	00a787b3          	add	a5,a5,a0
    4c40:	0207a423          	sw	zero,40(a5)
    4c44:	00c0006f          	j	4c50 <rvs_705+0x18>
    4c48:	0287a703          	lw	a4,40(a5)
    4c4c:	00071663          	bnez	a4,4c58 <rvs_706>
    4c50:	0207a703          	lw	a4,32(a5)
    4c54:	fe071ae3          	bnez	a4,4c48 <rvs_705+0x10>

00004c58 <rvs_706>:
    4c58:	00000013          	nop
    4c5c:	a802c737          	lui	a4,0xa802c
    4c60:	01369793          	slli	a5,a3,0x13
    4c64:	24170713          	addi	a4,a4,577 # a802c241 <__bss_end+0xa8024e4d>
    4c68:	00e7e7b3          	or	a5,a5,a4
    4c6c:	40000737          	lui	a4,0x40000
    4c70:	00f72023          	sw	a5,0(a4) # 40000000 <__bss_end+0x3fff8c0c>
    4c74:	00000013          	nop
    4c78:	00000013          	nop
    4c7c:	00000013          	nop
    4c80:	00000013          	nop
    4c84:	00000013          	nop
    4c88:	00000013          	nop
	}
	RV_LD(v, &SH->balance, 707);
    4c8c:	30000737          	lui	a4,0x30000
    4c90:	06070593          	addi	a1,a4,96 # 30000060 <__bss_end+0x2fff8c6c>

00004c94 <rvs_707>:
    4c94:	0005a783          	lw	a5,0(a1)
	v += 5u;
    4c98:	00578793          	addi	a5,a5,5

00004c9c <rvs_708>:
	RV_ST(&SH->balance, v, 708);
    4c9c:	00f5a023          	sw	a5,0(a1)
	RV_LD(c, &SH->count, 709);
    4ca0:	06470513          	addi	a0,a4,100

00004ca4 <rvs_709>:
    4ca4:	00052583          	lw	a1,0(a0)
	RV_ST(&SH->count, c + 1u, 710);
    4ca8:	00158813          	addi	a6,a1,1

00004cac <rvs_710>:
    4cac:	01052023          	sw	a6,0(a0)
	RV_ST(&SH->checksum, (c ^ v) + 67u, 711);
    4cb0:	00b7c7b3          	xor	a5,a5,a1
    4cb4:	04378793          	addi	a5,a5,67
    4cb8:	06870593          	addi	a1,a4,104

00004cbc <rvs_711>:
    4cbc:	00f5a023          	sw	a5,0(a1)
	if (use_lock) {
    4cc0:	00100793          	li	a5,1
    4cc4:	04f60463          	beq	a2,a5,4d0c <rvs_713>
		RV_RELEASE(lk, 1u, 712);
    4cc8:	00469793          	slli	a5,a3,0x4
    4ccc:	00f70733          	add	a4,a4,a5
    4cd0:	02470713          	addi	a4,a4,36
    4cd4:	00000793          	li	a5,0

00004cd8 <rvs_712>:
    4cd8:	00f72023          	sw	a5,0(a4)
    4cdc:	b002d7b7          	lui	a5,0xb002d
    4ce0:	84178793          	addi	a5,a5,-1983 # b002c841 <__bss_end+0xb002544d>
    4ce4:	01369693          	slli	a3,a3,0x13
    4ce8:	00f6e6b3          	or	a3,a3,a5
    4cec:	400007b7          	lui	a5,0x40000
    4cf0:	00d7a023          	sw	a3,0(a5) # 40000000 <__bss_end+0x3fff8c0c>
    4cf4:	00000013          	nop
    4cf8:	00000013          	nop
    4cfc:	00000013          	nop
    4d00:	00000013          	nop
    4d04:	00000013          	nop
    4d08:	00000013          	nop

00004d0c <rvs_713>:
	}
	RV_MARK(713);
    4d0c:	00000013          	nop
	rv_local_sum += 5u;
    4d10:	00007737          	lui	a4,0x7
    4d14:	3f072783          	lw	a5,1008(a4) # 73f0 <rv_local_sum>
    4d18:	00578793          	addi	a5,a5,5
    4d1c:	3ef72823          	sw	a5,1008(a4)
}
    4d20:	00008067          	ret

00004d24 <rv_t068>:

void rv_t068(void)
{
	unsigned v, c, lk;
	unsigned use_lock = (SH->mode != RV_MODE_RACE_OPEN);
    4d24:	300007b7          	lui	a5,0x30000
    4d28:	0047a603          	lw	a2,4(a5) # 30000004 <__bss_end+0x2fff8c10>
	/* RV_MODE_RACE_WRONG_LOCK: each core takes a DIFFERENT lock, so both
	 * believe they are protected and neither excludes the other. */
	lk = (SH->mode == RV_MODE_RACE_WRONG_LOCK) ? 1u : 0u;
    4d2c:	0047a683          	lw	a3,4(a5)
    4d30:	ffe68693          	addi	a3,a3,-2
    4d34:	0016b693          	seqz	a3,a3

00004d38 <rvs_714>:

	RV_MARK(714);
    4d38:	00000013          	nop
	if (use_lock) {
    4d3c:	00100713          	li	a4,1
    4d40:	06e60263          	beq	a2,a4,4da4 <rvs_716+0x34>
		RV_ACQUIRE(lk, 1u, 0u, 715, 716);
    4d44:	00469513          	slli	a0,a3,0x4
    4d48:	00a785b3          	add	a1,a5,a0
    4d4c:	02458593          	addi	a1,a1,36

00004d50 <rvs_715>:
    4d50:	00e5a023          	sw	a4,0(a1)
    4d54:	00a787b3          	add	a5,a5,a0
    4d58:	0207a423          	sw	zero,40(a5)
    4d5c:	00c0006f          	j	4d68 <rvs_715+0x18>
    4d60:	0287a703          	lw	a4,40(a5)
    4d64:	00071663          	bnez	a4,4d70 <rvs_716>
    4d68:	0207a703          	lw	a4,32(a5)
    4d6c:	fe071ae3          	bnez	a4,4d60 <rvs_715+0x10>

00004d70 <rvs_716>:
    4d70:	00000013          	nop
    4d74:	a802d737          	lui	a4,0xa802d
    4d78:	01369793          	slli	a5,a3,0x13
    4d7c:	c4170713          	addi	a4,a4,-959 # a802cc41 <__bss_end+0xa802584d>
    4d80:	00e7e7b3          	or	a5,a5,a4
    4d84:	40000737          	lui	a4,0x40000
    4d88:	00f72023          	sw	a5,0(a4) # 40000000 <__bss_end+0x3fff8c0c>
    4d8c:	00000013          	nop
    4d90:	00000013          	nop
    4d94:	00000013          	nop
    4d98:	00000013          	nop
    4d9c:	00000013          	nop
    4da0:	00000013          	nop
	}
	RV_LD(v, &SH->balance, 717);
    4da4:	30000737          	lui	a4,0x30000
    4da8:	06070593          	addi	a1,a4,96 # 30000060 <__bss_end+0x2fff8c6c>

00004dac <rvs_717>:
    4dac:	0005a783          	lw	a5,0(a1)
	v += 6u;
    4db0:	00678793          	addi	a5,a5,6

00004db4 <rvs_718>:
	RV_ST(&SH->balance, v, 718);
    4db4:	00f5a023          	sw	a5,0(a1)
	RV_LD(c, &SH->count, 719);
    4db8:	06470513          	addi	a0,a4,100

00004dbc <rvs_719>:
    4dbc:	00052583          	lw	a1,0(a0)
	RV_ST(&SH->count, c + 1u, 720);
    4dc0:	00158813          	addi	a6,a1,1

00004dc4 <rvs_720>:
    4dc4:	01052023          	sw	a6,0(a0)
	RV_ST(&SH->checksum, (c ^ v) + 68u, 721);
    4dc8:	00b7c7b3          	xor	a5,a5,a1
    4dcc:	04478793          	addi	a5,a5,68
    4dd0:	06870593          	addi	a1,a4,104

00004dd4 <rvs_721>:
    4dd4:	00f5a023          	sw	a5,0(a1)
	if (use_lock) {
    4dd8:	00100793          	li	a5,1
    4ddc:	04f60463          	beq	a2,a5,4e24 <rvs_723>
		RV_RELEASE(lk, 1u, 722);
    4de0:	00469793          	slli	a5,a3,0x4
    4de4:	00f70733          	add	a4,a4,a5
    4de8:	02470713          	addi	a4,a4,36
    4dec:	00000793          	li	a5,0

00004df0 <rvs_722>:
    4df0:	00f72023          	sw	a5,0(a4)
    4df4:	b002d7b7          	lui	a5,0xb002d
    4df8:	24178793          	addi	a5,a5,577 # b002d241 <__bss_end+0xb0025e4d>
    4dfc:	01369693          	slli	a3,a3,0x13
    4e00:	00f6e6b3          	or	a3,a3,a5
    4e04:	400007b7          	lui	a5,0x40000
    4e08:	00d7a023          	sw	a3,0(a5) # 40000000 <__bss_end+0x3fff8c0c>
    4e0c:	00000013          	nop
    4e10:	00000013          	nop
    4e14:	00000013          	nop
    4e18:	00000013          	nop
    4e1c:	00000013          	nop
    4e20:	00000013          	nop

00004e24 <rvs_723>:
	}
	RV_MARK(723);
    4e24:	00000013          	nop
	rv_local_sum += 6u;
    4e28:	00007737          	lui	a4,0x7
    4e2c:	3f072783          	lw	a5,1008(a4) # 73f0 <rv_local_sum>
    4e30:	00678793          	addi	a5,a5,6
    4e34:	3ef72823          	sw	a5,1008(a4)
}
    4e38:	00008067          	ret

00004e3c <rv_t068_cap>:
void rv_t068_cap(void)
{
	unsigned w;
	/* The tag is COMPUTED here -- an ACT-ST trigger could only ever carry
	 * the constant its table entry was loaded with. */
	w = RV_ACT_WORD(RV_ACT_CMD_DAQ_PC_CURR, RV_ACT_SINK_AXIS,
    4e3c:	30000537          	lui	a0,0x30000
    4e40:	08052703          	lw	a4,128(a0) # 30000080 <__bss_end+0x2fff8c8c>
    4e44:	200007b7          	lui	a5,0x20000
    4e48:	f0078613          	addi	a2,a5,-256 # 1fffff00 <__bss_end+0x1fff8b0c>
    4e4c:	00871713          	slli	a4,a4,0x8
    4e50:	e00006b7          	lui	a3,0xe0000
    4e54:	00c77733          	and	a4,a4,a2
    4e58:	04168693          	addi	a3,a3,65 # e0000041 <__bss_end+0xdfff8c4d>
	                RV_TAG_VALUE(SH->ring_head & RV_VALUE_MASK));
	RV_ACTCAP_AT(724, w);
    4e5c:	400005b7          	lui	a1,0x40000
	w = RV_ACT_WORD(RV_ACT_CMD_DAQ_PC_CURR, RV_ACT_SINK_AXIS,
    4e60:	00d76733          	or	a4,a4,a3

00004e64 <rvs_724>:
	RV_ACTCAP_AT(724, w);
    4e64:	00e5a023          	sw	a4,0(a1) # 40000000 <__bss_end+0x3fff8c0c>
    4e68:	00000013          	nop
    4e6c:	00000013          	nop
    4e70:	00000013          	nop
    4e74:	00000013          	nop
    4e78:	00000013          	nop
    4e7c:	00000013          	nop
	w = RV_ACT_WORD(RV_ACT_CMD_DAQ_PC_CURR, RV_ACT_SINK_AXIS,
    4e80:	06052783          	lw	a5,96(a0)
    4e84:	00879793          	slli	a5,a5,0x8
    4e88:	00c7f7b3          	and	a5,a5,a2
    4e8c:	00d7e7b3          	or	a5,a5,a3

00004e90 <rvs_725>:
	                RV_TAG_VALUE(SH->balance & RV_VALUE_MASK));
	RV_ACTCAP_AT(725, w);
    4e90:	00f5a023          	sw	a5,0(a1)
    4e94:	00000013          	nop
    4e98:	00000013          	nop
    4e9c:	00000013          	nop
    4ea0:	00000013          	nop
    4ea4:	00000013          	nop
    4ea8:	00000013          	nop
	rv_actcap_issued += 2u;
    4eac:	00007737          	lui	a4,0x7
    4eb0:	3e872783          	lw	a5,1000(a4) # 73e8 <rv_actcap_issued>
    4eb4:	00278793          	addi	a5,a5,2
    4eb8:	3ef72423          	sw	a5,1000(a4)
}
    4ebc:	00008067          	ret

00004ec0 <rv_t069>:

void rv_t069(void)
{
	unsigned v, c, lk;
	unsigned use_lock = (SH->mode != RV_MODE_RACE_OPEN);
    4ec0:	300007b7          	lui	a5,0x30000
    4ec4:	0047a603          	lw	a2,4(a5) # 30000004 <__bss_end+0x2fff8c10>
	/* RV_MODE_RACE_WRONG_LOCK: each core takes a DIFFERENT lock, so both
	 * believe they are protected and neither excludes the other. */
	lk = (SH->mode == RV_MODE_RACE_WRONG_LOCK) ? 1u : 0u;
    4ec8:	0047a683          	lw	a3,4(a5)
    4ecc:	ffe68693          	addi	a3,a3,-2
    4ed0:	0016b693          	seqz	a3,a3

00004ed4 <rvs_726>:

	RV_MARK(726);
    4ed4:	00000013          	nop
	if (use_lock) {
    4ed8:	00100713          	li	a4,1
    4edc:	06e60263          	beq	a2,a4,4f40 <rvs_728+0x34>
		RV_ACQUIRE(lk, 1u, 0u, 727, 728);
    4ee0:	00469513          	slli	a0,a3,0x4
    4ee4:	00a785b3          	add	a1,a5,a0
    4ee8:	02458593          	addi	a1,a1,36

00004eec <rvs_727>:
    4eec:	00e5a023          	sw	a4,0(a1)
    4ef0:	00a787b3          	add	a5,a5,a0
    4ef4:	0207a423          	sw	zero,40(a5)
    4ef8:	00c0006f          	j	4f04 <rvs_727+0x18>
    4efc:	0287a703          	lw	a4,40(a5)
    4f00:	00071663          	bnez	a4,4f0c <rvs_728>
    4f04:	0207a703          	lw	a4,32(a5)
    4f08:	fe071ae3          	bnez	a4,4efc <rvs_727+0x10>

00004f0c <rvs_728>:
    4f0c:	00000013          	nop
    4f10:	a802e737          	lui	a4,0xa802e
    4f14:	01369793          	slli	a5,a3,0x13
    4f18:	84170713          	addi	a4,a4,-1983 # a802d841 <__bss_end+0xa802644d>
    4f1c:	00e7e7b3          	or	a5,a5,a4
    4f20:	40000737          	lui	a4,0x40000
    4f24:	00f72023          	sw	a5,0(a4) # 40000000 <__bss_end+0x3fff8c0c>
    4f28:	00000013          	nop
    4f2c:	00000013          	nop
    4f30:	00000013          	nop
    4f34:	00000013          	nop
    4f38:	00000013          	nop
    4f3c:	00000013          	nop
	}
	RV_LD(v, &SH->balance, 729);
    4f40:	30000737          	lui	a4,0x30000
    4f44:	06070593          	addi	a1,a4,96 # 30000060 <__bss_end+0x2fff8c6c>

00004f48 <rvs_729>:
    4f48:	0005a783          	lw	a5,0(a1)
	v += 7u;
    4f4c:	00778793          	addi	a5,a5,7

00004f50 <rvs_730>:
	RV_ST(&SH->balance, v, 730);
    4f50:	00f5a023          	sw	a5,0(a1)
	RV_LD(c, &SH->count, 731);
    4f54:	06470513          	addi	a0,a4,100

00004f58 <rvs_731>:
    4f58:	00052583          	lw	a1,0(a0)
	RV_ST(&SH->count, c + 1u, 732);
    4f5c:	00158813          	addi	a6,a1,1

00004f60 <rvs_732>:
    4f60:	01052023          	sw	a6,0(a0)
	RV_ST(&SH->checksum, (c ^ v) + 69u, 733);
    4f64:	00b7c7b3          	xor	a5,a5,a1
    4f68:	04578793          	addi	a5,a5,69
    4f6c:	06870593          	addi	a1,a4,104

00004f70 <rvs_733>:
    4f70:	00f5a023          	sw	a5,0(a1)
	if (use_lock) {
    4f74:	00100793          	li	a5,1
    4f78:	04f60463          	beq	a2,a5,4fc0 <rvs_735>
		RV_RELEASE(lk, 1u, 734);
    4f7c:	00469793          	slli	a5,a3,0x4
    4f80:	00f70733          	add	a4,a4,a5
    4f84:	02470713          	addi	a4,a4,36
    4f88:	00000793          	li	a5,0

00004f8c <rvs_734>:
    4f8c:	00f72023          	sw	a5,0(a4)
    4f90:	b002e7b7          	lui	a5,0xb002e
    4f94:	e4178793          	addi	a5,a5,-447 # b002de41 <__bss_end+0xb0026a4d>
    4f98:	01369693          	slli	a3,a3,0x13
    4f9c:	00f6e6b3          	or	a3,a3,a5
    4fa0:	400007b7          	lui	a5,0x40000
    4fa4:	00d7a023          	sw	a3,0(a5) # 40000000 <__bss_end+0x3fff8c0c>
    4fa8:	00000013          	nop
    4fac:	00000013          	nop
    4fb0:	00000013          	nop
    4fb4:	00000013          	nop
    4fb8:	00000013          	nop
    4fbc:	00000013          	nop

00004fc0 <rvs_735>:
	}
	RV_MARK(735);
    4fc0:	00000013          	nop
	rv_local_sum += 7u;
    4fc4:	00007737          	lui	a4,0x7
    4fc8:	3f072783          	lw	a5,1008(a4) # 73f0 <rv_local_sum>
    4fcc:	00778793          	addi	a5,a5,7
    4fd0:	3ef72823          	sw	a5,1008(a4)
}
    4fd4:	00008067          	ret

00004fd8 <rv_t070>:

void rv_t070(void)
{
    4fd8:	ff010113          	addi	sp,sp,-16
    4fdc:	00112623          	sw	ra,12(sp)
    4fe0:	00812423          	sw	s0,8(sp)
    4fe4:	00912223          	sw	s1,4(sp)
    4fe8:	01212023          	sw	s2,0(sp)

00004fec <rvs_736>:
	unsigned h, t, v, p;

	RV_MARK(736);
    4fec:	00000013          	nop
	RV_LD(h, &SH->ring_head, 737);
    4ff0:	30000437          	lui	s0,0x30000
    4ff4:	08040793          	addi	a5,s0,128 # 30000080 <__bss_end+0x2fff8c8c>

00004ff8 <rvs_737>:
    4ff8:	0007a783          	lw	a5,0(a5)
	RV_LD(t, &SH->ring_tail, 738);
    4ffc:	08440913          	addi	s2,s0,132

00005000 <rvs_738>:
    5000:	00092483          	lw	s1,0(s2)

00005004 <rvs_743>:
	RV_MARK(743);
    5004:	00000013          	nop
	if (h != t) {
    5008:	04978063          	beq	a5,s1,5048 <rvs_740+0x4>
		RV_LD(v, &SH->ring[t % RV_RING_SLOTS], 739);
    500c:	03c00593          	li	a1,60
    5010:	00048513          	mv	a0,s1
    5014:	170020ef          	jal	ra,7184 <__umodsi3>
    5018:	00251793          	slli	a5,a0,0x2
    501c:	09040413          	addi	s0,s0,144
    5020:	008787b3          	add	a5,a5,s0

00005024 <rvs_739>:
    5024:	0007a783          	lw	a5,0(a5)
		rv_local_sum += v;
    5028:	000076b7          	lui	a3,0x7
    502c:	3f06a703          	lw	a4,1008(a3) # 73f0 <rv_local_sum>
		RV_ST(&SH->ring_tail, (t + 1u) % RV_RING_SLOTS, 740);
    5030:	03c00593          	li	a1,60
    5034:	00148513          	addi	a0,s1,1
		rv_local_sum += v;
    5038:	00f707b3          	add	a5,a4,a5
    503c:	3ef6a823          	sw	a5,1008(a3)
		RV_ST(&SH->ring_tail, (t + 1u) % RV_RING_SLOTS, 740);
    5040:	144020ef          	jal	ra,7184 <__umodsi3>

00005044 <rvs_740>:
    5044:	00a92023          	sw	a0,0(s2)
	}
	RV_LD(p, &rv_private, 741);
    5048:	000077b7          	lui	a5,0x7
    504c:	3ec78793          	addi	a5,a5,1004 # 73ec <rv_private>

00005050 <rvs_741>:
    5050:	0007a703          	lw	a4,0(a5)
	RV_ST(&rv_private, p + 1u, 742);
    5054:	00170693          	addi	a3,a4,1

00005058 <rvs_742>:
    5058:	00d7a023          	sw	a3,0(a5)
	RV_ST(&SH->seq, p, 744);
    505c:	300007b7          	lui	a5,0x30000
    5060:	06c78793          	addi	a5,a5,108 # 3000006c <__bss_end+0x2fff8c78>

00005064 <rvs_744>:
    5064:	00e7a023          	sw	a4,0(a5)

00005068 <rvs_745>:
	RV_MARK(745);
    5068:	00000013          	nop
}
    506c:	00c12083          	lw	ra,12(sp)
    5070:	00812403          	lw	s0,8(sp)
    5074:	00412483          	lw	s1,4(sp)
    5078:	00012903          	lw	s2,0(sp)
    507c:	01010113          	addi	sp,sp,16
    5080:	00008067          	ret

00005084 <rv_t071>:

void rv_t071(void)
{
    5084:	ff010113          	addi	sp,sp,-16
    5088:	00112623          	sw	ra,12(sp)
    508c:	00812423          	sw	s0,8(sp)
    5090:	00912223          	sw	s1,4(sp)
    5094:	01212023          	sw	s2,0(sp)

00005098 <rvs_746>:
	unsigned h, t, v, p;

	RV_MARK(746);
    5098:	00000013          	nop
	RV_LD(h, &SH->ring_head, 747);
    509c:	30000437          	lui	s0,0x30000
    50a0:	08040793          	addi	a5,s0,128 # 30000080 <__bss_end+0x2fff8c8c>

000050a4 <rvs_747>:
    50a4:	0007a783          	lw	a5,0(a5)
	RV_LD(t, &SH->ring_tail, 748);
    50a8:	08440913          	addi	s2,s0,132

000050ac <rvs_748>:
    50ac:	00092483          	lw	s1,0(s2)

000050b0 <rvs_753>:
	RV_MARK(753);
    50b0:	00000013          	nop
	if (h != t) {
    50b4:	04978063          	beq	a5,s1,50f4 <rvs_750+0x4>
		RV_LD(v, &SH->ring[t % RV_RING_SLOTS], 749);
    50b8:	03c00593          	li	a1,60
    50bc:	00048513          	mv	a0,s1
    50c0:	0c4020ef          	jal	ra,7184 <__umodsi3>
    50c4:	00251793          	slli	a5,a0,0x2
    50c8:	09040413          	addi	s0,s0,144
    50cc:	008787b3          	add	a5,a5,s0

000050d0 <rvs_749>:
    50d0:	0007a783          	lw	a5,0(a5)
		rv_local_sum += v;
    50d4:	000076b7          	lui	a3,0x7
    50d8:	3f06a703          	lw	a4,1008(a3) # 73f0 <rv_local_sum>
		RV_ST(&SH->ring_tail, (t + 1u) % RV_RING_SLOTS, 750);
    50dc:	03c00593          	li	a1,60
    50e0:	00148513          	addi	a0,s1,1
		rv_local_sum += v;
    50e4:	00f707b3          	add	a5,a4,a5
    50e8:	3ef6a823          	sw	a5,1008(a3)
		RV_ST(&SH->ring_tail, (t + 1u) % RV_RING_SLOTS, 750);
    50ec:	098020ef          	jal	ra,7184 <__umodsi3>

000050f0 <rvs_750>:
    50f0:	00a92023          	sw	a0,0(s2)
	}
	RV_LD(p, &rv_private, 751);
    50f4:	000077b7          	lui	a5,0x7
    50f8:	3ec78793          	addi	a5,a5,1004 # 73ec <rv_private>

000050fc <rvs_751>:
    50fc:	0007a703          	lw	a4,0(a5)
	RV_ST(&rv_private, p + 1u, 752);
    5100:	00170693          	addi	a3,a4,1

00005104 <rvs_752>:
    5104:	00d7a023          	sw	a3,0(a5)
	RV_ST(&SH->seq, p, 754);
    5108:	300007b7          	lui	a5,0x30000
    510c:	06c78793          	addi	a5,a5,108 # 3000006c <__bss_end+0x2fff8c78>

00005110 <rvs_754>:
    5110:	00e7a023          	sw	a4,0(a5)

00005114 <rvs_755>:
	RV_MARK(755);
    5114:	00000013          	nop
}
    5118:	00c12083          	lw	ra,12(sp)
    511c:	00812403          	lw	s0,8(sp)
    5120:	00412483          	lw	s1,4(sp)
    5124:	00012903          	lw	s2,0(sp)
    5128:	01010113          	addi	sp,sp,16
    512c:	00008067          	ret

00005130 <rv_t072>:

void rv_t072(void)
{
    5130:	ff010113          	addi	sp,sp,-16
    5134:	00112623          	sw	ra,12(sp)
    5138:	00812423          	sw	s0,8(sp)
    513c:	00912223          	sw	s1,4(sp)
    5140:	01212023          	sw	s2,0(sp)

00005144 <rvs_756>:
	unsigned h, t, v, p;

	RV_MARK(756);
    5144:	00000013          	nop
	RV_LD(h, &SH->ring_head, 757);
    5148:	30000437          	lui	s0,0x30000
    514c:	08040793          	addi	a5,s0,128 # 30000080 <__bss_end+0x2fff8c8c>

00005150 <rvs_757>:
    5150:	0007a783          	lw	a5,0(a5)
	RV_LD(t, &SH->ring_tail, 758);
    5154:	08440913          	addi	s2,s0,132

00005158 <rvs_758>:
    5158:	00092483          	lw	s1,0(s2)

0000515c <rvs_763>:
	RV_MARK(763);
    515c:	00000013          	nop
	if (h != t) {
    5160:	04978063          	beq	a5,s1,51a0 <rvs_760+0x4>
		RV_LD(v, &SH->ring[t % RV_RING_SLOTS], 759);
    5164:	03c00593          	li	a1,60
    5168:	00048513          	mv	a0,s1
    516c:	018020ef          	jal	ra,7184 <__umodsi3>
    5170:	00251793          	slli	a5,a0,0x2
    5174:	09040413          	addi	s0,s0,144
    5178:	008787b3          	add	a5,a5,s0

0000517c <rvs_759>:
    517c:	0007a783          	lw	a5,0(a5)
		rv_local_sum += v;
    5180:	000076b7          	lui	a3,0x7
    5184:	3f06a703          	lw	a4,1008(a3) # 73f0 <rv_local_sum>
		RV_ST(&SH->ring_tail, (t + 1u) % RV_RING_SLOTS, 760);
    5188:	03c00593          	li	a1,60
    518c:	00148513          	addi	a0,s1,1
		rv_local_sum += v;
    5190:	00f707b3          	add	a5,a4,a5
    5194:	3ef6a823          	sw	a5,1008(a3)
		RV_ST(&SH->ring_tail, (t + 1u) % RV_RING_SLOTS, 760);
    5198:	7ed010ef          	jal	ra,7184 <__umodsi3>

0000519c <rvs_760>:
    519c:	00a92023          	sw	a0,0(s2)
	}
	RV_LD(p, &rv_private, 761);
    51a0:	000077b7          	lui	a5,0x7
    51a4:	3ec78793          	addi	a5,a5,1004 # 73ec <rv_private>

000051a8 <rvs_761>:
    51a8:	0007a703          	lw	a4,0(a5)
	RV_ST(&rv_private, p + 1u, 762);
    51ac:	00170693          	addi	a3,a4,1

000051b0 <rvs_762>:
    51b0:	00d7a023          	sw	a3,0(a5)
	RV_ST(&SH->seq, p, 764);
    51b4:	300007b7          	lui	a5,0x30000
    51b8:	06c78793          	addi	a5,a5,108 # 3000006c <__bss_end+0x2fff8c78>

000051bc <rvs_764>:
    51bc:	00e7a023          	sw	a4,0(a5)

000051c0 <rvs_765>:
	RV_MARK(765);
    51c0:	00000013          	nop
}
    51c4:	00c12083          	lw	ra,12(sp)
    51c8:	00812403          	lw	s0,8(sp)
    51cc:	00412483          	lw	s1,4(sp)
    51d0:	00012903          	lw	s2,0(sp)
    51d4:	01010113          	addi	sp,sp,16
    51d8:	00008067          	ret

000051dc <rv_t072_cap>:
void rv_t072_cap(void)
{
	unsigned w;
	/* The tag is COMPUTED here -- an ACT-ST trigger could only ever carry
	 * the constant its table entry was loaded with. */
	w = RV_ACT_WORD(RV_ACT_CMD_DAQ_PC_CURR, RV_ACT_SINK_AXIS,
    51dc:	30000537          	lui	a0,0x30000
    51e0:	08052703          	lw	a4,128(a0) # 30000080 <__bss_end+0x2fff8c8c>
    51e4:	200007b7          	lui	a5,0x20000
    51e8:	f0078613          	addi	a2,a5,-256 # 1fffff00 <__bss_end+0x1fff8b0c>
    51ec:	00871713          	slli	a4,a4,0x8
    51f0:	e00006b7          	lui	a3,0xe0000
    51f4:	00c77733          	and	a4,a4,a2
    51f8:	04168693          	addi	a3,a3,65 # e0000041 <__bss_end+0xdfff8c4d>
	                RV_TAG_VALUE(SH->ring_head & RV_VALUE_MASK));
	RV_ACTCAP_AT(766, w);
    51fc:	400005b7          	lui	a1,0x40000
	w = RV_ACT_WORD(RV_ACT_CMD_DAQ_PC_CURR, RV_ACT_SINK_AXIS,
    5200:	00d76733          	or	a4,a4,a3

00005204 <rvs_766>:
	RV_ACTCAP_AT(766, w);
    5204:	00e5a023          	sw	a4,0(a1) # 40000000 <__bss_end+0x3fff8c0c>
    5208:	00000013          	nop
    520c:	00000013          	nop
    5210:	00000013          	nop
    5214:	00000013          	nop
    5218:	00000013          	nop
    521c:	00000013          	nop
	w = RV_ACT_WORD(RV_ACT_CMD_DAQ_PC_CURR, RV_ACT_SINK_AXIS,
    5220:	06052783          	lw	a5,96(a0)
    5224:	00879793          	slli	a5,a5,0x8
    5228:	00c7f7b3          	and	a5,a5,a2
    522c:	00d7e7b3          	or	a5,a5,a3

00005230 <rvs_767>:
	                RV_TAG_VALUE(SH->balance & RV_VALUE_MASK));
	RV_ACTCAP_AT(767, w);
    5230:	00f5a023          	sw	a5,0(a1)
    5234:	00000013          	nop
    5238:	00000013          	nop
    523c:	00000013          	nop
    5240:	00000013          	nop
    5244:	00000013          	nop
    5248:	00000013          	nop
	rv_actcap_issued += 2u;
    524c:	00007737          	lui	a4,0x7
    5250:	3e872783          	lw	a5,1000(a4) # 73e8 <rv_actcap_issued>
    5254:	00278793          	addi	a5,a5,2
    5258:	3ef72423          	sw	a5,1000(a4)
}
    525c:	00008067          	ret

00005260 <rv_t073>:

void rv_t073(void)
{
	unsigned v, c, lk;
	unsigned use_lock = (SH->mode != RV_MODE_RACE_OPEN);
    5260:	300007b7          	lui	a5,0x30000
    5264:	0047a603          	lw	a2,4(a5) # 30000004 <__bss_end+0x2fff8c10>
	/* RV_MODE_RACE_WRONG_LOCK: each core takes a DIFFERENT lock, so both
	 * believe they are protected and neither excludes the other. */
	lk = (SH->mode == RV_MODE_RACE_WRONG_LOCK) ? 1u : 0u;
    5268:	0047a683          	lw	a3,4(a5)
    526c:	ffe68693          	addi	a3,a3,-2
    5270:	0016b693          	seqz	a3,a3

00005274 <rvs_768>:

	RV_MARK(768);
    5274:	00000013          	nop
	if (use_lock) {
    5278:	00100713          	li	a4,1
    527c:	06e60263          	beq	a2,a4,52e0 <rvs_770+0x34>
		RV_ACQUIRE(lk, 1u, 0u, 769, 770);
    5280:	00469513          	slli	a0,a3,0x4
    5284:	00a785b3          	add	a1,a5,a0
    5288:	02458593          	addi	a1,a1,36

0000528c <rvs_769>:
    528c:	00e5a023          	sw	a4,0(a1)
    5290:	00a787b3          	add	a5,a5,a0
    5294:	0207a423          	sw	zero,40(a5)
    5298:	00c0006f          	j	52a4 <rvs_769+0x18>
    529c:	0287a703          	lw	a4,40(a5)
    52a0:	00071663          	bnez	a4,52ac <rvs_770>
    52a4:	0207a703          	lw	a4,32(a5)
    52a8:	fe071ae3          	bnez	a4,529c <rvs_769+0x10>

000052ac <rvs_770>:
    52ac:	00000013          	nop
    52b0:	a8030737          	lui	a4,0xa8030
    52b4:	01369793          	slli	a5,a3,0x13
    52b8:	24170713          	addi	a4,a4,577 # a8030241 <__bss_end+0xa8028e4d>
    52bc:	00e7e7b3          	or	a5,a5,a4
    52c0:	40000737          	lui	a4,0x40000
    52c4:	00f72023          	sw	a5,0(a4) # 40000000 <__bss_end+0x3fff8c0c>
    52c8:	00000013          	nop
    52cc:	00000013          	nop
    52d0:	00000013          	nop
    52d4:	00000013          	nop
    52d8:	00000013          	nop
    52dc:	00000013          	nop
	}
	RV_LD(v, &SH->balance, 771);
    52e0:	30000737          	lui	a4,0x30000
    52e4:	06070593          	addi	a1,a4,96 # 30000060 <__bss_end+0x2fff8c6c>

000052e8 <rvs_771>:
    52e8:	0005a783          	lw	a5,0(a1)
	v += 4u;
    52ec:	00478793          	addi	a5,a5,4

000052f0 <rvs_772>:
	RV_ST(&SH->balance, v, 772);
    52f0:	00f5a023          	sw	a5,0(a1)
	RV_LD(c, &SH->count, 773);
    52f4:	06470513          	addi	a0,a4,100

000052f8 <rvs_773>:
    52f8:	00052583          	lw	a1,0(a0)
	RV_ST(&SH->count, c + 1u, 774);
    52fc:	00158813          	addi	a6,a1,1

00005300 <rvs_774>:
    5300:	01052023          	sw	a6,0(a0)
	RV_ST(&SH->checksum, (c ^ v) + 73u, 775);
    5304:	00b7c7b3          	xor	a5,a5,a1
    5308:	04978793          	addi	a5,a5,73
    530c:	06870593          	addi	a1,a4,104

00005310 <rvs_775>:
    5310:	00f5a023          	sw	a5,0(a1)
	if (use_lock) {
    5314:	00100793          	li	a5,1
    5318:	04f60463          	beq	a2,a5,5360 <rvs_777>
		RV_RELEASE(lk, 1u, 776);
    531c:	00469793          	slli	a5,a3,0x4
    5320:	00f70733          	add	a4,a4,a5
    5324:	02470713          	addi	a4,a4,36
    5328:	00000793          	li	a5,0

0000532c <rvs_776>:
    532c:	00f72023          	sw	a5,0(a4)
    5330:	b00317b7          	lui	a5,0xb0031
    5334:	84178793          	addi	a5,a5,-1983 # b0030841 <__bss_end+0xb002944d>
    5338:	01369693          	slli	a3,a3,0x13
    533c:	00f6e6b3          	or	a3,a3,a5
    5340:	400007b7          	lui	a5,0x40000
    5344:	00d7a023          	sw	a3,0(a5) # 40000000 <__bss_end+0x3fff8c0c>
    5348:	00000013          	nop
    534c:	00000013          	nop
    5350:	00000013          	nop
    5354:	00000013          	nop
    5358:	00000013          	nop
    535c:	00000013          	nop

00005360 <rvs_777>:
	}
	RV_MARK(777);
    5360:	00000013          	nop
	rv_local_sum += 4u;
    5364:	00007737          	lui	a4,0x7
    5368:	3f072783          	lw	a5,1008(a4) # 73f0 <rv_local_sum>
    536c:	00478793          	addi	a5,a5,4
    5370:	3ef72823          	sw	a5,1008(a4)
}
    5374:	00008067          	ret

00005378 <rv_t074>:

void rv_t074(void)
{
	unsigned v, c, lk;
	unsigned use_lock = (SH->mode != RV_MODE_RACE_OPEN);
    5378:	300007b7          	lui	a5,0x30000
    537c:	0047a603          	lw	a2,4(a5) # 30000004 <__bss_end+0x2fff8c10>
	/* RV_MODE_RACE_WRONG_LOCK: each core takes a DIFFERENT lock, so both
	 * believe they are protected and neither excludes the other. */
	lk = (SH->mode == RV_MODE_RACE_WRONG_LOCK) ? 1u : 0u;
    5380:	0047a683          	lw	a3,4(a5)
    5384:	ffe68693          	addi	a3,a3,-2
    5388:	0016b693          	seqz	a3,a3

0000538c <rvs_778>:

	RV_MARK(778);
    538c:	00000013          	nop
	if (use_lock) {
    5390:	00100713          	li	a4,1
    5394:	06e60263          	beq	a2,a4,53f8 <rvs_780+0x34>
		RV_ACQUIRE(lk, 1u, 0u, 779, 780);
    5398:	00469513          	slli	a0,a3,0x4
    539c:	00a785b3          	add	a1,a5,a0
    53a0:	02458593          	addi	a1,a1,36

000053a4 <rvs_779>:
    53a4:	00e5a023          	sw	a4,0(a1)
    53a8:	00a787b3          	add	a5,a5,a0
    53ac:	0207a423          	sw	zero,40(a5)
    53b0:	00c0006f          	j	53bc <rvs_779+0x18>
    53b4:	0287a703          	lw	a4,40(a5)
    53b8:	00071663          	bnez	a4,53c4 <rvs_780>
    53bc:	0207a703          	lw	a4,32(a5)
    53c0:	fe071ae3          	bnez	a4,53b4 <rvs_779+0x10>

000053c4 <rvs_780>:
    53c4:	00000013          	nop
    53c8:	a8031737          	lui	a4,0xa8031
    53cc:	01369793          	slli	a5,a3,0x13
    53d0:	c4170713          	addi	a4,a4,-959 # a8030c41 <__bss_end+0xa802984d>
    53d4:	00e7e7b3          	or	a5,a5,a4
    53d8:	40000737          	lui	a4,0x40000
    53dc:	00f72023          	sw	a5,0(a4) # 40000000 <__bss_end+0x3fff8c0c>
    53e0:	00000013          	nop
    53e4:	00000013          	nop
    53e8:	00000013          	nop
    53ec:	00000013          	nop
    53f0:	00000013          	nop
    53f4:	00000013          	nop
	}
	RV_LD(v, &SH->balance, 781);
    53f8:	30000737          	lui	a4,0x30000
    53fc:	06070593          	addi	a1,a4,96 # 30000060 <__bss_end+0x2fff8c6c>

00005400 <rvs_781>:
    5400:	0005a783          	lw	a5,0(a1)
	v += 5u;
    5404:	00578793          	addi	a5,a5,5

00005408 <rvs_782>:
	RV_ST(&SH->balance, v, 782);
    5408:	00f5a023          	sw	a5,0(a1)
	RV_LD(c, &SH->count, 783);
    540c:	06470513          	addi	a0,a4,100

00005410 <rvs_783>:
    5410:	00052583          	lw	a1,0(a0)
	RV_ST(&SH->count, c + 1u, 784);
    5414:	00158813          	addi	a6,a1,1

00005418 <rvs_784>:
    5418:	01052023          	sw	a6,0(a0)
	RV_ST(&SH->checksum, (c ^ v) + 74u, 785);
    541c:	00b7c7b3          	xor	a5,a5,a1
    5420:	04a78793          	addi	a5,a5,74
    5424:	06870593          	addi	a1,a4,104

00005428 <rvs_785>:
    5428:	00f5a023          	sw	a5,0(a1)
	if (use_lock) {
    542c:	00100793          	li	a5,1
    5430:	04f60463          	beq	a2,a5,5478 <rvs_787>
		RV_RELEASE(lk, 1u, 786);
    5434:	00469793          	slli	a5,a3,0x4
    5438:	00f70733          	add	a4,a4,a5
    543c:	02470713          	addi	a4,a4,36
    5440:	00000793          	li	a5,0

00005444 <rvs_786>:
    5444:	00f72023          	sw	a5,0(a4)
    5448:	b00317b7          	lui	a5,0xb0031
    544c:	24178793          	addi	a5,a5,577 # b0031241 <__bss_end+0xb0029e4d>
    5450:	01369693          	slli	a3,a3,0x13
    5454:	00f6e6b3          	or	a3,a3,a5
    5458:	400007b7          	lui	a5,0x40000
    545c:	00d7a023          	sw	a3,0(a5) # 40000000 <__bss_end+0x3fff8c0c>
    5460:	00000013          	nop
    5464:	00000013          	nop
    5468:	00000013          	nop
    546c:	00000013          	nop
    5470:	00000013          	nop
    5474:	00000013          	nop

00005478 <rvs_787>:
	}
	RV_MARK(787);
    5478:	00000013          	nop
	rv_local_sum += 5u;
    547c:	00007737          	lui	a4,0x7
    5480:	3f072783          	lw	a5,1008(a4) # 73f0 <rv_local_sum>
    5484:	00578793          	addi	a5,a5,5
    5488:	3ef72823          	sw	a5,1008(a4)
}
    548c:	00008067          	ret

00005490 <rv_t075>:

void rv_t075(void)
{
	unsigned v, c, lk;
	unsigned use_lock = (SH->mode != RV_MODE_RACE_OPEN);
    5490:	300007b7          	lui	a5,0x30000
    5494:	0047a603          	lw	a2,4(a5) # 30000004 <__bss_end+0x2fff8c10>
	/* RV_MODE_RACE_WRONG_LOCK: each core takes a DIFFERENT lock, so both
	 * believe they are protected and neither excludes the other. */
	lk = (SH->mode == RV_MODE_RACE_WRONG_LOCK) ? 1u : 0u;
    5498:	0047a683          	lw	a3,4(a5)
    549c:	ffe68693          	addi	a3,a3,-2
    54a0:	0016b693          	seqz	a3,a3

000054a4 <rvs_788>:

	RV_MARK(788);
    54a4:	00000013          	nop
	if (use_lock) {
    54a8:	00100713          	li	a4,1
    54ac:	06e60263          	beq	a2,a4,5510 <rvs_790+0x34>
		RV_ACQUIRE(lk, 1u, 0u, 789, 790);
    54b0:	00469513          	slli	a0,a3,0x4
    54b4:	00a785b3          	add	a1,a5,a0
    54b8:	02458593          	addi	a1,a1,36

000054bc <rvs_789>:
    54bc:	00e5a023          	sw	a4,0(a1)
    54c0:	00a787b3          	add	a5,a5,a0
    54c4:	0207a423          	sw	zero,40(a5)
    54c8:	00c0006f          	j	54d4 <rvs_789+0x18>
    54cc:	0287a703          	lw	a4,40(a5)
    54d0:	00071663          	bnez	a4,54dc <rvs_790>
    54d4:	0207a703          	lw	a4,32(a5)
    54d8:	fe071ae3          	bnez	a4,54cc <rvs_789+0x10>

000054dc <rvs_790>:
    54dc:	00000013          	nop
    54e0:	a8031737          	lui	a4,0xa8031
    54e4:	01369793          	slli	a5,a3,0x13
    54e8:	64170713          	addi	a4,a4,1601 # a8031641 <__bss_end+0xa802a24d>
    54ec:	00e7e7b3          	or	a5,a5,a4
    54f0:	40000737          	lui	a4,0x40000
    54f4:	00f72023          	sw	a5,0(a4) # 40000000 <__bss_end+0x3fff8c0c>
    54f8:	00000013          	nop
    54fc:	00000013          	nop
    5500:	00000013          	nop
    5504:	00000013          	nop
    5508:	00000013          	nop
    550c:	00000013          	nop
	}
	RV_LD(v, &SH->balance, 791);
    5510:	30000737          	lui	a4,0x30000
    5514:	06070593          	addi	a1,a4,96 # 30000060 <__bss_end+0x2fff8c6c>

00005518 <rvs_791>:
    5518:	0005a783          	lw	a5,0(a1)
	v += 6u;
    551c:	00678793          	addi	a5,a5,6

00005520 <rvs_792>:
	RV_ST(&SH->balance, v, 792);
    5520:	00f5a023          	sw	a5,0(a1)
	RV_LD(c, &SH->count, 793);
    5524:	06470513          	addi	a0,a4,100

00005528 <rvs_793>:
    5528:	00052583          	lw	a1,0(a0)
	RV_ST(&SH->count, c + 1u, 794);
    552c:	00158813          	addi	a6,a1,1

00005530 <rvs_794>:
    5530:	01052023          	sw	a6,0(a0)
	RV_ST(&SH->checksum, (c ^ v) + 75u, 795);
    5534:	00b7c7b3          	xor	a5,a5,a1
    5538:	04b78793          	addi	a5,a5,75
    553c:	06870593          	addi	a1,a4,104

00005540 <rvs_795>:
    5540:	00f5a023          	sw	a5,0(a1)
	if (use_lock) {
    5544:	00100793          	li	a5,1
    5548:	04f60463          	beq	a2,a5,5590 <rvs_797>
		RV_RELEASE(lk, 1u, 796);
    554c:	00469793          	slli	a5,a3,0x4
    5550:	00f70733          	add	a4,a4,a5
    5554:	02470713          	addi	a4,a4,36
    5558:	00000793          	li	a5,0

0000555c <rvs_796>:
    555c:	00f72023          	sw	a5,0(a4)
    5560:	b00327b7          	lui	a5,0xb0032
    5564:	c4178793          	addi	a5,a5,-959 # b0031c41 <__bss_end+0xb002a84d>
    5568:	01369693          	slli	a3,a3,0x13
    556c:	00f6e6b3          	or	a3,a3,a5
    5570:	400007b7          	lui	a5,0x40000
    5574:	00d7a023          	sw	a3,0(a5) # 40000000 <__bss_end+0x3fff8c0c>
    5578:	00000013          	nop
    557c:	00000013          	nop
    5580:	00000013          	nop
    5584:	00000013          	nop
    5588:	00000013          	nop
    558c:	00000013          	nop

00005590 <rvs_797>:
	}
	RV_MARK(797);
    5590:	00000013          	nop
	rv_local_sum += 6u;
    5594:	00007737          	lui	a4,0x7
    5598:	3f072783          	lw	a5,1008(a4) # 73f0 <rv_local_sum>
    559c:	00678793          	addi	a5,a5,6
    55a0:	3ef72823          	sw	a5,1008(a4)
}
    55a4:	00008067          	ret

000055a8 <rv_t076>:

void rv_t076(void)
{
	unsigned v, c, lk;
	unsigned use_lock = (SH->mode != RV_MODE_RACE_OPEN);
    55a8:	300007b7          	lui	a5,0x30000
    55ac:	0047a603          	lw	a2,4(a5) # 30000004 <__bss_end+0x2fff8c10>
	/* RV_MODE_RACE_WRONG_LOCK: each core takes a DIFFERENT lock, so both
	 * believe they are protected and neither excludes the other. */
	lk = (SH->mode == RV_MODE_RACE_WRONG_LOCK) ? 1u : 0u;
    55b0:	0047a683          	lw	a3,4(a5)
    55b4:	ffe68693          	addi	a3,a3,-2
    55b8:	0016b693          	seqz	a3,a3

000055bc <rvs_798>:

	RV_MARK(798);
    55bc:	00000013          	nop
	if (use_lock) {
    55c0:	00100713          	li	a4,1
    55c4:	06e60263          	beq	a2,a4,5628 <rvs_800+0x34>
		RV_ACQUIRE(lk, 1u, 0u, 799, 800);
    55c8:	00469513          	slli	a0,a3,0x4
    55cc:	00a785b3          	add	a1,a5,a0
    55d0:	02458593          	addi	a1,a1,36

000055d4 <rvs_799>:
    55d4:	00e5a023          	sw	a4,0(a1)
    55d8:	00a787b3          	add	a5,a5,a0
    55dc:	0207a423          	sw	zero,40(a5)
    55e0:	00c0006f          	j	55ec <rvs_799+0x18>
    55e4:	0287a703          	lw	a4,40(a5)
    55e8:	00071663          	bnez	a4,55f4 <rvs_800>
    55ec:	0207a703          	lw	a4,32(a5)
    55f0:	fe071ae3          	bnez	a4,55e4 <rvs_799+0x10>

000055f4 <rvs_800>:
    55f4:	00000013          	nop
    55f8:	a8032737          	lui	a4,0xa8032
    55fc:	01369793          	slli	a5,a3,0x13
    5600:	04170713          	addi	a4,a4,65 # a8032041 <__bss_end+0xa802ac4d>
    5604:	00e7e7b3          	or	a5,a5,a4
    5608:	40000737          	lui	a4,0x40000
    560c:	00f72023          	sw	a5,0(a4) # 40000000 <__bss_end+0x3fff8c0c>
    5610:	00000013          	nop
    5614:	00000013          	nop
    5618:	00000013          	nop
    561c:	00000013          	nop
    5620:	00000013          	nop
    5624:	00000013          	nop
	}
	RV_LD(v, &SH->balance, 801);
    5628:	30000737          	lui	a4,0x30000
    562c:	06070593          	addi	a1,a4,96 # 30000060 <__bss_end+0x2fff8c6c>

00005630 <rvs_801>:
    5630:	0005a783          	lw	a5,0(a1)
	v += 7u;
    5634:	00778793          	addi	a5,a5,7

00005638 <rvs_802>:
	RV_ST(&SH->balance, v, 802);
    5638:	00f5a023          	sw	a5,0(a1)
	RV_LD(c, &SH->count, 803);
    563c:	06470513          	addi	a0,a4,100

00005640 <rvs_803>:
    5640:	00052583          	lw	a1,0(a0)
	RV_ST(&SH->count, c + 1u, 804);
    5644:	00158813          	addi	a6,a1,1

00005648 <rvs_804>:
    5648:	01052023          	sw	a6,0(a0)
	RV_ST(&SH->checksum, (c ^ v) + 76u, 805);
    564c:	00b7c7b3          	xor	a5,a5,a1
    5650:	04c78793          	addi	a5,a5,76
    5654:	06870593          	addi	a1,a4,104

00005658 <rvs_805>:
    5658:	00f5a023          	sw	a5,0(a1)
	if (use_lock) {
    565c:	00100793          	li	a5,1
    5660:	04f60463          	beq	a2,a5,56a8 <rvs_807>
		RV_RELEASE(lk, 1u, 806);
    5664:	00469793          	slli	a5,a3,0x4
    5668:	00f70733          	add	a4,a4,a5
    566c:	02470713          	addi	a4,a4,36
    5670:	00000793          	li	a5,0

00005674 <rvs_806>:
    5674:	00f72023          	sw	a5,0(a4)
    5678:	b00327b7          	lui	a5,0xb0032
    567c:	64178793          	addi	a5,a5,1601 # b0032641 <__bss_end+0xb002b24d>
    5680:	01369693          	slli	a3,a3,0x13
    5684:	00f6e6b3          	or	a3,a3,a5
    5688:	400007b7          	lui	a5,0x40000
    568c:	00d7a023          	sw	a3,0(a5) # 40000000 <__bss_end+0x3fff8c0c>
    5690:	00000013          	nop
    5694:	00000013          	nop
    5698:	00000013          	nop
    569c:	00000013          	nop
    56a0:	00000013          	nop
    56a4:	00000013          	nop

000056a8 <rvs_807>:
	}
	RV_MARK(807);
    56a8:	00000013          	nop
	rv_local_sum += 7u;
    56ac:	00007737          	lui	a4,0x7
    56b0:	3f072783          	lw	a5,1008(a4) # 73f0 <rv_local_sum>
    56b4:	00778793          	addi	a5,a5,7
    56b8:	3ef72823          	sw	a5,1008(a4)
}
    56bc:	00008067          	ret

000056c0 <rv_t076_cap>:
void rv_t076_cap(void)
{
	unsigned w;
	/* The tag is COMPUTED here -- an ACT-ST trigger could only ever carry
	 * the constant its table entry was loaded with. */
	w = RV_ACT_WORD(RV_ACT_CMD_DAQ_PC_CURR, RV_ACT_SINK_AXIS,
    56c0:	30000537          	lui	a0,0x30000
    56c4:	08052703          	lw	a4,128(a0) # 30000080 <__bss_end+0x2fff8c8c>
    56c8:	200007b7          	lui	a5,0x20000
    56cc:	f0078613          	addi	a2,a5,-256 # 1fffff00 <__bss_end+0x1fff8b0c>
    56d0:	00871713          	slli	a4,a4,0x8
    56d4:	e00006b7          	lui	a3,0xe0000
    56d8:	00c77733          	and	a4,a4,a2
    56dc:	04168693          	addi	a3,a3,65 # e0000041 <__bss_end+0xdfff8c4d>
	                RV_TAG_VALUE(SH->ring_head & RV_VALUE_MASK));
	RV_ACTCAP_AT(808, w);
    56e0:	400005b7          	lui	a1,0x40000
	w = RV_ACT_WORD(RV_ACT_CMD_DAQ_PC_CURR, RV_ACT_SINK_AXIS,
    56e4:	00d76733          	or	a4,a4,a3

000056e8 <rvs_808>:
	RV_ACTCAP_AT(808, w);
    56e8:	00e5a023          	sw	a4,0(a1) # 40000000 <__bss_end+0x3fff8c0c>
    56ec:	00000013          	nop
    56f0:	00000013          	nop
    56f4:	00000013          	nop
    56f8:	00000013          	nop
    56fc:	00000013          	nop
    5700:	00000013          	nop
	w = RV_ACT_WORD(RV_ACT_CMD_DAQ_PC_CURR, RV_ACT_SINK_AXIS,
    5704:	06052783          	lw	a5,96(a0)
    5708:	00879793          	slli	a5,a5,0x8
    570c:	00c7f7b3          	and	a5,a5,a2
    5710:	00d7e7b3          	or	a5,a5,a3

00005714 <rvs_809>:
	                RV_TAG_VALUE(SH->balance & RV_VALUE_MASK));
	RV_ACTCAP_AT(809, w);
    5714:	00f5a023          	sw	a5,0(a1)
    5718:	00000013          	nop
    571c:	00000013          	nop
    5720:	00000013          	nop
    5724:	00000013          	nop
    5728:	00000013          	nop
    572c:	00000013          	nop
	rv_actcap_issued += 2u;
    5730:	00007737          	lui	a4,0x7
    5734:	3e872783          	lw	a5,1000(a4) # 73e8 <rv_actcap_issued>
    5738:	00278793          	addi	a5,a5,2
    573c:	3ef72423          	sw	a5,1000(a4)
}
    5740:	00008067          	ret

00005744 <rv_t077>:

void rv_t077(void)
{
	unsigned v, c, lk;
	unsigned use_lock = (SH->mode != RV_MODE_RACE_OPEN);
    5744:	300007b7          	lui	a5,0x30000
    5748:	0047a603          	lw	a2,4(a5) # 30000004 <__bss_end+0x2fff8c10>
	/* RV_MODE_RACE_WRONG_LOCK: each core takes a DIFFERENT lock, so both
	 * believe they are protected and neither excludes the other. */
	lk = (SH->mode == RV_MODE_RACE_WRONG_LOCK) ? 1u : 0u;
    574c:	0047a683          	lw	a3,4(a5)
    5750:	ffe68693          	addi	a3,a3,-2
    5754:	0016b693          	seqz	a3,a3

00005758 <rvs_810>:

	RV_MARK(810);
    5758:	00000013          	nop
	if (use_lock) {
    575c:	00100713          	li	a4,1
    5760:	06e60263          	beq	a2,a4,57c4 <rvs_812+0x34>
		RV_ACQUIRE(lk, 1u, 0u, 811, 812);
    5764:	00469513          	slli	a0,a3,0x4
    5768:	00a785b3          	add	a1,a5,a0
    576c:	02458593          	addi	a1,a1,36

00005770 <rvs_811>:
    5770:	00e5a023          	sw	a4,0(a1)
    5774:	00a787b3          	add	a5,a5,a0
    5778:	0207a423          	sw	zero,40(a5)
    577c:	00c0006f          	j	5788 <rvs_811+0x18>
    5780:	0287a703          	lw	a4,40(a5)
    5784:	00071663          	bnez	a4,5790 <rvs_812>
    5788:	0207a703          	lw	a4,32(a5)
    578c:	fe071ae3          	bnez	a4,5780 <rvs_811+0x10>

00005790 <rvs_812>:
    5790:	00000013          	nop
    5794:	a8033737          	lui	a4,0xa8033
    5798:	01369793          	slli	a5,a3,0x13
    579c:	c4170713          	addi	a4,a4,-959 # a8032c41 <__bss_end+0xa802b84d>
    57a0:	00e7e7b3          	or	a5,a5,a4
    57a4:	40000737          	lui	a4,0x40000
    57a8:	00f72023          	sw	a5,0(a4) # 40000000 <__bss_end+0x3fff8c0c>
    57ac:	00000013          	nop
    57b0:	00000013          	nop
    57b4:	00000013          	nop
    57b8:	00000013          	nop
    57bc:	00000013          	nop
    57c0:	00000013          	nop
	}
	RV_LD(v, &SH->balance, 813);
    57c4:	30000737          	lui	a4,0x30000
    57c8:	06070593          	addi	a1,a4,96 # 30000060 <__bss_end+0x2fff8c6c>

000057cc <rvs_813>:
    57cc:	0005a783          	lw	a5,0(a1)
	v += 1u;
    57d0:	00178793          	addi	a5,a5,1

000057d4 <rvs_814>:
	RV_ST(&SH->balance, v, 814);
    57d4:	00f5a023          	sw	a5,0(a1)
	RV_LD(c, &SH->count, 815);
    57d8:	06470513          	addi	a0,a4,100

000057dc <rvs_815>:
    57dc:	00052583          	lw	a1,0(a0)
	RV_ST(&SH->count, c + 1u, 816);
    57e0:	00158813          	addi	a6,a1,1

000057e4 <rvs_816>:
    57e4:	01052023          	sw	a6,0(a0)
	RV_ST(&SH->checksum, (c ^ v) + 77u, 817);
    57e8:	00b7c7b3          	xor	a5,a5,a1
    57ec:	04d78793          	addi	a5,a5,77
    57f0:	06870593          	addi	a1,a4,104

000057f4 <rvs_817>:
    57f4:	00f5a023          	sw	a5,0(a1)
	if (use_lock) {
    57f8:	00100793          	li	a5,1
    57fc:	04f60463          	beq	a2,a5,5844 <rvs_819>
		RV_RELEASE(lk, 1u, 818);
    5800:	00469793          	slli	a5,a3,0x4
    5804:	00f70733          	add	a4,a4,a5
    5808:	02470713          	addi	a4,a4,36
    580c:	00000793          	li	a5,0

00005810 <rvs_818>:
    5810:	00f72023          	sw	a5,0(a4)
    5814:	b00337b7          	lui	a5,0xb0033
    5818:	24178793          	addi	a5,a5,577 # b0033241 <__bss_end+0xb002be4d>
    581c:	01369693          	slli	a3,a3,0x13
    5820:	00f6e6b3          	or	a3,a3,a5
    5824:	400007b7          	lui	a5,0x40000
    5828:	00d7a023          	sw	a3,0(a5) # 40000000 <__bss_end+0x3fff8c0c>
    582c:	00000013          	nop
    5830:	00000013          	nop
    5834:	00000013          	nop
    5838:	00000013          	nop
    583c:	00000013          	nop
    5840:	00000013          	nop

00005844 <rvs_819>:
	}
	RV_MARK(819);
    5844:	00000013          	nop
	rv_local_sum += 1u;
    5848:	00007737          	lui	a4,0x7
    584c:	3f072783          	lw	a5,1008(a4) # 73f0 <rv_local_sum>
    5850:	00178793          	addi	a5,a5,1
    5854:	3ef72823          	sw	a5,1008(a4)
}
    5858:	00008067          	ret

0000585c <rv_t078>:

void rv_t078(void)
{
	unsigned v, c, lk;
	unsigned use_lock = (SH->mode != RV_MODE_RACE_OPEN);
    585c:	300007b7          	lui	a5,0x30000
    5860:	0047a603          	lw	a2,4(a5) # 30000004 <__bss_end+0x2fff8c10>
	/* RV_MODE_RACE_WRONG_LOCK: each core takes a DIFFERENT lock, so both
	 * believe they are protected and neither excludes the other. */
	lk = (SH->mode == RV_MODE_RACE_WRONG_LOCK) ? 1u : 0u;
    5864:	0047a683          	lw	a3,4(a5)
    5868:	ffe68693          	addi	a3,a3,-2
    586c:	0016b693          	seqz	a3,a3

00005870 <rvs_820>:

	RV_MARK(820);
    5870:	00000013          	nop
	if (use_lock) {
    5874:	00100713          	li	a4,1
    5878:	06e60263          	beq	a2,a4,58dc <rvs_822+0x34>
		RV_ACQUIRE(lk, 1u, 0u, 821, 822);
    587c:	00469513          	slli	a0,a3,0x4
    5880:	00a785b3          	add	a1,a5,a0
    5884:	02458593          	addi	a1,a1,36

00005888 <rvs_821>:
    5888:	00e5a023          	sw	a4,0(a1)
    588c:	00a787b3          	add	a5,a5,a0
    5890:	0207a423          	sw	zero,40(a5)
    5894:	00c0006f          	j	58a0 <rvs_821+0x18>
    5898:	0287a703          	lw	a4,40(a5)
    589c:	00071663          	bnez	a4,58a8 <rvs_822>
    58a0:	0207a703          	lw	a4,32(a5)
    58a4:	fe071ae3          	bnez	a4,5898 <rvs_821+0x10>

000058a8 <rvs_822>:
    58a8:	00000013          	nop
    58ac:	a8033737          	lui	a4,0xa8033
    58b0:	01369793          	slli	a5,a3,0x13
    58b4:	64170713          	addi	a4,a4,1601 # a8033641 <__bss_end+0xa802c24d>
    58b8:	00e7e7b3          	or	a5,a5,a4
    58bc:	40000737          	lui	a4,0x40000
    58c0:	00f72023          	sw	a5,0(a4) # 40000000 <__bss_end+0x3fff8c0c>
    58c4:	00000013          	nop
    58c8:	00000013          	nop
    58cc:	00000013          	nop
    58d0:	00000013          	nop
    58d4:	00000013          	nop
    58d8:	00000013          	nop
	}
	RV_LD(v, &SH->balance, 823);
    58dc:	30000737          	lui	a4,0x30000
    58e0:	06070593          	addi	a1,a4,96 # 30000060 <__bss_end+0x2fff8c6c>

000058e4 <rvs_823>:
    58e4:	0005a783          	lw	a5,0(a1)
	v += 2u;
    58e8:	00278793          	addi	a5,a5,2

000058ec <rvs_824>:
	RV_ST(&SH->balance, v, 824);
    58ec:	00f5a023          	sw	a5,0(a1)
	RV_LD(c, &SH->count, 825);
    58f0:	06470513          	addi	a0,a4,100

000058f4 <rvs_825>:
    58f4:	00052583          	lw	a1,0(a0)
	RV_ST(&SH->count, c + 1u, 826);
    58f8:	00158813          	addi	a6,a1,1

000058fc <rvs_826>:
    58fc:	01052023          	sw	a6,0(a0)
	RV_ST(&SH->checksum, (c ^ v) + 78u, 827);
    5900:	00b7c7b3          	xor	a5,a5,a1
    5904:	04e78793          	addi	a5,a5,78
    5908:	06870593          	addi	a1,a4,104

0000590c <rvs_827>:
    590c:	00f5a023          	sw	a5,0(a1)
	if (use_lock) {
    5910:	00100793          	li	a5,1
    5914:	04f60463          	beq	a2,a5,595c <rvs_829>
		RV_RELEASE(lk, 1u, 828);
    5918:	00469793          	slli	a5,a3,0x4
    591c:	00f70733          	add	a4,a4,a5
    5920:	02470713          	addi	a4,a4,36
    5924:	00000793          	li	a5,0

00005928 <rvs_828>:
    5928:	00f72023          	sw	a5,0(a4)
    592c:	b00347b7          	lui	a5,0xb0034
    5930:	c4178793          	addi	a5,a5,-959 # b0033c41 <__bss_end+0xb002c84d>
    5934:	01369693          	slli	a3,a3,0x13
    5938:	00f6e6b3          	or	a3,a3,a5
    593c:	400007b7          	lui	a5,0x40000
    5940:	00d7a023          	sw	a3,0(a5) # 40000000 <__bss_end+0x3fff8c0c>
    5944:	00000013          	nop
    5948:	00000013          	nop
    594c:	00000013          	nop
    5950:	00000013          	nop
    5954:	00000013          	nop
    5958:	00000013          	nop

0000595c <rvs_829>:
	}
	RV_MARK(829);
    595c:	00000013          	nop
	rv_local_sum += 2u;
    5960:	00007737          	lui	a4,0x7
    5964:	3f072783          	lw	a5,1008(a4) # 73f0 <rv_local_sum>
    5968:	00278793          	addi	a5,a5,2
    596c:	3ef72823          	sw	a5,1008(a4)
}
    5970:	00008067          	ret

00005974 <rv_t079>:

void rv_t079(void)
{
	unsigned v, c, lk;
	unsigned use_lock = (SH->mode != RV_MODE_RACE_OPEN);
    5974:	300007b7          	lui	a5,0x30000
    5978:	0047a603          	lw	a2,4(a5) # 30000004 <__bss_end+0x2fff8c10>
	/* RV_MODE_RACE_WRONG_LOCK: each core takes a DIFFERENT lock, so both
	 * believe they are protected and neither excludes the other. */
	lk = (SH->mode == RV_MODE_RACE_WRONG_LOCK) ? 1u : 0u;
    597c:	0047a683          	lw	a3,4(a5)
    5980:	ffe68693          	addi	a3,a3,-2
    5984:	0016b693          	seqz	a3,a3

00005988 <rvs_830>:

	RV_MARK(830);
    5988:	00000013          	nop
	if (use_lock) {
    598c:	00100713          	li	a4,1
    5990:	06e60263          	beq	a2,a4,59f4 <rvs_832+0x34>
		RV_ACQUIRE(lk, 1u, 0u, 831, 832);
    5994:	00469513          	slli	a0,a3,0x4
    5998:	00a785b3          	add	a1,a5,a0
    599c:	02458593          	addi	a1,a1,36

000059a0 <rvs_831>:
    59a0:	00e5a023          	sw	a4,0(a1)
    59a4:	00a787b3          	add	a5,a5,a0
    59a8:	0207a423          	sw	zero,40(a5)
    59ac:	00c0006f          	j	59b8 <rvs_831+0x18>
    59b0:	0287a703          	lw	a4,40(a5)
    59b4:	00071663          	bnez	a4,59c0 <rvs_832>
    59b8:	0207a703          	lw	a4,32(a5)
    59bc:	fe071ae3          	bnez	a4,59b0 <rvs_831+0x10>

000059c0 <rvs_832>:
    59c0:	00000013          	nop
    59c4:	a8034737          	lui	a4,0xa8034
    59c8:	01369793          	slli	a5,a3,0x13
    59cc:	04170713          	addi	a4,a4,65 # a8034041 <__bss_end+0xa802cc4d>
    59d0:	00e7e7b3          	or	a5,a5,a4
    59d4:	40000737          	lui	a4,0x40000
    59d8:	00f72023          	sw	a5,0(a4) # 40000000 <__bss_end+0x3fff8c0c>
    59dc:	00000013          	nop
    59e0:	00000013          	nop
    59e4:	00000013          	nop
    59e8:	00000013          	nop
    59ec:	00000013          	nop
    59f0:	00000013          	nop
	}
	RV_LD(v, &SH->balance, 833);
    59f4:	30000737          	lui	a4,0x30000
    59f8:	06070593          	addi	a1,a4,96 # 30000060 <__bss_end+0x2fff8c6c>

000059fc <rvs_833>:
    59fc:	0005a783          	lw	a5,0(a1)
	v += 3u;
    5a00:	00378793          	addi	a5,a5,3

00005a04 <rvs_834>:
	RV_ST(&SH->balance, v, 834);
    5a04:	00f5a023          	sw	a5,0(a1)
	RV_LD(c, &SH->count, 835);
    5a08:	06470513          	addi	a0,a4,100

00005a0c <rvs_835>:
    5a0c:	00052583          	lw	a1,0(a0)
	RV_ST(&SH->count, c + 1u, 836);
    5a10:	00158813          	addi	a6,a1,1

00005a14 <rvs_836>:
    5a14:	01052023          	sw	a6,0(a0)
	RV_ST(&SH->checksum, (c ^ v) + 79u, 837);
    5a18:	00b7c7b3          	xor	a5,a5,a1
    5a1c:	04f78793          	addi	a5,a5,79
    5a20:	06870593          	addi	a1,a4,104

00005a24 <rvs_837>:
    5a24:	00f5a023          	sw	a5,0(a1)
	if (use_lock) {
    5a28:	00100793          	li	a5,1
    5a2c:	04f60463          	beq	a2,a5,5a74 <rvs_839>
		RV_RELEASE(lk, 1u, 838);
    5a30:	00469793          	slli	a5,a3,0x4
    5a34:	00f70733          	add	a4,a4,a5
    5a38:	02470713          	addi	a4,a4,36
    5a3c:	00000793          	li	a5,0

00005a40 <rvs_838>:
    5a40:	00f72023          	sw	a5,0(a4)
    5a44:	b00347b7          	lui	a5,0xb0034
    5a48:	64178793          	addi	a5,a5,1601 # b0034641 <__bss_end+0xb002d24d>
    5a4c:	01369693          	slli	a3,a3,0x13
    5a50:	00f6e6b3          	or	a3,a3,a5
    5a54:	400007b7          	lui	a5,0x40000
    5a58:	00d7a023          	sw	a3,0(a5) # 40000000 <__bss_end+0x3fff8c0c>
    5a5c:	00000013          	nop
    5a60:	00000013          	nop
    5a64:	00000013          	nop
    5a68:	00000013          	nop
    5a6c:	00000013          	nop
    5a70:	00000013          	nop

00005a74 <rvs_839>:
	}
	RV_MARK(839);
    5a74:	00000013          	nop
	rv_local_sum += 3u;
    5a78:	00007737          	lui	a4,0x7
    5a7c:	3f072783          	lw	a5,1008(a4) # 73f0 <rv_local_sum>
    5a80:	00378793          	addi	a5,a5,3
    5a84:	3ef72823          	sw	a5,1008(a4)
}
    5a88:	00008067          	ret

00005a8c <rv_t080>:

void rv_t080(void)
{
    5a8c:	ff010113          	addi	sp,sp,-16
    5a90:	00112623          	sw	ra,12(sp)
    5a94:	00812423          	sw	s0,8(sp)
    5a98:	00912223          	sw	s1,4(sp)
    5a9c:	01212023          	sw	s2,0(sp)

00005aa0 <rvs_840>:
	unsigned h, t, v, p;

	RV_MARK(840);
    5aa0:	00000013          	nop
	RV_LD(h, &SH->ring_head, 841);
    5aa4:	30000437          	lui	s0,0x30000
    5aa8:	08040793          	addi	a5,s0,128 # 30000080 <__bss_end+0x2fff8c8c>

00005aac <rvs_841>:
    5aac:	0007a783          	lw	a5,0(a5)
	RV_LD(t, &SH->ring_tail, 842);
    5ab0:	08440913          	addi	s2,s0,132

00005ab4 <rvs_842>:
    5ab4:	00092483          	lw	s1,0(s2)

00005ab8 <rvs_847>:
	RV_MARK(847);
    5ab8:	00000013          	nop
	if (h != t) {
    5abc:	04978063          	beq	a5,s1,5afc <rvs_844+0x4>
		RV_LD(v, &SH->ring[t % RV_RING_SLOTS], 843);
    5ac0:	03c00593          	li	a1,60
    5ac4:	00048513          	mv	a0,s1
    5ac8:	6bc010ef          	jal	ra,7184 <__umodsi3>
    5acc:	00251793          	slli	a5,a0,0x2
    5ad0:	09040413          	addi	s0,s0,144
    5ad4:	008787b3          	add	a5,a5,s0

00005ad8 <rvs_843>:
    5ad8:	0007a783          	lw	a5,0(a5)
		rv_local_sum += v;
    5adc:	000076b7          	lui	a3,0x7
    5ae0:	3f06a703          	lw	a4,1008(a3) # 73f0 <rv_local_sum>
		RV_ST(&SH->ring_tail, (t + 1u) % RV_RING_SLOTS, 844);
    5ae4:	03c00593          	li	a1,60
    5ae8:	00148513          	addi	a0,s1,1
		rv_local_sum += v;
    5aec:	00f707b3          	add	a5,a4,a5
    5af0:	3ef6a823          	sw	a5,1008(a3)
		RV_ST(&SH->ring_tail, (t + 1u) % RV_RING_SLOTS, 844);
    5af4:	690010ef          	jal	ra,7184 <__umodsi3>

00005af8 <rvs_844>:
    5af8:	00a92023          	sw	a0,0(s2)
	}
	RV_LD(p, &rv_private, 845);
    5afc:	000077b7          	lui	a5,0x7
    5b00:	3ec78793          	addi	a5,a5,1004 # 73ec <rv_private>

00005b04 <rvs_845>:
    5b04:	0007a703          	lw	a4,0(a5)
	RV_ST(&rv_private, p + 1u, 846);
    5b08:	00170693          	addi	a3,a4,1

00005b0c <rvs_846>:
    5b0c:	00d7a023          	sw	a3,0(a5)
	RV_ST(&SH->seq, p, 848);
    5b10:	300007b7          	lui	a5,0x30000
    5b14:	06c78793          	addi	a5,a5,108 # 3000006c <__bss_end+0x2fff8c78>

00005b18 <rvs_848>:
    5b18:	00e7a023          	sw	a4,0(a5)

00005b1c <rvs_849>:
	RV_MARK(849);
    5b1c:	00000013          	nop
}
    5b20:	00c12083          	lw	ra,12(sp)
    5b24:	00812403          	lw	s0,8(sp)
    5b28:	00412483          	lw	s1,4(sp)
    5b2c:	00012903          	lw	s2,0(sp)
    5b30:	01010113          	addi	sp,sp,16
    5b34:	00008067          	ret

00005b38 <rv_t080_cap>:
void rv_t080_cap(void)
{
	unsigned w;
	/* The tag is COMPUTED here -- an ACT-ST trigger could only ever carry
	 * the constant its table entry was loaded with. */
	w = RV_ACT_WORD(RV_ACT_CMD_DAQ_PC_CURR, RV_ACT_SINK_AXIS,
    5b38:	30000537          	lui	a0,0x30000
    5b3c:	08052703          	lw	a4,128(a0) # 30000080 <__bss_end+0x2fff8c8c>
    5b40:	200007b7          	lui	a5,0x20000
    5b44:	f0078613          	addi	a2,a5,-256 # 1fffff00 <__bss_end+0x1fff8b0c>
    5b48:	00871713          	slli	a4,a4,0x8
    5b4c:	e00006b7          	lui	a3,0xe0000
    5b50:	00c77733          	and	a4,a4,a2
    5b54:	04168693          	addi	a3,a3,65 # e0000041 <__bss_end+0xdfff8c4d>
	                RV_TAG_VALUE(SH->ring_head & RV_VALUE_MASK));
	RV_ACTCAP_AT(850, w);
    5b58:	400005b7          	lui	a1,0x40000
	w = RV_ACT_WORD(RV_ACT_CMD_DAQ_PC_CURR, RV_ACT_SINK_AXIS,
    5b5c:	00d76733          	or	a4,a4,a3

00005b60 <rvs_850>:
	RV_ACTCAP_AT(850, w);
    5b60:	00e5a023          	sw	a4,0(a1) # 40000000 <__bss_end+0x3fff8c0c>
    5b64:	00000013          	nop
    5b68:	00000013          	nop
    5b6c:	00000013          	nop
    5b70:	00000013          	nop
    5b74:	00000013          	nop
    5b78:	00000013          	nop
	w = RV_ACT_WORD(RV_ACT_CMD_DAQ_PC_CURR, RV_ACT_SINK_AXIS,
    5b7c:	06052783          	lw	a5,96(a0)
    5b80:	00879793          	slli	a5,a5,0x8
    5b84:	00c7f7b3          	and	a5,a5,a2
    5b88:	00d7e7b3          	or	a5,a5,a3

00005b8c <rvs_851>:
	                RV_TAG_VALUE(SH->balance & RV_VALUE_MASK));
	RV_ACTCAP_AT(851, w);
    5b8c:	00f5a023          	sw	a5,0(a1)
    5b90:	00000013          	nop
    5b94:	00000013          	nop
    5b98:	00000013          	nop
    5b9c:	00000013          	nop
    5ba0:	00000013          	nop
    5ba4:	00000013          	nop
	rv_actcap_issued += 2u;
    5ba8:	00007737          	lui	a4,0x7
    5bac:	3e872783          	lw	a5,1000(a4) # 73e8 <rv_actcap_issued>
    5bb0:	00278793          	addi	a5,a5,2
    5bb4:	3ef72423          	sw	a5,1000(a4)
}
    5bb8:	00008067          	ret

00005bbc <rv_t081>:

void rv_t081(void)
{
    5bbc:	ff010113          	addi	sp,sp,-16
    5bc0:	00112623          	sw	ra,12(sp)
    5bc4:	00812423          	sw	s0,8(sp)
    5bc8:	00912223          	sw	s1,4(sp)
    5bcc:	01212023          	sw	s2,0(sp)

00005bd0 <rvs_852>:
	unsigned h, t, v, p;

	RV_MARK(852);
    5bd0:	00000013          	nop
	RV_LD(h, &SH->ring_head, 853);
    5bd4:	30000437          	lui	s0,0x30000
    5bd8:	08040793          	addi	a5,s0,128 # 30000080 <__bss_end+0x2fff8c8c>

00005bdc <rvs_853>:
    5bdc:	0007a783          	lw	a5,0(a5)
	RV_LD(t, &SH->ring_tail, 854);
    5be0:	08440913          	addi	s2,s0,132

00005be4 <rvs_854>:
    5be4:	00092483          	lw	s1,0(s2)

00005be8 <rvs_859>:
	RV_MARK(859);
    5be8:	00000013          	nop
	if (h != t) {
    5bec:	04978063          	beq	a5,s1,5c2c <rvs_856+0x4>
		RV_LD(v, &SH->ring[t % RV_RING_SLOTS], 855);
    5bf0:	03c00593          	li	a1,60
    5bf4:	00048513          	mv	a0,s1
    5bf8:	58c010ef          	jal	ra,7184 <__umodsi3>
    5bfc:	00251793          	slli	a5,a0,0x2
    5c00:	09040413          	addi	s0,s0,144
    5c04:	008787b3          	add	a5,a5,s0

00005c08 <rvs_855>:
    5c08:	0007a783          	lw	a5,0(a5)
		rv_local_sum += v;
    5c0c:	000076b7          	lui	a3,0x7
    5c10:	3f06a703          	lw	a4,1008(a3) # 73f0 <rv_local_sum>
		RV_ST(&SH->ring_tail, (t + 1u) % RV_RING_SLOTS, 856);
    5c14:	03c00593          	li	a1,60
    5c18:	00148513          	addi	a0,s1,1
		rv_local_sum += v;
    5c1c:	00f707b3          	add	a5,a4,a5
    5c20:	3ef6a823          	sw	a5,1008(a3)
		RV_ST(&SH->ring_tail, (t + 1u) % RV_RING_SLOTS, 856);
    5c24:	560010ef          	jal	ra,7184 <__umodsi3>

00005c28 <rvs_856>:
    5c28:	00a92023          	sw	a0,0(s2)
	}
	RV_LD(p, &rv_private, 857);
    5c2c:	000077b7          	lui	a5,0x7
    5c30:	3ec78793          	addi	a5,a5,1004 # 73ec <rv_private>

00005c34 <rvs_857>:
    5c34:	0007a703          	lw	a4,0(a5)
	RV_ST(&rv_private, p + 1u, 858);
    5c38:	00170693          	addi	a3,a4,1

00005c3c <rvs_858>:
    5c3c:	00d7a023          	sw	a3,0(a5)
	RV_ST(&SH->seq, p, 860);
    5c40:	300007b7          	lui	a5,0x30000
    5c44:	06c78793          	addi	a5,a5,108 # 3000006c <__bss_end+0x2fff8c78>

00005c48 <rvs_860>:
    5c48:	00e7a023          	sw	a4,0(a5)

00005c4c <rvs_861>:
	RV_MARK(861);
    5c4c:	00000013          	nop
}
    5c50:	00c12083          	lw	ra,12(sp)
    5c54:	00812403          	lw	s0,8(sp)
    5c58:	00412483          	lw	s1,4(sp)
    5c5c:	00012903          	lw	s2,0(sp)
    5c60:	01010113          	addi	sp,sp,16
    5c64:	00008067          	ret

00005c68 <rv_t082>:

void rv_t082(void)
{
    5c68:	ff010113          	addi	sp,sp,-16
    5c6c:	00112623          	sw	ra,12(sp)
    5c70:	00812423          	sw	s0,8(sp)
    5c74:	00912223          	sw	s1,4(sp)
    5c78:	01212023          	sw	s2,0(sp)

00005c7c <rvs_862>:
	unsigned h, t, v, p;

	RV_MARK(862);
    5c7c:	00000013          	nop
	RV_LD(h, &SH->ring_head, 863);
    5c80:	30000437          	lui	s0,0x30000
    5c84:	08040793          	addi	a5,s0,128 # 30000080 <__bss_end+0x2fff8c8c>

00005c88 <rvs_863>:
    5c88:	0007a783          	lw	a5,0(a5)
	RV_LD(t, &SH->ring_tail, 864);
    5c8c:	08440913          	addi	s2,s0,132

00005c90 <rvs_864>:
    5c90:	00092483          	lw	s1,0(s2)

00005c94 <rvs_869>:
	RV_MARK(869);
    5c94:	00000013          	nop
	if (h != t) {
    5c98:	04978063          	beq	a5,s1,5cd8 <rvs_866+0x4>
		RV_LD(v, &SH->ring[t % RV_RING_SLOTS], 865);
    5c9c:	03c00593          	li	a1,60
    5ca0:	00048513          	mv	a0,s1
    5ca4:	4e0010ef          	jal	ra,7184 <__umodsi3>
    5ca8:	00251793          	slli	a5,a0,0x2
    5cac:	09040413          	addi	s0,s0,144
    5cb0:	008787b3          	add	a5,a5,s0

00005cb4 <rvs_865>:
    5cb4:	0007a783          	lw	a5,0(a5)
		rv_local_sum += v;
    5cb8:	000076b7          	lui	a3,0x7
    5cbc:	3f06a703          	lw	a4,1008(a3) # 73f0 <rv_local_sum>
		RV_ST(&SH->ring_tail, (t + 1u) % RV_RING_SLOTS, 866);
    5cc0:	03c00593          	li	a1,60
    5cc4:	00148513          	addi	a0,s1,1
		rv_local_sum += v;
    5cc8:	00f707b3          	add	a5,a4,a5
    5ccc:	3ef6a823          	sw	a5,1008(a3)
		RV_ST(&SH->ring_tail, (t + 1u) % RV_RING_SLOTS, 866);
    5cd0:	4b4010ef          	jal	ra,7184 <__umodsi3>

00005cd4 <rvs_866>:
    5cd4:	00a92023          	sw	a0,0(s2)
	}
	RV_LD(p, &rv_private, 867);
    5cd8:	000077b7          	lui	a5,0x7
    5cdc:	3ec78793          	addi	a5,a5,1004 # 73ec <rv_private>

00005ce0 <rvs_867>:
    5ce0:	0007a703          	lw	a4,0(a5)
	RV_ST(&rv_private, p + 1u, 868);
    5ce4:	00170693          	addi	a3,a4,1

00005ce8 <rvs_868>:
    5ce8:	00d7a023          	sw	a3,0(a5)
	RV_ST(&SH->seq, p, 870);
    5cec:	300007b7          	lui	a5,0x30000
    5cf0:	06c78793          	addi	a5,a5,108 # 3000006c <__bss_end+0x2fff8c78>

00005cf4 <rvs_870>:
    5cf4:	00e7a023          	sw	a4,0(a5)

00005cf8 <rvs_871>:
	RV_MARK(871);
    5cf8:	00000013          	nop
}
    5cfc:	00c12083          	lw	ra,12(sp)
    5d00:	00812403          	lw	s0,8(sp)
    5d04:	00412483          	lw	s1,4(sp)
    5d08:	00012903          	lw	s2,0(sp)
    5d0c:	01010113          	addi	sp,sp,16
    5d10:	00008067          	ret

00005d14 <rv_t083>:

void rv_t083(void)
{
	unsigned v, c, lk;
	unsigned use_lock = (SH->mode != RV_MODE_RACE_OPEN);
    5d14:	300007b7          	lui	a5,0x30000
    5d18:	0047a603          	lw	a2,4(a5) # 30000004 <__bss_end+0x2fff8c10>
	/* RV_MODE_RACE_WRONG_LOCK: each core takes a DIFFERENT lock, so both
	 * believe they are protected and neither excludes the other. */
	lk = (SH->mode == RV_MODE_RACE_WRONG_LOCK) ? 1u : 0u;
    5d1c:	0047a683          	lw	a3,4(a5)
    5d20:	ffe68693          	addi	a3,a3,-2
    5d24:	0016b693          	seqz	a3,a3

00005d28 <rvs_872>:

	RV_MARK(872);
    5d28:	00000013          	nop
	if (use_lock) {
    5d2c:	00100713          	li	a4,1
    5d30:	06e60263          	beq	a2,a4,5d94 <rvs_874+0x34>
		RV_ACQUIRE(lk, 1u, 0u, 873, 874);
    5d34:	00469513          	slli	a0,a3,0x4
    5d38:	00a785b3          	add	a1,a5,a0
    5d3c:	02458593          	addi	a1,a1,36

00005d40 <rvs_873>:
    5d40:	00e5a023          	sw	a4,0(a1)
    5d44:	00a787b3          	add	a5,a5,a0
    5d48:	0207a423          	sw	zero,40(a5)
    5d4c:	00c0006f          	j	5d58 <rvs_873+0x18>
    5d50:	0287a703          	lw	a4,40(a5)
    5d54:	00071663          	bnez	a4,5d60 <rvs_874>
    5d58:	0207a703          	lw	a4,32(a5)
    5d5c:	fe071ae3          	bnez	a4,5d50 <rvs_873+0x10>

00005d60 <rvs_874>:
    5d60:	00000013          	nop
    5d64:	a8037737          	lui	a4,0xa8037
    5d68:	01369793          	slli	a5,a3,0x13
    5d6c:	a4170713          	addi	a4,a4,-1471 # a8036a41 <__bss_end+0xa802f64d>
    5d70:	00e7e7b3          	or	a5,a5,a4
    5d74:	40000737          	lui	a4,0x40000
    5d78:	00f72023          	sw	a5,0(a4) # 40000000 <__bss_end+0x3fff8c0c>
    5d7c:	00000013          	nop
    5d80:	00000013          	nop
    5d84:	00000013          	nop
    5d88:	00000013          	nop
    5d8c:	00000013          	nop
    5d90:	00000013          	nop
	}
	RV_LD(v, &SH->balance, 875);
    5d94:	30000737          	lui	a4,0x30000
    5d98:	06070593          	addi	a1,a4,96 # 30000060 <__bss_end+0x2fff8c6c>

00005d9c <rvs_875>:
    5d9c:	0005a783          	lw	a5,0(a1)
	v += 7u;
    5da0:	00778793          	addi	a5,a5,7

00005da4 <rvs_876>:
	RV_ST(&SH->balance, v, 876);
    5da4:	00f5a023          	sw	a5,0(a1)
	RV_LD(c, &SH->count, 877);
    5da8:	06470513          	addi	a0,a4,100

00005dac <rvs_877>:
    5dac:	00052583          	lw	a1,0(a0)
	RV_ST(&SH->count, c + 1u, 878);
    5db0:	00158813          	addi	a6,a1,1

00005db4 <rvs_878>:
    5db4:	01052023          	sw	a6,0(a0)
	RV_ST(&SH->checksum, (c ^ v) + 83u, 879);
    5db8:	00b7c7b3          	xor	a5,a5,a1
    5dbc:	05378793          	addi	a5,a5,83
    5dc0:	06870593          	addi	a1,a4,104

00005dc4 <rvs_879>:
    5dc4:	00f5a023          	sw	a5,0(a1)
	if (use_lock) {
    5dc8:	00100793          	li	a5,1
    5dcc:	04f60463          	beq	a2,a5,5e14 <rvs_881>
		RV_RELEASE(lk, 1u, 880);
    5dd0:	00469793          	slli	a5,a3,0x4
    5dd4:	00f70733          	add	a4,a4,a5
    5dd8:	02470713          	addi	a4,a4,36
    5ddc:	00000793          	li	a5,0

00005de0 <rvs_880>:
    5de0:	00f72023          	sw	a5,0(a4)
    5de4:	b00377b7          	lui	a5,0xb0037
    5de8:	04178793          	addi	a5,a5,65 # b0037041 <__bss_end+0xb002fc4d>
    5dec:	01369693          	slli	a3,a3,0x13
    5df0:	00f6e6b3          	or	a3,a3,a5
    5df4:	400007b7          	lui	a5,0x40000
    5df8:	00d7a023          	sw	a3,0(a5) # 40000000 <__bss_end+0x3fff8c0c>
    5dfc:	00000013          	nop
    5e00:	00000013          	nop
    5e04:	00000013          	nop
    5e08:	00000013          	nop
    5e0c:	00000013          	nop
    5e10:	00000013          	nop

00005e14 <rvs_881>:
	}
	RV_MARK(881);
    5e14:	00000013          	nop
	rv_local_sum += 7u;
    5e18:	00007737          	lui	a4,0x7
    5e1c:	3f072783          	lw	a5,1008(a4) # 73f0 <rv_local_sum>
    5e20:	00778793          	addi	a5,a5,7
    5e24:	3ef72823          	sw	a5,1008(a4)
}
    5e28:	00008067          	ret

00005e2c <rv_t084>:

void rv_t084(void)
{
	unsigned v, c, lk;
	unsigned use_lock = (SH->mode != RV_MODE_RACE_OPEN);
    5e2c:	300007b7          	lui	a5,0x30000
    5e30:	0047a603          	lw	a2,4(a5) # 30000004 <__bss_end+0x2fff8c10>
	/* RV_MODE_RACE_WRONG_LOCK: each core takes a DIFFERENT lock, so both
	 * believe they are protected and neither excludes the other. */
	lk = (SH->mode == RV_MODE_RACE_WRONG_LOCK) ? 1u : 0u;
    5e34:	0047a683          	lw	a3,4(a5)
    5e38:	ffe68693          	addi	a3,a3,-2
    5e3c:	0016b693          	seqz	a3,a3

00005e40 <rvs_882>:

	RV_MARK(882);
    5e40:	00000013          	nop
	if (use_lock) {
    5e44:	00100713          	li	a4,1
    5e48:	06e60263          	beq	a2,a4,5eac <rvs_884+0x34>
		RV_ACQUIRE(lk, 1u, 0u, 883, 884);
    5e4c:	00469513          	slli	a0,a3,0x4
    5e50:	00a785b3          	add	a1,a5,a0
    5e54:	02458593          	addi	a1,a1,36

00005e58 <rvs_883>:
    5e58:	00e5a023          	sw	a4,0(a1)
    5e5c:	00a787b3          	add	a5,a5,a0
    5e60:	0207a423          	sw	zero,40(a5)
    5e64:	00c0006f          	j	5e70 <rvs_883+0x18>
    5e68:	0287a703          	lw	a4,40(a5)
    5e6c:	00071663          	bnez	a4,5e78 <rvs_884>
    5e70:	0207a703          	lw	a4,32(a5)
    5e74:	fe071ae3          	bnez	a4,5e68 <rvs_883+0x10>

00005e78 <rvs_884>:
    5e78:	00000013          	nop
    5e7c:	a8037737          	lui	a4,0xa8037
    5e80:	01369793          	slli	a5,a3,0x13
    5e84:	44170713          	addi	a4,a4,1089 # a8037441 <__bss_end+0xa803004d>
    5e88:	00e7e7b3          	or	a5,a5,a4
    5e8c:	40000737          	lui	a4,0x40000
    5e90:	00f72023          	sw	a5,0(a4) # 40000000 <__bss_end+0x3fff8c0c>
    5e94:	00000013          	nop
    5e98:	00000013          	nop
    5e9c:	00000013          	nop
    5ea0:	00000013          	nop
    5ea4:	00000013          	nop
    5ea8:	00000013          	nop
	}
	RV_LD(v, &SH->balance, 885);
    5eac:	30000737          	lui	a4,0x30000
    5eb0:	06070593          	addi	a1,a4,96 # 30000060 <__bss_end+0x2fff8c6c>

00005eb4 <rvs_885>:
    5eb4:	0005a783          	lw	a5,0(a1)
	v += 1u;
    5eb8:	00178793          	addi	a5,a5,1

00005ebc <rvs_886>:
	RV_ST(&SH->balance, v, 886);
    5ebc:	00f5a023          	sw	a5,0(a1)
	RV_LD(c, &SH->count, 887);
    5ec0:	06470513          	addi	a0,a4,100

00005ec4 <rvs_887>:
    5ec4:	00052583          	lw	a1,0(a0)
	RV_ST(&SH->count, c + 1u, 888);
    5ec8:	00158813          	addi	a6,a1,1

00005ecc <rvs_888>:
    5ecc:	01052023          	sw	a6,0(a0)
	RV_ST(&SH->checksum, (c ^ v) + 84u, 889);
    5ed0:	00b7c7b3          	xor	a5,a5,a1
    5ed4:	05478793          	addi	a5,a5,84
    5ed8:	06870593          	addi	a1,a4,104

00005edc <rvs_889>:
    5edc:	00f5a023          	sw	a5,0(a1)
	if (use_lock) {
    5ee0:	00100793          	li	a5,1
    5ee4:	04f60463          	beq	a2,a5,5f2c <rvs_891>
		RV_RELEASE(lk, 1u, 890);
    5ee8:	00469793          	slli	a5,a3,0x4
    5eec:	00f70733          	add	a4,a4,a5
    5ef0:	02470713          	addi	a4,a4,36
    5ef4:	00000793          	li	a5,0

00005ef8 <rvs_890>:
    5ef8:	00f72023          	sw	a5,0(a4)
    5efc:	b00387b7          	lui	a5,0xb0038
    5f00:	a4178793          	addi	a5,a5,-1471 # b0037a41 <__bss_end+0xb003064d>
    5f04:	01369693          	slli	a3,a3,0x13
    5f08:	00f6e6b3          	or	a3,a3,a5
    5f0c:	400007b7          	lui	a5,0x40000
    5f10:	00d7a023          	sw	a3,0(a5) # 40000000 <__bss_end+0x3fff8c0c>
    5f14:	00000013          	nop
    5f18:	00000013          	nop
    5f1c:	00000013          	nop
    5f20:	00000013          	nop
    5f24:	00000013          	nop
    5f28:	00000013          	nop

00005f2c <rvs_891>:
	}
	RV_MARK(891);
    5f2c:	00000013          	nop
	rv_local_sum += 1u;
    5f30:	00007737          	lui	a4,0x7
    5f34:	3f072783          	lw	a5,1008(a4) # 73f0 <rv_local_sum>
    5f38:	00178793          	addi	a5,a5,1
    5f3c:	3ef72823          	sw	a5,1008(a4)
}
    5f40:	00008067          	ret

00005f44 <rv_t084_cap>:
void rv_t084_cap(void)
{
	unsigned w;
	/* The tag is COMPUTED here -- an ACT-ST trigger could only ever carry
	 * the constant its table entry was loaded with. */
	w = RV_ACT_WORD(RV_ACT_CMD_DAQ_PC_CURR, RV_ACT_SINK_AXIS,
    5f44:	30000537          	lui	a0,0x30000
    5f48:	08052703          	lw	a4,128(a0) # 30000080 <__bss_end+0x2fff8c8c>
    5f4c:	200007b7          	lui	a5,0x20000
    5f50:	f0078613          	addi	a2,a5,-256 # 1fffff00 <__bss_end+0x1fff8b0c>
    5f54:	00871713          	slli	a4,a4,0x8
    5f58:	e00006b7          	lui	a3,0xe0000
    5f5c:	00c77733          	and	a4,a4,a2
    5f60:	04168693          	addi	a3,a3,65 # e0000041 <__bss_end+0xdfff8c4d>
	                RV_TAG_VALUE(SH->ring_head & RV_VALUE_MASK));
	RV_ACTCAP_AT(892, w);
    5f64:	400005b7          	lui	a1,0x40000
	w = RV_ACT_WORD(RV_ACT_CMD_DAQ_PC_CURR, RV_ACT_SINK_AXIS,
    5f68:	00d76733          	or	a4,a4,a3

00005f6c <rvs_892>:
	RV_ACTCAP_AT(892, w);
    5f6c:	00e5a023          	sw	a4,0(a1) # 40000000 <__bss_end+0x3fff8c0c>
    5f70:	00000013          	nop
    5f74:	00000013          	nop
    5f78:	00000013          	nop
    5f7c:	00000013          	nop
    5f80:	00000013          	nop
    5f84:	00000013          	nop
	w = RV_ACT_WORD(RV_ACT_CMD_DAQ_PC_CURR, RV_ACT_SINK_AXIS,
    5f88:	06052783          	lw	a5,96(a0)
    5f8c:	00879793          	slli	a5,a5,0x8
    5f90:	00c7f7b3          	and	a5,a5,a2
    5f94:	00d7e7b3          	or	a5,a5,a3

00005f98 <rvs_893>:
	                RV_TAG_VALUE(SH->balance & RV_VALUE_MASK));
	RV_ACTCAP_AT(893, w);
    5f98:	00f5a023          	sw	a5,0(a1)
    5f9c:	00000013          	nop
    5fa0:	00000013          	nop
    5fa4:	00000013          	nop
    5fa8:	00000013          	nop
    5fac:	00000013          	nop
    5fb0:	00000013          	nop
	rv_actcap_issued += 2u;
    5fb4:	00007737          	lui	a4,0x7
    5fb8:	3e872783          	lw	a5,1000(a4) # 73e8 <rv_actcap_issued>
    5fbc:	00278793          	addi	a5,a5,2
    5fc0:	3ef72423          	sw	a5,1000(a4)
}
    5fc4:	00008067          	ret

00005fc8 <rv_t085>:

void rv_t085(void)
{
	unsigned v, c, lk;
	unsigned use_lock = (SH->mode != RV_MODE_RACE_OPEN);
    5fc8:	300007b7          	lui	a5,0x30000
    5fcc:	0047a603          	lw	a2,4(a5) # 30000004 <__bss_end+0x2fff8c10>
	/* RV_MODE_RACE_WRONG_LOCK: each core takes a DIFFERENT lock, so both
	 * believe they are protected and neither excludes the other. */
	lk = (SH->mode == RV_MODE_RACE_WRONG_LOCK) ? 1u : 0u;
    5fd0:	0047a683          	lw	a3,4(a5)
    5fd4:	ffe68693          	addi	a3,a3,-2
    5fd8:	0016b693          	seqz	a3,a3

00005fdc <rvs_894>:

	RV_MARK(894);
    5fdc:	00000013          	nop
	if (use_lock) {
    5fe0:	00100713          	li	a4,1
    5fe4:	06e60263          	beq	a2,a4,6048 <rvs_896+0x34>
		RV_ACQUIRE(lk, 1u, 0u, 895, 896);
    5fe8:	00469513          	slli	a0,a3,0x4
    5fec:	00a785b3          	add	a1,a5,a0
    5ff0:	02458593          	addi	a1,a1,36

00005ff4 <rvs_895>:
    5ff4:	00e5a023          	sw	a4,0(a1)
    5ff8:	00a787b3          	add	a5,a5,a0
    5ffc:	0207a423          	sw	zero,40(a5)
    6000:	00c0006f          	j	600c <rvs_895+0x18>
    6004:	0287a703          	lw	a4,40(a5)
    6008:	00071663          	bnez	a4,6014 <rvs_896>
    600c:	0207a703          	lw	a4,32(a5)
    6010:	fe071ae3          	bnez	a4,6004 <rvs_895+0x10>

00006014 <rvs_896>:
    6014:	00000013          	nop
    6018:	a8038737          	lui	a4,0xa8038
    601c:	01369793          	slli	a5,a3,0x13
    6020:	04170713          	addi	a4,a4,65 # a8038041 <__bss_end+0xa8030c4d>
    6024:	00e7e7b3          	or	a5,a5,a4
    6028:	40000737          	lui	a4,0x40000
    602c:	00f72023          	sw	a5,0(a4) # 40000000 <__bss_end+0x3fff8c0c>
    6030:	00000013          	nop
    6034:	00000013          	nop
    6038:	00000013          	nop
    603c:	00000013          	nop
    6040:	00000013          	nop
    6044:	00000013          	nop
	}
	RV_LD(v, &SH->balance, 897);
    6048:	30000737          	lui	a4,0x30000
    604c:	06070593          	addi	a1,a4,96 # 30000060 <__bss_end+0x2fff8c6c>

00006050 <rvs_897>:
    6050:	0005a783          	lw	a5,0(a1)
	v += 2u;
    6054:	00278793          	addi	a5,a5,2

00006058 <rvs_898>:
	RV_ST(&SH->balance, v, 898);
    6058:	00f5a023          	sw	a5,0(a1)
	RV_LD(c, &SH->count, 899);
    605c:	06470513          	addi	a0,a4,100

00006060 <rvs_899>:
    6060:	00052583          	lw	a1,0(a0)
	RV_ST(&SH->count, c + 1u, 900);
    6064:	00158813          	addi	a6,a1,1

00006068 <rvs_900>:
    6068:	01052023          	sw	a6,0(a0)
	RV_ST(&SH->checksum, (c ^ v) + 85u, 901);
    606c:	00b7c7b3          	xor	a5,a5,a1
    6070:	05578793          	addi	a5,a5,85
    6074:	06870593          	addi	a1,a4,104

00006078 <rvs_901>:
    6078:	00f5a023          	sw	a5,0(a1)
	if (use_lock) {
    607c:	00100793          	li	a5,1
    6080:	04f60463          	beq	a2,a5,60c8 <rvs_903>
		RV_RELEASE(lk, 1u, 902);
    6084:	00469793          	slli	a5,a3,0x4
    6088:	00f70733          	add	a4,a4,a5
    608c:	02470713          	addi	a4,a4,36
    6090:	00000793          	li	a5,0

00006094 <rvs_902>:
    6094:	00f72023          	sw	a5,0(a4)
    6098:	b00387b7          	lui	a5,0xb0038
    609c:	64178793          	addi	a5,a5,1601 # b0038641 <__bss_end+0xb003124d>
    60a0:	01369693          	slli	a3,a3,0x13
    60a4:	00f6e6b3          	or	a3,a3,a5
    60a8:	400007b7          	lui	a5,0x40000
    60ac:	00d7a023          	sw	a3,0(a5) # 40000000 <__bss_end+0x3fff8c0c>
    60b0:	00000013          	nop
    60b4:	00000013          	nop
    60b8:	00000013          	nop
    60bc:	00000013          	nop
    60c0:	00000013          	nop
    60c4:	00000013          	nop

000060c8 <rvs_903>:
	}
	RV_MARK(903);
    60c8:	00000013          	nop
	rv_local_sum += 2u;
    60cc:	00007737          	lui	a4,0x7
    60d0:	3f072783          	lw	a5,1008(a4) # 73f0 <rv_local_sum>
    60d4:	00278793          	addi	a5,a5,2
    60d8:	3ef72823          	sw	a5,1008(a4)
}
    60dc:	00008067          	ret

000060e0 <rv_t086>:

void rv_t086(void)
{
	unsigned v, c, lk;
	unsigned use_lock = (SH->mode != RV_MODE_RACE_OPEN);
    60e0:	300007b7          	lui	a5,0x30000
    60e4:	0047a603          	lw	a2,4(a5) # 30000004 <__bss_end+0x2fff8c10>
	/* RV_MODE_RACE_WRONG_LOCK: each core takes a DIFFERENT lock, so both
	 * believe they are protected and neither excludes the other. */
	lk = (SH->mode == RV_MODE_RACE_WRONG_LOCK) ? 1u : 0u;
    60e8:	0047a683          	lw	a3,4(a5)
    60ec:	ffe68693          	addi	a3,a3,-2
    60f0:	0016b693          	seqz	a3,a3

000060f4 <rvs_904>:

	RV_MARK(904);
    60f4:	00000013          	nop
	if (use_lock) {
    60f8:	00100713          	li	a4,1
    60fc:	06e60263          	beq	a2,a4,6160 <rvs_906+0x34>
		RV_ACQUIRE(lk, 1u, 0u, 905, 906);
    6100:	00469513          	slli	a0,a3,0x4
    6104:	00a785b3          	add	a1,a5,a0
    6108:	02458593          	addi	a1,a1,36

0000610c <rvs_905>:
    610c:	00e5a023          	sw	a4,0(a1)
    6110:	00a787b3          	add	a5,a5,a0
    6114:	0207a423          	sw	zero,40(a5)
    6118:	00c0006f          	j	6124 <rvs_905+0x18>
    611c:	0287a703          	lw	a4,40(a5)
    6120:	00071663          	bnez	a4,612c <rvs_906>
    6124:	0207a703          	lw	a4,32(a5)
    6128:	fe071ae3          	bnez	a4,611c <rvs_905+0x10>

0000612c <rvs_906>:
    612c:	00000013          	nop
    6130:	a8039737          	lui	a4,0xa8039
    6134:	01369793          	slli	a5,a3,0x13
    6138:	a4170713          	addi	a4,a4,-1471 # a8038a41 <__bss_end+0xa803164d>
    613c:	00e7e7b3          	or	a5,a5,a4
    6140:	40000737          	lui	a4,0x40000
    6144:	00f72023          	sw	a5,0(a4) # 40000000 <__bss_end+0x3fff8c0c>
    6148:	00000013          	nop
    614c:	00000013          	nop
    6150:	00000013          	nop
    6154:	00000013          	nop
    6158:	00000013          	nop
    615c:	00000013          	nop
	}
	RV_LD(v, &SH->balance, 907);
    6160:	30000737          	lui	a4,0x30000
    6164:	06070593          	addi	a1,a4,96 # 30000060 <__bss_end+0x2fff8c6c>

00006168 <rvs_907>:
    6168:	0005a783          	lw	a5,0(a1)
	v += 3u;
    616c:	00378793          	addi	a5,a5,3

00006170 <rvs_908>:
	RV_ST(&SH->balance, v, 908);
    6170:	00f5a023          	sw	a5,0(a1)
	RV_LD(c, &SH->count, 909);
    6174:	06470513          	addi	a0,a4,100

00006178 <rvs_909>:
    6178:	00052583          	lw	a1,0(a0)
	RV_ST(&SH->count, c + 1u, 910);
    617c:	00158813          	addi	a6,a1,1

00006180 <rvs_910>:
    6180:	01052023          	sw	a6,0(a0)
	RV_ST(&SH->checksum, (c ^ v) + 86u, 911);
    6184:	00b7c7b3          	xor	a5,a5,a1
    6188:	05678793          	addi	a5,a5,86
    618c:	06870593          	addi	a1,a4,104

00006190 <rvs_911>:
    6190:	00f5a023          	sw	a5,0(a1)
	if (use_lock) {
    6194:	00100793          	li	a5,1
    6198:	04f60463          	beq	a2,a5,61e0 <rvs_913>
		RV_RELEASE(lk, 1u, 912);
    619c:	00469793          	slli	a5,a3,0x4
    61a0:	00f70733          	add	a4,a4,a5
    61a4:	02470713          	addi	a4,a4,36
    61a8:	00000793          	li	a5,0

000061ac <rvs_912>:
    61ac:	00f72023          	sw	a5,0(a4)
    61b0:	b00397b7          	lui	a5,0xb0039
    61b4:	04178793          	addi	a5,a5,65 # b0039041 <__bss_end+0xb0031c4d>
    61b8:	01369693          	slli	a3,a3,0x13
    61bc:	00f6e6b3          	or	a3,a3,a5
    61c0:	400007b7          	lui	a5,0x40000
    61c4:	00d7a023          	sw	a3,0(a5) # 40000000 <__bss_end+0x3fff8c0c>
    61c8:	00000013          	nop
    61cc:	00000013          	nop
    61d0:	00000013          	nop
    61d4:	00000013          	nop
    61d8:	00000013          	nop
    61dc:	00000013          	nop

000061e0 <rvs_913>:
	}
	RV_MARK(913);
    61e0:	00000013          	nop
	rv_local_sum += 3u;
    61e4:	00007737          	lui	a4,0x7
    61e8:	3f072783          	lw	a5,1008(a4) # 73f0 <rv_local_sum>
    61ec:	00378793          	addi	a5,a5,3
    61f0:	3ef72823          	sw	a5,1008(a4)
}
    61f4:	00008067          	ret

000061f8 <rv_t087>:

void rv_t087(void)
{
	unsigned v, c, lk;
	unsigned use_lock = (SH->mode != RV_MODE_RACE_OPEN);
    61f8:	300007b7          	lui	a5,0x30000
    61fc:	0047a603          	lw	a2,4(a5) # 30000004 <__bss_end+0x2fff8c10>
	/* RV_MODE_RACE_WRONG_LOCK: each core takes a DIFFERENT lock, so both
	 * believe they are protected and neither excludes the other. */
	lk = (SH->mode == RV_MODE_RACE_WRONG_LOCK) ? 1u : 0u;
    6200:	0047a683          	lw	a3,4(a5)
    6204:	ffe68693          	addi	a3,a3,-2
    6208:	0016b693          	seqz	a3,a3

0000620c <rvs_914>:

	RV_MARK(914);
    620c:	00000013          	nop
	if (use_lock) {
    6210:	00100713          	li	a4,1
    6214:	06e60263          	beq	a2,a4,6278 <rvs_916+0x34>
		RV_ACQUIRE(lk, 1u, 0u, 915, 916);
    6218:	00469513          	slli	a0,a3,0x4
    621c:	00a785b3          	add	a1,a5,a0
    6220:	02458593          	addi	a1,a1,36

00006224 <rvs_915>:
    6224:	00e5a023          	sw	a4,0(a1)
    6228:	00a787b3          	add	a5,a5,a0
    622c:	0207a423          	sw	zero,40(a5)
    6230:	00c0006f          	j	623c <rvs_915+0x18>
    6234:	0287a703          	lw	a4,40(a5)
    6238:	00071663          	bnez	a4,6244 <rvs_916>
    623c:	0207a703          	lw	a4,32(a5)
    6240:	fe071ae3          	bnez	a4,6234 <rvs_915+0x10>

00006244 <rvs_916>:
    6244:	00000013          	nop
    6248:	a8039737          	lui	a4,0xa8039
    624c:	01369793          	slli	a5,a3,0x13
    6250:	44170713          	addi	a4,a4,1089 # a8039441 <__bss_end+0xa803204d>
    6254:	00e7e7b3          	or	a5,a5,a4
    6258:	40000737          	lui	a4,0x40000
    625c:	00f72023          	sw	a5,0(a4) # 40000000 <__bss_end+0x3fff8c0c>
    6260:	00000013          	nop
    6264:	00000013          	nop
    6268:	00000013          	nop
    626c:	00000013          	nop
    6270:	00000013          	nop
    6274:	00000013          	nop
	}
	RV_LD(v, &SH->balance, 917);
    6278:	30000737          	lui	a4,0x30000
    627c:	06070593          	addi	a1,a4,96 # 30000060 <__bss_end+0x2fff8c6c>

00006280 <rvs_917>:
    6280:	0005a783          	lw	a5,0(a1)
	v += 4u;
    6284:	00478793          	addi	a5,a5,4

00006288 <rvs_918>:
	RV_ST(&SH->balance, v, 918);
    6288:	00f5a023          	sw	a5,0(a1)
	RV_LD(c, &SH->count, 919);
    628c:	06470513          	addi	a0,a4,100

00006290 <rvs_919>:
    6290:	00052583          	lw	a1,0(a0)
	RV_ST(&SH->count, c + 1u, 920);
    6294:	00158813          	addi	a6,a1,1

00006298 <rvs_920>:
    6298:	01052023          	sw	a6,0(a0)
	RV_ST(&SH->checksum, (c ^ v) + 87u, 921);
    629c:	00b7c7b3          	xor	a5,a5,a1
    62a0:	05778793          	addi	a5,a5,87
    62a4:	06870593          	addi	a1,a4,104

000062a8 <rvs_921>:
    62a8:	00f5a023          	sw	a5,0(a1)
	if (use_lock) {
    62ac:	00100793          	li	a5,1
    62b0:	04f60463          	beq	a2,a5,62f8 <rvs_923>
		RV_RELEASE(lk, 1u, 922);
    62b4:	00469793          	slli	a5,a3,0x4
    62b8:	00f70733          	add	a4,a4,a5
    62bc:	02470713          	addi	a4,a4,36
    62c0:	00000793          	li	a5,0

000062c4 <rvs_922>:
    62c4:	00f72023          	sw	a5,0(a4)
    62c8:	b003a7b7          	lui	a5,0xb003a
    62cc:	a4178793          	addi	a5,a5,-1471 # b0039a41 <__bss_end+0xb003264d>
    62d0:	01369693          	slli	a3,a3,0x13
    62d4:	00f6e6b3          	or	a3,a3,a5
    62d8:	400007b7          	lui	a5,0x40000
    62dc:	00d7a023          	sw	a3,0(a5) # 40000000 <__bss_end+0x3fff8c0c>
    62e0:	00000013          	nop
    62e4:	00000013          	nop
    62e8:	00000013          	nop
    62ec:	00000013          	nop
    62f0:	00000013          	nop
    62f4:	00000013          	nop

000062f8 <rvs_923>:
	}
	RV_MARK(923);
    62f8:	00000013          	nop
	rv_local_sum += 4u;
    62fc:	00007737          	lui	a4,0x7
    6300:	3f072783          	lw	a5,1008(a4) # 73f0 <rv_local_sum>
    6304:	00478793          	addi	a5,a5,4
    6308:	3ef72823          	sw	a5,1008(a4)
}
    630c:	00008067          	ret

00006310 <rv_t088>:

void rv_t088(void)
{
	unsigned v, c, lk;
	unsigned use_lock = (SH->mode != RV_MODE_RACE_OPEN);
    6310:	300007b7          	lui	a5,0x30000
    6314:	0047a603          	lw	a2,4(a5) # 30000004 <__bss_end+0x2fff8c10>
	/* RV_MODE_RACE_WRONG_LOCK: each core takes a DIFFERENT lock, so both
	 * believe they are protected and neither excludes the other. */
	lk = (SH->mode == RV_MODE_RACE_WRONG_LOCK) ? 1u : 0u;
    6318:	0047a683          	lw	a3,4(a5)
    631c:	ffe68693          	addi	a3,a3,-2
    6320:	0016b693          	seqz	a3,a3

00006324 <rvs_924>:

	RV_MARK(924);
    6324:	00000013          	nop
	if (use_lock) {
    6328:	00100713          	li	a4,1
    632c:	06e60263          	beq	a2,a4,6390 <rvs_926+0x34>
		RV_ACQUIRE(lk, 1u, 0u, 925, 926);
    6330:	00469513          	slli	a0,a3,0x4
    6334:	00a785b3          	add	a1,a5,a0
    6338:	02458593          	addi	a1,a1,36

0000633c <rvs_925>:
    633c:	00e5a023          	sw	a4,0(a1)
    6340:	00a787b3          	add	a5,a5,a0
    6344:	0207a423          	sw	zero,40(a5)
    6348:	00c0006f          	j	6354 <rvs_925+0x18>
    634c:	0287a703          	lw	a4,40(a5)
    6350:	00071663          	bnez	a4,635c <rvs_926>
    6354:	0207a703          	lw	a4,32(a5)
    6358:	fe071ae3          	bnez	a4,634c <rvs_925+0x10>

0000635c <rvs_926>:
    635c:	00000013          	nop
    6360:	a803a737          	lui	a4,0xa803a
    6364:	01369793          	slli	a5,a3,0x13
    6368:	e4170713          	addi	a4,a4,-447 # a8039e41 <__bss_end+0xa8032a4d>
    636c:	00e7e7b3          	or	a5,a5,a4
    6370:	40000737          	lui	a4,0x40000
    6374:	00f72023          	sw	a5,0(a4) # 40000000 <__bss_end+0x3fff8c0c>
    6378:	00000013          	nop
    637c:	00000013          	nop
    6380:	00000013          	nop
    6384:	00000013          	nop
    6388:	00000013          	nop
    638c:	00000013          	nop
	}
	RV_LD(v, &SH->balance, 927);
    6390:	30000737          	lui	a4,0x30000
    6394:	06070593          	addi	a1,a4,96 # 30000060 <__bss_end+0x2fff8c6c>

00006398 <rvs_927>:
    6398:	0005a783          	lw	a5,0(a1)
	v += 5u;
    639c:	00578793          	addi	a5,a5,5

000063a0 <rvs_928>:
	RV_ST(&SH->balance, v, 928);
    63a0:	00f5a023          	sw	a5,0(a1)
	RV_LD(c, &SH->count, 929);
    63a4:	06470513          	addi	a0,a4,100

000063a8 <rvs_929>:
    63a8:	00052583          	lw	a1,0(a0)
	RV_ST(&SH->count, c + 1u, 930);
    63ac:	00158813          	addi	a6,a1,1

000063b0 <rvs_930>:
    63b0:	01052023          	sw	a6,0(a0)
	RV_ST(&SH->checksum, (c ^ v) + 88u, 931);
    63b4:	00b7c7b3          	xor	a5,a5,a1
    63b8:	05878793          	addi	a5,a5,88
    63bc:	06870593          	addi	a1,a4,104

000063c0 <rvs_931>:
    63c0:	00f5a023          	sw	a5,0(a1)
	if (use_lock) {
    63c4:	00100793          	li	a5,1
    63c8:	04f60463          	beq	a2,a5,6410 <rvs_933>
		RV_RELEASE(lk, 1u, 932);
    63cc:	00469793          	slli	a5,a3,0x4
    63d0:	00f70733          	add	a4,a4,a5
    63d4:	02470713          	addi	a4,a4,36
    63d8:	00000793          	li	a5,0

000063dc <rvs_932>:
    63dc:	00f72023          	sw	a5,0(a4)
    63e0:	b003a7b7          	lui	a5,0xb003a
    63e4:	44178793          	addi	a5,a5,1089 # b003a441 <__bss_end+0xb003304d>
    63e8:	01369693          	slli	a3,a3,0x13
    63ec:	00f6e6b3          	or	a3,a3,a5
    63f0:	400007b7          	lui	a5,0x40000
    63f4:	00d7a023          	sw	a3,0(a5) # 40000000 <__bss_end+0x3fff8c0c>
    63f8:	00000013          	nop
    63fc:	00000013          	nop
    6400:	00000013          	nop
    6404:	00000013          	nop
    6408:	00000013          	nop
    640c:	00000013          	nop

00006410 <rvs_933>:
	}
	RV_MARK(933);
    6410:	00000013          	nop
	rv_local_sum += 5u;
    6414:	00007737          	lui	a4,0x7
    6418:	3f072783          	lw	a5,1008(a4) # 73f0 <rv_local_sum>
    641c:	00578793          	addi	a5,a5,5
    6420:	3ef72823          	sw	a5,1008(a4)
}
    6424:	00008067          	ret

00006428 <rv_t088_cap>:
void rv_t088_cap(void)
{
	unsigned w;
	/* The tag is COMPUTED here -- an ACT-ST trigger could only ever carry
	 * the constant its table entry was loaded with. */
	w = RV_ACT_WORD(RV_ACT_CMD_DAQ_PC_CURR, RV_ACT_SINK_AXIS,
    6428:	30000537          	lui	a0,0x30000
    642c:	08052703          	lw	a4,128(a0) # 30000080 <__bss_end+0x2fff8c8c>
    6430:	200007b7          	lui	a5,0x20000
    6434:	f0078613          	addi	a2,a5,-256 # 1fffff00 <__bss_end+0x1fff8b0c>
    6438:	00871713          	slli	a4,a4,0x8
    643c:	e00006b7          	lui	a3,0xe0000
    6440:	00c77733          	and	a4,a4,a2
    6444:	04168693          	addi	a3,a3,65 # e0000041 <__bss_end+0xdfff8c4d>
	                RV_TAG_VALUE(SH->ring_head & RV_VALUE_MASK));
	RV_ACTCAP_AT(934, w);
    6448:	400005b7          	lui	a1,0x40000
	w = RV_ACT_WORD(RV_ACT_CMD_DAQ_PC_CURR, RV_ACT_SINK_AXIS,
    644c:	00d76733          	or	a4,a4,a3

00006450 <rvs_934>:
	RV_ACTCAP_AT(934, w);
    6450:	00e5a023          	sw	a4,0(a1) # 40000000 <__bss_end+0x3fff8c0c>
    6454:	00000013          	nop
    6458:	00000013          	nop
    645c:	00000013          	nop
    6460:	00000013          	nop
    6464:	00000013          	nop
    6468:	00000013          	nop
	w = RV_ACT_WORD(RV_ACT_CMD_DAQ_PC_CURR, RV_ACT_SINK_AXIS,
    646c:	06052783          	lw	a5,96(a0)
    6470:	00879793          	slli	a5,a5,0x8
    6474:	00c7f7b3          	and	a5,a5,a2
    6478:	00d7e7b3          	or	a5,a5,a3

0000647c <rvs_935>:
	                RV_TAG_VALUE(SH->balance & RV_VALUE_MASK));
	RV_ACTCAP_AT(935, w);
    647c:	00f5a023          	sw	a5,0(a1)
    6480:	00000013          	nop
    6484:	00000013          	nop
    6488:	00000013          	nop
    648c:	00000013          	nop
    6490:	00000013          	nop
    6494:	00000013          	nop
	rv_actcap_issued += 2u;
    6498:	00007737          	lui	a4,0x7
    649c:	3e872783          	lw	a5,1000(a4) # 73e8 <rv_actcap_issued>
    64a0:	00278793          	addi	a5,a5,2
    64a4:	3ef72423          	sw	a5,1000(a4)
}
    64a8:	00008067          	ret

000064ac <rv_t089>:

void rv_t089(void)
{
	unsigned v, c, lk;
	unsigned use_lock = (SH->mode != RV_MODE_RACE_OPEN);
    64ac:	300007b7          	lui	a5,0x30000
    64b0:	0047a603          	lw	a2,4(a5) # 30000004 <__bss_end+0x2fff8c10>
	/* RV_MODE_RACE_WRONG_LOCK: each core takes a DIFFERENT lock, so both
	 * believe they are protected and neither excludes the other. */
	lk = (SH->mode == RV_MODE_RACE_WRONG_LOCK) ? 1u : 0u;
    64b4:	0047a683          	lw	a3,4(a5)
    64b8:	ffe68693          	addi	a3,a3,-2
    64bc:	0016b693          	seqz	a3,a3

000064c0 <rvs_936>:

	RV_MARK(936);
    64c0:	00000013          	nop
	if (use_lock) {
    64c4:	00100713          	li	a4,1
    64c8:	06e60263          	beq	a2,a4,652c <rvs_938+0x34>
		RV_ACQUIRE(lk, 1u, 0u, 937, 938);
    64cc:	00469513          	slli	a0,a3,0x4
    64d0:	00a785b3          	add	a1,a5,a0
    64d4:	02458593          	addi	a1,a1,36

000064d8 <rvs_937>:
    64d8:	00e5a023          	sw	a4,0(a1)
    64dc:	00a787b3          	add	a5,a5,a0
    64e0:	0207a423          	sw	zero,40(a5)
    64e4:	00c0006f          	j	64f0 <rvs_937+0x18>
    64e8:	0287a703          	lw	a4,40(a5)
    64ec:	00071663          	bnez	a4,64f8 <rvs_938>
    64f0:	0207a703          	lw	a4,32(a5)
    64f4:	fe071ae3          	bnez	a4,64e8 <rvs_937+0x10>

000064f8 <rvs_938>:
    64f8:	00000013          	nop
    64fc:	a803b737          	lui	a4,0xa803b
    6500:	01369793          	slli	a5,a3,0x13
    6504:	a4170713          	addi	a4,a4,-1471 # a803aa41 <__bss_end+0xa803364d>
    6508:	00e7e7b3          	or	a5,a5,a4
    650c:	40000737          	lui	a4,0x40000
    6510:	00f72023          	sw	a5,0(a4) # 40000000 <__bss_end+0x3fff8c0c>
    6514:	00000013          	nop
    6518:	00000013          	nop
    651c:	00000013          	nop
    6520:	00000013          	nop
    6524:	00000013          	nop
    6528:	00000013          	nop
	}
	RV_LD(v, &SH->balance, 939);
    652c:	30000737          	lui	a4,0x30000
    6530:	06070593          	addi	a1,a4,96 # 30000060 <__bss_end+0x2fff8c6c>

00006534 <rvs_939>:
    6534:	0005a783          	lw	a5,0(a1)
	v += 6u;
    6538:	00678793          	addi	a5,a5,6

0000653c <rvs_940>:
	RV_ST(&SH->balance, v, 940);
    653c:	00f5a023          	sw	a5,0(a1)
	RV_LD(c, &SH->count, 941);
    6540:	06470513          	addi	a0,a4,100

00006544 <rvs_941>:
    6544:	00052583          	lw	a1,0(a0)
	RV_ST(&SH->count, c + 1u, 942);
    6548:	00158813          	addi	a6,a1,1

0000654c <rvs_942>:
    654c:	01052023          	sw	a6,0(a0)
	RV_ST(&SH->checksum, (c ^ v) + 89u, 943);
    6550:	00b7c7b3          	xor	a5,a5,a1
    6554:	05978793          	addi	a5,a5,89
    6558:	06870593          	addi	a1,a4,104

0000655c <rvs_943>:
    655c:	00f5a023          	sw	a5,0(a1)
	if (use_lock) {
    6560:	00100793          	li	a5,1
    6564:	04f60463          	beq	a2,a5,65ac <rvs_945>
		RV_RELEASE(lk, 1u, 944);
    6568:	00469793          	slli	a5,a3,0x4
    656c:	00f70733          	add	a4,a4,a5
    6570:	02470713          	addi	a4,a4,36
    6574:	00000793          	li	a5,0

00006578 <rvs_944>:
    6578:	00f72023          	sw	a5,0(a4)
    657c:	b003b7b7          	lui	a5,0xb003b
    6580:	04178793          	addi	a5,a5,65 # b003b041 <__bss_end+0xb0033c4d>
    6584:	01369693          	slli	a3,a3,0x13
    6588:	00f6e6b3          	or	a3,a3,a5
    658c:	400007b7          	lui	a5,0x40000
    6590:	00d7a023          	sw	a3,0(a5) # 40000000 <__bss_end+0x3fff8c0c>
    6594:	00000013          	nop
    6598:	00000013          	nop
    659c:	00000013          	nop
    65a0:	00000013          	nop
    65a4:	00000013          	nop
    65a8:	00000013          	nop

000065ac <rvs_945>:
	}
	RV_MARK(945);
    65ac:	00000013          	nop
	rv_local_sum += 6u;
    65b0:	00007737          	lui	a4,0x7
    65b4:	3f072783          	lw	a5,1008(a4) # 73f0 <rv_local_sum>
    65b8:	00678793          	addi	a5,a5,6
    65bc:	3ef72823          	sw	a5,1008(a4)
}
    65c0:	00008067          	ret

000065c4 <rv_t090>:

void rv_t090(void)
{
    65c4:	ff010113          	addi	sp,sp,-16
    65c8:	00112623          	sw	ra,12(sp)
    65cc:	00812423          	sw	s0,8(sp)
    65d0:	00912223          	sw	s1,4(sp)
    65d4:	01212023          	sw	s2,0(sp)

000065d8 <rvs_946>:
	unsigned h, t, v, p;

	RV_MARK(946);
    65d8:	00000013          	nop
	RV_LD(h, &SH->ring_head, 947);
    65dc:	30000437          	lui	s0,0x30000
    65e0:	08040793          	addi	a5,s0,128 # 30000080 <__bss_end+0x2fff8c8c>

000065e4 <rvs_947>:
    65e4:	0007a783          	lw	a5,0(a5)
	RV_LD(t, &SH->ring_tail, 948);
    65e8:	08440913          	addi	s2,s0,132

000065ec <rvs_948>:
    65ec:	00092483          	lw	s1,0(s2)

000065f0 <rvs_953>:
	RV_MARK(953);
    65f0:	00000013          	nop
	if (h != t) {
    65f4:	04978063          	beq	a5,s1,6634 <rvs_950+0x4>
		RV_LD(v, &SH->ring[t % RV_RING_SLOTS], 949);
    65f8:	03c00593          	li	a1,60
    65fc:	00048513          	mv	a0,s1
    6600:	385000ef          	jal	ra,7184 <__umodsi3>
    6604:	00251793          	slli	a5,a0,0x2
    6608:	09040413          	addi	s0,s0,144
    660c:	008787b3          	add	a5,a5,s0

00006610 <rvs_949>:
    6610:	0007a783          	lw	a5,0(a5)
		rv_local_sum += v;
    6614:	000076b7          	lui	a3,0x7
    6618:	3f06a703          	lw	a4,1008(a3) # 73f0 <rv_local_sum>
		RV_ST(&SH->ring_tail, (t + 1u) % RV_RING_SLOTS, 950);
    661c:	03c00593          	li	a1,60
    6620:	00148513          	addi	a0,s1,1
		rv_local_sum += v;
    6624:	00f707b3          	add	a5,a4,a5
    6628:	3ef6a823          	sw	a5,1008(a3)
		RV_ST(&SH->ring_tail, (t + 1u) % RV_RING_SLOTS, 950);
    662c:	359000ef          	jal	ra,7184 <__umodsi3>

00006630 <rvs_950>:
    6630:	00a92023          	sw	a0,0(s2)
	}
	RV_LD(p, &rv_private, 951);
    6634:	000077b7          	lui	a5,0x7
    6638:	3ec78793          	addi	a5,a5,1004 # 73ec <rv_private>

0000663c <rvs_951>:
    663c:	0007a703          	lw	a4,0(a5)
	RV_ST(&rv_private, p + 1u, 952);
    6640:	00170693          	addi	a3,a4,1

00006644 <rvs_952>:
    6644:	00d7a023          	sw	a3,0(a5)
	RV_ST(&SH->seq, p, 954);
    6648:	300007b7          	lui	a5,0x30000
    664c:	06c78793          	addi	a5,a5,108 # 3000006c <__bss_end+0x2fff8c78>

00006650 <rvs_954>:
    6650:	00e7a023          	sw	a4,0(a5)

00006654 <rvs_955>:
	RV_MARK(955);
    6654:	00000013          	nop
}
    6658:	00c12083          	lw	ra,12(sp)
    665c:	00812403          	lw	s0,8(sp)
    6660:	00412483          	lw	s1,4(sp)
    6664:	00012903          	lw	s2,0(sp)
    6668:	01010113          	addi	sp,sp,16
    666c:	00008067          	ret

00006670 <rv_t091>:

void rv_t091(void)
{
    6670:	ff010113          	addi	sp,sp,-16
    6674:	00112623          	sw	ra,12(sp)
    6678:	00812423          	sw	s0,8(sp)
    667c:	00912223          	sw	s1,4(sp)
    6680:	01212023          	sw	s2,0(sp)

00006684 <rvs_956>:
	unsigned h, t, v, p;

	RV_MARK(956);
    6684:	00000013          	nop
	RV_LD(h, &SH->ring_head, 957);
    6688:	30000437          	lui	s0,0x30000
    668c:	08040793          	addi	a5,s0,128 # 30000080 <__bss_end+0x2fff8c8c>

00006690 <rvs_957>:
    6690:	0007a783          	lw	a5,0(a5)
	RV_LD(t, &SH->ring_tail, 958);
    6694:	08440913          	addi	s2,s0,132

00006698 <rvs_958>:
    6698:	00092483          	lw	s1,0(s2)

0000669c <rvs_963>:
	RV_MARK(963);
    669c:	00000013          	nop
	if (h != t) {
    66a0:	04978063          	beq	a5,s1,66e0 <rvs_960+0x4>
		RV_LD(v, &SH->ring[t % RV_RING_SLOTS], 959);
    66a4:	03c00593          	li	a1,60
    66a8:	00048513          	mv	a0,s1
    66ac:	2d9000ef          	jal	ra,7184 <__umodsi3>
    66b0:	00251793          	slli	a5,a0,0x2
    66b4:	09040413          	addi	s0,s0,144
    66b8:	008787b3          	add	a5,a5,s0

000066bc <rvs_959>:
    66bc:	0007a783          	lw	a5,0(a5)
		rv_local_sum += v;
    66c0:	000076b7          	lui	a3,0x7
    66c4:	3f06a703          	lw	a4,1008(a3) # 73f0 <rv_local_sum>
		RV_ST(&SH->ring_tail, (t + 1u) % RV_RING_SLOTS, 960);
    66c8:	03c00593          	li	a1,60
    66cc:	00148513          	addi	a0,s1,1
		rv_local_sum += v;
    66d0:	00f707b3          	add	a5,a4,a5
    66d4:	3ef6a823          	sw	a5,1008(a3)
		RV_ST(&SH->ring_tail, (t + 1u) % RV_RING_SLOTS, 960);
    66d8:	2ad000ef          	jal	ra,7184 <__umodsi3>

000066dc <rvs_960>:
    66dc:	00a92023          	sw	a0,0(s2)
	}
	RV_LD(p, &rv_private, 961);
    66e0:	000077b7          	lui	a5,0x7
    66e4:	3ec78793          	addi	a5,a5,1004 # 73ec <rv_private>

000066e8 <rvs_961>:
    66e8:	0007a703          	lw	a4,0(a5)
	RV_ST(&rv_private, p + 1u, 962);
    66ec:	00170693          	addi	a3,a4,1

000066f0 <rvs_962>:
    66f0:	00d7a023          	sw	a3,0(a5)
	RV_ST(&SH->seq, p, 964);
    66f4:	300007b7          	lui	a5,0x30000
    66f8:	06c78793          	addi	a5,a5,108 # 3000006c <__bss_end+0x2fff8c78>

000066fc <rvs_964>:
    66fc:	00e7a023          	sw	a4,0(a5)

00006700 <rvs_965>:
	RV_MARK(965);
    6700:	00000013          	nop
}
    6704:	00c12083          	lw	ra,12(sp)
    6708:	00812403          	lw	s0,8(sp)
    670c:	00412483          	lw	s1,4(sp)
    6710:	00012903          	lw	s2,0(sp)
    6714:	01010113          	addi	sp,sp,16
    6718:	00008067          	ret

0000671c <rv_t092>:

void rv_t092(void)
{
    671c:	ff010113          	addi	sp,sp,-16
    6720:	00112623          	sw	ra,12(sp)
    6724:	00812423          	sw	s0,8(sp)
    6728:	00912223          	sw	s1,4(sp)
    672c:	01212023          	sw	s2,0(sp)

00006730 <rvs_966>:
	unsigned h, t, v, p;

	RV_MARK(966);
    6730:	00000013          	nop
	RV_LD(h, &SH->ring_head, 967);
    6734:	30000437          	lui	s0,0x30000
    6738:	08040793          	addi	a5,s0,128 # 30000080 <__bss_end+0x2fff8c8c>

0000673c <rvs_967>:
    673c:	0007a783          	lw	a5,0(a5)
	RV_LD(t, &SH->ring_tail, 968);
    6740:	08440913          	addi	s2,s0,132

00006744 <rvs_968>:
    6744:	00092483          	lw	s1,0(s2)

00006748 <rvs_973>:
	RV_MARK(973);
    6748:	00000013          	nop
	if (h != t) {
    674c:	04978063          	beq	a5,s1,678c <rvs_970+0x4>
		RV_LD(v, &SH->ring[t % RV_RING_SLOTS], 969);
    6750:	03c00593          	li	a1,60
    6754:	00048513          	mv	a0,s1
    6758:	22d000ef          	jal	ra,7184 <__umodsi3>
    675c:	00251793          	slli	a5,a0,0x2
    6760:	09040413          	addi	s0,s0,144
    6764:	008787b3          	add	a5,a5,s0

00006768 <rvs_969>:
    6768:	0007a783          	lw	a5,0(a5)
		rv_local_sum += v;
    676c:	000076b7          	lui	a3,0x7
    6770:	3f06a703          	lw	a4,1008(a3) # 73f0 <rv_local_sum>
		RV_ST(&SH->ring_tail, (t + 1u) % RV_RING_SLOTS, 970);
    6774:	03c00593          	li	a1,60
    6778:	00148513          	addi	a0,s1,1
		rv_local_sum += v;
    677c:	00f707b3          	add	a5,a4,a5
    6780:	3ef6a823          	sw	a5,1008(a3)
		RV_ST(&SH->ring_tail, (t + 1u) % RV_RING_SLOTS, 970);
    6784:	201000ef          	jal	ra,7184 <__umodsi3>

00006788 <rvs_970>:
    6788:	00a92023          	sw	a0,0(s2)
	}
	RV_LD(p, &rv_private, 971);
    678c:	000077b7          	lui	a5,0x7
    6790:	3ec78793          	addi	a5,a5,1004 # 73ec <rv_private>

00006794 <rvs_971>:
    6794:	0007a703          	lw	a4,0(a5)
	RV_ST(&rv_private, p + 1u, 972);
    6798:	00170693          	addi	a3,a4,1

0000679c <rvs_972>:
    679c:	00d7a023          	sw	a3,0(a5)
	RV_ST(&SH->seq, p, 974);
    67a0:	300007b7          	lui	a5,0x30000
    67a4:	06c78793          	addi	a5,a5,108 # 3000006c <__bss_end+0x2fff8c78>

000067a8 <rvs_974>:
    67a8:	00e7a023          	sw	a4,0(a5)

000067ac <rvs_975>:
	RV_MARK(975);
    67ac:	00000013          	nop
}
    67b0:	00c12083          	lw	ra,12(sp)
    67b4:	00812403          	lw	s0,8(sp)
    67b8:	00412483          	lw	s1,4(sp)
    67bc:	00012903          	lw	s2,0(sp)
    67c0:	01010113          	addi	sp,sp,16
    67c4:	00008067          	ret

000067c8 <rv_t092_cap>:
void rv_t092_cap(void)
{
	unsigned w;
	/* The tag is COMPUTED here -- an ACT-ST trigger could only ever carry
	 * the constant its table entry was loaded with. */
	w = RV_ACT_WORD(RV_ACT_CMD_DAQ_PC_CURR, RV_ACT_SINK_AXIS,
    67c8:	30000537          	lui	a0,0x30000
    67cc:	08052703          	lw	a4,128(a0) # 30000080 <__bss_end+0x2fff8c8c>
    67d0:	200007b7          	lui	a5,0x20000
    67d4:	f0078613          	addi	a2,a5,-256 # 1fffff00 <__bss_end+0x1fff8b0c>
    67d8:	00871713          	slli	a4,a4,0x8
    67dc:	e00006b7          	lui	a3,0xe0000
    67e0:	00c77733          	and	a4,a4,a2
    67e4:	04168693          	addi	a3,a3,65 # e0000041 <__bss_end+0xdfff8c4d>
	                RV_TAG_VALUE(SH->ring_head & RV_VALUE_MASK));
	RV_ACTCAP_AT(976, w);
    67e8:	400005b7          	lui	a1,0x40000
	w = RV_ACT_WORD(RV_ACT_CMD_DAQ_PC_CURR, RV_ACT_SINK_AXIS,
    67ec:	00d76733          	or	a4,a4,a3

000067f0 <rvs_976>:
	RV_ACTCAP_AT(976, w);
    67f0:	00e5a023          	sw	a4,0(a1) # 40000000 <__bss_end+0x3fff8c0c>
    67f4:	00000013          	nop
    67f8:	00000013          	nop
    67fc:	00000013          	nop
    6800:	00000013          	nop
    6804:	00000013          	nop
    6808:	00000013          	nop
	w = RV_ACT_WORD(RV_ACT_CMD_DAQ_PC_CURR, RV_ACT_SINK_AXIS,
    680c:	06052783          	lw	a5,96(a0)
    6810:	00879793          	slli	a5,a5,0x8
    6814:	00c7f7b3          	and	a5,a5,a2
    6818:	00d7e7b3          	or	a5,a5,a3

0000681c <rvs_977>:
	                RV_TAG_VALUE(SH->balance & RV_VALUE_MASK));
	RV_ACTCAP_AT(977, w);
    681c:	00f5a023          	sw	a5,0(a1)
    6820:	00000013          	nop
    6824:	00000013          	nop
    6828:	00000013          	nop
    682c:	00000013          	nop
    6830:	00000013          	nop
    6834:	00000013          	nop
	rv_actcap_issued += 2u;
    6838:	00007737          	lui	a4,0x7
    683c:	3e872783          	lw	a5,1000(a4) # 73e8 <rv_actcap_issued>
    6840:	00278793          	addi	a5,a5,2
    6844:	3ef72423          	sw	a5,1000(a4)
}
    6848:	00008067          	ret

0000684c <rv_t093>:

void rv_t093(void)
{
	unsigned v, c, lk;
	unsigned use_lock = (SH->mode != RV_MODE_RACE_OPEN);
    684c:	300007b7          	lui	a5,0x30000
    6850:	0047a603          	lw	a2,4(a5) # 30000004 <__bss_end+0x2fff8c10>
	/* RV_MODE_RACE_WRONG_LOCK: each core takes a DIFFERENT lock, so both
	 * believe they are protected and neither excludes the other. */
	lk = (SH->mode == RV_MODE_RACE_WRONG_LOCK) ? 1u : 0u;
    6854:	0047a683          	lw	a3,4(a5)
    6858:	ffe68693          	addi	a3,a3,-2
    685c:	0016b693          	seqz	a3,a3

00006860 <rvs_978>:

	RV_MARK(978);
    6860:	00000013          	nop
	if (use_lock) {
    6864:	00100713          	li	a4,1
    6868:	06e60263          	beq	a2,a4,68cc <rvs_980+0x34>
		RV_ACQUIRE(lk, 1u, 0u, 979, 980);
    686c:	00469513          	slli	a0,a3,0x4
    6870:	00a785b3          	add	a1,a5,a0
    6874:	02458593          	addi	a1,a1,36

00006878 <rvs_979>:
    6878:	00e5a023          	sw	a4,0(a1)
    687c:	00a787b3          	add	a5,a5,a0
    6880:	0207a423          	sw	zero,40(a5)
    6884:	00c0006f          	j	6890 <rvs_979+0x18>
    6888:	0287a703          	lw	a4,40(a5)
    688c:	00071663          	bnez	a4,6898 <rvs_980>
    6890:	0207a703          	lw	a4,32(a5)
    6894:	fe071ae3          	bnez	a4,6888 <rvs_979+0x10>

00006898 <rvs_980>:
    6898:	00000013          	nop
    689c:	a803d737          	lui	a4,0xa803d
    68a0:	01369793          	slli	a5,a3,0x13
    68a4:	44170713          	addi	a4,a4,1089 # a803d441 <__bss_end+0xa803604d>
    68a8:	00e7e7b3          	or	a5,a5,a4
    68ac:	40000737          	lui	a4,0x40000
    68b0:	00f72023          	sw	a5,0(a4) # 40000000 <__bss_end+0x3fff8c0c>
    68b4:	00000013          	nop
    68b8:	00000013          	nop
    68bc:	00000013          	nop
    68c0:	00000013          	nop
    68c4:	00000013          	nop
    68c8:	00000013          	nop
	}
	RV_LD(v, &SH->balance, 981);
    68cc:	30000737          	lui	a4,0x30000
    68d0:	06070593          	addi	a1,a4,96 # 30000060 <__bss_end+0x2fff8c6c>

000068d4 <rvs_981>:
    68d4:	0005a783          	lw	a5,0(a1)
	v += 3u;
    68d8:	00378793          	addi	a5,a5,3

000068dc <rvs_982>:
	RV_ST(&SH->balance, v, 982);
    68dc:	00f5a023          	sw	a5,0(a1)
	RV_LD(c, &SH->count, 983);
    68e0:	06470513          	addi	a0,a4,100

000068e4 <rvs_983>:
    68e4:	00052583          	lw	a1,0(a0)
	RV_ST(&SH->count, c + 1u, 984);
    68e8:	00158813          	addi	a6,a1,1

000068ec <rvs_984>:
    68ec:	01052023          	sw	a6,0(a0)
	RV_ST(&SH->checksum, (c ^ v) + 93u, 985);
    68f0:	00b7c7b3          	xor	a5,a5,a1
    68f4:	05d78793          	addi	a5,a5,93
    68f8:	06870593          	addi	a1,a4,104

000068fc <rvs_985>:
    68fc:	00f5a023          	sw	a5,0(a1)
	if (use_lock) {
    6900:	00100793          	li	a5,1
    6904:	04f60463          	beq	a2,a5,694c <rvs_987>
		RV_RELEASE(lk, 1u, 986);
    6908:	00469793          	slli	a5,a3,0x4
    690c:	00f70733          	add	a4,a4,a5
    6910:	02470713          	addi	a4,a4,36
    6914:	00000793          	li	a5,0

00006918 <rvs_986>:
    6918:	00f72023          	sw	a5,0(a4)
    691c:	b003e7b7          	lui	a5,0xb003e
    6920:	a4178793          	addi	a5,a5,-1471 # b003da41 <__bss_end+0xb003664d>
    6924:	01369693          	slli	a3,a3,0x13
    6928:	00f6e6b3          	or	a3,a3,a5
    692c:	400007b7          	lui	a5,0x40000
    6930:	00d7a023          	sw	a3,0(a5) # 40000000 <__bss_end+0x3fff8c0c>
    6934:	00000013          	nop
    6938:	00000013          	nop
    693c:	00000013          	nop
    6940:	00000013          	nop
    6944:	00000013          	nop
    6948:	00000013          	nop

0000694c <rvs_987>:
	}
	RV_MARK(987);
    694c:	00000013          	nop
	rv_local_sum += 3u;
    6950:	00007737          	lui	a4,0x7
    6954:	3f072783          	lw	a5,1008(a4) # 73f0 <rv_local_sum>
    6958:	00378793          	addi	a5,a5,3
    695c:	3ef72823          	sw	a5,1008(a4)
}
    6960:	00008067          	ret

00006964 <rv_t094>:

void rv_t094(void)
{
	unsigned v, c, lk;
	unsigned use_lock = (SH->mode != RV_MODE_RACE_OPEN);
    6964:	300007b7          	lui	a5,0x30000
    6968:	0047a603          	lw	a2,4(a5) # 30000004 <__bss_end+0x2fff8c10>
	/* RV_MODE_RACE_WRONG_LOCK: each core takes a DIFFERENT lock, so both
	 * believe they are protected and neither excludes the other. */
	lk = (SH->mode == RV_MODE_RACE_WRONG_LOCK) ? 1u : 0u;
    696c:	0047a683          	lw	a3,4(a5)
    6970:	ffe68693          	addi	a3,a3,-2
    6974:	0016b693          	seqz	a3,a3

00006978 <rvs_988>:

	RV_MARK(988);
    6978:	00000013          	nop
	if (use_lock) {
    697c:	00100713          	li	a4,1
    6980:	06e60263          	beq	a2,a4,69e4 <rvs_990+0x34>
		RV_ACQUIRE(lk, 1u, 0u, 989, 990);
    6984:	00469513          	slli	a0,a3,0x4
    6988:	00a785b3          	add	a1,a5,a0
    698c:	02458593          	addi	a1,a1,36

00006990 <rvs_989>:
    6990:	00e5a023          	sw	a4,0(a1)
    6994:	00a787b3          	add	a5,a5,a0
    6998:	0207a423          	sw	zero,40(a5)
    699c:	00c0006f          	j	69a8 <rvs_989+0x18>
    69a0:	0287a703          	lw	a4,40(a5)
    69a4:	00071663          	bnez	a4,69b0 <rvs_990>
    69a8:	0207a703          	lw	a4,32(a5)
    69ac:	fe071ae3          	bnez	a4,69a0 <rvs_989+0x10>

000069b0 <rvs_990>:
    69b0:	00000013          	nop
    69b4:	a803e737          	lui	a4,0xa803e
    69b8:	01369793          	slli	a5,a3,0x13
    69bc:	e4170713          	addi	a4,a4,-447 # a803de41 <__bss_end+0xa8036a4d>
    69c0:	00e7e7b3          	or	a5,a5,a4
    69c4:	40000737          	lui	a4,0x40000
    69c8:	00f72023          	sw	a5,0(a4) # 40000000 <__bss_end+0x3fff8c0c>
    69cc:	00000013          	nop
    69d0:	00000013          	nop
    69d4:	00000013          	nop
    69d8:	00000013          	nop
    69dc:	00000013          	nop
    69e0:	00000013          	nop
	}
	RV_LD(v, &SH->balance, 991);
    69e4:	30000737          	lui	a4,0x30000
    69e8:	06070593          	addi	a1,a4,96 # 30000060 <__bss_end+0x2fff8c6c>

000069ec <rvs_991>:
    69ec:	0005a783          	lw	a5,0(a1)
	v += 4u;
    69f0:	00478793          	addi	a5,a5,4

000069f4 <rvs_992>:
	RV_ST(&SH->balance, v, 992);
    69f4:	00f5a023          	sw	a5,0(a1)
	RV_LD(c, &SH->count, 993);
    69f8:	06470513          	addi	a0,a4,100

000069fc <rvs_993>:
    69fc:	00052583          	lw	a1,0(a0)
	RV_ST(&SH->count, c + 1u, 994);
    6a00:	00158813          	addi	a6,a1,1

00006a04 <rvs_994>:
    6a04:	01052023          	sw	a6,0(a0)
	RV_ST(&SH->checksum, (c ^ v) + 94u, 995);
    6a08:	00b7c7b3          	xor	a5,a5,a1
    6a0c:	05e78793          	addi	a5,a5,94
    6a10:	06870593          	addi	a1,a4,104

00006a14 <rvs_995>:
    6a14:	00f5a023          	sw	a5,0(a1)
	if (use_lock) {
    6a18:	00100793          	li	a5,1
    6a1c:	04f60463          	beq	a2,a5,6a64 <rvs_997>
		RV_RELEASE(lk, 1u, 996);
    6a20:	00469793          	slli	a5,a3,0x4
    6a24:	00f70733          	add	a4,a4,a5
    6a28:	02470713          	addi	a4,a4,36
    6a2c:	00000793          	li	a5,0

00006a30 <rvs_996>:
    6a30:	00f72023          	sw	a5,0(a4)
    6a34:	b003e7b7          	lui	a5,0xb003e
    6a38:	44178793          	addi	a5,a5,1089 # b003e441 <__bss_end+0xb003704d>
    6a3c:	01369693          	slli	a3,a3,0x13
    6a40:	00f6e6b3          	or	a3,a3,a5
    6a44:	400007b7          	lui	a5,0x40000
    6a48:	00d7a023          	sw	a3,0(a5) # 40000000 <__bss_end+0x3fff8c0c>
    6a4c:	00000013          	nop
    6a50:	00000013          	nop
    6a54:	00000013          	nop
    6a58:	00000013          	nop
    6a5c:	00000013          	nop
    6a60:	00000013          	nop

00006a64 <rvs_997>:
	}
	RV_MARK(997);
    6a64:	00000013          	nop
	rv_local_sum += 4u;
    6a68:	00007737          	lui	a4,0x7
    6a6c:	3f072783          	lw	a5,1008(a4) # 73f0 <rv_local_sum>
    6a70:	00478793          	addi	a5,a5,4
    6a74:	3ef72823          	sw	a5,1008(a4)
}
    6a78:	00008067          	ret

00006a7c <rv_t095>:

void rv_t095(void)
{
	unsigned v, c, lk;
	unsigned use_lock = (SH->mode != RV_MODE_RACE_OPEN);
    6a7c:	300007b7          	lui	a5,0x30000
    6a80:	0047a603          	lw	a2,4(a5) # 30000004 <__bss_end+0x2fff8c10>
	/* RV_MODE_RACE_WRONG_LOCK: each core takes a DIFFERENT lock, so both
	 * believe they are protected and neither excludes the other. */
	lk = (SH->mode == RV_MODE_RACE_WRONG_LOCK) ? 1u : 0u;
    6a84:	0047a683          	lw	a3,4(a5)
    6a88:	ffe68693          	addi	a3,a3,-2
    6a8c:	0016b693          	seqz	a3,a3

00006a90 <rvs_998>:

	RV_MARK(998);
    6a90:	00000013          	nop
	if (use_lock) {
    6a94:	00100713          	li	a4,1
    6a98:	06e60263          	beq	a2,a4,6afc <rvs_1000+0x34>
		RV_ACQUIRE(lk, 1u, 0u, 999, 1000);
    6a9c:	00469513          	slli	a0,a3,0x4
    6aa0:	00a785b3          	add	a1,a5,a0
    6aa4:	02458593          	addi	a1,a1,36

00006aa8 <rvs_999>:
    6aa8:	00e5a023          	sw	a4,0(a1)
    6aac:	00a787b3          	add	a5,a5,a0
    6ab0:	0207a423          	sw	zero,40(a5)
    6ab4:	00c0006f          	j	6ac0 <rvs_999+0x18>
    6ab8:	0287a703          	lw	a4,40(a5)
    6abc:	00071663          	bnez	a4,6ac8 <rvs_1000>
    6ac0:	0207a703          	lw	a4,32(a5)
    6ac4:	fe071ae3          	bnez	a4,6ab8 <rvs_999+0x10>

00006ac8 <rvs_1000>:
    6ac8:	00000013          	nop
    6acc:	a803f737          	lui	a4,0xa803f
    6ad0:	01369793          	slli	a5,a3,0x13
    6ad4:	84170713          	addi	a4,a4,-1983 # a803e841 <__bss_end+0xa803744d>
    6ad8:	00e7e7b3          	or	a5,a5,a4
    6adc:	40000737          	lui	a4,0x40000
    6ae0:	00f72023          	sw	a5,0(a4) # 40000000 <__bss_end+0x3fff8c0c>
    6ae4:	00000013          	nop
    6ae8:	00000013          	nop
    6aec:	00000013          	nop
    6af0:	00000013          	nop
    6af4:	00000013          	nop
    6af8:	00000013          	nop
	}
	RV_LD(v, &SH->balance, 1001);
    6afc:	30000737          	lui	a4,0x30000
    6b00:	06070593          	addi	a1,a4,96 # 30000060 <__bss_end+0x2fff8c6c>

00006b04 <rvs_1001>:
    6b04:	0005a783          	lw	a5,0(a1)
	v += 5u;
    6b08:	00578793          	addi	a5,a5,5

00006b0c <rvs_1002>:
	RV_ST(&SH->balance, v, 1002);
    6b0c:	00f5a023          	sw	a5,0(a1)
	RV_LD(c, &SH->count, 1003);
    6b10:	06470513          	addi	a0,a4,100

00006b14 <rvs_1003>:
    6b14:	00052583          	lw	a1,0(a0)
	RV_ST(&SH->count, c + 1u, 1004);
    6b18:	00158813          	addi	a6,a1,1

00006b1c <rvs_1004>:
    6b1c:	01052023          	sw	a6,0(a0)
	RV_ST(&SH->checksum, (c ^ v) + 95u, 1005);
    6b20:	00b7c7b3          	xor	a5,a5,a1
    6b24:	05f78793          	addi	a5,a5,95
    6b28:	06870593          	addi	a1,a4,104

00006b2c <rvs_1005>:
    6b2c:	00f5a023          	sw	a5,0(a1)
	if (use_lock) {
    6b30:	00100793          	li	a5,1
    6b34:	04f60463          	beq	a2,a5,6b7c <rvs_1007>
		RV_RELEASE(lk, 1u, 1006);
    6b38:	00469793          	slli	a5,a3,0x4
    6b3c:	00f70733          	add	a4,a4,a5
    6b40:	02470713          	addi	a4,a4,36
    6b44:	00000793          	li	a5,0

00006b48 <rvs_1006>:
    6b48:	00f72023          	sw	a5,0(a4)
    6b4c:	b003f7b7          	lui	a5,0xb003f
    6b50:	e4178793          	addi	a5,a5,-447 # b003ee41 <__bss_end+0xb0037a4d>
    6b54:	01369693          	slli	a3,a3,0x13
    6b58:	00f6e6b3          	or	a3,a3,a5
    6b5c:	400007b7          	lui	a5,0x40000
    6b60:	00d7a023          	sw	a3,0(a5) # 40000000 <__bss_end+0x3fff8c0c>
    6b64:	00000013          	nop
    6b68:	00000013          	nop
    6b6c:	00000013          	nop
    6b70:	00000013          	nop
    6b74:	00000013          	nop
    6b78:	00000013          	nop

00006b7c <rvs_1007>:
	}
	RV_MARK(1007);
    6b7c:	00000013          	nop
	rv_local_sum += 5u;
    6b80:	00007737          	lui	a4,0x7
    6b84:	3f072783          	lw	a5,1008(a4) # 73f0 <rv_local_sum>
    6b88:	00578793          	addi	a5,a5,5
    6b8c:	3ef72823          	sw	a5,1008(a4)
}
    6b90:	00008067          	ret

00006b94 <rv_t096>:

void rv_t096(void)
{
	unsigned v, c, lk;
	unsigned use_lock = (SH->mode != RV_MODE_RACE_OPEN);
    6b94:	300007b7          	lui	a5,0x30000
    6b98:	0047a603          	lw	a2,4(a5) # 30000004 <__bss_end+0x2fff8c10>
	/* RV_MODE_RACE_WRONG_LOCK: each core takes a DIFFERENT lock, so both
	 * believe they are protected and neither excludes the other. */
	lk = (SH->mode == RV_MODE_RACE_WRONG_LOCK) ? 1u : 0u;
    6b9c:	0047a683          	lw	a3,4(a5)
    6ba0:	ffe68693          	addi	a3,a3,-2
    6ba4:	0016b693          	seqz	a3,a3

00006ba8 <rvs_1008>:

	RV_MARK(1008);
    6ba8:	00000013          	nop
	if (use_lock) {
    6bac:	00100713          	li	a4,1
    6bb0:	06e60263          	beq	a2,a4,6c14 <rvs_1010+0x34>
		RV_ACQUIRE(lk, 1u, 0u, 1009, 1010);
    6bb4:	00469513          	slli	a0,a3,0x4
    6bb8:	00a785b3          	add	a1,a5,a0
    6bbc:	02458593          	addi	a1,a1,36

00006bc0 <rvs_1009>:
    6bc0:	00e5a023          	sw	a4,0(a1)
    6bc4:	00a787b3          	add	a5,a5,a0
    6bc8:	0207a423          	sw	zero,40(a5)
    6bcc:	00c0006f          	j	6bd8 <rvs_1009+0x18>
    6bd0:	0287a703          	lw	a4,40(a5)
    6bd4:	00071663          	bnez	a4,6be0 <rvs_1010>
    6bd8:	0207a703          	lw	a4,32(a5)
    6bdc:	fe071ae3          	bnez	a4,6bd0 <rvs_1009+0x10>

00006be0 <rvs_1010>:
    6be0:	00000013          	nop
    6be4:	a803f737          	lui	a4,0xa803f
    6be8:	01369793          	slli	a5,a3,0x13
    6bec:	24170713          	addi	a4,a4,577 # a803f241 <__bss_end+0xa8037e4d>
    6bf0:	00e7e7b3          	or	a5,a5,a4
    6bf4:	40000737          	lui	a4,0x40000
    6bf8:	00f72023          	sw	a5,0(a4) # 40000000 <__bss_end+0x3fff8c0c>
    6bfc:	00000013          	nop
    6c00:	00000013          	nop
    6c04:	00000013          	nop
    6c08:	00000013          	nop
    6c0c:	00000013          	nop
    6c10:	00000013          	nop
	}
	RV_LD(v, &SH->balance, 1011);
    6c14:	30000737          	lui	a4,0x30000
    6c18:	06070593          	addi	a1,a4,96 # 30000060 <__bss_end+0x2fff8c6c>

00006c1c <rvs_1011>:
    6c1c:	0005a783          	lw	a5,0(a1)
	v += 6u;
    6c20:	00678793          	addi	a5,a5,6

00006c24 <rvs_1012>:
	RV_ST(&SH->balance, v, 1012);
    6c24:	00f5a023          	sw	a5,0(a1)
	RV_LD(c, &SH->count, 1013);
    6c28:	06470513          	addi	a0,a4,100

00006c2c <rvs_1013>:
    6c2c:	00052583          	lw	a1,0(a0)
	RV_ST(&SH->count, c + 1u, 1014);
    6c30:	00158813          	addi	a6,a1,1

00006c34 <rvs_1014>:
    6c34:	01052023          	sw	a6,0(a0)
	RV_ST(&SH->checksum, (c ^ v) + 96u, 1015);
    6c38:	00b7c7b3          	xor	a5,a5,a1
    6c3c:	06078793          	addi	a5,a5,96
    6c40:	06870593          	addi	a1,a4,104

00006c44 <rvs_1015>:
    6c44:	00f5a023          	sw	a5,0(a1)
	if (use_lock) {
    6c48:	00100793          	li	a5,1
    6c4c:	04f60463          	beq	a2,a5,6c94 <rvs_1017>
		RV_RELEASE(lk, 1u, 1016);
    6c50:	00469793          	slli	a5,a3,0x4
    6c54:	00f70733          	add	a4,a4,a5
    6c58:	02470713          	addi	a4,a4,36
    6c5c:	00000793          	li	a5,0

00006c60 <rvs_1016>:
    6c60:	00f72023          	sw	a5,0(a4)
    6c64:	b00407b7          	lui	a5,0xb0040
    6c68:	84178793          	addi	a5,a5,-1983 # b003f841 <__bss_end+0xb003844d>
    6c6c:	01369693          	slli	a3,a3,0x13
    6c70:	00f6e6b3          	or	a3,a3,a5
    6c74:	400007b7          	lui	a5,0x40000
    6c78:	00d7a023          	sw	a3,0(a5) # 40000000 <__bss_end+0x3fff8c0c>
    6c7c:	00000013          	nop
    6c80:	00000013          	nop
    6c84:	00000013          	nop
    6c88:	00000013          	nop
    6c8c:	00000013          	nop
    6c90:	00000013          	nop

00006c94 <rvs_1017>:
	}
	RV_MARK(1017);
    6c94:	00000013          	nop
	rv_local_sum += 6u;
    6c98:	00007737          	lui	a4,0x7
    6c9c:	3f072783          	lw	a5,1008(a4) # 73f0 <rv_local_sum>
    6ca0:	00678793          	addi	a5,a5,6
    6ca4:	3ef72823          	sw	a5,1008(a4)
}
    6ca8:	00008067          	ret

00006cac <rv_t096_cap>:
void rv_t096_cap(void)
{
	unsigned w;
	/* The tag is COMPUTED here -- an ACT-ST trigger could only ever carry
	 * the constant its table entry was loaded with. */
	w = RV_ACT_WORD(RV_ACT_CMD_DAQ_PC_CURR, RV_ACT_SINK_AXIS,
    6cac:	30000537          	lui	a0,0x30000
    6cb0:	08052703          	lw	a4,128(a0) # 30000080 <__bss_end+0x2fff8c8c>
    6cb4:	200007b7          	lui	a5,0x20000
    6cb8:	f0078613          	addi	a2,a5,-256 # 1fffff00 <__bss_end+0x1fff8b0c>
    6cbc:	00871713          	slli	a4,a4,0x8
    6cc0:	e00006b7          	lui	a3,0xe0000
    6cc4:	00c77733          	and	a4,a4,a2
    6cc8:	04168693          	addi	a3,a3,65 # e0000041 <__bss_end+0xdfff8c4d>
	                RV_TAG_VALUE(SH->ring_head & RV_VALUE_MASK));
	RV_ACTCAP_AT(1018, w);
    6ccc:	400005b7          	lui	a1,0x40000
	w = RV_ACT_WORD(RV_ACT_CMD_DAQ_PC_CURR, RV_ACT_SINK_AXIS,
    6cd0:	00d76733          	or	a4,a4,a3

00006cd4 <rvs_1018>:
	RV_ACTCAP_AT(1018, w);
    6cd4:	00e5a023          	sw	a4,0(a1) # 40000000 <__bss_end+0x3fff8c0c>
    6cd8:	00000013          	nop
    6cdc:	00000013          	nop
    6ce0:	00000013          	nop
    6ce4:	00000013          	nop
    6ce8:	00000013          	nop
    6cec:	00000013          	nop
	w = RV_ACT_WORD(RV_ACT_CMD_DAQ_PC_CURR, RV_ACT_SINK_AXIS,
    6cf0:	06052783          	lw	a5,96(a0)
    6cf4:	00879793          	slli	a5,a5,0x8
    6cf8:	00c7f7b3          	and	a5,a5,a2
    6cfc:	00d7e7b3          	or	a5,a5,a3

00006d00 <rvs_1019>:
	                RV_TAG_VALUE(SH->balance & RV_VALUE_MASK));
	RV_ACTCAP_AT(1019, w);
    6d00:	00f5a023          	sw	a5,0(a1)
    6d04:	00000013          	nop
    6d08:	00000013          	nop
    6d0c:	00000013          	nop
    6d10:	00000013          	nop
    6d14:	00000013          	nop
    6d18:	00000013          	nop
	rv_actcap_issued += 2u;
    6d1c:	00007737          	lui	a4,0x7
    6d20:	3e872783          	lw	a5,1000(a4) # 73e8 <rv_actcap_issued>
    6d24:	00278793          	addi	a5,a5,2
    6d28:	3ef72423          	sw	a5,1000(a4)
}
    6d2c:	00008067          	ret

00006d30 <rv_t097>:

void rv_t097(void)
{
	unsigned v, c, lk;
	unsigned use_lock = (SH->mode != RV_MODE_RACE_OPEN);
    6d30:	300007b7          	lui	a5,0x30000
    6d34:	0047a603          	lw	a2,4(a5) # 30000004 <__bss_end+0x2fff8c10>
	/* RV_MODE_RACE_WRONG_LOCK: each core takes a DIFFERENT lock, so both
	 * believe they are protected and neither excludes the other. */
	lk = (SH->mode == RV_MODE_RACE_WRONG_LOCK) ? 1u : 0u;
    6d38:	0047a683          	lw	a3,4(a5)
    6d3c:	ffe68693          	addi	a3,a3,-2
    6d40:	0016b693          	seqz	a3,a3

00006d44 <rvs_1020>:

	RV_MARK(1020);
    6d44:	00000013          	nop
	if (use_lock) {
    6d48:	00100713          	li	a4,1
    6d4c:	06e60263          	beq	a2,a4,6db0 <rvs_1022+0x34>
		RV_ACQUIRE(lk, 1u, 0u, 1021, 1022);
    6d50:	00469513          	slli	a0,a3,0x4
    6d54:	00a785b3          	add	a1,a5,a0
    6d58:	02458593          	addi	a1,a1,36

00006d5c <rvs_1021>:
    6d5c:	00e5a023          	sw	a4,0(a1)
    6d60:	00a787b3          	add	a5,a5,a0
    6d64:	0207a423          	sw	zero,40(a5)
    6d68:	00c0006f          	j	6d74 <rvs_1021+0x18>
    6d6c:	0287a703          	lw	a4,40(a5)
    6d70:	00071663          	bnez	a4,6d7c <rvs_1022>
    6d74:	0207a703          	lw	a4,32(a5)
    6d78:	fe071ae3          	bnez	a4,6d6c <rvs_1021+0x10>

00006d7c <rvs_1022>:
    6d7c:	00000013          	nop
    6d80:	a8040737          	lui	a4,0xa8040
    6d84:	01369793          	slli	a5,a3,0x13
    6d88:	e4170713          	addi	a4,a4,-447 # a803fe41 <__bss_end+0xa8038a4d>
    6d8c:	00e7e7b3          	or	a5,a5,a4
    6d90:	40000737          	lui	a4,0x40000
    6d94:	00f72023          	sw	a5,0(a4) # 40000000 <__bss_end+0x3fff8c0c>
    6d98:	00000013          	nop
    6d9c:	00000013          	nop
    6da0:	00000013          	nop
    6da4:	00000013          	nop
    6da8:	00000013          	nop
    6dac:	00000013          	nop
	}
	RV_LD(v, &SH->balance, 1023);
    6db0:	30000737          	lui	a4,0x30000
    6db4:	06070593          	addi	a1,a4,96 # 30000060 <__bss_end+0x2fff8c6c>

00006db8 <rvs_1023>:
    6db8:	0005a783          	lw	a5,0(a1)
	v += 7u;
    6dbc:	00778793          	addi	a5,a5,7

00006dc0 <rvs_1024>:
	RV_ST(&SH->balance, v, 1024);
    6dc0:	00f5a023          	sw	a5,0(a1)
	RV_LD(c, &SH->count, 1025);
    6dc4:	06470513          	addi	a0,a4,100

00006dc8 <rvs_1025>:
    6dc8:	00052583          	lw	a1,0(a0)
	RV_ST(&SH->count, c + 1u, 1026);
    6dcc:	00158813          	addi	a6,a1,1

00006dd0 <rvs_1026>:
    6dd0:	01052023          	sw	a6,0(a0)
	RV_ST(&SH->checksum, (c ^ v) + 97u, 1027);
    6dd4:	00b7c7b3          	xor	a5,a5,a1
    6dd8:	06178793          	addi	a5,a5,97
    6ddc:	06870593          	addi	a1,a4,104

00006de0 <rvs_1027>:
    6de0:	00f5a023          	sw	a5,0(a1)
	if (use_lock) {
    6de4:	00100793          	li	a5,1
    6de8:	04f60463          	beq	a2,a5,6e30 <rvs_1029>
		RV_RELEASE(lk, 1u, 1028);
    6dec:	00469793          	slli	a5,a3,0x4
    6df0:	00f70733          	add	a4,a4,a5
    6df4:	02470713          	addi	a4,a4,36
    6df8:	00000793          	li	a5,0

00006dfc <rvs_1028>:
    6dfc:	00f72023          	sw	a5,0(a4)
    6e00:	b00407b7          	lui	a5,0xb0040
    6e04:	44178793          	addi	a5,a5,1089 # b0040441 <__bss_end+0xb003904d>
    6e08:	01369693          	slli	a3,a3,0x13
    6e0c:	00f6e6b3          	or	a3,a3,a5
    6e10:	400007b7          	lui	a5,0x40000
    6e14:	00d7a023          	sw	a3,0(a5) # 40000000 <__bss_end+0x3fff8c0c>
    6e18:	00000013          	nop
    6e1c:	00000013          	nop
    6e20:	00000013          	nop
    6e24:	00000013          	nop
    6e28:	00000013          	nop
    6e2c:	00000013          	nop

00006e30 <rvs_1029>:
	}
	RV_MARK(1029);
    6e30:	00000013          	nop
	rv_local_sum += 7u;
    6e34:	00007737          	lui	a4,0x7
    6e38:	3f072783          	lw	a5,1008(a4) # 73f0 <rv_local_sum>
    6e3c:	00778793          	addi	a5,a5,7
    6e40:	3ef72823          	sw	a5,1008(a4)
}
    6e44:	00008067          	ret

00006e48 <rv_t098>:

void rv_t098(void)
{
	unsigned v, c, lk;
	unsigned use_lock = (SH->mode != RV_MODE_RACE_OPEN);
    6e48:	300007b7          	lui	a5,0x30000
    6e4c:	0047a603          	lw	a2,4(a5) # 30000004 <__bss_end+0x2fff8c10>
	/* RV_MODE_RACE_WRONG_LOCK: each core takes a DIFFERENT lock, so both
	 * believe they are protected and neither excludes the other. */
	lk = (SH->mode == RV_MODE_RACE_WRONG_LOCK) ? 1u : 0u;
    6e50:	0047a683          	lw	a3,4(a5)
    6e54:	ffe68693          	addi	a3,a3,-2
    6e58:	0016b693          	seqz	a3,a3

00006e5c <rvs_1030>:

	RV_MARK(1030);
    6e5c:	00000013          	nop
	if (use_lock) {
    6e60:	00100713          	li	a4,1
    6e64:	06e60263          	beq	a2,a4,6ec8 <rvs_1032+0x34>
		RV_ACQUIRE(lk, 1u, 0u, 1031, 1032);
    6e68:	00469513          	slli	a0,a3,0x4
    6e6c:	00a785b3          	add	a1,a5,a0
    6e70:	02458593          	addi	a1,a1,36

00006e74 <rvs_1031>:
    6e74:	00e5a023          	sw	a4,0(a1)
    6e78:	00a787b3          	add	a5,a5,a0
    6e7c:	0207a423          	sw	zero,40(a5)
    6e80:	00c0006f          	j	6e8c <rvs_1031+0x18>
    6e84:	0287a703          	lw	a4,40(a5)
    6e88:	00071663          	bnez	a4,6e94 <rvs_1032>
    6e8c:	0207a703          	lw	a4,32(a5)
    6e90:	fe071ae3          	bnez	a4,6e84 <rvs_1031+0x10>

00006e94 <rvs_1032>:
    6e94:	00000013          	nop
    6e98:	a8041737          	lui	a4,0xa8041
    6e9c:	01369793          	slli	a5,a3,0x13
    6ea0:	84170713          	addi	a4,a4,-1983 # a8040841 <__bss_end+0xa803944d>
    6ea4:	00e7e7b3          	or	a5,a5,a4
    6ea8:	40000737          	lui	a4,0x40000
    6eac:	00f72023          	sw	a5,0(a4) # 40000000 <__bss_end+0x3fff8c0c>
    6eb0:	00000013          	nop
    6eb4:	00000013          	nop
    6eb8:	00000013          	nop
    6ebc:	00000013          	nop
    6ec0:	00000013          	nop
    6ec4:	00000013          	nop
	}
	RV_LD(v, &SH->balance, 1033);
    6ec8:	30000737          	lui	a4,0x30000
    6ecc:	06070593          	addi	a1,a4,96 # 30000060 <__bss_end+0x2fff8c6c>

00006ed0 <rvs_1033>:
    6ed0:	0005a783          	lw	a5,0(a1)
	v += 1u;
    6ed4:	00178793          	addi	a5,a5,1

00006ed8 <rvs_1034>:
	RV_ST(&SH->balance, v, 1034);
    6ed8:	00f5a023          	sw	a5,0(a1)
	RV_LD(c, &SH->count, 1035);
    6edc:	06470513          	addi	a0,a4,100

00006ee0 <rvs_1035>:
    6ee0:	00052583          	lw	a1,0(a0)
	RV_ST(&SH->count, c + 1u, 1036);
    6ee4:	00158813          	addi	a6,a1,1

00006ee8 <rvs_1036>:
    6ee8:	01052023          	sw	a6,0(a0)
	RV_ST(&SH->checksum, (c ^ v) + 98u, 1037);
    6eec:	00b7c7b3          	xor	a5,a5,a1
    6ef0:	06278793          	addi	a5,a5,98
    6ef4:	06870593          	addi	a1,a4,104

00006ef8 <rvs_1037>:
    6ef8:	00f5a023          	sw	a5,0(a1)
	if (use_lock) {
    6efc:	00100793          	li	a5,1
    6f00:	04f60463          	beq	a2,a5,6f48 <rvs_1039>
		RV_RELEASE(lk, 1u, 1038);
    6f04:	00469793          	slli	a5,a3,0x4
    6f08:	00f70733          	add	a4,a4,a5
    6f0c:	02470713          	addi	a4,a4,36
    6f10:	00000793          	li	a5,0

00006f14 <rvs_1038>:
    6f14:	00f72023          	sw	a5,0(a4)
    6f18:	b00417b7          	lui	a5,0xb0041
    6f1c:	e4178793          	addi	a5,a5,-447 # b0040e41 <__bss_end+0xb0039a4d>
    6f20:	01369693          	slli	a3,a3,0x13
    6f24:	00f6e6b3          	or	a3,a3,a5
    6f28:	400007b7          	lui	a5,0x40000
    6f2c:	00d7a023          	sw	a3,0(a5) # 40000000 <__bss_end+0x3fff8c0c>
    6f30:	00000013          	nop
    6f34:	00000013          	nop
    6f38:	00000013          	nop
    6f3c:	00000013          	nop
    6f40:	00000013          	nop
    6f44:	00000013          	nop

00006f48 <rvs_1039>:
	}
	RV_MARK(1039);
    6f48:	00000013          	nop
	rv_local_sum += 1u;
    6f4c:	00007737          	lui	a4,0x7
    6f50:	3f072783          	lw	a5,1008(a4) # 73f0 <rv_local_sum>
    6f54:	00178793          	addi	a5,a5,1
    6f58:	3ef72823          	sw	a5,1008(a4)
}
    6f5c:	00008067          	ret

00006f60 <rv_t099>:

void rv_t099(void)
{
	unsigned v, c, lk;
	unsigned use_lock = (SH->mode != RV_MODE_RACE_OPEN);
    6f60:	300007b7          	lui	a5,0x30000
    6f64:	0047a603          	lw	a2,4(a5) # 30000004 <__bss_end+0x2fff8c10>
	/* RV_MODE_RACE_WRONG_LOCK: each core takes a DIFFERENT lock, so both
	 * believe they are protected and neither excludes the other. */
	lk = (SH->mode == RV_MODE_RACE_WRONG_LOCK) ? 1u : 0u;
    6f68:	0047a683          	lw	a3,4(a5)
    6f6c:	ffe68693          	addi	a3,a3,-2
    6f70:	0016b693          	seqz	a3,a3

00006f74 <rvs_1040>:

	RV_MARK(1040);
    6f74:	00000013          	nop
	if (use_lock) {
    6f78:	00100713          	li	a4,1
    6f7c:	06e60263          	beq	a2,a4,6fe0 <rvs_1042+0x34>
		RV_ACQUIRE(lk, 1u, 0u, 1041, 1042);
    6f80:	00469513          	slli	a0,a3,0x4
    6f84:	00a785b3          	add	a1,a5,a0
    6f88:	02458593          	addi	a1,a1,36

00006f8c <rvs_1041>:
    6f8c:	00e5a023          	sw	a4,0(a1)
    6f90:	00a787b3          	add	a5,a5,a0
    6f94:	0207a423          	sw	zero,40(a5)
    6f98:	00c0006f          	j	6fa4 <rvs_1041+0x18>
    6f9c:	0287a703          	lw	a4,40(a5)
    6fa0:	00071663          	bnez	a4,6fac <rvs_1042>
    6fa4:	0207a703          	lw	a4,32(a5)
    6fa8:	fe071ae3          	bnez	a4,6f9c <rvs_1041+0x10>

00006fac <rvs_1042>:
    6fac:	00000013          	nop
    6fb0:	a8041737          	lui	a4,0xa8041
    6fb4:	01369793          	slli	a5,a3,0x13
    6fb8:	24170713          	addi	a4,a4,577 # a8041241 <__bss_end+0xa8039e4d>
    6fbc:	00e7e7b3          	or	a5,a5,a4
    6fc0:	40000737          	lui	a4,0x40000
    6fc4:	00f72023          	sw	a5,0(a4) # 40000000 <__bss_end+0x3fff8c0c>
    6fc8:	00000013          	nop
    6fcc:	00000013          	nop
    6fd0:	00000013          	nop
    6fd4:	00000013          	nop
    6fd8:	00000013          	nop
    6fdc:	00000013          	nop
	}
	RV_LD(v, &SH->balance, 1043);
    6fe0:	30000737          	lui	a4,0x30000
    6fe4:	06070593          	addi	a1,a4,96 # 30000060 <__bss_end+0x2fff8c6c>

00006fe8 <rvs_1043>:
    6fe8:	0005a783          	lw	a5,0(a1)
	v += 2u;
    6fec:	00278793          	addi	a5,a5,2

00006ff0 <rvs_1044>:
	RV_ST(&SH->balance, v, 1044);
    6ff0:	00f5a023          	sw	a5,0(a1)
	RV_LD(c, &SH->count, 1045);
    6ff4:	06470513          	addi	a0,a4,100

00006ff8 <rvs_1045>:
    6ff8:	00052583          	lw	a1,0(a0)
	RV_ST(&SH->count, c + 1u, 1046);
    6ffc:	00158813          	addi	a6,a1,1

00007000 <rvs_1046>:
    7000:	01052023          	sw	a6,0(a0)
	RV_ST(&SH->checksum, (c ^ v) + 99u, 1047);
    7004:	00b7c7b3          	xor	a5,a5,a1
    7008:	06378793          	addi	a5,a5,99
    700c:	06870593          	addi	a1,a4,104

00007010 <rvs_1047>:
    7010:	00f5a023          	sw	a5,0(a1)
	if (use_lock) {
    7014:	00100793          	li	a5,1
    7018:	04f60463          	beq	a2,a5,7060 <rvs_1049>
		RV_RELEASE(lk, 1u, 1048);
    701c:	00469793          	slli	a5,a3,0x4
    7020:	00f70733          	add	a4,a4,a5
    7024:	02470713          	addi	a4,a4,36
    7028:	00000793          	li	a5,0

0000702c <rvs_1048>:
    702c:	00f72023          	sw	a5,0(a4)
    7030:	b00427b7          	lui	a5,0xb0042
    7034:	84178793          	addi	a5,a5,-1983 # b0041841 <__bss_end+0xb003a44d>
    7038:	01369693          	slli	a3,a3,0x13
    703c:	00f6e6b3          	or	a3,a3,a5
    7040:	400007b7          	lui	a5,0x40000
    7044:	00d7a023          	sw	a3,0(a5) # 40000000 <__bss_end+0x3fff8c0c>
    7048:	00000013          	nop
    704c:	00000013          	nop
    7050:	00000013          	nop
    7054:	00000013          	nop
    7058:	00000013          	nop
    705c:	00000013          	nop

00007060 <rvs_1049>:
	}
	RV_MARK(1049);
    7060:	00000013          	nop
	rv_local_sum += 2u;
    7064:	00007737          	lui	a4,0x7
    7068:	3f072783          	lw	a5,1008(a4) # 73f0 <rv_local_sum>
    706c:	00278793          	addi	a5,a5,2
    7070:	3ef72823          	sw	a5,1008(a4)
}
    7074:	00008067          	ret

00007078 <rv_lock_order>:
 * which a monitor can see in a run that happened to go well. The runtime
 * (ACT-CAP) sync tags are emitted alongside the static ones, so this
 * scenario stays visible under the monitors' runtime-preference rule. */
void rv_lock_order(void)
{
	RV_ST(&SH->lock[3u].flag[1u], 1u, 1050);
    7078:	300007b7          	lui	a5,0x30000
    707c:	05478613          	addi	a2,a5,84 # 30000054 <__bss_end+0x2fff8c60>
    7080:	00100593          	li	a1,1

00007084 <rvs_1050>:
    7084:	00b62023          	sw	a1,0(a2)
	RV_ACTCAP(RV_ACT_CMD_DAQ_PC_CURR, RV_ACT_SINK_AXIS,
    7088:	a81806b7          	lui	a3,0xa8180
    708c:	40000737          	lui	a4,0x40000
    7090:	04168693          	addi	a3,a3,65 # a8180041 <__bss_end+0xa8178c4d>
    7094:	00d72023          	sw	a3,0(a4) # 40000000 <__bss_end+0x3fff8c0c>
    7098:	00000013          	nop
    709c:	00000013          	nop
    70a0:	00000013          	nop
    70a4:	00000013          	nop
    70a8:	00000013          	nop
    70ac:	00000013          	nop
	          RV_TAG_SYNC(1u, RV_SYNC_ACQ_OK, 3u, 0u));
	RV_ST(&SH->lock[2u].flag[1u], 1u, 1051);
    70b0:	04478793          	addi	a5,a5,68

000070b4 <rvs_1051>:
    70b4:	00b7a023          	sw	a1,0(a5)
	RV_ACTCAP(RV_ACT_CMD_DAQ_PC_CURR, RV_ACT_SINK_AXIS,
    70b8:	a81006b7          	lui	a3,0xa8100
    70bc:	04168693          	addi	a3,a3,65 # a8100041 <__bss_end+0xa80f8c4d>
    70c0:	00d72023          	sw	a3,0(a4)
    70c4:	00000013          	nop
    70c8:	00000013          	nop
    70cc:	00000013          	nop
    70d0:	00000013          	nop
    70d4:	00000013          	nop
    70d8:	00000013          	nop
	          RV_TAG_SYNC(1u, RV_SYNC_ACQ_OK, 2u, 0u));
	RV_ST(&SH->lock[2u].flag[1u], 0u, 1052);
    70dc:	00000693          	li	a3,0

000070e0 <rvs_1052>:
    70e0:	00d7a023          	sw	a3,0(a5)
	RV_ACTCAP(RV_ACT_CMD_DAQ_PC_CURR, RV_ACT_SINK_AXIS,
    70e4:	b01007b7          	lui	a5,0xb0100
    70e8:	04178793          	addi	a5,a5,65 # b0100041 <__bss_end+0xb00f8c4d>
    70ec:	00f72023          	sw	a5,0(a4)
    70f0:	00000013          	nop
    70f4:	00000013          	nop
    70f8:	00000013          	nop
    70fc:	00000013          	nop
    7100:	00000013          	nop
    7104:	00000013          	nop

00007108 <rvs_1053>:
	          RV_TAG_SYNC(1u, RV_SYNC_RELEASE, 2u, 0u));
	RV_ST(&SH->lock[3u].flag[1u], 0u, 1053);
    7108:	00d62023          	sw	a3,0(a2)
	RV_ACTCAP(RV_ACT_CMD_DAQ_PC_CURR, RV_ACT_SINK_AXIS,
    710c:	b01807b7          	lui	a5,0xb0180
    7110:	04178793          	addi	a5,a5,65 # b0180041 <__bss_end+0xb0178c4d>
    7114:	00f72023          	sw	a5,0(a4)
    7118:	00000013          	nop
    711c:	00000013          	nop
    7120:	00000013          	nop
    7124:	00000013          	nop
    7128:	00000013          	nop
    712c:	00000013          	nop
	          RV_TAG_SYNC(1u, RV_SYNC_RELEASE, 3u, 0u));
}
    7130:	00008067          	ret

00007134 <__divsi3>:
    7134:	06054063          	bltz	a0,7194 <__umodsi3+0x10>
    7138:	0605c663          	bltz	a1,71a4 <__umodsi3+0x20>

0000713c <__udivsi3>:
    713c:	00058613          	mv	a2,a1
    7140:	00050593          	mv	a1,a0
    7144:	fff00513          	li	a0,-1
    7148:	02060c63          	beqz	a2,7180 <__udivsi3+0x44>
    714c:	00100693          	li	a3,1
    7150:	00b67a63          	bgeu	a2,a1,7164 <__udivsi3+0x28>
    7154:	00c05863          	blez	a2,7164 <__udivsi3+0x28>
    7158:	00161613          	slli	a2,a2,0x1
    715c:	00169693          	slli	a3,a3,0x1
    7160:	feb66ae3          	bltu	a2,a1,7154 <__udivsi3+0x18>
    7164:	00000513          	li	a0,0
    7168:	00c5e663          	bltu	a1,a2,7174 <__udivsi3+0x38>
    716c:	40c585b3          	sub	a1,a1,a2
    7170:	00d56533          	or	a0,a0,a3
    7174:	0016d693          	srli	a3,a3,0x1
    7178:	00165613          	srli	a2,a2,0x1
    717c:	fe0696e3          	bnez	a3,7168 <__udivsi3+0x2c>
    7180:	00008067          	ret

00007184 <__umodsi3>:
    7184:	00008293          	mv	t0,ra
    7188:	fb5ff0ef          	jal	ra,713c <__udivsi3>
    718c:	00058513          	mv	a0,a1
    7190:	00028067          	jr	t0
    7194:	40a00533          	neg	a0,a0
    7198:	00b04863          	bgtz	a1,71a8 <__umodsi3+0x24>
    719c:	40b005b3          	neg	a1,a1
    71a0:	f9dff06f          	j	713c <__udivsi3>
    71a4:	40b005b3          	neg	a1,a1
    71a8:	00008293          	mv	t0,ra
    71ac:	f91ff0ef          	jal	ra,713c <__udivsi3>
    71b0:	40a00533          	neg	a0,a0
    71b4:	00028067          	jr	t0

000071b8 <__modsi3>:
    71b8:	00008293          	mv	t0,ra
    71bc:	0005ca63          	bltz	a1,71d0 <__modsi3+0x18>
    71c0:	00054c63          	bltz	a0,71d8 <__modsi3+0x20>
    71c4:	f79ff0ef          	jal	ra,713c <__udivsi3>
    71c8:	00058513          	mv	a0,a1
    71cc:	00028067          	jr	t0
    71d0:	40b005b3          	neg	a1,a1
    71d4:	fe0558e3          	bgez	a0,71c4 <__modsi3+0xc>
    71d8:	40a00533          	neg	a0,a0
    71dc:	f61ff0ef          	jal	ra,713c <__udivsi3>
    71e0:	40b00533          	neg	a0,a1
    71e4:	00028067          	jr	t0
